datetime,actual_load_mw,persistence_prediction,linear_regression_prediction,random_forest_prediction,xgboost_prediction
2025-01-25 03:00:00,19066.331,18786.979,18915.688414176493,19037.249995,18989.207
2025-01-25 04:00:00,19366.605,19066.331,19310.270942503386,19622.421845000004,19473.69
2025-01-25 05:00:00,19662.431,19366.605,19640.38697792166,19835.88337000001,19654.986
2025-01-25 06:00:00,20029.739,19662.431,19933.940053014136,19950.48481500002,19869.645
2025-01-25 07:00:00,20171.968,20029.739,20108.270879333188,20172.391559999985,20059.38
2025-01-25 08:00:00,19498.028,20171.968,20153.643245413547,20184.24266000001,19987.21
2025-01-25 09:00:00,18733.648,19498.028,19078.222672616375,18924.916164999973,18668.648
2025-01-25 10:00:00,17968.394,18733.648,18357.846978711357,17906.484605000012,18114.32
2025-01-25 11:00:00,17326.95,17968.394,17660.676893537147,17468.662249999983,17555.84
2025-01-25 12:00:00,16819.978,17326.95,17142.974145845623,16826.282324999993,16859.71
2025-01-25 13:00:00,16340.76,16819.978,16745.839744109704,16434.739664999994,16499.125
2025-01-25 14:00:00,16289.819,16340.76,16294.285694190394,15960.007289999996,16067.176
2025-01-25 15:00:00,16486.175000000003,16289.819,16461.641289488507,16327.045935000011,16724.42
2025-01-25 16:00:00,17066.665,16486.175000000003,16725.923296939793,16793.456000000017,17196.908
2025-01-25 17:00:00,17666.711,17066.665,17408.691757494445,17566.206650000004,17677.83
2025-01-25 18:00:00,17712.326,17666.711,17884.122057143155,18181.042055000013,17851.697
2025-01-25 19:00:00,17621.371,17712.326,17519.376388370096,17845.37842499999,17855.96
2025-01-25 20:00:00,17377.977,17621.371,17292.744405663296,17513.83575,17664.277
2025-01-25 21:00:00,16964.034,17377.977,16915.980560301556,17120.695214999992,17067.111
2025-01-25 22:00:00,16530.16,16964.034,16392.895100754533,16557.04706500001,16587.877
2025-01-25 23:00:00,16302.891,16530.16,16204.173943596727,16079.339379999994,16025.31
2025-01-26 00:00:00,16043.969,16302.891,16097.547161730958,16100.919429999998,16104.78
2025-01-26 01:00:00,16063.037,16043.969,15829.681452329509,15762.242834999977,15781.151
2025-01-26 02:00:00,16138.45,16063.037,16024.901442440385,16133.823535000007,16039.232
2025-01-26 03:00:00,16178.212,16138.45,16162.722445906647,16303.91899,16214.502
2025-01-26 04:00:00,16268.828,16178.212,16224.928895839517,16342.453760000004,16405.627
2025-01-26 05:00:00,16556.248,16268.828,16388.010257442198,16473.709389999985,16588.723
2025-01-26 06:00:00,16954.496,16556.248,16835.495545575905,16786.92821,16935.588
2025-01-26 07:00:00,17330.076,16954.496,17080.004817941754,17422.55382000002,17297.762
2025-01-26 08:00:00,17190.272,17330.076,17467.922255753023,17645.96289,17590.713
2025-01-26 09:00:00,16826.064,17190.272,17050.353143922555,17051.207490000008,16933.453
2025-01-26 10:00:00,16380.025,16826.064,16622.45604789781,16491.688785000002,16415.139
2025-01-26 11:00:00,16115.565,16380.025,16203.425794034918,15954.078714999996,15957.42
2025-01-26 12:00:00,15782.576,16115.565,16086.631700965498,15818.505589999988,15774.029
2025-01-26 13:00:00,15610.911,15782.576,15741.153739493593,15538.289834999994,15519.498
2025-01-26 14:00:00,15589.104,15610.911,15665.219530989512,15454.959260000007,15652.308
2025-01-26 15:00:00,15939.345,15589.104,15701.522867301366,15710.484860000004,15912.484
2025-01-26 16:00:00,16598.516,15939.345,16191.877852015723,16326.974179999988,16636.684
2025-01-26 17:00:00,17325.087,16598.516,16907.454322866113,16977.60393500001,17063.35
2025-01-26 18:00:00,17533.156,17325.087,17534.641305584795,17554.692249999993,17469.076
2025-01-26 19:00:00,17432.642,17533.156,17349.55077416713,17536.145084999993,17419.871
2025-01-26 20:00:00,17047.732,17432.642,17014.166373344695,17316.189445000004,17194.24
2025-01-26 21:00:00,16729.487,17047.732,16443.376320675336,16609.349720000027,16641.268
2025-01-26 22:00:00,16225.354,16729.487,16155.508237158627,16411.722990000006,16441.123
2025-01-26 23:00:00,16025.178,16225.354,15810.831333661534,15803.693790000007,15763.747
2025-01-27 00:00:00,16002.128,16025.178,15898.626792771467,15886.183370000002,15850.146
2025-01-27 01:00:00,16174.304,16002.128,15995.140962247378,16092.431099999996,16041.487
2025-01-27 02:00:00,16363.196,16174.304,16293.968441530942,16327.941945,16389.451
2025-01-27 03:00:00,16744.34,16363.196,16537.527734050316,16576.85406500001,16703.379
2025-01-27 04:00:00,17598.411,16744.34,17063.92917263587,17056.73223000001,17259.367
2025-01-27 05:00:00,18791.387,17598.411,18195.325003302805,18053.35954499998,18399.49
2025-01-27 06:00:00,19679.389,18791.387,19551.392096107083,19632.557174999973,19383.32
2025-01-27 07:00:00,19608.914,19679.389,19996.924340722715,20354.929165000016,20123.24
2025-01-27 08:00:00,18920.108,19608.914,19428.697741296604,19363.362104999997,19328.871
2025-01-27 09:00:00,18304.096,18920.108,18512.084110817974,18191.845760000015,18168.605
2025-01-27 10:00:00,17848.437,18304.096,18035.31003846358,17406.094335000005,17708.633
2025-01-27 11:00:00,17446.72,17848.437,17716.892863537247,17330.616155000003,17321.168
2025-01-27 12:00:00,17061.274,17446.72,17364.53218345521,17034.77340000001,17090.365
2025-01-27 13:00:00,16777.724000000002,17061.274,17010.38201459137,16608.550215000032,16767.432
2025-01-27 14:00:00,16675.628,16777.724000000002,16790.946624490396,16537.379385000015,16580.918
2025-01-27 15:00:00,16890.954999999998,16675.628,16769.812724097377,16650.386179999994,16978.355
2025-01-27 16:00:00,17499.551,16890.954999999998,17110.834039074234,17219.248470000006,17440.713
2025-01-27 17:00:00,18246.986,17499.551,17838.293705637738,17880.299700000007,17942.377
2025-01-27 18:00:00,18479.191,18246.986,18530.47952257237,18693.057654999997,18493.34
2025-01-27 19:00:00,18432.749,18479.191,18368.77367935143,18699.906754999978,18468.88
2025-01-27 20:00:00,18092.266,18432.749,18101.20303728025,18210.419980000028,18247.11
2025-01-27 21:00:00,17508.976,18092.266,17554.30489996147,17601.63596999999,17607.975
2025-01-27 22:00:00,16930.495,17508.976,16838.784510424157,16955.38128500001,17106.244
2025-01-27 23:00:00,16596.083,16930.495,16547.20163529191,16411.755895,16623.482
2025-01-28 00:00:00,16336.395,16596.083,16375.301634467718,16346.665105000004,16426.557
2025-01-28 01:00:00,16262.869,16336.395,16180.62423828075,16084.478044999994,16112.026
2025-01-28 02:00:00,16251.335,16262.869,16236.152731243334,16202.125995000002,16360.775
2025-01-28 03:00:00,16478.114,16251.335,16294.744646288316,16340.31670000001,16496.37
2025-01-28 04:00:00,17174.042,16478.114,16695.526169213295,16801.260150000016,17018.875
2025-01-28 05:00:00,18064.763,17174.042,17663.05299241064,17761.722505,18086.504
2025-01-28 06:00:00,18585.622,18064.763,18636.00336906222,18677.317465000015,18580.74
2025-01-28 07:00:00,18351.43,18585.622,18694.271798071954,18815.23583000001,18805.889
2025-01-28 08:00:00,17638.811999999998,18351.43,18098.149799150444,18023.509220000007,17920.6
2025-01-28 09:00:00,17135.851,17638.811999999998,17227.171176560358,17030.98102500001,17121.121
2025-01-28 10:00:00,16687.417,17135.851,16938.76311972039,16689.630945000004,16750.979
2025-01-28 11:00:00,16431.811999999998,16687.417,16580.97475743426,16390.22603000001,16397.1
2025-01-28 12:00:00,16133.412,16431.811999999998,16470.67610402972,16268.090724999998,16214.339
2025-01-28 13:00:00,15880.817,16133.412,16168.605002672426,15890.639484999987,15869.921
2025-01-28 14:00:00,15667.507999999998,15880.817,15947.975318982497,15709.268009999998,15702.446
2025-01-28 15:00:00,15815.522,15667.507999999998,15745.747851361186,15509.644939999996,15683.356
2025-01-28 16:00:00,16466.434,15815.522,16048.0086039337,15933.206345000004,16226.21
2025-01-28 17:00:00,17166.4,16466.434,16871.98710620118,16870.03483499999,16875.457
2025-01-28 18:00:00,17351.156,17166.4,17452.24127569223,17576.655215000002,17439.676
2025-01-28 19:00:00,17366.021,17351.156,17229.74697892156,17349.62141500001,17297.432
2025-01-28 20:00:00,17048.264,17366.021,17068.979863333807,17276.112629999992,17193.871
2025-01-28 21:00:00,16467.169,17048.264,16513.50519572698,16800.29856000001,16618.873
2025-01-28 22:00:00,15999.333,16467.169,15780.028603233382,15864.767015000001,15867.274
2025-01-28 23:00:00,15546.712,15999.333,15643.87026766971,15451.313660000002,15445.801
2025-01-29 00:00:00,15236.312,15546.712,15226.269857191555,15134.483649999998,15216.291
2025-01-29 01:00:00,15217.669,15236.312,15040.999424808962,15046.64684499998,14968.92
2025-01-29 02:00:00,15272.415,15217.669,15221.661483042117,15356.885949999994,15198.383
2025-01-29 03:00:00,15506.999,15272.415,15350.045360686074,15424.203514999996,15410.478
2025-01-29 04:00:00,16105.537,15506.999,15716.115869683044,15859.758995000013,15845.944
2025-01-29 05:00:00,17185.725,16105.537,16530.07190114115,16631.084214999995,16762.38
2025-01-29 06:00:00,17745.395,17185.725,17846.741547247275,17846.116949999985,17771.29
2025-01-29 07:00:00,17434.958,17745.395,17841.28743617369,17817.524240000002,17598.11
2025-01-29 08:00:00,16949.13,17434.958,17099.96571180949,17076.811475000024,17024.174
2025-01-29 09:00:00,16529.472999999998,16949.13,16616.557717146923,16403.214555000017,16569.879
2025-01-29 10:00:00,16179.263,16529.472999999998,16324.558964353133,16060.295250000001,16121.256
2025-01-29 11:00:00,15869.3,16179.263,16075.979360718935,15932.328554999987,15909.584
2025-01-29 12:00:00,15670.237,15869.3,15834.923340976005,15671.021929999997,15686.454
2025-01-29 13:00:00,15460.919,15670.237,15720.009145613156,15451.004230000004,15450.745
2025-01-29 14:00:00,15332.001,15460.919,15509.901951226755,15302.773945,15331.122
2025-01-29 15:00:00,15433.267,15332.001,15407.093926864576,15286.984319999978,15375.593
2025-01-29 16:00:00,16069.75,15433.267,15592.512644127819,15577.787834999997,15741.044
2025-01-29 17:00:00,16732.554,16069.75,16427.85898492378,16435.835535000002,16367.333
2025-01-29 18:00:00,16930.72,16732.554,16969.304464965502,17208.925955000006,16935.045
2025-01-29 19:00:00,16895.29,16930.72,16804.644685006093,17046.41218,16836.217
2025-01-29 20:00:00,16664.25,16895.29,16579.037130688645,16698.805820000023,16592.893
2025-01-29 21:00:00,16239.064,16664.25,16203.580966219237,16332.711314999988,16232.825
2025-01-29 22:00:00,15878.868,16239.064,15667.042472147032,15747.889319999993,15795.241
2025-01-29 23:00:00,15624.713,15878.868,15609.864283874882,15409.041244999986,15564.457
2025-01-30 00:00:00,15461.324,15624.713,15441.71330029351,15335.721645,15384.475
2025-01-30 01:00:00,15553.23,15461.324,15366.251156579465,15367.98538499999,15440.204
2025-01-30 02:00:00,15620.112,15553.23,15631.203062989047,15795.42772999999,15701.673
2025-01-30 03:00:00,16071.705000000002,15620.112,15715.120306561212,15819.044675000006,15784.048
2025-01-30 04:00:00,16923.587,16071.705000000002,16398.366666912058,16605.123354999992,16763.47
2025-01-30 05:00:00,18077.438,16923.587,17464.73561643137,17667.079269999987,17996.502
2025-01-30 06:00:00,18800.2,18077.438,18736.02744950772,18685.61793999998,18682.664
2025-01-30 07:00:00,18701.004999999997,18800.2,18933.202842032133,19039.67282500001,18759.879
2025-01-30 08:00:00,17994.847999999998,18701.004999999997,18419.247920710488,18566.830125000015,18401.092
2025-01-30 09:00:00,17246.534,17994.847999999998,17478.529060654797,17351.44235500001,17455.676
2025-01-30 10:00:00,16482.976,17246.534,16811.8205156024,16544.82189000001,16656.494
2025-01-30 11:00:00,16117.717,16482.976,16132.298828337123,15758.083189999992,16020.206
2025-01-30 12:00:00,15961.177,16117.717,16043.155113370836,15737.332525000003,15702.295
2025-01-30 13:00:00,15759.49,15961.177,16015.241301037953,15885.907405,15834.002
2025-01-30 14:00:00,15829.819,15759.49,15779.355141022865,15681.329969999995,15692.755
2025-01-30 15:00:00,15976.237,15829.819,15970.225253910952,15889.50224000001,16114.124
2025-01-30 16:00:00,16540.735,15976.237,16099.70437371557,15944.85353,16299.702
2025-01-30 17:00:00,17039.065000000002,16540.735,16801.50764432717,16902.397795000008,16955.152
2025-01-30 18:00:00,16835.957,17039.065000000002,17141.033546086448,17358.686489999996,17132.469
2025-01-30 19:00:00,16781.09,16835.957,16467.22902281532,16433.630705000007,16569.59
2025-01-30 20:00:00,16390.542999999998,16781.09,16446.437336930732,16662.109185000012,16526.752
2025-01-30 21:00:00,15676.026000000002,16390.542999999998,15833.37085468692,15939.66374499998,15931.767
2025-01-30 22:00:00,15026.08,15676.026000000002,14961.29085285107,15025.19666500001,15115.067
2025-01-30 23:00:00,14558.45,15026.08,14645.488052534643,14595.165459999984,14591.73
2025-01-31 00:00:00,14438.297,14558.45,14311.940645692272,14176.571515,14324.817
2025-01-31 01:00:00,14306.649,14438.297,14416.854051732436,14413.758884999987,14426.987
2025-01-31 02:00:00,14418.06,14306.649,14306.156127199862,14284.24920499999,14322.973
2025-01-31 03:00:00,14589.152,14418.06,14581.03815648834,14661.62133000001,14619.015
2025-01-31 04:00:00,15262.887,14589.152,14805.496884159096,15090.851360000011,14977.341
2025-01-31 05:00:00,16158.692,15262.887,15761.421326773307,15888.674569999997,16005.829
2025-01-31 06:00:00,16514.997,16158.692,16748.962595753626,16937.28711999997,16834.014
2025-01-31 07:00:00,16667.859,16514.997,16540.860246274675,16829.559029999986,16605.172
2025-01-31 08:00:00,16640.284,16667.859,16612.646479480318,16960.347215000005,16698.148
2025-01-31 09:00:00,16647.784,16640.284,16517.656965617305,16623.428540000008,16565.791
2025-01-31 10:00:00,16479.452,16647.784,16588.998982021407,16585.87496500001,16539.58
2025-01-31 11:00:00,16315.318,16479.452,16366.949281048603,16167.68542,16282.033
2025-01-31 12:00:00,16111.485,16315.318,16239.460325871782,16051.90372,16111.603
2025-01-31 13:00:00,15776.748,16111.485,16032.951087906391,15918.534720000003,15794.428
2025-01-31 14:00:00,15652.218,15776.748,15631.670110326486,15520.407839999998,15592.09
2025-01-31 15:00:00,15660.457,15652.218,15610.203067251618,15508.83225500001,15840.971
2025-01-31 16:00:00,15820.682,15660.457,15651.17286942394,15769.233534999996,15841.987
2025-01-31 17:00:00,16087.745,15820.682,15826.082610196281,15873.141199999995,15953.182
2025-01-31 18:00:00,16005.666,16087.745,16058.53970908787,16163.607304999998,16067.799
2025-01-31 19:00:00,15802.541,16005.666,15700.649366943,15888.121799999997,15732.169
2025-01-31 20:00:00,15473.804,15802.541,15380.677812478958,15530.873505000001,15420.838
2025-01-31 21:00:00,15027.669,15473.804,14957.01674257938,15084.862780000001,14920.615
2025-01-31 22:00:00,14598.003,15027.669,14442.872062161148,14626.350170000002,14503.37
2025-01-31 23:00:00,14150.85,14598.003,14307.438730508286,14154.297155,14252.285
2025-02-01 00:00:00,14023.905,14150.85,13867.210587788135,13899.351065000003,13914.932
2025-02-01 01:00:00,13958.111,14023.905,13962.693634105091,13934.259234999994,14042.685
2025-02-01 02:00:00,14030.483,13958.111,13972.996568627286,13949.932874999982,14039.803
2025-02-01 03:00:00,14273.136,14030.483,14168.50836991205,14172.802065000005,14205.923
2025-02-01 04:00:00,14635.178,14273.136,14562.33748565259,14581.41682499999,14704.391
2025-02-01 05:00:00,15049.006,14635.178,15030.486794236303,15266.05454000002,15279.095
2025-02-01 06:00:00,15583.981,15049.006,15499.638562357895,15523.72358500002,15488.607
2025-02-01 07:00:00,15926.591,15583.981,15866.04771778275,16050.714859999996,15975.597
2025-02-01 08:00:00,16089.908,15926.591,16113.613787634578,16321.640569999998,16158.489
2025-02-01 09:00:00,16060.445,16089.908,16202.436856544206,16058.30573499999,16075.994
2025-02-01 10:00:00,15831.854,16060.445,16091.086166204988,15950.386484999994,15855.786
2025-02-01 11:00:00,15500.693,15831.854,15787.529503763195,15571.698084999996,15466.778
2025-02-01 12:00:00,15125.633,15500.693,15439.624898854512,15185.375494999984,15101.857
2025-02-01 13:00:00,14911.398,15125.633,15064.098226719927,14784.668674999997,14735.7705
2025-02-01 14:00:00,14898.843,14911.398,14949.722167898695,14724.54148500001,14778.81
2025-02-01 15:00:00,15068.716,14898.843,15022.85334413889,14878.153574999997,15096.791
2025-02-01 16:00:00,15573.148,15068.716,15234.624334846849,15405.348285,15527.987
2025-02-01 17:00:00,16444.689,15573.148,15825.316625537484,15952.588520000007,15979.447
2025-02-01 18:00:00,16699.497,16444.689,16758.20581250383,17193.131699999984,16749.13
2025-02-01 19:00:00,16748.521,16699.497,16561.011566791018,16793.90173500001,16653.256
2025-02-01 20:00:00,16645.442,16748.521,16427.235898386985,16679.81854500001,16539.203
2025-02-01 21:00:00,16401.481,16645.442,16178.42979871326,16535.854535000013,16360.951
2025-02-01 22:00:00,16057.345,16401.481,15840.847175517158,16096.128295000008,16084.559
2025-02-01 23:00:00,15802.627,16057.345,15698.566102388151,15658.949004999997,15740.398
2025-02-02 00:00:00,15680.297,15802.627,15513.504876347444,15417.070984999984,15539.492
2025-02-02 01:00:00,15580.838,15680.297,15494.028392146372,15483.741500000006,15660.672
2025-02-02 02:00:00,15638.754,15580.838,15445.937424676446,15506.066045000001,15671.946
2025-02-02 03:00:00,15629.023,15638.754,15628.880787804512,15766.395565000008,15715.431
2025-02-02 04:00:00,15850.763,15629.023,15628.815433415133,15603.792675000012,15642.8
2025-02-02 05:00:00,16146.451,15850.763,16028.345606430234,16027.905255000005,16167.647
2025-02-02 06:00:00,16526.95,16146.451,16403.59855010669,16427.95460499999,16447.133
2025-02-02 07:00:00,16783.295,16526.95,16614.68386328515,16730.920694999986,16674.408
2025-02-02 08:00:00,16914.099000000002,16783.295,16832.280348084183,16872.17681000001,16693.113
2025-02-02 09:00:00,16827.864999999998,16914.099000000002,16925.811217785074,17011.368495000006,16916.85
2025-02-02 10:00:00,16563.023,16827.864999999998,16731.00260537304,16638.79804500001,16556.94
2025-02-02 11:00:00,16278.043,16563.023,16404.433053995723,16247.025420000009,16322.522
2025-02-02 12:00:00,15883.046000000002,16278.043,16134.95098876674,15951.851364999988,15949.721
2025-02-02 13:00:00,15597.664,15883.046000000002,15688.137711839308,15436.226764999992,15555.59
2025-02-02 14:00:00,15328.664,15597.664,15472.576849892437,15311.167834999993,15363.421
2025-02-02 15:00:00,15352.608,15328.664,15199.80190521428,15065.117844999995,15305.713
2025-02-02 16:00:00,15628.264,15352.608,15352.630997793645,15344.156284999992,15622.082
2025-02-02 17:00:00,16236.307,15628.264,15689.852737288562,15994.633914999991,15994.735
2025-02-02 18:00:00,16270.558,16236.307,16371.887572585343,16638.82350499999,16498.98
2025-02-02 19:00:00,16056.728,16270.558,15990.715387255845,16324.275805000016,16281.288
2025-02-02 20:00:00,15818.342,16056.728,15598.835681242757,15797.634409999997,15636.879
2025-02-02 21:00:00,15435.043,15818.342,15322.705910573854,15533.738379999986,15348.573
2025-02-02 22:00:00,15137.555,15435.043,14856.113793387298,15004.037794999993,14882.053
2025-02-02 23:00:00,14967.124,15137.555,14864.08286174925,14865.181314999985,14811.01
2025-02-03 00:00:00,14797.078,14967.124,14865.428232170389,14787.777405000008,14768.271
2025-02-03 01:00:00,14722.039,14797.078,14720.83907934474,14639.383749999988,14699.097
2025-02-03 02:00:00,14939.095,14722.039,14732.14524673647,14716.494115,14758.315
2025-02-03 03:00:00,15252.496,14939.095,15131.726933829965,15331.384029999985,15456.792
2025-02-03 04:00:00,15904.376,15252.496,15524.670987466605,15920.141995000005,16000.718
2025-02-03 05:00:00,16919.118000000002,15904.376,16356.707701960919,16710.93450999998,16852.908
2025-02-03 06:00:00,17526.474,16919.118000000002,17552.22542233788,17667.66072499999,17624.092
2025-02-03 07:00:00,17471.012000000002,17526.474,17662.131238723443,17765.675979999985,17519.535
2025-02-03 08:00:00,17175.510000000002,17471.012000000002,17260.45471064924,17240.58409500001,17125.98
2025-02-03 09:00:00,16741.940000000002,17175.510000000002,16871.84385446585,16837.42958500002,16870.47
2025-02-03 10:00:00,16119.81,16741.940000000002,16435.704778669882,16402.557760000018,16353.775
2025-02-03 11:00:00,15564.017,16119.81,15786.685826364614,15534.469810000006,15586.444
2025-02-03 12:00:00,15225.129,15564.017,15345.859470634114,15115.98693999999,15147.322
2025-02-03 13:00:00,14893.766,15225.129,15175.751896089809,14862.152669999998,14848.645
2025-02-03 14:00:00,14596.078,14893.766,14871.940548004208,14623.00349000001,14709.889
2025-02-03 15:00:00,14639.712,14596.078,14603.852556626141,14357.706364999993,14631.124
2025-02-03 16:00:00,14798.273,14639.712,14809.48317839065,14804.140179999997,14927.974
2025-02-03 17:00:00,15598.118,14798.273,14963.97762287147,15042.282689999989,15099.67
2025-02-03 18:00:00,15598.281,15598.118,15991.131439007826,16122.753455000007,15950.304
2025-02-03 19:00:00,15549.017,15598.281,15418.235820666516,15615.357944999987,15453.589
2025-02-03 20:00:00,15155.673,15549.017,15272.560876340316,15560.955034999992,15238.352
2025-02-03 21:00:00,14613.574,15155.673,14649.310870612042,14686.405769999996,14465.071
2025-02-03 22:00:00,14134.054,14613.574,14025.905567777281,14036.545289999998,13950.235
2025-02-03 23:00:00,13714.533,14134.054,13847.936503811463,13751.545574999998,13642.729
2025-02-04 00:00:00,13609.481,13714.533,13484.518323533452,13536.785560000004,13382.04
2025-02-04 01:00:00,13460.324,13609.481,13605.972906496796,13580.647110000002,13586.811
2025-02-04 02:00:00,13487.104,13460.324,13481.6266049137,13363.332205000012,13365.34
2025-02-04 03:00:00,13736.579,13487.104,13658.342744267742,13681.067620000003,13719.27
2025-02-04 04:00:00,14374.698,13736.579,14066.428721134607,14222.11120000001,14264.296
2025-02-04 05:00:00,15405.582,14374.698,14931.645859631146,15291.461834999998,15299.296
2025-02-04 06:00:00,16158.702,15405.582,16160.412007461098,16150.94834000001,16132.7705
2025-02-04 07:00:00,16184.498,16158.702,16471.4698393276,16498.556000000004,16303.924
2025-02-04 08:00:00,16124.29,16184.498,16111.44013322755,16136.337820000015,15909.658
2025-02-04 09:00:00,16050.297,16124.29,16051.22072389365,16003.754489999996,15966.712
2025-02-04 10:00:00,15977.24,16050.297,16019.462223157105,15908.393814999978,15787.838
2025-02-04 11:00:00,15759.201,15977.24,15991.535403743914,15797.917604999988,15783.503
2025-02-04 12:00:00,15549.975,15759.201,15718.636274804176,15509.62589,15519.194
2025-02-04 13:00:00,15208.778,15549.975,15529.980864564612,15280.00754499999,15293.221
2025-02-04 14:00:00,15024.911,15208.778,15120.335207002885,14880.224015000003,14969.066
2025-02-04 15:00:00,15240.02,15024.911,15020.898571467558,14870.715075,15145.015
2025-02-04 16:00:00,15740.444,15240.02,15405.74134511968,15459.681795000008,15572.047
2025-02-04 17:00:00,16545.695,15740.444,15974.160095591023,15890.888405000012,16002.724
2025-02-04 18:00:00,16662.936999999998,16545.695,16823.133223621357,16975.159814999995,16689.396
2025-02-04 19:00:00,16648.869,16662.936999999998,16459.62467300672,16785.034725000012,16689.861
2025-02-04 20:00:00,16344.139,16648.869,16317.623664042696,16545.494140000013,16351.91
2025-02-04 21:00:00,15870.6,16344.139,15812.187968279235,15930.552384999995,15904.968
2025-02-04 22:00:00,15403.581,15870.6,15260.400481585479,15427.063390000025,15390.916
2025-02-04 23:00:00,15052.035,15403.581,15080.22921028215,15071.038179999998,15053.805
2025-02-05 00:00:00,14891.694,15052.035,14827.31116250795,14741.447254999995,14901.33
2025-02-05 01:00:00,14905.954,14891.694,14817.513333312287,14757.677979999993,14780.75
2025-02-05 02:00:00,15003.04,14905.954,14962.318902989051,14973.068349999998,15038.504
2025-02-05 03:00:00,15229.309,15003.04,15137.716603794068,15234.209964999978,15287.441
2025-02-05 04:00:00,15932.862,15229.309,15467.813375297583,15511.250869999994,15762.604
2025-02-05 05:00:00,17012.219,15932.862,16449.59113826949,16766.11788999997,16883.432
2025-02-05 06:00:00,17574.011,17012.219,17708.17352260926,17708.284949999983,17720.293
2025-02-05 07:00:00,17719.346,17574.011,17712.825657541965,17616.177769999995,17435.387
2025-02-05 08:00:00,17673.208,17719.346,17659.632392732387,17833.811755000013,17595.348
2025-02-05 09:00:00,17529.897,17673.208,17549.52426299608,17558.214545000003,17554.242
2025-02-05 10:00:00,17548.453,17529.897,17413.549812714955,17269.28352,17218.889
2025-02-05 11:00:00,17321.186999999998,17548.453,17562.098831498373,17506.181009999993,17437.107
2025-02-05 12:00:00,17227.872,17321.186999999998,17222.43375272592,17020.751395000018,17029.506
2025-02-05 13:00:00,17064.37,17227.872,17224.72709052735,17090.624134999976,17050.357
2025-02-05 14:00:00,17003.155,17064.37,17012.06621673522,16896.068289999996,16958.646
2025-02-05 15:00:00,17211.626,17003.155,16989.070464661112,16824.793685000008,17105.47
2025-02-05 16:00:00,17546.656,17211.626,17291.613009011573,17321.98585000002,17538.398
2025-02-05 17:00:00,17938.619,17546.656,17606.703961761214,17700.803159999996,17703.451
2025-02-05 18:00:00,17945.095999999998,17938.619,17924.781527795534,18018.61057500001,17898.793
2025-02-05 19:00:00,17745.208,17945.095999999998,17628.946277064133,17756.068339999998,17699.498
2025-02-05 20:00:00,17288.856,17745.208,17264.879901568565,17400.398930000003,17300.787
2025-02-05 21:00:00,16781.108,17288.856,16661.591919487793,16754.785490000002,16753.203
2025-02-05 22:00:00,16259.935,16781.108,16134.906276449437,16244.516449999986,16344.605
2025-02-05 23:00:00,15727.555,16259.935,15885.834786768626,15835.658374999985,15840.009
2025-02-06 00:00:00,15550.348,15727.555,15381.958678259465,15334.877570000019,15440.999
2025-02-06 01:00:00,15350.622,15550.348,15441.027564993947,15442.812024999994,15501.859
2025-02-06 02:00:00,15318.47,15350.622,15260.999768888996,15339.76980999998,15364.269
2025-02-06 03:00:00,15518.768,15318.47,15362.487112079954,15338.914234999997,15381.853
2025-02-06 04:00:00,16034.346999999998,15518.768,15723.19118974465,15906.61007000001,15982.654
2025-02-06 05:00:00,16746.545,16034.346999999998,16419.223403977387,16641.72426,16867.463
2025-02-06 06:00:00,17356.697,16746.545,17233.239904219503,17368.54263000001,17288.293
2025-02-06 07:00:00,17394.017,17356.697,17518.762000240553,17608.01024999999,17450.89
2025-02-06 08:00:00,17297.582,17394.017,17247.920821375003,17365.963435,17305.387
2025-02-06 09:00:00,17279.206,17297.582,17177.908669008317,17163.73870999999,17279.844
2025-02-06 10:00:00,17158.642,17279.206,17236.000346614503,17174.026649999978,17256.004
2025-02-06 11:00:00,16917.034,17158.642,17074.151598340726,17037.19831499999,16968.037
2025-02-06 12:00:00,16600.495,16917.034,16797.868389223815,16692.159510000012,16718.426
2025-02-06 13:00:00,16306.207,16600.495,16463.8697428628,16374.098020000001,16378.9
2025-02-06 14:00:00,16007.416,16306.207,16189.080374674899,15987.545824999996,16027.565
2025-02-06 15:00:00,15976.558,16007.416,15882.84738967443,15691.063789999977,15925.031
2025-02-06 16:00:00,16224.263,15976.558,15972.441766840311,16034.958204999999,16178.307
2025-02-06 17:00:00,16625.449,16224.263,16303.973803505869,16545.913970000005,16410.988
2025-02-06 18:00:00,16621.093,16625.449,16688.33204690116,16880.48321499999,16709.62
2025-02-06 19:00:00,16680.753,16621.093,16380.36325568154,16646.7177,16544.785
2025-02-06 20:00:00,16292.389,16680.753,16418.065780418547,16800.98203,16596.71
2025-02-06 21:00:00,15759.352,16292.389,15758.779037162201,15828.740939999996,15785.338
2025-02-06 22:00:00,15304.072,15759.352,15164.05948208805,15280.308610000033,15293.279
2025-02-06 23:00:00,14883.054,15304.072,15026.338173797216,14925.663274999988,14923.988
2025-02-07 00:00:00,14716.653,14883.054,14647.919352247618,14595.297510000006,14646.2295
2025-02-07 01:00:00,14629.179,14716.653,14650.981963827402,14644.501154999978,14703.108
2025-02-07 02:00:00,14634.451,14629.179,14631.338105020584,14699.600064999991,14699.708
2025-02-07 03:00:00,14985.434,14634.451,14728.9821207883,14726.337680000008,14776.292
2025-02-07 04:00:00,15652.863,14985.434,15301.74947109257,15600.589860000022,15583.887
2025-02-07 05:00:00,16859.468,15652.863,16151.786403489603,16571.267175,16593.201
2025-02-07 06:00:00,17572.81,16859.468,17624.98106287905,17472.245169999987,17477.11
2025-02-07 07:00:00,17584.838,17572.81,17785.56202729425,17844.93165,17605.572
2025-02-07 08:00:00,17258.690000000002,17584.838,17442.58964634725,17398.291615000016,17225.604
2025-02-07 09:00:00,16921.65,17258.690000000002,16997.427126304385,16908.553500000013,16813.582
2025-02-07 10:00:00,16526.842,16921.65,16727.61985935401,16495.716525000003,16459.06
2025-02-07 11:00:00,16234.797,16526.842,16369.341066684554,16130.407859999996,16144.622
2025-02-07 12:00:00,15872.184,16234.797,16184.669908555024,15923.739704999998,15905.478
2025-02-07 13:00:00,15500.27,15872.184,15816.802339694088,15480.21158999999,15549.821
2025-02-07 14:00:00,15330.727,15500.27,15454.499645965841,15137.211350000003,15187.123
2025-02-07 15:00:00,15526.385,15330.727,15386.040824664035,15158.508945,15501.493
2025-02-07 16:00:00,16001.001,15526.385,15728.678338423764,15829.398980000007,16083.837
2025-02-07 17:00:00,16589.468999999997,16001.001,16258.48093694106,16400.77013999999,16474.84
2025-02-07 18:00:00,16695.581,16589.468999999997,16787.34130711786,16965.732810000023,16896.312
2025-02-07 19:00:00,16672.419,16695.581,16541.06401510792,16815.576825000004,16782.027
2025-02-07 20:00:00,16504.494,16672.419,16389.610808829755,16612.617290000006,16468.285
2025-02-07 21:00:00,16014.872,16504.494,16099.537719192213,16160.982405000006,16189.479
2025-02-07 22:00:00,15435.042,16014.872,15432.68621477042,15525.315055,15484.169
2025-02-07 23:00:00,15080.685,15435.042,15089.942372335745,15002.233170000005,15136.864
2025-02-08 00:00:00,14865.065,15080.685,14854.617294845442,14843.006159999992,14850.935
2025-02-08 01:00:00,14808.419999999998,14865.065,14737.415224665392,14736.971109999991,14761.107
2025-02-08 02:00:00,14692.905,14808.419999999998,14793.259763295464,14822.390034999999,14864.918
2025-02-08 03:00:00,14833.844,14692.905,14682.022481663433,14651.20670999999,14691.199
2025-02-08 04:00:00,15170.95,14833.844,15009.636890303907,15131.377554999981,15204.71
2025-02-08 05:00:00,15527.365,15170.95,15484.740732718532,15813.188535000008,15750.863
2025-02-08 06:00:00,16011.183,15527.365,15871.00906513457,16044.50755500001,16056.223
2025-02-08 07:00:00,16300.869,16011.183,16196.230931230539,16480.064929999997,16349.518
2025-02-08 08:00:00,16618.114,16300.869,16395.494371617322,16514.732135000002,16353.617
2025-02-08 09:00:00,16623.655,16618.114,16753.94154379292,16763.22575,16711.217
2025-02-08 10:00:00,16593.542999999998,16623.655,16605.81571352997,16562.095520000003,16500.66
2025-02-08 11:00:00,16437.035,16593.542999999998,16568.654358894764,16538.158575000012,16547.428
2025-02-08 12:00:00,16354.679,16437.035,16346.941562933736,16162.126429999993,16255.75
2025-02-08 13:00:00,16145.38,16354.679,16292.869655036482,16279.931565000014,16229.061
2025-02-08 14:00:00,16009.892,16145.38,16016.876393101371,15972.854929999987,15916.098
2025-02-08 15:00:00,16178.015,16009.892,15917.266220262514,15910.64296000001,16161.532
2025-02-08 16:00:00,16387.061,16178.015,16208.76385878005,16216.373749999995,16511.53
2025-02-08 17:00:00,16564.465,16387.061,16366.360112801967,16578.45739000001,16583.664
2025-02-08 18:00:00,16370.13,16564.465,16435.593924824312,16661.425490000005,16486.85
2025-02-08 19:00:00,16075.144,16370.13,15965.029890246715,16082.932814999993,16052.859
2025-02-08 20:00:00,15733.861,16075.144,15568.522373822518,15687.752019999987,15707.334
2025-02-08 21:00:00,15120.85,15733.861,15217.691520149148,15374.31734499999,15301.75
2025-02-08 22:00:00,14785.632,15120.85,14453.924520165612,14650.618660000006,14541.878
2025-02-08 23:00:00,14497.68,14785.632,14547.540528996524,14513.177035000017,14541.221
2025-02-09 00:00:00,14350.685,14497.68,14302.60544425109,14304.321849999998,14345.954
2025-02-09 01:00:00,14176.048,14350.685,14289.369394708432,14278.19865499999,14363.056
2025-02-09 02:00:00,14121.423,14176.048,14143.584574211463,14054.524384999999,14195.659
2025-02-09 03:00:00,14260.331,14121.423,14195.406985662914,14086.684534999977,14311.635
2025-02-09 04:00:00,14350.772,14260.331,14478.680450657806,14567.991550000002,14643.995
2025-02-09 05:00:00,14736.875,14350.772,14583.1056247596,14591.463734999996,14666.749
2025-02-09 06:00:00,15192.022,14736.875,15170.327510491878,15311.56572500001,15341.302
2025-02-09 07:00:00,15564.293,15192.022,15436.793487851906,15752.423895000005,15563.974
2025-02-09 08:00:00,15657.523,15564.293,15793.999439510748,16007.327225000017,15899.879
2025-02-09 09:00:00,15764.352,15657.523,15754.731059369304,15794.195065000005,15647.554
2025-02-09 10:00:00,15836.671,15764.352,15887.49863161306,15889.378680000018,15709.023
2025-02-09 11:00:00,15836.279,15836.671,15946.655567654529,15944.608770000015,15726.202
2025-02-09 12:00:00,15842.018,15836.279,15907.18021942496,15892.00866499999,15696.542
2025-02-09 13:00:00,15743.409,15842.018,15909.425035620801,15910.058339999989,15707.73
2025-02-09 14:00:00,15783.535,15743.409,15734.942764533009,15663.84116,15742.61
2025-02-09 15:00:00,16106.913,15783.535,15814.616836171474,15890.282789999996,16049.288
2025-02-09 16:00:00,16483.395,16106.913,16222.344994251609,16296.391264999982,16721.242
2025-02-09 17:00:00,16653.271,16483.395,16527.73844128289,16610.375429999975,16603.736
2025-02-09 18:00:00,16267.979,16653.271,16490.242622890968,16750.47893,16630.203
2025-02-09 19:00:00,16068.602,16267.979,15747.756389001603,15767.074495000008,15954.456
2025-02-09 20:00:00,16112.036,16068.602,15626.743419692924,15794.3367,15690.439
2025-02-09 21:00:00,15968.254,16112.036,15764.045290368713,16018.619349999994,15813.816
2025-02-09 22:00:00,15662.974,15968.254,15473.52844247451,15734.660785000005,15678.159
2025-02-09 23:00:00,15355.051,15662.974,15320.708542559327,15421.10396,15386.058
2025-02-10 00:00:00,15158.197,15355.051,15125.745962131085,15075.385859999995,15105.656
2025-02-10 01:00:00,15276.591,15158.197,15033.48714963784,15018.995284999994,15093.278
2025-02-10 02:00:00,15370.627,15276.591,15357.919229577248,15464.321164999983,15483.132
2025-02-10 03:00:00,15750.513,15370.627,15467.064014001817,15596.868324999989,15652.174
2025-02-10 04:00:00,16586.951,15750.513,16041.449502933438,16330.48802999998,16449.701
2025-02-10 05:00:00,17736.528,16586.951,17138.571782417428,17298.72000000001,17715.648
2025-02-10 06:00:00,18489.809,17736.528,18428.572140259126,18428.635315000014,18368.234
2025-02-10 07:00:00,18549.74,18489.809,18691.349603691673,18740.592215000015,18385.232
2025-02-10 08:00:00,18189.681,18549.74,18405.356198788602,18461.061885,18354.898
2025-02-10 09:00:00,17697.457000000002,18189.681,17908.817826146347,17595.63081,17550.158
2025-02-10 10:00:00,17189.145,17697.457000000002,17419.609033460296,17176.233589999996,17107.22
2025-02-10 11:00:00,16714.529,17189.145,16968.734100557915,16697.395054999994,16762.416
2025-02-10 12:00:00,16252.33,16714.529,16565.587680757362,16295.100365000004,16415.334
2025-02-10 13:00:00,15935.468,16252.33,16149.854488640814,15852.715645000006,15849.161
2025-02-10 14:00:00,15870.722,15935.468,15927.163498060647,15703.027859999995,15784.909
2025-02-10 15:00:00,16107.892,15870.722,15977.53976185044,15918.652339999997,16151.885
2025-02-10 16:00:00,16691.501,16107.892,16315.31040612462,16359.887350000003,16597.137
2025-02-10 17:00:00,17560.557,16691.501,16982.03243383613,17078.224740000005,17084.898
2025-02-10 18:00:00,17698.215000000004,17560.557,17870.532355190688,17959.129904999983,17704.459
2025-02-10 19:00:00,17690.959,17698.215000000004,17503.32998781161,17776.027794999987,17676.1
2025-02-10 20:00:00,17416.139,17690.959,17352.26413232812,17635.24902999999,17418.059
2025-02-10 21:00:00,16972.729,17416.139,16897.312390659234,17114.488555000004,16943.79
2025-02-10 22:00:00,16436.174,16972.729,16363.381551864222,16446.237579999994,16500.71
2025-02-10 23:00:00,16189.085,16436.174,16040.257771744447,15892.933845,15899.105
2025-02-11 00:00:00,16034.13,16189.085,15978.756604415312,15898.791269999994,15980.398
2025-02-11 01:00:00,15938.448,16034.13,15899.599313176228,15939.647905000005,16006.305
2025-02-11 02:00:00,16038.1,15938.448,15870.41302347996,15905.50706,15994.875
2025-02-11 03:00:00,16336.913,16038.1,16108.989174501758,16218.254910000003,16297.55
2025-02-11 04:00:00,17128.809,16336.913,16545.833050930116,16755.420765000003,16953.156
2025-02-11 05:00:00,18093.201999999997,17128.809,17609.861148586304,17926.990269999973,18087.977
2025-02-11 06:00:00,18805.468,18093.201999999997,18635.26504133049,18734.918179999997,18646.59
2025-02-11 07:00:00,18980.14,18805.468,18933.27466353037,19102.052260000004,18756.361
2025-02-11 08:00:00,18972.035,18980.14,18827.755878619497,19210.54067999999,18822.893
2025-02-11 09:00:00,18838.129999999997,18972.035,18764.319927625755,18790.085545000016,18718.223
2025-02-11 10:00:00,18736.754,18838.129999999997,18616.949666134056,18621.20343000001,18531.82
2025-02-11 11:00:00,18770.874,18736.754,18581.750224731597,18576.928675000014,18619.67
2025-02-11 12:00:00,18527.559,18770.874,18715.648091676958,18768.439134999997,18654.678
2025-02-11 13:00:00,18412.97,18527.559,18329.606314825647,18228.989190000015,18152.574
2025-02-11 14:00:00,18343.473,18412.97,18298.127840471978,18230.902165000025,18243.354
2025-02-11 15:00:00,18435.096,18343.473,18233.725328856486,18267.220240000024,18481.188
2025-02-11 16:00:00,18675.701999999997,18435.096,18370.06868700782,18512.755979999987,18629.113
2025-02-11 17:00:00,19050.352,18675.701999999997,18622.621721409323,18852.844434999977,18803.676
2025-02-11 18:00:00,19098.252,19050.352,18980.764623962074,19251.69579,19217.94
2025-02-11 19:00:00,18867.917,19098.252,18766.480796183292,18930.106764999986,19011.006
2025-02-11 20:00:00,18295.797,18867.917,18333.48930769038,18613.23355499999,18575.262
2025-02-11 21:00:00,17675.5,18295.797,17565.770292211804,17535.190045,17431.451
2025-02-11 22:00:00,17074.778,17675.5,16943.133030115256,17071.428379999994,16876.355
2025-02-11 23:00:00,16613.012,17074.778,16637.738406903925,16512.89379499999,16622.062
2025-02-12 00:00:00,16348.39,16613.012,16291.234011114408,16106.389389999995,16138.379
2025-02-12 01:00:00,16195.599,16348.39,16178.717283947304,16075.686815,16114.176
2025-02-12 02:00:00,16310.13,16195.599,16130.312774554717,16053.773869999999,16206.099
2025-02-12 03:00:00,16430.389,16310.13,16431.886941801662,16524.885799999993,16689.627
2025-02-12 04:00:00,17099.498,16430.389,16590.930019954212,16714.554930000006,16850.695
2025-02-12 05:00:00,17870.9,17099.498,17576.480441766864,17760.921455,18044.744
2025-02-12 06:00:00,18416.691,17870.9,18385.893820721238,18500.834995,18400.326
2025-02-12 07:00:00,18422.69,18416.691,18550.819582062682,18499.801849999985,18566.51
2025-02-12 08:00:00,18377.656000000003,18422.69,18288.379856270214,18164.94600000001,18257.742
2025-02-12 09:00:00,18406.540999999997,18377.656000000003,18284.738188458035,18203.464165000023,18306.174
2025-02-12 10:00:00,18273.033,18406.540999999997,18402.986161708835,18267.860920000003,18430.162
2025-02-12 11:00:00,18379.843,18273.033,18210.96837903941,18151.47261000001,18120.465
2025-02-12 12:00:00,18291.372,18379.843,18450.675873089094,18513.86840499999,18473.021
2025-02-12 13:00:00,18075.204,18291.372,18240.105921174094,18209.390610000017,18158.055
2025-02-12 14:00:00,17842.609,18075.204,17952.265637018583,17819.251339999995,17910.408
2025-02-12 15:00:00,17955.481,17842.609,17698.446150366355,17601.067849999963,17823.492
2025-02-12 16:00:00,18232.954,17955.481,17958.28941650312,18097.013555,18199.031
2025-02-12 17:00:00,18430.773,18232.954,18241.126314136556,18319.12859999998,18409.594
2025-02-12 18:00:00,18083.195,18430.773,18299.16996201724,18678.622909999984,18382.682
2025-02-12 19:00:00,17837.295,18083.195,17583.05423937896,17684.656614999996,17723.557
2025-02-12 20:00:00,17388.037,17837.295,17350.570649943467,17543.332934999966,17576.51
2025-02-12 21:00:00,16690.143,17388.037,16780.170155940843,16905.978930000023,16866.06
2025-02-12 22:00:00,16093.509000000002,16690.143,15949.052428423207,15964.895224999978,16188.227
2025-02-12 23:00:00,15584.021,16093.509000000002,15680.136808758984,15607.589010000007,15676.444
2025-02-13 00:00:00,15087.052,15584.021,15242.091907866436,15234.463135000016,15295.692
2025-02-13 01:00:00,14987.526,15087.052,14801.726102787015,14655.344464999995,14729.714
2025-02-13 02:00:00,14925.774,14987.526,14967.240745281775,14800.28060000001,14855.892
2025-02-13 03:00:00,15166.645,14925.774,14962.223158310997,14823.382155000007,14937.536
2025-02-13 04:00:00,15825.804,15166.645,15409.616538910286,15380.295090000007,15579.027
2025-02-13 05:00:00,16778.504,15825.804,16323.371734648621,16609.922494999977,16642.441
2025-02-13 06:00:00,17435.873,16778.504,17422.50063879109,17515.745389999982,17454.553
2025-02-13 07:00:00,17683.803,17435.873,17656.726730278133,17898.737585,17671.18
2025-02-13 08:00:00,17739.629,17683.803,17704.35000918654,17820.659490000013,17787.69
2025-02-13 09:00:00,17891.759,17739.629,17702.955099709696,17833.430490000013,17713.502
2025-02-13 10:00:00,17790.468999999997,17891.759,17951.058101771592,17965.027465,17989.94
2025-02-13 11:00:00,17659.906,17790.468999999997,17744.29586620711,17570.174355000014,17568.615
2025-02-13 12:00:00,17522.158000000003,17659.906,17624.021530401627,17463.194250000008,17466.385
2025-02-13 13:00:00,17432.972,17522.158000000003,17485.55979302799,17321.62696499999,17312.191
2025-02-13 14:00:00,17476.984,17432.972,17411.161918295256,17384.077644999983,17399.785
2025-02-13 15:00:00,17584.71,17476.984,17497.394444037753,17476.152544999964,17798.043
2025-02-13 16:00:00,17851.832000000002,17584.71,17587.630087350986,17668.220914999998,17947.268
2025-02-13 17:00:00,18361.283,17851.832000000002,17862.709204041937,17880.754650000003,18001.938
2025-02-13 18:00:00,18682.367,18361.283,18398.23750283452,18338.306404999992,18343.03
2025-02-13 19:00:00,18550.113,18682.367,18518.681206639965,18843.917354999998,18762.63
2025-02-13 20:00:00,18235.923,18550.113,18076.878559194032,18393.70212,18325.814
2025-02-13 21:00:00,17823.21,18235.923,17652.063615689705,17692.2702,17636.504
2025-02-13 22:00:00,17356.962,17823.21,17210.411196110726,17371.60222500001,17277.29
2025-02-13 23:00:00,17157.185,17356.962,17006.777649998134,16902.245795000006,16971.896
2025-02-14 00:00:00,17020.065000000002,17157.185,16988.09905806881,16987.313110000014,17013.154
2025-02-14 01:00:00,17061.771,17020.065000000002,16927.29003623894,16987.38470500001,17015.658
2025-02-14 02:00:00,17226.837,17061.771,17110.305368151705,17112.764995,17144.56
2025-02-14 03:00:00,17677.427,17226.837,17385.55030551134,17437.314424999997,17550.639
2025-02-14 04:00:00,18429.178,17677.427,18025.05480492253,18133.610230000002,18296.732
2025-02-14 05:00:00,19256.672,18429.178,18951.023290191428,19013.552369999998,19121.832
2025-02-14 06:00:00,19904.376,19256.672,19813.999521570902,19589.25172000002,19773.447
2025-02-14 07:00:00,19800.931,19904.376,20111.68154539309,20414.398805000026,20103.719
2025-02-14 08:00:00,19182.483999999997,19800.931,19641.267434152676,19537.24571500001,19403.877
2025-02-14 09:00:00,18591.473,19182.483999999997,18878.858766806738,18629.541569999987,18412.406
2025-02-14 10:00:00,17966.936,18591.473,18387.24591267269,18047.543474999988,18114.422
2025-02-14 11:00:00,17511.730000000003,17966.936,17799.826802267373,17277.884489999997,17327.06
2025-02-14 12:00:00,17015.127,17511.730000000003,17465.944379679542,17035.479554999998,17127.418
2025-02-14 13:00:00,16562.028,17015.127,16954.699119165434,16504.719620000003,16621.744
2025-02-14 14:00:00,16271.306,16562.028,16533.702517386606,16083.199814999993,16172.773
2025-02-14 15:00:00,16482.537,16271.306,16320.468980007774,16000.41422499999,16326.196
2025-02-14 16:00:00,17063.313000000002,16482.537,16752.973034200277,16790.67047,17274.83
2025-02-14 17:00:00,17606.104,17063.313000000002,17426.483903822704,17481.019089999998,17712.05
2025-02-14 18:00:00,17611.776,17606.104,17816.110200168587,17881.419670000014,17780.873
2025-02-14 19:00:00,17436.163,17611.776,17437.43591719286,17696.604884999982,17629.564
2025-02-14 20:00:00,17212.001,17436.163,17099.706216152124,17165.68051999999,17230.182
2025-02-14 21:00:00,16708.957000000002,17212.001,16812.262387432347,17026.399830000006,16962.146
2025-02-14 22:00:00,16281.967,16708.957000000002,16140.045775418277,16271.33343499998,16324.0
2025-02-14 23:00:00,15803.7,16281.967,16010.289280209809,15912.53129999999,16010.992
2025-02-15 00:00:00,15455.05,15803.7,15488.270370846965,15366.186855000018,15560.564
2025-02-15 01:00:00,15325.369,15455.05,15252.960711420299,15187.989044999993,15259.308
2025-02-15 02:00:00,15162.602,15325.369,15277.321068285972,15355.593189999996,15298.493
2025-02-15 03:00:00,15232.149,15162.602,15138.121498797878,15046.709069999999,15100.283
2025-02-15 04:00:00,15535.608,15232.149,15379.420028544575,15416.300444999992,15342.294
2025-02-15 05:00:00,15723.735,15535.608,15839.240484816455,16106.343280000021,16029.3
2025-02-15 06:00:00,16296.585,15723.735,15982.800732893229,15983.588945000007,16184.009
2025-02-15 07:00:00,16697.748,16296.585,16532.91560065975,16793.79892,16701.174
2025-02-15 08:00:00,17057.268,16697.748,16830.443266061062,16984.502074999997,17020.12
2025-02-15 09:00:00,17325.933,17057.268,17191.77985619763,17201.91798,17169.48
2025-02-15 10:00:00,17387.636,17325.933,17404.27521434951,17473.257590000012,17400.828
2025-02-15 11:00:00,17340.915999999997,17387.636,17357.67605142972,17386.099209999982,17316.959
2025-02-15 12:00:00,17022.818,17340.915999999997,17253.426338726294,17195.398665000004,17261.71
2025-02-15 13:00:00,16856.428,17022.818,16790.81374416616,16814.225545000005,16833.322
2025-02-15 14:00:00,16707.424,16856.428,16717.59081714655,16622.600289999988,16697.098
2025-02-15 15:00:00,16659.256,16707.424,16563.78855188672,16572.12183999999,16770.693
2025-02-15 16:00:00,16760.041,16659.256,16537.015990601773,16659.615580000027,16736.791
2025-02-15 17:00:00,16902.332000000002,16760.041,16656.924335491494,17008.706094999998,16874.062
2025-02-15 18:00:00,16802.371,16902.332000000002,16737.909678137516,17024.005149999994,16829.922
2025-02-15 19:00:00,16427.326,16802.371,16433.00097139729,16636.182980000012,16570.656
2025-02-15 20:00:00,16059.763,16427.326,15860.953830014281,15960.761389999992,16032.623
2025-02-15 21:00:00,15626.482,16059.763,15490.07010156966,15506.046224999991,15516.86
2025-02-15 22:00:00,15074.847999999998,15626.482,15014.241378105768,15251.182619999992,15231.49
2025-02-15 23:00:00,14647.981,15074.847999999998,14660.124903209433,14628.106679999992,14482.249
2025-02-16 00:00:00,14374.194,14647.981,14323.41948194021,14319.909560000006,14414.152
2025-02-16 01:00:00,14176.593,14374.194,14170.233911936786,14171.917579999992,14183.049
2025-02-16 02:00:00,14046.833,14176.593,14056.301979192298,14083.595090000006,14140.063
2025-02-16 03:00:00,14131.207,14046.833,14018.81924954639,14027.839944999983,14147.136
2025-02-16 04:00:00,14340.761,14131.207,14269.563197501902,14311.971815000012,14349.851
2025-02-16 05:00:00,14599.882,14340.761,14580.13525137546,14729.132365000003,14765.79
2025-02-16 06:00:00,14902.041,14599.882,14908.931665518008,15069.95042500002,14973.159
2025-02-16 07:00:00,15310.25,14902.041,15037.270265611663,15240.18096,15176.514
2025-02-16 08:00:00,15666.994,15310.25,15545.63673514899,15827.093365000012,15661.471
2025-02-16 09:00:00,15982.002,15666.994,15890.85179818862,16101.40144500001,15980.17
2025-02-16 10:00:00,16248.767,15982.002,16204.824620225114,16381.251899999997,16357.592
2025-02-16 11:00:00,16323.802,16248.767,16458.433672434665,16490.483094999996,16399.18
2025-02-16 12:00:00,16336.893,16323.802,16430.92709940298,16455.699894999998,16359.146
2025-02-16 13:00:00,16499.177,16336.893,16404.856800117843,16277.60717000001,16178.792
2025-02-16 14:00:00,16516.097999999998,16499.177,16622.61525601798,16584.115239999992,16620.2
2025-02-16 15:00:00,16991.173,16516.097999999998,16516.7584516983,16439.707755000007,16623.686
2025-02-16 16:00:00,17370.999,16991.173,17166.329813631848,17349.24449500002,17502.145
2025-02-16 17:00:00,17990.459000000003,17370.999,17387.57620122767,17442.295135000004,17513.223
2025-02-16 18:00:00,18109.983,17990.459000000003,18019.57526001945,18253.084684999994,17983.139
2025-02-16 19:00:00,17984.412,18109.983,17755.157915741882,18062.172869999988,18071.006
2025-02-16 20:00:00,17724.972999999998,17984.412,17444.361182785495,17619.634455000014,17547.955
2025-02-16 21:00:00,17371.953,17724.972999999998,17079.29799208334,17370.090204999982,17081.9
2025-02-16 22:00:00,17049.634,17371.953,16678.377850286146,16898.721565,16939.04
2025-02-16 23:00:00,16860.671,17049.634,16651.657068413188,16789.451635,16747.543
2025-02-17 00:00:00,16757.828,16860.671,16659.802224126215,16558.861484999998,16626.512
2025-02-17 01:00:00,16737.581,16757.828,16629.874010746636,16691.108695000003,16681.094
2025-02-17 02:00:00,17032.618000000002,16737.581,16690.064825556496,16689.572900000014,16773.469
2025-02-17 03:00:00,17412.625,17032.618000000002,17202.508396529196,17127.74958,17355.453
2025-02-17 04:00:00,18054.27,17412.625,17661.066721609182,17683.92905999999,17840.004
2025-02-17 05:00:00,18967.579,18054.27,18479.744944828362,18520.14642,18817.732
2025-02-17 06:00:00,19655.728,18967.579,19570.64479543538,19681.043720000012,19670.162
2025-02-17 07:00:00,19700.168,19655.728,19925.341111455913,19951.602685000023,19712.32
2025-02-17 08:00:00,19418.232,19700.168,19695.687861419625,19632.09966999999,19453.275
2025-02-17 09:00:00,19189.173000000003,19418.232,19327.7128655776,19002.827139999987,18962.482
2025-02-17 10:00:00,18869.311,19189.173000000003,19220.62154198404,18857.843165000006,18833.277
2025-02-17 11:00:00,18620.713,18869.311,18928.888542759334,18524.87185000001,18561.63
2025-02-17 12:00:00,18355.379,18620.713,18768.481775728542,18411.99373000002,18372.64
2025-02-17 13:00:00,18074.234,18355.379,18516.744962955625,18096.380279999994,17983.766
2025-02-17 14:00:00,17853.823,18074.234,18229.075826747114,17752.701499999992,17967.72
2025-02-17 15:00:00,18222.447,17853.823,18029.794279650876,17653.39286499998,18001.654
2025-02-17 16:00:00,18813.446,18222.447,18660.04547216861,18561.89019499999,18728.205
2025-02-17 17:00:00,19623.057999999997,18813.446,19256.876239731602,19088.05049000004,19161.717
2025-02-17 18:00:00,19879.391,19623.057999999997,20047.385591529535,20135.522970000027,20069.203
2025-02-17 19:00:00,19729.653,19879.391,19873.400386598678,19926.294855,19908.03
2025-02-17 20:00:00,19465.808,19729.653,19452.837117797462,19457.002575000002,19259.865
2025-02-17 21:00:00,18939.904,19465.808,19094.069452163334,19049.866309999976,18954.953
2025-02-17 22:00:00,18323.062,18939.904,18447.439098805695,18583.524610000026,18452.273
2025-02-17 23:00:00,18023.637,18323.062,18071.247856657148,17581.250004999998,17815.078
2025-02-18 00:00:00,17999.559,18023.637,17996.62500613182,17753.967339999996,17901.357
2025-02-18 01:00:00,17951.395,17999.559,18161.13969630123,17935.826555000014,17994.377
2025-02-18 02:00:00,18089.49,17951.395,18137.366218300827,17924.219240000002,17950.0
2025-02-18 03:00:00,18345.103000000003,18089.49,18424.123414320587,18282.86986999998,18437.133
2025-02-18 04:00:00,19076.337,18345.103000000003,18771.431096696142,18692.89074499997,18789.24
2025-02-18 05:00:00,20061.665,19076.337,19787.577457758856,19662.642985000013,19886.693
2025-02-18 06:00:00,20699.717,20061.665,20878.358822842514,20713.388995,20838.807
2025-02-18 07:00:00,20711.274,20699.717,21076.719059133004,20900.041295000017,21105.637
2025-02-18 08:00:00,20166.606,20711.274,20800.483970227342,20557.513989999974,20448.928
2025-02-18 09:00:00,19596.647,20166.606,19998.565352780166,19611.11416999998,19559.203
2025-02-18 10:00:00,19150.67,19596.647,19503.58913567219,18969.693894999997,18901.809
2025-02-18 11:00:00,18752.733,19150.67,19200.380197380797,18823.149875000017,18798.846
2025-02-18 12:00:00,18556.725,18752.733,18876.481283237274,18518.91355000002,18503.184
2025-02-18 13:00:00,18273.318,18556.725,18810.40387326109,18518.125974999984,18374.105
2025-02-18 14:00:00,18104.79,18273.318,18475.020181408094,17931.098029999986,18050.914
2025-02-18 15:00:00,18342.701,18104.79,18359.43296137314,18002.388394999994,18234.164
2025-02-18 16:00:00,18888.115,18342.701,18765.12757511968,18693.838364999978,18890.123
2025-02-18 17:00:00,19558.777,18888.115,19378.359228087993,19153.030105000023,19205.125
2025-02-18 18:00:00,19830.326999999997,19558.777,19991.24430873404,19812.53289000003,19895.486
2025-02-18 19:00:00,19790.311,19830.326999999997,19947.83718991332,19919.13127000001,19993.934
2025-02-18 20:00:00,19345.622,19790.311,19662.31786467382,19514.112330000004,19536.162
2025-02-18 21:00:00,18894.123,19345.622,18972.109705644565,18996.073820000027,18759.996
2025-02-18 22:00:00,18443.25,18894.123,18518.62120141479,18613.82476000001,18485.37
2025-02-18 23:00:00,18286.812,18443.25,18327.567598446458,18074.054259999975,18035.691
2025-02-19 00:00:00,18182.316,18286.812,18339.21786366136,18201.83889,18138.873
2025-02-19 01:00:00,18145.026,18182.316,18265.301593512097,18134.29715499999,18083.785
2025-02-19 02:00:00,18260.341999999997,18145.026,18293.39873890079,18218.347879999987,18279.184
2025-02-19 03:00:00,18677.725,18260.341999999997,18511.51553044775,18491.24273999998,18607.514
2025-02-19 04:00:00,19384.153,18677.725,19109.827785418456,19190.71711999999,19320.107
2025-02-19 05:00:00,20300.363,19384.153,19970.373286418064,20066.710830000025,20296.959
2025-02-19 06:00:00,20819.748,20300.363,20976.97915964845,20910.913639999995,20869.379
2025-02-19 07:00:00,20958.786,20819.748,21012.609547211712,20906.291389999973,21000.898
2025-02-19 08:00:00,20883.157,20958.786,20971.838458635895,20773.96880499999,20756.057
2025-02-19 09:00:00,20671.89,20883.157,20816.414337476683,20675.959260000003,20759.47
2025-02-19 10:00:00,20357.681,20671.89,20593.01398846604,20272.742979999977,20210.059
2025-02-19 11:00:00,20129.383,20357.681,20277.86097892282,19953.526294999978,19843.686
2025-02-19 12:00:00,19764.807999999997,20129.383,20133.565754222414,19951.563024999992,19943.164
2025-02-19 13:00:00,19475.688,19764.807999999997,19719.014737281486,19415.448365,19278.096
2025-02-19 14:00:00,19337.368,19475.688,19480.307126223855,19141.17354999999,19160.607
2025-02-19 15:00:00,19623.846,19337.368,19403.674726133002,19351.479934999996,19416.777
2025-02-19 16:00:00,20025.386,19623.846,19864.91170548664,19983.343339999985,20090.672
2025-02-19 17:00:00,20474.525,20025.386,20229.578430446938,20197.76163499999,20290.172
2025-02-19 18:00:00,20557.485,20474.525,20597.593525539145,20546.026745000006,20494.26
2025-02-19 19:00:00,20384.493,20557.485,20411.50475976083,20450.679184999994,20520.404
2025-02-19 20:00:00,19940.397,20384.493,20070.456510095264,20074.38696999998,20124.703
2025-02-19 21:00:00,19445.44,19940.397,19476.176665241022,19569.929204999986,19368.537
2025-02-19 22:00:00,18979.084000000003,19445.44,18958.502116825537,19107.27324499998,19044.729
2025-02-19 23:00:00,18815.195,18979.084000000003,18779.056239871177,18689.116070000033,18701.121
2025-02-20 00:00:00,18669.067000000003,18815.195,18765.1378838796,18764.841259999987,18758.701
2025-02-20 01:00:00,18718.617,18669.067000000003,18627.61824058202,18653.24987999999,18589.324
2025-02-20 02:00:00,18892.301,18718.617,18815.629434943225,18858.677149999996,18881.738
2025-02-20 03:00:00,19026.466,18892.301,19088.73250204631,19286.445369999983,19287.387
2025-02-20 04:00:00,19530.54,19026.466,19247.412910423103,19326.723834999975,19307.312
2025-02-20 05:00:00,20323.894,19530.54,19986.647788852228,19991.371285000023,20165.893
2025-02-20 06:00:00,21041.656,20323.894,20941.866824193403,20882.146975000003,20867.121
2025-02-20 07:00:00,21113.278,21041.656,21341.055165827907,21554.03498000002,21220.76
2025-02-20 08:00:00,20795.557,21113.278,21063.0742074519,21219.783585,21099.533
2025-02-20 09:00:00,20422.403,20795.557,20574.533520350473,20354.561285000014,20169.934
2025-02-20 10:00:00,20146.811,20422.403,20250.90224246957,19953.275964999975,19826.531
2025-02-20 11:00:00,19949.129,20146.811,20115.651430090955,20022.943834999995,19934.758
2025-02-20 12:00:00,19909.132,19949.129,20003.47524435249,19752.205715000026,19497.418
2025-02-20 13:00:00,19855.648,19909.132,20075.735033030982,19757.307165000017,19772.717
2025-02-20 14:00:00,19943.273,19855.648,19983.61078672372,19640.73398000002,19644.926
2025-02-20 15:00:00,20157.754999999997,19943.273,20114.417052800163,20008.287194999986,19947.852
2025-02-20 16:00:00,20541.597,20157.754999999997,20328.665583811115,20204.48722,20411.213
2025-02-20 17:00:00,21103.323,20541.597,20700.76353963403,20710.254380000013,20809.705
2025-02-20 18:00:00,21285.369,21103.323,21237.719580039648,21113.27405499998,21040.645
2025-02-20 19:00:00,21124.975,21285.369,21106.08926006429,21260.483595000012,21225.709
2025-02-20 20:00:00,20647.729,21124.975,20687.856147385635,20746.833519999982,20726.2
2025-02-20 21:00:00,20116.074999999997,20647.729,20000.93280250796,19950.788280000022,19786.64
2025-02-20 22:00:00,19605.157,20116.074999999997,19450.84705315926,19399.543159999983,19459.2
2025-02-20 23:00:00,19275.83,19605.157,19224.893817499425,19104.33069999998,19145.332
2025-02-21 00:00:00,19017.252,19275.83,19013.761495365838,18926.02422,18956.0
2025-02-21 01:00:00,18908.422,19017.252,18822.542017670967,18860.17091500001,18751.07
2025-02-21 02:00:00,18987.006,18908.422,18832.728522719408,18960.52192499997,18923.533
2025-02-21 03:00:00,19165.615,18987.006,19047.98587229926,19029.57291999998,18992.996
2025-02-21 04:00:00,19831.833,19165.615,19304.886273770604,19536.50777999995,19622.129
2025-02-21 05:00:00,20606.64,19831.833,20248.340930142407,20261.541255000022,20618.021
2025-02-21 06:00:00,20989.679,20606.64,21062.516079756726,20915.641650000027,20932.744
2025-02-21 07:00:00,21116.179,20989.679,20989.73429851255,21126.601974999994,20863.97
2025-02-21 08:00:00,20566.079,21116.179,21009.32387255437,21145.679450000003,21126.295
2025-02-21 09:00:00,20103.115,20566.079,20171.974490362914,20045.77483,19796.674
2025-02-21 10:00:00,19398.769,20103.115,19853.00464796825,19657.00196999999,19599.064
2025-02-21 11:00:00,18969.991,19398.769,19095.11015227312,18753.996189999983,18686.504
2025-02-21 12:00:00,18695.13,18969.991,18878.59043863979,18612.10820499999,18592.768
2025-02-21 13:00:00,18198.307,18695.13,18704.42434595312,18436.78405999999,18360.174
2025-02-21 14:00:00,17922.79,18198.307,18098.853783502695,17820.672859999955,17909.912
2025-02-21 15:00:00,17931.432999999997,17922.79,17944.80334950746,17661.922109999978,17986.94
2025-02-21 16:00:00,18249.882,17931.432999999997,18072.947151000142,18011.121354999996,18085.557
2025-02-21 17:00:00,18818.506,18249.882,18480.699980945454,18447.42774,18547.348
2025-02-21 18:00:00,19090.086,18818.506,19069.41785281895,19149.837785000032,18876.1
2025-02-21 19:00:00,19136.96,19090.086,19053.779478092034,19368.087219999998,19322.145
2025-02-21 20:00:00,19099.067,19136.96,18928.174086949093,19028.25651999998,19060.77
2025-02-21 21:00:00,18792.803,19099.067,18762.674084176153,18965.30621999999,18736.902
2025-02-21 22:00:00,18428.777,18792.803,18314.279162973467,18503.467570000008,18535.336
2025-02-21 23:00:00,18379.551,18428.777,18220.006829758073,18046.577749999982,18133.014
2025-02-22 00:00:00,18382.822,18379.551,18326.63737241778,18305.128169999985,18401.969
2025-02-22 01:00:00,18388.311,18382.822,18383.223635939936,18316.44133999998,18409.78
2025-02-22 02:00:00,18600.202,18388.311,18430.74463460952,18328.639869999977,18417.398
2025-02-22 03:00:00,18886.375,18600.202,18782.286357443892,18865.34353499998,18901.287
2025-02-22 04:00:00,19331.887,18886.375,19140.44030019292,19189.995119999992,19127.66
2025-02-22 05:00:00,19743.881,19331.887,19705.654990352865,19851.600350000037,19817.887
2025-02-22 06:00:00,20128.393,19743.881,20109.384432951912,20076.533255000002,20023.51
2025-02-22 07:00:00,19883.065,20128.393,20267.11444275393,20223.995159999988,20077.773
2025-02-22 08:00:00,19084.871,19883.065,19741.904065733048,19632.01932000001,19393.664
2025-02-22 09:00:00,18237.197,19084.871,18710.03865720168,18539.40487999998,18305.654
2025-02-22 10:00:00,17488.597,18237.197,17897.311881951297,17688.135599999987,17869.697
2025-02-22 11:00:00,16867.36,17488.597,17273.575656289708,16967.04309500001,16961.47
2025-02-22 12:00:00,16375.195,16867.36,16765.436686934692,16308.443989999992,16396.014
2025-02-22 13:00:00,15959.261,16375.195,16370.132078553472,15982.099379999998,15953.714
2025-02-22 14:00:00,15930.494,15959.261,16015.90570536347,15605.174474999996,15773.1455
2025-02-22 15:00:00,16125.936999999998,15930.494,16180.315954755268,16074.62169999999,16390.736
2025-02-22 16:00:00,16554.075,16125.936999999998,16432.511515858114,16497.38973000001,16852.492
2025-02-22 17:00:00,17138.27,16554.075,16884.698864850274,16805.824359999988,17085.21
2025-02-22 18:00:00,17416.049,17138.27,17430.24804892747,17533.882664999997,17561.43
2025-02-22 19:00:00,17438.978,17416.049,17434.46911052185,17789.33469000001,17726.436
2025-02-22 20:00:00,17280.309999999998,17438.978,17259.684859387315,17544.66215999999,17471.932
2025-02-22 21:00:00,16984.75,17280.309999999998,16938.90572914792,17150.8098,17140.717
2025-02-22 22:00:00,16759.52,16984.75,16541.679753808312,16767.106854999998,16685.572
2025-02-22 23:00:00,16534.364999999998,16759.52,16594.818052832466,16508.37714499999,16581.336
2025-02-23 00:00:00,16481.243,16534.364999999998,16368.577905363558,16408.43142499999,16446.232
2025-02-23 01:00:00,16439.206,16481.243,16424.240180028013,16519.641700000026,16665.248
2025-02-23 02:00:00,16567.939,16439.206,16422.005083549375,16505.912270000015,16614.715
2025-02-23 03:00:00,16760.368000000002,16567.939,16688.734339747607,16926.759204999995,16932.143
2025-02-23 04:00:00,17013.835,16760.368000000002,16955.364788141625,17109.788010000004,17083.666
2025-02-23 05:00:00,17423.047,17013.835,17279.300687188304,17281.626179999996,17329.326
2025-02-23 06:00:00,17578.93,17423.047,17806.370045702046,17792.735234999993,17813.518
2025-02-23 07:00:00,17515.161,17578.93,17614.007344061538,17728.577065000005,17584.197
2025-02-23 08:00:00,16749.613,17515.161,17493.063561098534,17337.79679500002,17184.742
2025-02-23 09:00:00,16129.516,16749.613,16396.134661792967,15951.84742,16138.181
2025-02-23 10:00:00,15585.567,16129.516,15908.679915891189,15725.996005000008,15581.032
2025-02-23 11:00:00,15223.357,15585.567,15460.445710706106,15208.543100000019,15145.702
2025-02-23 12:00:00,14942.525999999998,15223.357,15218.095622582285,14891.381314999997,14772.022
2025-02-23 13:00:00,14765.929,14942.525999999998,14995.085746715504,14841.164554999985,14768.307
2025-02-23 14:00:00,14765.743,14765.929,14875.621705802292,14594.694679999997,14671.911
2025-02-23 15:00:00,14955.668,14765.743,14944.225507629155,14880.997309999992,15052.356
2025-02-23 16:00:00,15387.838,14955.668,15177.591023054512,15309.86866,15445.191
2025-02-23 17:00:00,16201.178,15387.838,15646.787695915773,15884.942820000002,15783.43
2025-02-23 18:00:00,16660.595,16201.178,16535.506331263554,16675.80656500002,16344.483
2025-02-23 19:00:00,16668.919,16660.595,16673.897322134602,16899.14710000001,16819.73
2025-02-23 20:00:00,16426.766,16668.919,16342.352735014969,16622.853840000003,16482.506
2025-02-23 21:00:00,16142.864,16426.766,15904.242912899637,16181.136189999997,16098.828
2025-02-23 22:00:00,15889.786,16142.864,15586.350920529281,15738.269554999979,15717.548
2025-02-23 23:00:00,15743.477,15889.786,15608.98140335256,15531.447049999977,15720.374
2025-02-24 00:00:00,15723.469,15743.477,15620.380385102972,15504.901484999999,15703.108
2025-02-24 01:00:00,15901.691,15723.469,15684.202058220315,15723.483319999998,15770.164
2025-02-24 02:00:00,16137.434,15901.691,15983.935482770905,15977.177910000011,16057.403
2025-02-24 03:00:00,16482.521999999997,16137.434,16265.654237696852,16466.276705000015,16496.186
2025-02-24 04:00:00,17329.637000000002,16482.521999999997,16686.644181177828,16739.968975000003,16932.814
2025-02-24 05:00:00,18543.521,17329.637000000002,17806.145061562896,17848.458569999973,18203.559
2025-02-24 06:00:00,19049.046,18543.521,19175.297438472724,19075.11144999999,19012.102
2025-02-24 07:00:00,18629.045,19049.046,19013.18035533138,19093.63865500002,18900.012
2025-02-24 08:00:00,17975.468,18629.045,18140.261410997275,18133.31961499999,17933.77
2025-02-24 09:00:00,17178.659,17975.468,17457.200893768993,17207.302660000005,17114.158
2025-02-24 10:00:00,16565.869,17178.659,16692.7069866463,16453.16919,16587.338
2025-02-24 11:00:00,16081.324,16565.869,16283.07114434709,16058.220234999993,16149.119
2025-02-24 12:00:00,15673.142,16081.324,15948.396401931213,15620.522815000008,15602.993
2025-02-24 13:00:00,15303.691,15673.142,15615.532792176471,15403.267259999988,15327.871
2025-02-24 14:00:00,15117.272,15303.691,15281.2414111536,14847.884524999996,14981.555
2025-02-24 15:00:00,15164.502,15117.272,15190.927446481495,14968.91092499999,15270.168
2025-02-24 16:00:00,15547.605,15164.502,15329.201462240902,15254.613540000006,15472.783
2025-02-24 17:00:00,16142.384,15547.605,15818.279003782518,15928.862920000012,16028.33
2025-02-24 18:00:00,16456.393,16142.384,16410.16221636449,16613.782285,16491.188
2025-02-24 19:00:00,16367.77,16456.393,16448.70334474597,16614.17086000001,16524.553
2025-02-24 20:00:00,15978.155,16367.77,16059.096980368686,16337.739150000027,16158.573
2025-02-24 21:00:00,15467.875,15978.155,15465.336503463783,15512.015589999997,15405.433
2025-02-24 22:00:00,15038.589,15467.875,14892.891221482045,14996.662755000016,15073.946
2025-02-24 23:00:00,14736.54,15038.589,14778.191334396373,14670.932614999996,14607.185
2025-02-25 00:00:00,14536.27,14736.54,14563.326054356183,14503.826814999997,14524.624
2025-02-25 01:00:00,14621.988,14536.27,14451.693426483653,14480.18825999999,14425.067
2025-02-25 02:00:00,14719.958,14621.988,14713.167053916404,14787.906749999993,14746.619
2025-02-25 03:00:00,15075.06,14719.958,14840.520409579476,14902.187719999998,14938.045
2025-02-25 04:00:00,15727.330999999998,15075.06,15359.280987216474,15708.541550000005,15721.148
2025-02-25 05:00:00,16762.989999999998,15727.330999999998,16179.685516260335,16573.35117999998,16530.176
2025-02-25 06:00:00,17225.212,16762.989999999998,17405.092872105404,17414.64175499998,17323.768
2025-02-25 07:00:00,16869.949999999997,17225.212,17274.865766364837,17423.439769999994,17263.82
2025-02-25 08:00:00,16356.554,16869.949999999997,16525.469503176646,16443.27655500001,16279.341
2025-02-25 09:00:00,15915.080999999998,16356.554,16032.592533444202,15876.050774999987,15848.029
2025-02-25 10:00:00,15462.492,15915.080999999998,15698.91673233224,15430.63145500001,15449.549
2025-02-25 11:00:00,15018.316,15462.492,15298.602423374135,15003.044594999994,15060.777
2025-02-25 12:00:00,14716.876,15018.316,14915.493939441236,14617.589435000004,14665.079
2025-02-25 13:00:00,14404.998,14716.876,14733.698847171157,14414.764269999994,14462.447
2025-02-25 14:00:00,14286.214,14404.998,14435.205573912013,14208.525635000005,14247.0
2025-02-25 15:00:00,14347.235,14286.214,14418.865018095788,14315.592904999996,14447.353
2025-02-25 16:00:00,14524.323,14347.235,14534.356166847107,14543.192960000004,14597.652
2025-02-25 17:00:00,15090.765,14524.323,14700.064553467473,14918.923719999995,14888.654
2025-02-25 18:00:00,15468.337,15090.765,15368.530734787391,15591.095595000026,15416.384
2025-02-25 19:00:00,15461.175,15468.337,15513.830383508212,15819.899655000001,15609.883
2025-02-25 20:00:00,15232.062,15461.175,15211.07519835447,15450.83103,15171.586
2025-02-25 21:00:00,14901.5,15232.062,14816.094363788483,14919.416275000007,14738.543
2025-02-25 22:00:00,14598.536,14901.5,14418.011610728296,14578.760390000009,14509.872
2025-02-25 23:00:00,14299.703,14598.536,14389.330034459554,14363.792409999993,14311.027
2025-02-26 00:00:00,14489.565,14299.703,14107.091477658,14066.174269999987,14050.738
2025-02-26 01:00:00,14543.009999999998,14489.565,14600.285981106796,15001.95143500001,14813.507
2025-02-26 02:00:00,14775.315,14543.009999999998,14591.178578358576,14692.711564999998,14747.609
2025-02-26 03:00:00,15156.326,14775.315,14964.92805368784,15251.089524999983,15179.123
2025-02-26 04:00:00,16089.458,15156.326,15452.455619437522,15784.580810000003,15950.41
2025-02-26 05:00:00,17331.292,16089.458,16688.19788743227,16996.391029999977,17259.73
2025-02-26 06:00:00,17863.731,17331.292,18044.428728427047,17930.04493999998,17723.268
2025-02-26 07:00:00,17612.816,17863.731,17909.274279638186,17739.001709999986,17581.162
2025-02-26 08:00:00,17101.185,17612.816,17265.814229426127,17141.066535000013,16930.576
2025-02-26 09:00:00,16581.905,17101.185,16706.044713921397,16481.24503000001,16582.117
2025-02-26 10:00:00,16022.199,16581.905,16254.430650110218,16134.28492999999,16216.513
2025-02-26 11:00:00,15639.541,16022.199,15749.069516471229,15502.058185000022,15537.545
2025-02-26 12:00:00,15535.627,15639.541,15522.786042570511,15390.00017999999,15337.844
2025-02-26 13:00:00,15195.153,15535.627,15580.463556407527,15427.717259999998,15415.463
2025-02-26 14:00:00,15149.881,15195.153,15114.605699501642,14862.206194999988,14961.177
2025-02-26 15:00:00,15190.298,15149.881,15223.233215707158,15260.749590000003,15427.818
2025-02-26 16:00:00,15320.341,15190.298,15267.968110091238,15240.415685000016,15446.445
2025-02-26 17:00:00,15695.54,15320.341,15381.900420527694,15553.674055000003,15640.58
2025-02-26 18:00:00,15758.291,15695.54,15802.852242596542,15936.679640000002,15880.412
2025-02-26 19:00:00,15716.0,15758.291,15603.16113020872,15819.948795000002,15645.108
2025-02-26 20:00:00,15299.432,15716.0,15440.138515182856,15583.926264999995,15476.952
2025-02-26 21:00:00,14752.867,15299.432,14779.686831394361,14792.86738,14707.063
2025-02-26 22:00:00,14220.331,14752.867,14166.989417404515,14273.159830000004,14077.817
2025-02-26 23:00:00,13750.571,14220.331,13919.633881481319,13751.207829999996,13819.227
2025-02-27 00:00:00,13538.957,13750.571,13524.43918519416,13507.738639999994,13493.834
2025-02-27 01:00:00,13414.06,13538.957,13481.51199098806,13485.748550000002,13419.663
2025-02-27 02:00:00,13507.216,13414.06,13435.080151573206,13367.701335,13395.46
2025-02-27 03:00:00,13768.903,13507.216,13686.782539361513,13687.799169999995,13801.971
2025-02-27 04:00:00,14388.278,13768.903,14058.529493981983,14344.532750000006,14313.278
2025-02-27 05:00:00,15385.211,14388.278,14882.304394874069,15218.934484999985,15221.573
2025-02-27 06:00:00,15953.609,15385.211,16063.313417048112,16096.486205000017,16082.865
2025-02-27 07:00:00,16017.854,15953.609,16124.116418289565,16158.698914999994,15980.829
2025-02-27 08:00:00,16023.484,16017.854,15939.929927890855,15945.900489999993,15756.341
2025-02-27 09:00:00,16023.836,16023.484,15942.472332013842,15906.213394999995,15861.129
2025-02-27 10:00:00,16028.45,16023.836,15986.825805730547,15894.873040000002,15858.833
2025-02-27 11:00:00,15674.633,16028.45,16027.754460742315,15902.990720000002,15881.03
2025-02-27 12:00:00,15530.107,15674.633,15505.10204654664,15436.656579999999,15363.547
2025-02-27 13:00:00,15316.809,15530.107,15504.460886081897,15339.315684999994,15372.335
2025-02-27 14:00:00,15145.915,15316.809,15256.137738347881,15148.994120000005,15209.293
2025-02-27 15:00:00,15278.93,15145.915,15098.782097033807,14947.619499999999,15157.38
2025-02-27 16:00:00,15577.984,15278.93,15356.290302148534,15431.455319999992,15550.416
2025-02-27 17:00:00,15978.177,15577.984,15677.400114020978,15722.42567000001,15705.213
2025-02-27 18:00:00,16398.197,15978.177,16027.36982679133,16161.77380999999,16070.534
2025-02-27 19:00:00,16315.315,16398.197,16354.378971382188,16549.687709999995,16465.89
2025-02-27 20:00:00,16003.144,16315.315,15918.319188489739,16122.576439999993,15949.072
2025-02-27 21:00:00,15500.385,16003.144,15429.335353295795,15556.740105,15413.751
2025-02-27 22:00:00,14944.228,15500.385,14835.116896344145,15052.846070000005,15063.748
2025-02-27 23:00:00,14641.786,14944.228,14541.903338812912,14473.064639999999,14302.803
2025-02-28 00:00:00,14466.764,14641.786,14418.404343667387,14422.858369999996,14474.108
2025-02-28 01:00:00,14420.928,14466.764,14352.2547033494,14361.283119999986,14383.64
2025-02-28 02:00:00,14570.85,14420.928,14418.230834755355,14529.70169499999,14572.85
2025-02-28 03:00:00,14886.115000000002,14570.85,14716.868061029332,14970.889995000003,14953.984
2025-02-28 04:00:00,15727.477,14886.115000000002,15157.389734061544,15448.231180000008,15539.531
2025-02-28 05:00:00,16823.802,15727.477,16299.497318030622,16665.547009999995,16737.195
2025-02-28 06:00:00,17315.891,16823.802,17502.061909895372,17415.01223999999,17445.021
2025-02-28 07:00:00,17114.7,17315.891,17397.498226152966,17472.606304999998,17353.617
2025-02-28 08:00:00,16535.459,17114.7,16873.164202155254,16756.038954999996,16608.004
2025-02-28 09:00:00,16032.262,16535.459,16154.357665485195,16150.449409999996,16199.054
2025-02-28 10:00:00,15582.839,16032.262,15771.542291851381,15542.317295000023,15513.733
2025-02-28 11:00:00,15158.608,15582.839,15403.929078761597,15210.714445000005,15212.005
2025-02-28 12:00:00,14961.392,15158.608,15037.38722577481,14792.214820000001,14782.303
2025-02-28 13:00:00,14574.601,14961.392,14994.986662554787,14748.166494999987,14698.2705
2025-02-28 14:00:00,14315.844,14574.601,14515.17803099264,14244.507819999992,14330.122
2025-02-28 15:00:00,14458.304,14315.844,14329.761909292969,14235.262025000002,14335.659
2025-02-28 16:00:00,14617.957,14458.304,14653.029274709232,14864.340925000011,14808.676
2025-02-28 17:00:00,14957.349,14617.957,14742.953792953927,14905.002974999996,14993.808
2025-02-28 18:00:00,15128.935,14957.349,15084.027365325706,15326.296815000007,15070.009
2025-02-28 19:00:00,15061.465,15128.935,15057.477736441242,15318.134964999994,15205.643
2025-02-28 20:00:00,14822.89,15061.465,14779.080048010748,14830.40495000002,14716.679
2025-02-28 21:00:00,14447.365000000002,14822.89,14398.39155609935,14465.141424999998,14265.78
2025-02-28 22:00:00,13930.68,14447.365000000002,13933.35795343135,14098.543845,13990.477
2025-02-28 23:00:00,13570.213,13930.68,13596.572773723152,13533.804895000007,13468.069
2025-03-01 00:00:00,13394.552,13570.213,13313.436488279413,13371.326735,13326.82
2025-03-01 01:00:00,13333.732,13394.552,13274.938426038952,13277.74765000002,13220.941
2025-03-01 02:00:00,13292.962,13333.732,13310.566285808549,13362.466630000004,13324.583
2025-03-01 03:00:00,13418.802,13292.962,13326.353254043644,13355.259005,13482.878
2025-03-01 04:00:00,13766.632,13418.802,13598.821372968088,13668.290004999999,13678.062
2025-03-01 05:00:00,14176.48,13766.632,14104.352682304148,14229.262155000002,14224.745
2025-03-01 06:00:00,14674.806,14176.48,14573.251233692627,14575.472749999988,14549.015
2025-03-01 07:00:00,14958.499,14674.806,14897.140701492675,15135.004514999993,15024.153
2025-03-01 08:00:00,15149.226,14958.499,15094.281187461893,15182.399039999998,15047.792
2025-03-01 09:00:00,15147.054,15149.226,15252.606422574374,15256.380305000006,15180.616
2025-03-01 10:00:00,15075.885,15147.054,15181.064389475667,15044.872110000004,14948.288
2025-03-01 11:00:00,14903.303,15075.885,15111.8060362044,14957.348685000003,14873.647
2025-03-01 12:00:00,14797.094,14903.303,14911.384395861976,14721.325085,14676.901
2025-03-01 13:00:00,14771.128,14797.094,14853.924608598449,14690.450404999992,14635.132
2025-03-01 14:00:00,14898.777000000002,14771.128,14859.652148504743,14698.832375000005,14739.24
2025-03-01 15:00:00,15228.11,14898.777000000002,15036.537984312039,15154.095575,15185.161
2025-03-01 16:00:00,15678.209,15228.11,15421.659560971457,15617.824954999996,15625.463
2025-03-01 17:00:00,16217.237,15678.209,15864.557273214057,15898.229030000006,15970.84
2025-03-01 18:00:00,16481.035,16217.237,16355.841615313462,16484.89258,16414.871
2025-03-01 19:00:00,16470.677,16481.035,16371.470336760118,16498.437175000017,16406.086
2025-03-01 20:00:00,16324.829000000002,16470.677,16146.98816121176,16387.642755,16206.634
2025-03-01 21:00:00,16109.527999999998,16324.829000000002,15876.339911744446,16021.90134500001,15981.538
2025-03-01 22:00:00,15782.613,16109.527999999998,15603.483033531375,15742.888365000006,15736.787
2025-03-01 23:00:00,15741.282,15782.613,15462.8238531131,15408.623734999983,15539.58
2025-03-02 00:00:00,15708.892,15741.282,15583.526878892913,15636.068150000001,15724.7295
2025-03-02 01:00:00,15778.069,15708.892,15570.23441028799,15613.908135,15653.015
2025-03-02 02:00:00,15901.598,15778.069,15721.536409943754,15758.730540000013,15725.671
2025-03-02 03:00:00,16107.473000000002,15901.598,15914.75200484978,15866.362760000005,15910.454
2025-03-02 04:00:00,16436.777000000002,16107.473000000002,16209.90306471811,16240.067100000007,16328.636
2025-03-02 05:00:00,17055.917999999998,16436.777000000002,16647.475359359796,16628.026809999992,16763.969
2025-03-02 06:00:00,17300.777000000002,17055.917999999998,17451.78418278313,17492.33973500001,17640.648
2025-03-02 07:00:00,17255.919,17300.777000000002,17269.042225603407,17478.511815,17251.39
2025-03-02 08:00:00,16885.527000000002,17255.919,17130.2173041841,17181.359569999997,16884.582
2025-03-02 09:00:00,16278.391,16885.527000000002,16671.984315901733,16501.81033500001,16399.943
2025-03-02 10:00:00,15912.193,16278.391,16021.932986531023,15806.320489999978,15814.375
2025-03-02 11:00:00,15649.148,15912.193,15870.577917536722,15456.915544999987,15568.692
2025-03-02 12:00:00,15260.199,15649.148,15697.211760822831,15504.401405,15382.473
2025-03-02 13:00:00,15008.963,15260.199,15252.461336020257,14910.719074999997,14894.115
2025-03-02 14:00:00,14803.487,15008.963,15079.657359307044,14945.101595000004,14969.621
2025-03-02 15:00:00,15054.684,14803.487,14879.91374391214,14677.616434999998,14962.024
2025-03-02 16:00:00,15669.112,15054.684,15323.780514670534,15408.314250000001,15648.153
2025-03-02 17:00:00,16451.191,15669.112,16028.162019721707,16291.088119999999,16339.26
2025-03-02 18:00:00,17075.708,16451.191,16757.132570542344,16911.745459999995,16821.77
2025-03-02 19:00:00,17307.284,17075.708,17167.080919116674,17529.880634999987,17435.158
2025-03-02 20:00:00,17242.905,17307.284,17081.321264093946,17393.315480000012,17232.197
2025-03-02 21:00:00,16870.814,17242.905,16786.91540282483,17136.553275,16986.545
2025-03-02 22:00:00,16615.008,16870.814,16238.827444836248,16445.553055000022,16407.479
2025-03-02 23:00:00,16582.98,16615.008,16309.538221283901,16328.055415000003,16402.033
2025-03-03 00:00:00,16592.215,16582.98,16496.295290986865,16524.80988999999,16646.379
2025-03-03 01:00:00,16663.468,16592.215,16532.685912215748,16512.49642499999,16670.896
2025-03-03 02:00:00,16961.444,16663.468,16657.724181932306,16864.908235000006,16866.602
2025-03-03 03:00:00,17375.089,16961.444,17099.08708862614,17153.54778500001,17250.21
2025-03-03 04:00:00,18332.437,17375.089,17589.20014161268,17608.571340000002,17867.252
2025-03-03 05:00:00,19403.643000000004,18332.437,18840.23824791447,19082.899740000015,19168.252
2025-03-03 06:00:00,19755.766000000003,19403.643000000004,19933.30957323222,19731.516655000014,19985.195
2025-03-03 07:00:00,19175.418,19755.766000000003,19637.739105128934,20032.998549999993,19695.45
2025-03-03 08:00:00,18296.114,19175.418,18627.359006610808,18519.46341,18341.346
2025-03-03 09:00:00,17633.601000000002,18296.114,17724.27974874515,17679.99324499999,17768.477
2025-03-03 10:00:00,17104.215,17633.601000000002,17283.40025750639,17060.754759999996,16988.715
2025-03-03 11:00:00,16721.544,17104.215,16885.08162600409,16622.55052,16641.852
2025-03-03 12:00:00,16435.122,16721.544,16631.837649772315,16372.375575000018,16438.514
2025-03-03 13:00:00,16124.172,16435.122,16432.241765920047,16234.565209999997,16250.916
2025-03-03 14:00:00,15968.675,16124.172,16110.725473551403,15883.777499999995,15910.33
2025-03-03 15:00:00,16050.491,15968.675,16036.467498039185,15943.272684999996,16127.797
2025-03-03 16:00:00,16369.686000000002,16050.491,16208.125970016632,16220.495374999993,16463.88
2025-03-03 17:00:00,16921.688,16369.686000000002,16573.065766405954,16675.328079999985,16817.33
2025-03-03 18:00:00,17310.155,16921.688,17144.127370949314,17310.637835,17236.176
2025-03-03 19:00:00,17198.745,17310.155,17327.894638650654,17565.352104999994,17560.633
2025-03-03 20:00:00,16869.068,17198.745,16861.39254498494,17059.377600000003,17031.068
2025-03-03 21:00:00,16301.603,16869.068,16367.796489695529,16380.163295000004,16333.058
2025-03-03 22:00:00,15827.039,16301.603,15669.495895332608,15829.594255000005,15801.357
2025-03-03 23:00:00,15556.084,15827.039,15515.6081701535,15363.331315000003,15450.713
2025-03-04 00:00:00,15280.397,15556.084,15373.562172148062,15263.743414999997,15364.332
2025-03-04 01:00:00,15290.515,15280.397,15124.523433070088,15215.38607499999,15165.808
2025-03-04 02:00:00,15443.021,15290.515,15327.303326661438,15371.087185000002,15264.593
2025-03-04 03:00:00,15777.9,15443.021,15589.152698911112,15732.288014999991,15703.219
2025-03-04 04:00:00,16410.386,15777.9,16043.258786534368,16412.658395,16389.254
2025-03-04 05:00:00,17361.525999999998,16410.386,16835.13753774725,17033.582640000015,17207.473
2025-03-04 06:00:00,17673.193,17361.525999999998,17923.100870660273,17988.899599999982,17947.666
2025-03-04 07:00:00,17651.305,17673.193,17611.852420870717,17781.27836500001,17518.95
2025-03-04 08:00:00,17257.548000000003,17651.305,17445.99435413907,17555.52960000001,17336.375
2025-03-04 09:00:00,16625.136,17257.548000000003,16892.697808240493,16724.824260000012,16802.623
2025-03-04 10:00:00,15975.235,16625.136,16219.670375188789,16118.979669999986,16066.572
2025-03-04 11:00:00,15580.892,15975.235,15655.132133267723,15299.266200000005,15317.965
2025-03-04 12:00:00,15163.266,15580.892,15472.471884285713,15317.090575000006,15294.564
2025-03-04 13:00:00,14706.403,15163.266,15087.899371081963,14760.483259999999,14712.964
2025-03-04 14:00:00,14599.752,14706.403,14643.350210563127,14276.828669999999,14512.316
2025-03-04 15:00:00,14693.07,14599.752,14737.229786987682,14635.987429999996,14747.017
2025-03-04 16:00:00,14981.247,14693.07,14900.026332352687,14840.605469999993,14961.544
2025-03-04 17:00:00,15528.17,14981.247,15213.042544169346,15475.475045000005,15428.958
2025-03-04 18:00:00,15689.766,15528.17,15775.366535259298,15896.742235000012,15759.198
2025-03-04 19:00:00,15464.381,15689.766,15597.429054162698,15784.867834999992,15768.193
2025-03-04 20:00:00,15070.457,15464.381,15084.394773943579,15077.926910000007,15018.291
2025-03-04 21:00:00,14440.122,15070.457,14569.249301866234,14576.95783500002,14341.407
2025-03-04 22:00:00,13922.73,14440.122,13812.484060707908,13931.795850000004,13850.013
2025-03-04 23:00:00,13419.47,13922.73,13631.802263114489,13494.270494999997,13465.865
2025-03-05 00:00:00,13162.544999999998,13419.47,13161.432983860686,13128.389285000005,13129.0625
2025-03-05 01:00:00,12941.295,13162.544999999998,13080.273138231214,13096.505250000015,13053.405
2025-03-05 02:00:00,12902.452,12941.295,12918.072598223955,12860.98126500001,12834.04
2025-03-05 03:00:00,13215.56,12902.452,13024.360380972299,13068.347034999992,13036.1875
2025-03-05 04:00:00,13679.578,13215.56,13559.035912330872,13712.083274999999,13695.111
2025-03-05 05:00:00,14662.139,13679.578,14113.27723314183,14209.909460000013,14214.444
2025-03-05 06:00:00,15056.134,14662.139,15358.771624864426,15362.100715000002,15282.717
2025-03-05 07:00:00,15101.428,15056.134,15157.171800156959,15383.000240000018,15318.344
2025-03-05 08:00:00,14978.184,15101.428,15038.691682307348,15148.781535000011,15001.793
2025-03-05 09:00:00,14992.706,14978.184,14878.38785857441,14776.915365000004,14770.956
2025-03-05 10:00:00,14904.983,14992.706,15023.093830193804,14945.21072500001,14909.226
2025-03-05 11:00:00,14853.292,14904.983,14915.708189331026,14761.568555000007,14757.006
2025-03-05 12:00:00,14801.414,14853.292,14910.326472298471,14802.856340000006,14758.582
2025-03-05 13:00:00,14673.555,14801.414,14869.640171752888,14732.855240000004,14671.457
2025-03-05 14:00:00,14758.204,14673.555,14689.01178151621,14550.020545000018,14532.986
2025-03-05 15:00:00,15137.468,14758.204,14859.615966847236,14900.66505000001,14911.682
2025-03-05 16:00:00,15586.62,15137.468,15333.551944360232,15331.373640000007,15394.159
2025-03-05 17:00:00,16040.866,15586.62,15722.3393405348,15756.042580000007,15760.504
2025-03-05 18:00:00,16351.349,16040.866,16072.304903060422,16192.652494999998,16128.801
2025-03-05 19:00:00,16372.122,16351.349,16198.390669359575,16367.79856999999,16311.082
2025-03-05 20:00:00,16046.065,16372.122,15988.283432539714,16193.769310000018,15992.377
2025-03-05 21:00:00,15729.527,16046.065,15444.709601140477,15677.591265000014,15548.254
2025-03-05 22:00:00,15284.689,15729.527,15134.135547585274,15395.325384999991,15288.416
2025-03-05 23:00:00,15000.954,15284.689,14881.137120525229,14826.670174999988,14849.943
2025-03-06 00:00:00,14942.185,15000.954,14713.270593328625,14697.470700000007,14845.914
2025-03-06 01:00:00,14961.856,14942.185,14801.538445791974,14858.390765000011,14892.167
2025-03-06 02:00:00,15138.201,14961.856,14890.254844115298,14987.997145000014,14947.333
2025-03-06 03:00:00,15549.205,15138.201,15182.913972226863,15426.168275000004,15373.431
2025-03-06 04:00:00,16345.856,15549.205,15751.489071812417,15979.252455,16135.719
2025-03-06 05:00:00,17421.556,16345.856,16766.69395163282,17006.212450000014,17317.172
2025-03-06 06:00:00,18053.063,17421.556,17976.1852315919,18080.779215,17986.95
2025-03-06 07:00:00,18244.129999999997,18053.063,18104.026201910554,18249.176775,17896.82
2025-03-06 08:00:00,18301.22,18244.129999999997,18081.12704549553,18232.87795499997,17993.963
2025-03-06 09:00:00,18318.252,18301.22,18114.052723779816,18269.694694999995,18246.535
2025-03-06 10:00:00,18177.592,18318.252,18156.84323063093,18079.809605000017,18038.281
2025-03-06 11:00:00,18047.445,18177.592,17976.400412141888,17947.497985000013,17824.523
2025-03-06 12:00:00,17838.391,18047.445,17886.881919727646,17808.441255000005,17800.945
2025-03-06 13:00:00,17546.594,17838.391,17662.41954462475,17529.251060000002,17363.89
2025-03-06 14:00:00,17323.728,17546.594,17337.187915761053,17163.68277499999,17301.732
2025-03-06 15:00:00,17172.3,17323.728,17145.088995060054,17041.187775000006,17188.65
2025-03-06 16:00:00,17351.377,17172.3,17002.322098377117,16968.56102000001,17097.135
2025-03-06 17:00:00,17770.751,17351.377,17297.004273347462,17451.84662499999,17383.64
2025-03-06 18:00:00,18126.721,17770.751,17753.14628003394,17913.315549999996,17720.998
2025-03-06 19:00:00,18065.734,18126.721,17975.341595065143,18294.211144999994,18136.332
2025-03-06 20:00:00,17772.498,18065.734,17616.89574944793,17779.144259999994,17763.545
2025-03-06 21:00:00,17216.773,17772.498,17176.97473602707,17288.22202499999,17233.127
2025-03-06 22:00:00,16769.636,17216.773,16485.377933306896,16757.89595000001,16760.215
2025-03-06 23:00:00,16495.018,16769.636,16379.010354183372,16322.123064999992,16358.233
2025-03-07 00:00:00,16316.558,16495.018,16228.507925929389,16237.660854999993,16380.838
2025-03-07 01:00:00,16234.053,16316.558,16141.337052484914,16152.026619999997,16202.457
2025-03-07 02:00:00,16331.328,16234.053,16154.74885916136,16167.736464999993,16271.282
2025-03-07 03:00:00,16607.686,16331.328,16395.451595221108,16553.772165,16774.834
2025-03-07 04:00:00,17110.407,16607.686,16799.13158162796,16883.820505000014,17030.18
2025-03-07 05:00:00,18118.602,17110.407,17432.73726004802,17583.373085000017,17732.412
2025-03-07 06:00:00,18429.544,18118.602,18699.81710875094,18776.448049999995,18732.82
2025-03-07 07:00:00,18245.284,18429.544,18366.962456082452,18664.604889999977,18560.73
2025-03-07 08:00:00,17694.681,18245.284,17977.810460683322,18042.68707,17808.264
2025-03-07 09:00:00,17228.231,17694.681,17299.600366908446,17183.56610499999,17112.994
2025-03-07 10:00:00,16799.372,17228.231,16954.327541577863,16745.578419999998,16751.076
2025-03-07 11:00:00,16444.063000000002,16799.372,16604.14103133494,16463.86145000001,16474.283
2025-03-07 12:00:00,16382.248,16444.063000000002,16336.98357369322,16061.445430000003,16209.903
2025-03-07 13:00:00,16122.322,16382.248,16443.783588403807,16480.21723000002,16455.322
2025-03-07 14:00:00,15908.577,16122.322,16065.71771785386,15832.380109999976,15884.085
2025-03-07 15:00:00,16199.57,15908.577,15878.239225867044,15803.432789999993,15899.449
2025-03-07 16:00:00,16333.534,16199.57,16398.266102066555,16701.807864999984,16747.104
2025-03-07 17:00:00,16531.748,16333.534,16357.967246375329,16493.941240000004,16642.59
2025-03-07 18:00:00,16627.126,16531.748,16506.0614451265,16718.060170000008,16668.031
2025-03-07 19:00:00,16416.31,16627.126,16458.313913576334,17001.421304999993,16810.572
2025-03-07 20:00:00,16038.098,16416.31,16016.12225092009,16251.744225,16078.744
2025-03-07 21:00:00,15482.539,16038.098,15521.864774910076,15542.698939999995,15520.462
2025-03-07 22:00:00,14984.912,15482.539,14873.04530084573,15027.018949999998,15027.494
2025-03-07 23:00:00,14583.009,14984.912,14677.507512589407,14609.963369999998,14545.706
2025-03-08 00:00:00,14360.835,14583.009,14314.530897811961,14322.771964999985,14328.938
2025-03-08 01:00:00,14247.955,14360.835,14228.899688859841,14299.187679999988,14251.112
2025-03-08 02:00:00,14313.045,14247.955,14215.871456968642,14287.007674999984,14288.768
2025-03-08 03:00:00,14482.297,14313.045,14415.190725537213,14475.222734999994,14495.999
2025-03-08 04:00:00,14690.978,14482.297,14681.974956457874,14961.69058500001,14819.964
2025-03-08 05:00:00,15047.434,14690.978,14954.949667863819,15120.23731999999,15083.115
2025-03-08 06:00:00,15238.173,15047.434,15427.585200948977,15658.384450000014,15554.473
2025-03-08 07:00:00,15574.606,15238.173,15317.386403477274,15550.44975000001,15487.954
2025-03-08 08:00:00,15601.053,15574.606,15765.665884313426,16026.426785000012,15790.717
2025-03-08 09:00:00,15603.555,15601.053,15631.736792826356,15754.075150000008,15552.254
2025-03-08 10:00:00,15339.732,15603.555,15665.516866635371,15712.904540000025,15482.82
2025-03-08 11:00:00,15000.727,15339.732,15294.220252870206,15101.696754999975,15059.727
2025-03-08 12:00:00,14621.089,15000.727,14953.24776954264,14674.948859999997,14711.499
2025-03-08 13:00:00,14123.867,14621.089,14573.209974859765,14363.874844999993,14350.193
2025-03-08 14:00:00,14237.533,14123.867,14032.012076949677,13715.926565,13770.031
2025-03-08 15:00:00,14290.488,14237.533,14450.419112776804,14338.063459999994,14524.075
2025-03-08 16:00:00,14574.786,14290.488,14398.223251720334,14378.673934999997,14434.299
2025-03-08 17:00:00,15187.445,14574.786,14730.384382621034,15011.651559999997,14989.084
2025-03-08 18:00:00,15634.32,15187.445,15408.06566980492,15474.223080000014,15447.215
2025-03-08 19:00:00,15747.747,15634.32,15638.912558297145,15815.302274999998,15823.032
2025-03-08 20:00:00,15566.932,15747.747,15489.529261010424,15724.949805000007,15475.414
2025-03-08 21:00:00,15245.047,15566.932,15098.707918842167,15234.636234999998,15190.248
2025-03-08 22:00:00,15043.611,15245.047,14693.3657880806,14947.376189999999,14826.033
2025-03-08 23:00:00,14993.538,15043.611,14807.631526126188,14920.07152999999,14853.822
2025-03-09 00:00:00,14931.138,14993.538,14840.632747326805,14900.767660000001,14950.623
2025-03-09 01:00:00,14928.254,14931.138,14782.025028038472,14805.507595000001,14884.73
2025-03-09 03:00:00,14907.902,14928.254,14851.541347845552,14897.466550000001,14934.012
2025-03-09 04:00:00,15185.247,14907.902,14863.0330117327,14874.984255000003,14948.392
2025-03-09 05:00:00,15401.64,15185.247,15341.744292148396,15540.965390000003,15647.632
2025-03-09 06:00:00,15662.049,15401.64,15560.404279666776,15678.643129999999,15659.131
2025-03-09 07:00:00,16024.432,15662.049,15645.643108151995,15954.115955000001,15604.165
2025-03-09 08:00:00,15880.545,16024.432,16101.754754709933,16333.162479999984,16169.822
2025-03-09 09:00:00,15307.377,15880.545,15705.33208048673,15729.236594999998,15513.927
2025-03-09 10:00:00,14689.055,15307.377,14955.98995593206,14730.746325,14696.524
2025-03-09 11:00:00,14339.004,14689.055,14394.698598822915,14289.434564999998,14186.903
2025-03-09 12:00:00,13971.979,14339.004,14253.946452207232,14081.044004999998,14094.638
2025-03-09 13:00:00,13459.507,13971.979,13911.565286749683,13666.135854999999,13662.447
2025-03-09 14:00:00,13398.722,13459.507,13347.753323702986,13160.269675,13178.054
2025-03-09 15:00:00,13484.096,13398.722,13538.754007429246,13411.827729999988,13441.484
2025-03-09 16:00:00,13725.645,13484.096,13653.408549903193,13744.553454999987,13776.642
2025-03-09 17:00:00,13916.861,13725.645,13902.932376369483,14101.623430000003,14119.921
2025-03-09 18:00:00,14419.528,13916.861,13973.576482501985,14103.174395000005,14216.029
2025-03-09 19:00:00,14812.017,14419.528,14540.623718711922,14580.800309999986,14780.956
2025-03-09 20:00:00,14839.858,14812.017,14759.306057855885,15160.42073500001,14887.032
2025-03-09 21:00:00,14525.702,14839.858,14495.647728314963,14972.423664999998,14647.087
2025-03-09 22:00:00,14191.836,14525.702,13961.397686372029,14200.906044999994,14094.088
2025-03-09 23:00:00,14066.136,14191.836,13868.937902920286,13849.244784999999,13821.446
2025-03-10 00:00:00,14046.986,14066.136,13955.549952263327,13915.929104999997,14057.439
2025-03-10 01:00:00,14215.915,14046.986,14008.667986307957,14061.889514999986,14131.273
2025-03-10 02:00:00,14449.613,14215.915,14294.872366655984,14485.146404999996,14393.729
2025-03-10 03:00:00,14813.887,14449.613,14584.39681071443,14774.434265000004,14767.958
2025-03-10 04:00:00,15538.119,14813.887,15043.025048870884,15210.385620000015,15373.715
2025-03-10 05:00:00,16738.072,15538.119,15974.690456106298,16246.961510000016,16431.648
2025-03-10 06:00:00,17468.203,16738.072,17405.02364721268,17399.72027999997,17339.207
2025-03-10 07:00:00,17524.527000000002,17468.203,17595.753948778125,17651.47171000001,17320.148
2025-03-10 08:00:00,17074.283,17524.527000000002,17310.433629662337,17365.09451000001,17158.22
2025-03-10 09:00:00,16408.061,17074.283,16641.402858733978,16427.027835000004,16465.13
2025-03-10 10:00:00,15645.2,16408.061,15939.594659951754,15662.021259999976,15769.787
2025-03-10 11:00:00,15242.344,15645.2,15218.287181451351,15084.262319999998,15054.782
2025-03-10 12:00:00,14887.429,15242.344,15093.579740085706,14758.686364999998,14860.714
2025-03-10 13:00:00,14514.296,14887.429,14815.554089157355,14546.775649999998,14609.979
2025-03-10 14:00:00,14222.516,14514.296,14471.172977770593,14243.535284999989,14366.041
2025-03-10 15:00:00,14219.677,14222.516,14237.874278439764,14004.04061999999,14108.359
2025-03-10 16:00:00,14264.482,14219.677,14369.454444471976,14373.738635000005,14386.946
2025-03-10 17:00:00,14338.632,14264.482,14378.750114309698,14440.132530000008,14466.599
2025-03-10 18:00:00,14821.06,14338.632,14393.700518482758,14586.469775,14528.281
2025-03-10 19:00:00,15280.973999999998,14821.06,14993.51661697765,15380.492370000025,15206.139
2025-03-10 20:00:00,15075.282,15280.973999999998,15317.798640441573,15390.58954500001,15267.209
2025-03-10 21:00:00,14533.176,15075.282,14664.758182055757,14746.618299999996,14533.161
2025-03-10 22:00:00,14095.745,14533.176,13931.626590647644,14054.404215000002,13892.254
2025-03-10 23:00:00,13706.036,14095.745,13824.51475342839,13814.742124999999,13736.409
2025-03-11 00:00:00,13703.854,13706.036,13484.28461503173,13573.786344999999,13530.47
2025-03-11 01:00:00,13873.81,13703.854,13722.030949641541,13795.055155000011,13750.727
2025-03-11 02:00:00,14007.043,13873.81,13994.926132770875,14085.247550000006,14108.656
2025-03-11 03:00:00,14333.759999999998,14007.043,14121.894104245253,14268.407885000002,14361.931
2025-03-11 04:00:00,15278.43,14333.759999999998,14576.38187082549,14756.835850000023,14953.697
2025-03-11 05:00:00,16340.838,15278.43,15850.408070326377,16088.47612500001,16269.221
2025-03-11 06:00:00,17158.77,16340.838,16923.516660446883,17028.453329999993,16882.281
2025-03-11 07:00:00,16937.042,17158.77,17317.756857719465,17746.686099999988,17271.592
2025-03-11 08:00:00,16329.852,16937.042,16546.819200304904,16618.178389999994,16465.068
2025-03-11 09:00:00,15584.022,16329.852,15812.336661841777,15725.54723999999,15718.345
2025-03-11 10:00:00,14983.58,15584.022,15108.529932717354,15014.756535000004,14941.828
2025-03-11 11:00:00,14647.187,14983.58,14704.439923204513,14544.23411499999,14411.274
2025-03-11 12:00:00,14462.043,14647.187,14596.698200408606,14364.830074999989,14418.832
2025-03-11 13:00:00,14048.931,14462.043,14541.717553322449,14357.031114999983,14301.76
2025-03-11 14:00:00,13781.443,14048.931,14030.016837401607,13763.162975,13833.349
2025-03-11 15:00:00,13864.277,13781.443,13855.120114941412,13654.02810000001,13778.202
2025-03-11 16:00:00,14100.254,13864.277,14097.900871047741,14012.777780000011,14225.881
2025-03-11 17:00:00,14165.421,14100.254,14341.88218463026,14393.862025000006,14451.744
2025-03-11 18:00:00,14570.855,14165.421,14222.931502646297,14356.968825,14458.033
2025-03-11 19:00:00,14863.216,14570.855,14699.639281319092,14957.68226500002,14889.634
2025-03-11 20:00:00,14536.071,14863.216,14801.834454504968,15012.502610000001,14783.916
2025-03-11 21:00:00,13878.96,14536.071,14067.652176685102,14054.417725000001,13951.298
2025-03-11 22:00:00,13381.129,13878.96,13245.59388805498,13430.144450000014,13301.743
2025-03-11 23:00:00,13046.394,13381.129,13125.107243750701,13027.715060000024,13144.194
2025-03-12 00:00:00,12942.465,13046.394,12913.622313244961,12945.351440000006,12902.177
2025-03-12 01:00:00,12907.892,12942.465,12967.971667760572,12939.411085000014,12946.383
2025-03-12 02:00:00,13006.767,12907.892,13002.593373033134,13049.014614999993,12994.033
2025-03-12 03:00:00,13435.643,13006.767,13204.988908867084,13237.125515000005,13323.688
2025-03-12 04:00:00,14166.863,13435.643,13835.944107500669,13843.898965000006,14197.721
2025-03-12 05:00:00,15320.447,14166.863,14724.678431194718,14955.48561499999,15104.327
2025-03-12 06:00:00,16068.157,15320.447,16068.35023077175,16073.025655000016,15978.32
2025-03-12 07:00:00,16087.725,16068.157,16301.061071751257,16399.458724999997,16190.475
2025-03-12 08:00:00,15587.588,16087.725,15934.582216817396,15917.697604999983,15693.683
2025-03-12 09:00:00,14913.442,15587.588,15203.994126593707,15185.842245000002,15157.535
2025-03-12 10:00:00,14459.028,14913.442,14526.286828387145,14483.911239999981,14417.365
2025-03-12 11:00:00,14147.194,14459.028,14279.051322895311,14071.249914999971,14165.455
2025-03-12 12:00:00,14139.543,14147.194,14104.21847088146,13933.694624999978,13904.714
2025-03-12 13:00:00,13912.828,14139.543,14289.335868548345,14231.027795000004,14112.516
2025-03-12 14:00:00,13683.238,13912.828,13947.33218524702,13799.848460000008,13832.971
2025-03-12 15:00:00,13777.486,13683.238,13719.676970800323,13569.666105000011,13631.443
2025-03-12 16:00:00,13853.66,13777.486,13964.651132937579,13938.302294999992,14051.764
2025-03-12 17:00:00,14006.537,13853.66,13971.866902184476,13988.060990000004,14077.924
2025-03-12 18:00:00,14186.056,14006.537,14087.365982354371,14203.085260000005,14295.443
2025-03-12 19:00:00,14605.192,14186.056,14167.4399718524,14356.439170000005,14309.201
2025-03-12 20:00:00,14329.393,14605.192,14603.731387000244,14691.018290000005,14533.1
2025-03-12 21:00:00,13860.438,14329.393,13869.54596307216,13887.149114999995,13691.641
2025-03-12 22:00:00,13214.059,13860.438,13289.793193722562,13328.126089999994,13277.9
2025-03-12 23:00:00,12848.677,13214.059,12829.976693412664,12734.973930000013,12728.1
2025-03-13 00:00:00,12592.001,12848.677,12660.97639028304,12656.94669999998,12595.777
2025-03-13 01:00:00,12668.612,12592.001,12505.318977496321,12580.173374999998,12699.705
2025-03-13 02:00:00,12866.813999999998,12668.612,12798.795261028252,12777.140069999996,12812.178
2025-03-13 03:00:00,13154.055,12866.813999999998,13089.089181404242,13252.534749999992,13232.088
2025-03-13 04:00:00,13951.884,13154.055,13450.055782841211,13690.025095000008,13696.796
2025-03-13 05:00:00,15068.359,13951.884,14531.731055350387,14788.906789999995,14897.455
2025-03-13 06:00:00,15856.068,15068.359,15781.497274415857,15490.966344999995,15696.279
2025-03-13 07:00:00,15927.452,15856.068,16101.57540201734,16309.888659999991,16128.754
2025-03-13 08:00:00,15542.661,15927.452,15792.759376037955,15767.299814999993,15650.281
2025-03-13 09:00:00,15033.633,15542.661,15218.529210314733,15186.193294999994,15164.436
2025-03-13 10:00:00,14722.928,15033.633,14720.04456642742,14530.198539999998,14651.261
2025-03-13 11:00:00,14326.61,14722.928,14589.854236095098,14359.526170000001,14494.438
2025-03-13 12:00:00,14330.365,14326.61,14209.328941290474,14075.476819999989,14124.125
2025-03-13 13:00:00,14025.285,14330.365,14472.766967733576,14354.104525,14273.483
2025-03-13 14:00:00,13814.76,14025.285,14011.535616590936,13695.214760000003,13727.913
2025-03-13 15:00:00,13812.102,13814.76,13863.908202071008,13712.455770000006,13862.303
2025-03-13 16:00:00,13977.375,13812.102,13949.325744805512,14009.233500000008,14030.555
2025-03-13 17:00:00,14153.801,13977.375,14142.3228947279,14227.469890000015,14317.668
2025-03-13 18:00:00,14359.832,14153.801,14233.487006599853,14380.755495000009,14375.964
2025-03-13 19:00:00,14675.278,14359.832,14342.121657453821,14520.884240000016,14521.611
2025-03-13 20:00:00,14337.359,14675.278,14605.049522418947,14753.126195000008,14608.377
2025-03-13 21:00:00,13674.85,14337.359,13841.143861972858,13870.522609999987,13758.69
2025-03-13 22:00:00,13062.319,13674.85,13003.331018483188,13054.224960000005,12940.695
2025-03-13 23:00:00,12709.862,13062.319,12702.580435630905,12576.892185000004,12528.906
2025-03-14 00:00:00,12447.379,12709.862,12524.828490789294,12416.59816500001,12360.499
2025-03-14 01:00:00,12267.6,12447.379,12348.03181417336,12399.739994999994,12253.6875
2025-03-14 02:00:00,12301.64,12267.6,12256.421145479937,12201.180735000016,12212.626
2025-03-14 03:00:00,12723.432,12301.64,12451.038047836468,12546.580384999987,12517.474
2025-03-14 04:00:00,13299.145,12723.432,13113.682280500996,13337.24182500001,13373.261
2025-03-14 05:00:00,14369.759,13299.145,13775.0413214449,14036.469930000012,14077.097
2025-03-14 06:00:00,15126.696,14369.759,15087.832820436988,14938.208099999983,14867.052
2025-03-14 07:00:00,15102.568,15126.696,15385.623192090983,15585.458195000012,15433.232
2025-03-14 08:00:00,14917.815,15102.568,14948.988013867518,15006.196560000017,14823.589
2025-03-14 09:00:00,14749.088,14917.815,14729.591690505998,14709.493664999998,14673.86
2025-03-14 10:00:00,14475.99,14749.088,14633.515416755927,14597.502214999993,14561.811
2025-03-14 11:00:00,14349.799,14475.99,14373.7763001275,14173.978419999985,14236.496
2025-03-14 12:00:00,14293.522,14349.799,14397.345455849389,14301.347310000006,14302.048
2025-03-14 13:00:00,14157.003,14293.522,14418.432582398025,14275.532830000007,14271.874
2025-03-14 14:00:00,13993.717,14157.003,14255.124268527768,14074.925585,14080.089
2025-03-14 15:00:00,13944.954,13993.717,14073.92357071262,13987.171575000008,14067.461
2025-03-14 16:00:00,14110.697,13944.954,14060.743501631632,14027.950184999996,14064.81
2025-03-14 17:00:00,13976.289,14110.697,14272.542381519277,14392.75767500001,14298.491
2025-03-14 18:00:00,14037.064,13976.289,13886.900331246208,13944.399210000014,14042.42
2025-03-14 19:00:00,14298.126,14037.064,13970.394201271056,14141.674645,14122.741
2025-03-14 20:00:00,13947.546,14298.126,14229.35019188811,14370.35394000001,14063.019
2025-03-14 21:00:00,13286.875,13947.546,13476.011203070175,13353.084774999996,13337.675
2025-03-14 22:00:00,12720.863,13286.875,12642.169763352518,12653.412029999992,12589.566
2025-03-14 23:00:00,12187.907,12720.863,12410.768414356686,12298.099155000005,12241.354
2025-03-15 00:00:00,11781.484,12187.907,11897.813018938588,11856.883925000013,11759.839
2025-03-15 01:00:00,11651.842,11781.484,11611.536268907621,11578.752610000009,11505.891
2025-03-15 02:00:00,11584.996,11651.842,11682.036831452222,11626.823539999998,11582.121
2025-03-15 03:00:00,11737.967,11584.996,11691.205250923875,11691.617009999996,11588.861
2025-03-15 04:00:00,11901.099,11737.967,12003.826310824548,12153.630500000003,12055.021
2025-03-15 05:00:00,12154.917,11901.099,12206.176634374659,12234.087120000007,12062.222
2025-03-15 06:00:00,12582.415,12154.917,12542.460494947381,12603.509670000009,12581.021
2025-03-15 07:00:00,12943.205000000002,12582.415,12840.54486772988,12964.00494999999,13064.855
2025-03-15 08:00:00,13296.701,12943.205000000002,13179.283850908767,13348.018884999994,13236.961
2025-03-15 09:00:00,13608.127,13296.701,13549.397157311298,13506.500659999994,13459.992
2025-03-15 10:00:00,13549.114,13608.127,13841.728508533357,13849.248515000008,13730.06
2025-03-15 11:00:00,13523.62,13549.114,13597.138436782756,13491.307739999991,13385.678
2025-03-15 12:00:00,13415.653,13523.62,13634.682835508365,13573.759254999988,13470.768
2025-03-15 13:00:00,13275.207,13415.653,13496.04219202082,13365.256344999996,13321.578
2025-03-15 14:00:00,13376.89,13275.207,13334.860686612245,13150.029404999997,13099.523
2025-03-15 15:00:00,13467.095,13376.89,13542.286213625612,13503.114755000002,13511.577
2025-03-15 16:00:00,13494.747,13467.095,13565.85817060404,13541.731579999998,13576.397
2025-03-15 17:00:00,13417.993,13494.747,13474.081298297202,13568.299995000008,13451.49
2025-03-15 18:00:00,13569.087,13417.993,13249.345164705619,13395.107599999988,13365.427
2025-03-15 19:00:00,13631.401,13569.087,13448.71316461595,13603.496315000002,13523.845
2025-03-15 20:00:00,13320.59,13631.401,13379.17967111383,13597.516810000001,13341.857
2025-03-15 21:00:00,12860.686,13320.59,12810.275914523576,12907.656185000002,12797.736
2025-03-15 22:00:00,12343.443,12860.686,12261.046856742894,12426.273729999992,12291.048
2025-03-15 23:00:00,11977.371,12343.443,11978.567305389171,11962.289909999992,11834.741
2025-03-16 00:00:00,11699.555,11977.371,11723.085347391372,11728.239570000003,11628.014
2025-03-16 01:00:00,11495.037,11699.555,11531.71142409378,11491.539249999987,11304.357
2025-03-16 02:00:00,11287.88,11495.037,11412.449195817017,11461.32105,11249.241
2025-03-16 03:00:00,11354.498,11287.88,11264.138442488367,11302.338844999997,11115.652
2025-03-16 04:00:00,11465.684,11354.498,11539.142914305014,11609.195414999998,11580.724
2025-03-16 05:00:00,11707.803,11465.684,11729.05125529918,11737.90738500001,11770.596
2025-03-16 06:00:00,11987.164,11707.803,12083.550281541995,12177.824119999997,12155.471
2025-03-16 07:00:00,12261.177,11987.164,12173.570016240647,12415.960180000002,12362.95
2025-03-16 08:00:00,12749.624,12261.177,12476.323308528581,12600.538370000002,12537.481
2025-03-16 09:00:00,12857.843,12749.624,13099.210817860017,13039.719870000006,13039.431
2025-03-16 10:00:00,12916.698,12857.843,13000.070234230803,13022.180239999998,12860.148
2025-03-16 11:00:00,12942.801,12916.698,13050.395469841174,13086.952804999999,12953.7
2025-03-16 12:00:00,12967.559,12942.801,13068.811022743028,13067.561589999992,12956.529
2025-03-16 13:00:00,13035.508,12967.559,13094.118695924843,13086.906279999996,12973.592
2025-03-16 14:00:00,13209.441,13035.508,13164.843675253893,13204.14481,13084.074
2025-03-16 15:00:00,13382.575,13209.441,13352.200314052126,13265.44828,13260.357
2025-03-16 16:00:00,13565.809,13382.575,13450.064479186382,13461.913130000006,13370.61
2025-03-16 17:00:00,13622.916,13565.809,13554.344453582955,13608.735360000006,13559.483
2025-03-16 18:00:00,14099.064,13622.916,13460.122029578293,13626.84432,13655.871
2025-03-16 19:00:00,14340.903,14099.064,14077.599737123484,14267.157215000003,14209.942
2025-03-16 20:00:00,14057.932,14340.903,14091.690500853958,14165.823144999995,14073.606
2025-03-16 21:00:00,13535.827,14057.932,13488.03325018055,13573.082504999984,13587.622
2025-03-16 22:00:00,13088.605,13535.827,12835.078687614681,13069.864785000005,13082.058
2025-03-16 23:00:00,12859.498,13088.605,12702.47408492742,12773.488390000015,12851.957
2025-03-17 00:00:00,12751.235,12859.498,12709.059926465297,12891.417715000007,12941.464
2025-03-17 01:00:00,12595.784,12751.235,12691.443779388464,12778.453979999991,12721.358
2025-03-17 02:00:00,12801.819,12595.784,12548.568954239636,12492.856654999996,12512.259
2025-03-17 03:00:00,13211.906,12801.819,12996.087131848555,13256.888044999994,13101.214
2025-03-17 04:00:00,13930.539,13211.906,13543.91096452739,13606.422135000017,13928.263
2025-03-17 05:00:00,15174.496,13930.539,14444.420642101597,14364.17741000001,14833.199
2025-03-17 06:00:00,16001.417,15174.496,15953.882725306416,15562.134469999992,15661.552
2025-03-17 07:00:00,16189.386,16001.417,16271.853764846022,16453.40936,16243.48
2025-03-17 08:00:00,16144.969,16189.386,16135.370135805908,16252.757549999978,16199.693
2025-03-17 09:00:00,16179.748,16144.969,16028.043174679331,16056.386165000009,16074.136
2025-03-17 10:00:00,15985.784,16179.748,16148.048546417513,16184.060255000004,16193.2
2025-03-17 11:00:00,15782.358,15985.784,15861.14584600095,15752.985424999995,15713.852
2025-03-17 12:00:00,15538.479,15782.358,15683.604359055013,15576.070075000003,15566.161
2025-03-17 13:00:00,15149.377,15538.479,15435.607484555067,15162.150930000003,15271.041
2025-03-17 14:00:00,14790.693,15149.377,14981.14559737713,14783.95266,14868.665
2025-03-17 15:00:00,14545.046,14790.693,14645.99383395177,14412.096749999993,14725.115
2025-03-17 16:00:00,14632.503,14545.046,14448.093407858098,14335.727444999999,14484.054
2025-03-17 17:00:00,14919.129,14632.503,14670.464923625346,14763.947980000012,14761.679
2025-03-17 18:00:00,15265.923,14919.129,14982.81037608182,14963.743369999993,15095.883
2025-03-17 19:00:00,15758.225,15265.923,15263.562071295122,15569.48728499999,15472.063
2025-03-17 20:00:00,15643.079,15758.225,15740.268166267566,15798.588305000025,15657.829
2025-03-17 21:00:00,15267.414,15643.079,15213.711890893994,15360.600920000004,15296.239
2025-03-17 22:00:00,14929.037,15267.414,14683.745183522753,14826.452420000001,14776.264
2025-03-17 23:00:00,14558.4,14929.037,14629.445620576498,14593.208884999995,14576.129
2025-03-18 00:00:00,14485.986,14558.4,14265.046281688397,14303.89277499999,14338.363
2025-03-18 01:00:00,14519.507,14485.986,14393.919159399093,14534.413904999987,14519.325
2025-03-18 02:00:00,14632.312,14519.507,14512.231114220356,14644.91852,14653.1875
2025-03-18 03:00:00,14956.905,14632.312,14701.769980827969,14817.371085000002,14867.877
2025-03-18 04:00:00,15671.722000000002,14956.905,15175.875529268658,15461.341885000013,15455.131
2025-03-18 05:00:00,16772.103,15671.722000000002,16114.130804591543,16546.638999999996,16587.44
2025-03-18 06:00:00,17395.58,16772.103,17393.469925186255,17435.339469999977,17384.436
2025-03-18 07:00:00,17150.788,17395.58,17476.317186124077,17595.07909499999,17422.26
2025-03-18 08:00:00,16451.379,17150.788,16794.440372028686,16742.407025,16723.586
2025-03-18 09:00:00,15740.924,16451.379,15935.74396898643,15878.83709999998,15937.283
2025-03-18 10:00:00,15126.214,15740.924,15322.47942170222,15145.74001000001,15234.829
2025-03-18 11:00:00,14889.582,15126.214,14854.02161285086,14621.729109999997,14570.176
2025-03-18 12:00:00,14577.231,14889.582,14888.51144089912,14697.524269999996,14639.282
2025-03-18 13:00:00,14324.041,14577.231,14570.584556768415,14347.94651999999,14345.178
2025-03-18 14:00:00,14124.832,14324.041,14376.868031222659,14165.542554999985,14144.003
2025-03-18 15:00:00,14133.563999999998,14124.832,14212.643956510297,14007.662675000003,14115.23
2025-03-18 16:00:00,14262.944,14133.563999999998,14311.661768719598,14281.470635000009,14281.789
2025-03-18 17:00:00,14303.73,14262.944,14442.972892821408,14563.417704999998,14639.779
2025-03-18 18:00:00,14600.911,14303.73,14349.579728604771,14522.096775000005,14486.209
2025-03-18 19:00:00,14911.962,14600.911,14686.50983836953,15032.356700000002,14936.362
2025-03-18 20:00:00,14573.076,14911.962,14884.81926157749,15262.958535000002,14897.136
2025-03-18 21:00:00,13934.566,14573.076,14115.771406004042,14087.929559999995,14009.144
2025-03-18 22:00:00,13315.156,13934.566,13309.567444742916,13417.95449500002,13341.128
2025-03-18 23:00:00,12875.268,13315.156,12977.80867222131,12831.395125000008,12800.6
2025-03-19 00:00:00,12705.089,12875.268,12668.346692573194,12528.339264999999,12537.703
2025-03-19 01:00:00,12702.479,12705.089,12678.497572682714,12705.473870000005,12588.619
2025-03-19 02:00:00,12757.476,12702.479,12790.565798016083,12787.597165000001,12677.481
2025-03-19 03:00:00,13142.116999999998,12757.476,12902.046181767166,12905.47070999999,12954.073
2025-03-19 04:00:00,13822.207,13142.116999999998,13488.32948329611,13543.058274999996,13623.823
2025-03-19 05:00:00,14978.271,13822.207,14324.213634547834,14565.878915000018,14510.682
2025-03-19 06:00:00,15576.329,14978.271,15699.894367809986,15551.093085,15496.712
2025-03-19 07:00:00,15639.619,15576.329,15701.450960522894,15891.85949500003,15691.886
2025-03-19 08:00:00,15317.647,15639.619,15488.789432302527,15582.030124999992,15400.713
2025-03-19 09:00:00,14871.345,15317.647,15018.460947314856,14890.04943,14829.806
2025-03-19 10:00:00,14578.021,14871.345,14597.70412588686,14471.854440000003,14509.228
2025-03-19 11:00:00,14357.576,14578.021,14477.25511900628,14329.118934999995,14241.179
2025-03-19 12:00:00,14294.498,14357.576,14359.187857109797,14282.516494999973,14174.899
2025-03-19 13:00:00,14218.355,14294.498,14414.83110935733,14304.949425000008,14210.19
2025-03-19 14:00:00,14177.713,14218.355,14325.538509339718,14260.924295000008,14184.715
2025-03-19 15:00:00,14088.432,14177.713,14279.741245481287,14243.94556,14267.287
2025-03-19 16:00:00,14328.604,14088.432,14127.25403301181,14129.405550000016,14223.961
2025-03-19 17:00:00,14338.197,14328.604,14487.796364253756,14561.133885000023,14594.489
2025-03-19 18:00:00,14477.765,14338.197,14281.749690837763,14431.818534999993,14381.242
2025-03-19 19:00:00,14764.434,14477.765,14407.238540800648,14665.376744999998,14551.573
2025-03-19 20:00:00,14435.412,14764.434,14673.481967503933,14884.382329999993,14613.281
2025-03-19 21:00:00,13767.228,14435.412,13948.312108186117,13911.678819999996,13718.046
2025-03-19 22:00:00,13029.973,13767.228,13104.587297050251,13132.277985000004,13029.227
2025-03-19 23:00:00,12521.141,13029.973,12608.748917818131,12447.418954999996,12368.505
2025-03-20 00:00:00,12270.274,12521.141,12268.091349785765,12142.833744999996,12093.498
2025-03-20 01:00:00,12098.334,12270.274,12187.60418182415,12153.179905000005,12263.896
2025-03-20 02:00:00,12173.307,12098.334,12099.488541187777,12015.877895000005,12202.409
2025-03-20 03:00:00,12366.66,12173.307,12351.88368972062,12402.030495000003,12349.896
2025-03-20 04:00:00,12978.766,12366.66,12639.471627450339,12749.84723999999,12904.361
2025-03-20 05:00:00,14023.523,12978.766,13494.204649066729,13890.672805000004,13947.206
2025-03-20 06:00:00,14807.241,14023.523,14745.53756609209,14620.805605000003,14627.351
2025-03-20 07:00:00,14872.103,14807.241,15099.210917603492,15206.31965499999,15010.079
2025-03-20 08:00:00,15027.858,14872.103,14780.106053776364,14891.146384999995,14733.204
2025-03-20 09:00:00,15003.044999999998,15027.858,15034.009812385513,15020.628279999999,15021.5625
2025-03-20 10:00:00,15008.48,15003.044999999998,14953.436863919365,14939.895500000011,14834.935
2025-03-20 11:00:00,15134.623,15008.48,15009.200879890785,14947.222710000013,14855.596
2025-03-20 12:00:00,15170.259,15134.623,15218.890211161819,15148.831830000003,15130.17
2025-03-20 13:00:00,15127.781,15170.259,15202.715949160063,15124.349455000003,15012.358
2025-03-20 14:00:00,15138.076,15127.781,15105.799381652101,15110.574980000007,15057.768
2025-03-20 15:00:00,15459.208,15138.076,15114.437157513972,15052.191120000021,15105.186
2025-03-20 16:00:00,15520.053,15459.208,15553.03584938961,15686.529254999987,15743.094
2025-03-20 17:00:00,15787.743,15520.053,15393.63606983426,15566.848854999991,15478.797
2025-03-20 18:00:00,15955.507,15787.743,15708.04514740094,16016.953644999978,16086.328
2025-03-20 19:00:00,16247.916,15955.507,15732.704924847116,15898.845449999983,15822.614
2025-03-20 20:00:00,15875.134,16247.916,16007.886824015999,16417.1154,16124.946
2025-03-20 21:00:00,15432.254,15875.134,15227.759862872004,15390.538644999997,15330.009
2025-03-20 22:00:00,14834.435,15432.254,14755.515229868584,15044.069875000001,14882.859
2025-03-20 23:00:00,14595.462,14834.435,14352.76182076796,14397.084209999995,14312.568
2025-03-21 00:00:00,14422.415,14595.462,14349.47195069333,14399.530130000003,14390.833
2025-03-21 01:00:00,14403.548,14422.415,14257.472196816578,14292.846014999992,14365.447
2025-03-21 02:00:00,14486.172,14403.548,14377.420282681675,14515.567205000003,14495.015
2025-03-21 03:00:00,14860.381,14486.172,14564.71263440545,14684.76537499999,14786.188
2025-03-21 04:00:00,15635.192,14860.381,15143.234378835887,15418.628560000025,15640.136
2025-03-21 05:00:00,16671.091,15635.192,16150.992795198377,16551.49461500001,16695.955
2025-03-21 06:00:00,17460.142,16671.091,17306.919212596047,17472.78909499999,17284.309
2025-03-21 07:00:00,17260.574,17460.142,17690.056596711165,17676.300539999982,17451.51
2025-03-21 08:00:00,16786.491,17260.574,16970.362298565327,16818.125185,16748.375
2025-03-21 09:00:00,16309.321,16786.491,16416.396849190147,16293.262344999985,16348.934
2025-03-21 10:00:00,15911.830999999998,16309.321,16009.556443662992,15898.292094999988,15889.207
2025-03-21 11:00:00,15432.687,15911.830999999998,15708.953980709794,15462.087059999985,15553.866
2025-03-21 12:00:00,15116.327,15432.687,15234.35421072387,14962.142849999997,15070.631
2025-03-21 13:00:00,14642.920999999998,15116.327,15046.797459140726,14809.32255,14767.491
2025-03-21 14:00:00,14375.953,14642.920999999998,14508.659624844366,14314.40973500001,14423.315
2025-03-21 15:00:00,14158.788,14375.953,14363.340688509432,14224.241325000017,14283.351
2025-03-21 16:00:00,14182.151000000002,14158.788,14149.318152927835,14089.473075000009,14184.411
2025-03-21 17:00:00,14361.011,14182.151000000002,14256.535799017358,14316.672445000002,14400.109
2025-03-21 18:00:00,14673.131,14361.011,14438.823048957247,14750.476945000011,14619.043
2025-03-21 19:00:00,15020.124,14673.131,14724.405869623251,15113.414874999995,14998.712
2025-03-21 20:00:00,14836.171,15020.124,14985.24122079568,15402.142260000017,15069.612
2025-03-21 21:00:00,14440.441,14836.171,14431.902192036761,14590.919635000015,14423.916
2025-03-21 22:00:00,14022.954000000002,14440.441,13899.861088000354,14018.28328,14015.463
2025-03-21 23:00:00,13525.131,14022.954000000002,13728.330845633684,13773.600125000004,13663.395
2025-03-22 00:00:00,13420.797,13525.131,13173.202801466026,13229.321950000005,13182.133
2025-03-22 01:00:00,13289.573,13420.797,13317.120912199105,13402.327694999994,13362.123
2025-03-22 02:00:00,13468.782,13289.573,13195.99552867095,13200.52583,13156.047
2025-03-22 03:00:00,13505.929,13468.782,13573.130497926837,13780.032814999993,13618.809
2025-03-22 04:00:00,13673.539,13505.929,13557.70230266971,13714.755049999996,13641.657
2025-03-22 05:00:00,13950.714,13673.539,13837.181498702332,13976.67672500001,14004.567
2025-03-22 06:00:00,14408.945,13950.714,14213.571729076062,14418.649815000006,14344.258
2025-03-22 07:00:00,14495.77,14408.945,14543.98780769341,14566.477225000004,14595.162
2025-03-22 08:00:00,14527.847,14495.77,14454.856454922661,14654.699084999998,14462.305
2025-03-22 09:00:00,14340.526,14527.847,14500.262025938968,14591.349919999984,14490.797
2025-03-22 10:00:00,14158.824,14340.526,14235.88699917396,14099.759735000003,14175.792
2025-03-22 11:00:00,13832.905,14158.824,14108.104550711549,13941.679205000011,13975.243
2025-03-22 12:00:00,13588.15,13832.905,13745.69246346843,13603.22987,13523.742
2025-03-22 13:00:00,13427.726,13588.15,13578.175304914896,13397.492175000005,13374.165
2025-03-22 14:00:00,13263.899,13427.726,13469.113566200358,13297.788140000004,13272.14
2025-03-22 15:00:00,13328.378,13263.899,13289.617368569347,13196.700000000003,13190.045
2025-03-22 16:00:00,13357.809,13328.378,13443.539769177469,13594.644729999995,13537.656
2025-03-22 17:00:00,13472.368,13357.809,13386.76517275376,13528.894604999994,13543.636
2025-03-22 18:00:00,13819.276,13472.368,13472.03252178601,13713.204534999999,13729.836
2025-03-22 19:00:00,14225.454000000002,13819.276,13851.766921630715,13990.817430000012,14067.691
2025-03-22 20:00:00,14133.222,14225.454000000002,14184.751575643637,14382.227319999998,14125.477
2025-03-22 21:00:00,13857.456,14133.222,13738.62797347738,14023.269004999998,13866.294
2025-03-22 22:00:00,13577.15,13857.456,13340.7533868873,13561.510675,13598.656
2025-03-22 23:00:00,13325.214,13577.15,13309.417394697755,13349.718120000009,13394.525
2025-03-23 00:00:00,13142.181,13325.214,13094.791528633597,13190.672695000005,13256.48
2025-03-23 01:00:00,13334.624,13142.181,12988.74217053799,13051.704194999991,13024.488
2025-03-23 02:00:00,13343.806,13334.624,13417.91900143887,13727.112880000008,13393.395
2025-03-23 03:00:00,13588.526,13343.806,13356.530562993472,13516.29532,13522.257
2025-03-23 04:00:00,13901.585,13588.526,13779.30624941274,13843.482655000014,13925.022
2025-03-23 05:00:00,14324.658,13901.585,14166.923475254116,14230.224325000003,14238.56
2025-03-23 06:00:00,14863.424,14324.658,14677.018672958213,14627.63664000001,14662.956
2025-03-23 07:00:00,15107.701,14863.424,15055.79250980548,15071.966475000001,15138.842
2025-03-23 08:00:00,14983.48,15107.701,15148.638642028476,15148.96542,14962.896
2025-03-23 09:00:00,14564.602,14983.48,14866.916005079163,14782.366909999997,14649.951
2025-03-23 10:00:00,14277.036,14564.602,14335.516277276663,14228.192589999982,14242.637
2025-03-23 11:00:00,14050.15,14277.036,14164.746999784156,13988.716389999998,13968.076
2025-03-23 12:00:00,14061.409,14050.15,13997.609940894527,13882.541275000001,13817.671
2025-03-23 13:00:00,13951.767,14061.409,14150.241000801596,14122.815425000003,13979.902
2025-03-23 14:00:00,13993.407,13951.767,13963.295005138049,13858.015185000015,13899.093
2025-03-23 15:00:00,14182.702,13993.407,14062.63169170481,14028.758479999997,14126.25
2025-03-23 16:00:00,14514.364,14182.702,14274.269058249381,14433.984054999994,14329.187
2025-03-23 17:00:00,14588.534,14514.364,14600.278269666516,14831.184170000004,14826.424
2025-03-23 18:00:00,14837.593,14588.534,14444.24031229239,14673.63033999999,14634.255
2025-03-23 19:00:00,14900.885,14837.593,14700.64918435618,14817.522485000001,14838.745
2025-03-23 20:00:00,14476.554,14900.885,14571.645400053145,14941.725784999995,14671.1455
2025-03-23 21:00:00,14053.291,14476.554,13851.92733439098,13928.906734999991,13982.043
2025-03-23 22:00:00,13582.052,14053.291,13428.665858721166,13651.158145000018,13624.455
2025-03-23 23:00:00,13217.678,13582.052,13193.683804190203,13255.281044999996,13214.124
2025-03-24 00:00:00,13004.047,13217.678,13002.684703118282,12991.514935000008,13054.337
2025-03-24 01:00:00,12852.184,13004.047,12901.938309693509,12848.441460000013,12936.908
2025-03-24 02:00:00,12987.573,12852.184,12815.59876885501,12855.509890000008,12801.603
2025-03-24 03:00:00,13296.404,12987.573,13148.663335173664,13264.379094999998,13298.751
2025-03-24 04:00:00,13947.868,13296.404,13586.970153791784,13854.517164999987,13853.78
2025-03-24 05:00:00,15052.524,13947.868,14448.307401810363,14551.441375,14951.32
2025-03-24 06:00:00,15800.978,15052.524,15782.107753713279,15582.352439999993,15677.246
2025-03-24 07:00:00,15923.583,15800.978,16054.010735009288,16269.941230000015,16135.83
2025-03-24 08:00:00,15959.612,15923.583,15851.631506202393,15791.926634999993,15642.629
2025-03-24 09:00:00,15923.68,15959.612,15869.607770783061,15830.42152999999,15863.232
2025-03-24 10:00:00,15788.521,15923.68,15834.709422649925,15815.541115000002,15821.731
2025-03-24 11:00:00,15576.242000000002,15788.521,15679.006970206616,15585.806720000028,15603.229
2025-03-24 12:00:00,15339.549,15576.242000000002,15463.361246289069,15273.574920000008,15364.935
2025-03-24 13:00:00,15014.032,15339.549,15243.068085358278,15056.91485,15073.562
2025-03-24 14:00:00,14758.447,15014.032,14887.330319086052,14708.317569999992,14775.624
2025-03-24 15:00:00,14608.472,14758.447,14673.094294743867,14637.538224999998,14701.17
2025-03-24 16:00:00,14545.141,14608.472,14559.273875311963,14499.552795000001,14636.843
2025-03-24 17:00:00,14614.898,14545.141,14498.523718008222,14584.719829999985,14586.671
2025-03-24 18:00:00,14968.437,14614.898,14577.740923551972,14736.254435000004,14742.412
2025-03-24 19:00:00,15377.646,14968.437,14997.580311187088,15157.85311000001,15003.877
2025-03-24 20:00:00,15161.511,15377.646,15335.401494018774,15569.015310000015,15214.925
2025-03-24 21:00:00,14574.097,15161.511,14705.464471527039,14783.705649999987,14653.491
2025-03-24 22:00:00,14010.306,14574.097,13914.618995101426,14054.920550000008,14040.463
2025-03-24 23:00:00,13632.434,14010.306,13652.430517170744,13537.622610000028,13514.009
2025-03-25 00:00:00,13598.863,13632.434,13414.4996232975,13418.297205000004,13493.397
2025-03-25 01:00:00,13529.241,13598.863,13598.64258405324,13659.061329999999,13595.358
2025-03-25 02:00:00,13666.628,13529.241,13540.218534579424,13498.309280000003,13505.317
2025-03-25 03:00:00,13984.71,13666.628,13827.217875516932,13936.891185000015,14073.708
2025-03-25 04:00:00,14638.037,13984.71,14274.85575222211,14600.402529999988,14639.826
2025-03-25 05:00:00,15710.092,14638.037,15125.584977710616,15347.993279999995,15455.046
2025-03-25 06:00:00,16317.365,15710.092,16404.426230715544,16373.04881,16309.589
2025-03-25 07:00:00,16356.008000000002,16317.365,16492.39568535082,16492.244090000004,16399.578
2025-03-25 08:00:00,15997.697,16356.008000000002,16237.590054009239,16370.161345000019,16160.742
2025-03-25 09:00:00,15567.037,15997.697,15709.073539651328,15582.179105000003,15643.233
2025-03-25 10:00:00,15257.153,15567.037,15312.169817739961,15260.683859999996,15273.288
2025-03-25 11:00:00,15080.616,15257.153,15133.059088774731,14950.12373,14912.616
2025-03-25 12:00:00,14892.297,15080.616,15069.234840661726,14937.832839999986,14919.692
2025-03-25 13:00:00,14656.174,14892.297,14889.861015746255,14733.08637499999,14653.502
2025-03-25 14:00:00,14554.185,14656.174,14633.185141313083,14552.823504999997,14518.103
2025-03-25 15:00:00,14652.285,14554.185,14590.732505522396,14570.716275000006,14597.507
2025-03-25 16:00:00,14812.417,14652.285,14754.717852840917,14798.888740000006,14868.986
2025-03-25 17:00:00,14946.89,14812.417,14878.207359275551,14936.243534999994,14973.502
2025-03-25 18:00:00,15169.325,14946.89,14921.549553097057,15226.141500000012,15166.826
2025-03-25 19:00:00,15570.039,15169.325,15109.199908957022,15285.203319999995,15273.12
2025-03-25 20:00:00,15373.149,15570.039,15508.335341419961,15703.173375000006,15488.703
2025-03-25 21:00:00,14907.209,15373.149,14913.52409242467,15125.413009999997,14959.792
2025-03-25 22:00:00,14414.522,14907.209,14289.416507383998,14521.701035000002,14369.824
2025-03-25 23:00:00,14149.105,14414.522,14062.553162717493,13928.592314999998,14046.973
2025-03-26 00:00:00,14001.037,14149.105,13956.037894548836,13959.739794999994,13929.928
2025-03-26 01:00:00,14093.522,14001.037,13914.263980380143,13939.115189999999,13969.313
2025-03-26 02:00:00,14187.937,14093.522,14178.39209810172,14298.565404999996,14252.45
2025-03-26 03:00:00,14591.268,14187.937,14307.098235491898,14396.077720000007,14571.741
2025-03-26 04:00:00,15301.245,14591.268,14913.93302849661,15259.038130000017,15387.019
2025-03-26 05:00:00,16445.979,15301.245,15805.663728035312,16107.407985000029,16309.703
2025-03-26 06:00:00,17078.791,16445.979,17164.38845471511,17089.555714999988,17080.803
2025-03-26 07:00:00,16905.465,17078.791,17239.869649929362,17321.274215000005,17089.959
2025-03-26 08:00:00,16313.181,16905.465,16648.467904716294,16549.785820000005,16405.643
2025-03-26 09:00:00,15732.865,16313.181,15891.813907611557,15866.260494999977,15805.431
2025-03-26 10:00:00,15358.763,15732.865,15399.604388794069,15235.126985000003,15349.392
2025-03-26 11:00:00,14994.782,15358.763,15203.615963054057,14887.592785000008,14922.35
2025-03-26 12:00:00,14965.167,14994.782,14895.478254723255,14624.774755000015,14654.009
2025-03-26 13:00:00,14675.217,14965.167,15069.615015212412,14886.899335000007,14842.187
2025-03-26 14:00:00,14515.121,14675.217,14636.041218505727,14525.576480000003,14527.152
2025-03-26 15:00:00,14586.806,14515.121,14541.715453027486,14419.523844999994,14593.452
2025-03-26 16:00:00,14629.987,14586.806,14698.141555809845,14704.026579999989,14797.006
2025-03-26 17:00:00,14855.255,14629.987,14660.503632123873,14725.459309999997,14782.713
2025-03-26 18:00:00,15263.946,14855.255,14906.829932463666,14967.179144999993,15028.174
2025-03-26 19:00:00,15772.229,15263.946,15314.410073447421,15524.667190000015,15485.712
2025-03-26 20:00:00,15549.182,15772.229,15771.93455644044,15826.010855000028,15684.883
2025-03-26 21:00:00,15129.383,15549.182,15069.51393446974,15183.979199999994,15046.986
2025-03-26 22:00:00,14650.344,15129.383,14530.097915115812,14793.663210000002,14655.398
2025-03-26 23:00:00,14486.381,14650.344,14287.33061157511,14306.056874999998,14291.081
2025-03-27 00:00:00,14333.830000000002,14486.381,14319.00490472488,14386.317489999989,14327.997
2025-03-27 01:00:00,14393.883,14333.830000000002,14189.709955089236,14266.679769999997,14292.899
2025-03-27 02:00:00,14457.581,14393.883,14399.184539354572,14619.35273,14508.64
2025-03-27 03:00:00,14903.824,14457.581,14490.9099005549,14662.312999999996,14677.247
2025-03-27 04:00:00,15607.135,14903.824,15173.770980311325,15489.595795000016,15592.623
2025-03-27 05:00:00,16695.114,15607.135,16010.07061949148,16515.324479999996,16522.973
2025-03-27 06:00:00,17278.354,16695.114,17295.748259240587,17439.62715499998,17222.203
2025-03-27 07:00:00,17020.607,17278.354,17334.6531358052,17334.316635000014,17091.371
2025-03-27 08:00:00,16184.621,17020.607,16648.169473442926,16624.993549999996,16456.768
2025-03-27 09:00:00,15516.952,16184.621,15583.506026418976,15473.362435000003,15569.935
2025-03-27 10:00:00,15058.607,15516.952,15119.218019780428,15095.356949999996,15142.703
2025-03-27 11:00:00,14807.046,15058.607,14861.805511392222,14697.058974999994,14763.221
2025-03-27 12:00:00,14531.424,14807.046,14784.140179780004,14577.312730000005,14577.539
2025-03-27 13:00:00,14339.828,14531.424,14529.46856629682,14290.978554999994,14271.077
2025-03-27 14:00:00,14071.076,14339.828,14399.510477563073,14166.947369999998,14315.331
2025-03-27 15:00:00,13960.465,14071.076,14085.341240416597,13885.171294999998,14026.393
2025-03-27 16:00:00,14090.879,13960.465,14039.058347632625,13938.308130000012,14092.065
2025-03-27 17:00:00,14215.483,14090.879,14241.03067566291,14363.075505000008,14415.548
2025-03-27 18:00:00,14660.443,14215.483,14276.383624782482,14502.522144999995,14511.77
2025-03-27 19:00:00,14890.68,14660.443,14790.583046715767,15185.775070000007,14942.834
2025-03-27 20:00:00,14550.238,14890.68,14790.810302155822,15010.904754999981,14803.83
2025-03-27 21:00:00,14060.058,14550.238,14074.362246111144,14107.577289999992,14063.044
2025-03-27 22:00:00,13398.998,14060.058,13495.86540236025,13696.262540000003,13568.253
2025-03-27 23:00:00,13040.232,13398.998,13015.248017150792,12967.600505000024,12833.925
2025-03-28 00:00:00,12792.417,13040.232,12855.106205839973,12769.383359999987,12709.226
2025-03-28 01:00:00,12726.91,12792.417,12701.784409947119,12707.964550000017,12693.808
2025-03-28 02:00:00,12714.613,12726.91,12769.326658571903,12788.361209999986,12742.173
2025-03-28 03:00:00,12860.717,12714.613,12823.610460137797,12799.389694999985,12793.671
2025-03-28 04:00:00,13396.1,12860.717,13096.83260583046,13054.803109999995,13116.883
2025-03-28 05:00:00,14435.77,13396.1,13859.047456362072,14071.778704999999,13978.665
2025-03-28 06:00:00,15081.132,14435.77,15143.433342222062,15023.44390500001,14917.198
2025-03-28 07:00:00,15218.178,15081.132,15285.04149695024,15522.68655,15259.271
2025-03-28 08:00:00,15148.845,15218.178,15150.769103879273,15163.560854999994,15118.82
2025-03-28 09:00:00,15073.739,15148.845,15010.167718482007,15126.324085000002,14996.628
2025-03-28 10:00:00,14849.739,15073.739,14986.2675196229,14953.65351,14830.449
2025-03-28 11:00:00,14616.841,14849.739,14733.777465000994,14637.639275,14595.863
2025-03-28 12:00:00,14443.47,14616.841,14542.33946219881,14413.628969999989,14335.377
2025-03-28 13:00:00,14098.531,14443.47,14445.055276267949,14279.907384999975,14204.819
2025-03-28 14:00:00,13938.946,14098.531,14039.559736566978,13807.68463499999,13869.573
2025-03-28 15:00:00,14005.647,13938.946,14038.4255885438,13933.62573500001,14004.46
2025-03-28 16:00:00,13968.08,14005.647,14197.907332024542,14159.105510000001,14220.603
2025-03-28 17:00:00,13919.075,13968.08,14029.757224587096,14134.622444999992,14090.775
2025-03-28 18:00:00,13846.672,13919.075,13902.287325669868,14055.822554999997,14059.658
2025-03-28 19:00:00,14066.237,13846.672,13734.930941618284,13800.881369999992,13788.7705
2025-03-28 20:00:00,13851.539,14066.237,14017.2185943705,14280.025560000013,14080.312
2025-03-28 21:00:00,13371.424,13851.539,13494.7983927928,13621.598670000008,13401.987
2025-03-28 22:00:00,12776.686000000002,13371.424,12838.67004411479,12936.578945,12940.309
2025-03-28 23:00:00,12187.759999999998,12776.686000000002,12452.506644305278,12286.914035000016,12230.495
2025-03-29 00:00:00,11724.066,12187.759999999998,11869.030684941134,11844.897225000006,11800.737
2025-03-29 01:00:00,11616.574,11724.066,11529.91036921651,11473.247865000005,11432.74
2025-03-29 02:00:00,11518.57,11616.574,11665.394837659518,11652.343305000006,11477.904
2025-03-29 03:00:00,11530.721,11518.57,11616.858078522828,11588.316794999993,11524.719
2025-03-29 04:00:00,11732.366999999998,11530.721,11740.644074437187,11812.699774999992,11629.853
2025-03-29 05:00:00,11978.371,11732.366999999998,12089.177998208426,12187.22423,12157.32
2025-03-29 06:00:00,12226.789,11978.371,12390.068689115638,12389.060105000008,12321.65
2025-03-29 07:00:00,12669.009,12226.789,12421.548738501488,12646.076599999999,12607.376
2025-03-29 08:00:00,12985.919,12669.009,12987.148524717953,13028.328239999993,13054.004
2025-03-29 09:00:00,13156.949,12985.919,13255.308948347305,13348.153465000003,13241.061
2025-03-29 10:00:00,13153.532,13156.949,13364.759595887454,13262.670150000004,13241.662
2025-03-29 11:00:00,13141.714,13153.532,13292.001841813122,13273.556419999997,13163.464
2025-03-29 12:00:00,13087.41,13141.714,13305.240606055733,13245.778115,13187.951
2025-03-29 13:00:00,13154.226,13087.41,13237.7665544096,13021.881415,13042.082
2025-03-29 14:00:00,13241.275,13154.226,13373.926860005466,13324.381990000022,13262.443
2025-03-29 15:00:00,13244.122,13241.275,13428.973686219151,13438.573870000011,13411.632
2025-03-29 16:00:00,13396.445,13244.122,13327.639059022818,13322.132234999994,13316.068
2025-03-29 17:00:00,13334.813999999998,13396.445,13494.597196620021,13528.798079999993,13451.387
2025-03-29 18:00:00,13408.208,13334.813999999998,13227.212737900418,13315.072259999992,13311.136
2025-03-29 19:00:00,13597.339,13408.208,13288.588845501597,13444.303100000003,13486.955
2025-03-29 20:00:00,13247.911,13597.339,13437.55378908226,13614.693975000002,13244.914
2025-03-29 21:00:00,12749.371,13247.911,12740.441582957505,12828.740974999986,12718.483
2025-03-29 22:00:00,12139.313999999998,12749.371,12147.203975847327,12308.205284999989,12219.65
2025-03-29 23:00:00,11589.001,12139.313999999998,11744.76681359794,11734.326899999995,11666.961
2025-03-30 00:00:00,11370.162,11589.001,11259.642412837966,11318.96800000001,11417.2
2025-03-30 01:00:00,11073.733,11370.162,11267.545209575006,11323.608665000014,11212.498
2025-03-30 02:00:00,11049.608,11073.733,10968.688941713126,10844.701880000015,10907.269
2025-03-30 03:00:00,11038.763,11049.608,11141.69349448282,11034.634710000006,11084.89
2025-03-30 04:00:00,11051.369,11038.763,11185.65383109128,11039.134135000002,10997.571
2025-03-30 05:00:00,11377.741,11051.369,11270.540463355032,11082.426075000007,11022.91
2025-03-30 06:00:00,11813.075,11377.741,11819.13003674125,11824.236315000004,11795.228
2025-03-30 07:00:00,12212.234,11813.075,12094.336543227906,12316.234135000002,12259.783
2025-03-30 08:00:00,12621.101,12212.234,12490.43376090209,12559.418310000005,12537.846
2025-03-30 09:00:00,12780.672,12621.101,12918.09666212646,12953.458479999994,13017.879
2025-03-30 10:00:00,12997.552,12780.672,12949.588587090404,12880.164274999996,12785.487
2025-03-30 11:00:00,13102.882,12997.552,13212.167590116653,13178.440224999995,13078.623
2025-03-30 12:00:00,13184.209,13102.882,13262.708728755024,13201.873245000002,13158.967
2025-03-30 13:00:00,13167.456,13184.209,13353.217247216844,13283.532435000017,13263.821
2025-03-30 14:00:00,13297.455999999998,13167.456,13270.535961206311,13225.778399999996,13186.3545
2025-03-30 15:00:00,13494.718,13297.455999999998,13465.028470974003,13413.23409,13436.987
2025-03-30 16:00:00,13524.268,13494.718,13640.557588292506,13660.200374999999,13630.508
2025-03-30 17:00:00,13628.064,13524.268,13515.462207601911,13612.838120000008,13582.196
2025-03-30 18:00:00,13766.476,13628.064,13567.496697496625,13685.272434999993,13747.867
2025-03-30 19:00:00,14017.73,13766.476,13629.617538600804,13788.767979999999,13827.409
2025-03-30 20:00:00,13753.921,14017.73,13814.3010838431,13996.476155,13656.155
2025-03-30 21:00:00,13131.169,13753.921,13197.979809791197,13401.215915000013,13197.759
2025-03-30 22:00:00,12465.578,13131.169,12375.57728185667,12525.990275,12392.987
2025-03-30 23:00:00,12070.727,12465.578,11971.296317173132,12068.385964999992,11959.28
2025-03-31 00:00:00,11847.085,12070.727,11855.975896882437,11762.157320000004,11665.822
2025-03-31 01:00:00,11738.686,11847.085,11763.349258506418,11733.623269999996,11649.241
2025-03-31 02:00:00,11652.611,11738.686,11751.932352422773,11772.17882,11679.055
2025-03-31 03:00:00,11768.428,11652.611,11723.466918344306,11737.247760000004,11699.625
2025-03-31 04:00:00,12471.170999999998,11768.428,12000.075747699853,12180.499545000006,12242.242
2025-03-31 05:00:00,13360.55,12471.170999999998,13045.89860523808,13361.817959999997,13428.542
2025-03-31 06:00:00,14078.294,13360.55,14018.60950764714,14072.23593500001,13977.156
2025-03-31 07:00:00,14383.631,14078.294,14376.484188121809,14377.390690000013,14513.01
2025-03-31 08:00:00,14452.517,14383.631,14464.281902865878,14554.113125000014,14589.486
2025-03-31 09:00:00,14566.446,14452.517,14443.449593656287,14339.645605000003,14444.964
2025-03-31 10:00:00,14682.623,14566.446,14631.56006668838,14595.238875000003,14568.175
2025-03-31 11:00:00,14668.114,14682.623,14779.77263786762,14675.031410000012,14635.781
2025-03-31 12:00:00,14864.245,14668.114,14708.987504989991,14580.551295000003,14547.308
2025-03-31 13:00:00,14716.232,14864.245,15011.218491468753,14887.997705000009,14850.099
2025-03-31 14:00:00,14804.551,14716.232,14655.799455146009,14558.924389999998,14493.216
2025-03-31 15:00:00,14817.918,14804.551,14850.01413696966,14973.878360000024,14900.254
2025-03-31 16:00:00,15024.172,14817.918,14771.903972338683,14748.79284500001,14778.912
2025-03-31 17:00:00,15006.251,15024.172,15021.495949673881,15037.787334999999,15097.854
2025-03-31 18:00:00,15049.691,15006.251,14809.618561336274,14968.953380000012,14956.219
2025-03-31 19:00:00,15172.34,15049.691,14827.878316811324,14957.982785000002,15009.24
2025-03-31 20:00:00,14817.583,15172.34,14927.932703972336,15080.322604999987,14852.832
2025-03-31 21:00:00,14211.097,14817.583,14275.746970480377,14329.789804999993,14193.528
2025-03-31 22:00:00,13545.165,14211.097,13538.665740078222,13650.315490000006,13670.866
2025-03-31 23:00:00,13153.743,13545.165,13126.390143805796,13045.634330000008,13018.583
2025-04-01 00:00:00,12943.622,13153.743,12926.261490393934,12922.583175000009,12974.64
2025-04-01 01:00:00,12873.661,12943.622,12855.789799382894,12830.590765000015,12911.142
2025-04-01 02:00:00,12908.306,12873.661,12908.18450169997,12868.18393999999,12890.014
2025-04-01 03:00:00,13220.865,12908.306,13044.765372639704,13209.172240000004,13229.354
2025-04-01 04:00:00,13907.212,13220.865,13544.742579607928,13751.477025000007,13887.23
2025-04-01 05:00:00,15017.342,13907.212,14443.65711906932,14579.019955000009,14816.971
2025-04-01 06:00:00,15618.042,15017.342,15754.675738813694,15589.195299999987,15634.436
2025-04-01 07:00:00,15728.499,15618.042,15801.33352797433,15970.479140000016,15822.043
2025-04-01 08:00:00,15503.648,15728.499,15668.148216197895,15591.276149999998,15515.433
2025-04-01 09:00:00,15376.463,15503.648,15320.102142337408,15168.542474999991,15254.4375
2025-04-01 10:00:00,15119.936000000002,15376.463,15315.352369893499,15225.374699999991,15128.497
2025-04-01 11:00:00,14844.778,15119.936000000002,15039.84885304924,14863.95323,14923.5205
2025-04-01 12:00:00,14685.449,14844.778,14798.67437278971,14658.509990000013,14620.522
2025-04-01 13:00:00,14311.07,14685.449,14721.250162554232,14528.466249999998,14469.774
2025-04-01 14:00:00,14005.872,14311.07,14237.21092292512,14048.50016499999,14191.576
2025-04-01 15:00:00,13817.998,14005.872,13970.425467246165,13739.371219999997,13835.81
2025-04-01 16:00:00,13895.552,13817.998,13825.298114385501,13720.230990000016,13903.84
2025-04-01 17:00:00,14135.208,13895.552,13994.828358123841,14108.511825000012,14108.818
2025-04-01 18:00:00,14489.256,14135.208,14236.078664318164,14370.683065000001,14376.668
2025-04-01 19:00:00,15054.563999999998,14489.256,14550.070906935558,14554.994384999995,14691.87
2025-04-01 20:00:00,14868.05,15054.563999999998,15117.792325430279,15371.732440000025,15068.558
2025-04-01 21:00:00,14274.964,14868.05,14427.976939238994,14564.127710000008,14335.183
2025-04-01 22:00:00,13764.052,14274.964,13606.312099872737,13674.678870000002,13665.893
2025-04-01 23:00:00,13457.794,13764.052,13422.563281095026,13377.91895999999,13358.306
2025-04-02 00:00:00,13360.253,13457.794,13255.65659044416,13262.220580000005,13226.971
2025-04-02 01:00:00,13220.734,13360.253,13301.546318150291,13254.267605000001,13211.809
2025-04-02 02:00:00,13330.703,13220.734,13172.178033085014,13165.484025000003,13175.577
2025-04-02 03:00:00,13667.691,13330.703,13458.369075002869,13623.775679999993,13596.584
2025-04-02 04:00:00,14178.287,13667.691,13945.629386741133,14283.158379999986,14393.036
2025-04-02 05:00:00,15167.715,14178.287,14562.787981024681,14659.519714999997,14953.716
2025-04-02 06:00:00,15687.121,15167.715,15800.924514479086,15962.811655000012,15879.506
2025-04-02 07:00:00,15683.217,15687.121,15787.311981171171,15846.871770000022,15782.564
2025-04-02 08:00:00,15529.968,15683.217,15518.971950492472,15531.679940000009,15460.399
2025-04-02 09:00:00,15306.336,15529.968,15339.508986495164,15318.444285000001,15387.548
2025-04-02 10:00:00,15215.822,15306.336,15135.551978624813,15092.678445,15128.856
2025-04-02 11:00:00,14977.7,15215.822,15173.027789222826,15043.187460000012,15051.84
2025-04-02 12:00:00,15015.649,14977.7,14894.830042967496,14875.840229999998,14809.1045
2025-04-02 13:00:00,14882.262,15015.649,15116.581635240367,15100.915515000015,14927.636
2025-04-02 14:00:00,14861.616,14882.262,14942.900025026058,14730.666084999993,14782.712
2025-04-02 15:00:00,14831.571,14861.616,15017.429253398375,14919.123800000018,15013.431
2025-04-02 16:00:00,14909.962,14831.571,14912.627935103705,14888.487730000019,14898.857
2025-04-02 17:00:00,15009.065,14909.962,15005.490291486918,15149.679585000009,15026.124
2025-04-02 18:00:00,15125.8,15009.065,15045.500699803357,15207.304975000001,15145.257
2025-04-02 19:00:00,15172.64,15125.8,15015.213837698619,15212.867189999997,15109.081
2025-04-02 20:00:00,14881.198,15172.64,14928.567522660845,15089.968125000005,14866.204
2025-04-02 21:00:00,14104.049,14881.198,14459.879964176615,14470.880669999995,14278.337
2025-04-02 22:00:00,13454.595,14104.049,13424.790551407434,13254.942160000008,13280.04
2025-04-02 23:00:00,12957.329,13454.595,13145.674089999966,12991.580985000017,12878.285
2025-04-03 00:00:00,12571.887,12957.329,12771.314574308428,12551.798999999999,12539.474
2025-04-03 01:00:00,12244.475,12571.887,12452.804646989678,12270.013024999998,12234.515
2025-04-03 02:00:00,12129.556,12244.475,12201.207650908627,12102.794865000002,12088.486
2025-04-03 03:00:00,12199.409,12129.556,12263.713476969278,12899.836984999994,12125.303
2025-04-03 04:00:00,12762.416,12199.409,12476.259318799706,12506.683480000005,12580.287
2025-04-03 05:00:00,13619.787,12762.416,13336.400946069516,13504.762394999996,13643.66
2025-04-03 06:00:00,14119.795,13619.787,14350.942400174561,14282.815520000013,14275.217
2025-04-03 07:00:00,14348.154,14119.795,14384.733205511391,14449.570955000005,14424.545
2025-04-03 08:00:00,14431.342,14348.154,14471.36972600782,14556.470495000007,14480.662
2025-04-03 09:00:00,14507.636,14431.342,14513.637832784887,14563.763710000001,14494.774
2025-04-03 10:00:00,14469.988,14507.636,14628.371714475046,14561.647030000002,14528.825
2025-04-03 11:00:00,14491.371,14469.988,14557.19165901454,14403.071455000005,14451.913
2025-04-03 12:00:00,14502.381,14491.371,14623.17333620309,14559.718115000005,14539.03
2025-04-03 13:00:00,14383.925,14502.381,14635.362774176054,14516.372815,14428.74
2025-04-03 14:00:00,14413.008000000002,14383.925,14462.36765901325,14315.926790000014,14335.307
2025-04-03 15:00:00,14536.464,14413.008000000002,14545.1783965476,14481.98362999999,14595.828
2025-04-03 16:00:00,14515.621,14536.464,14659.941168923378,14633.599884999996,14686.835
2025-04-03 17:00:00,14565.83,14515.621,14479.550510784144,14434.587014999996,14563.683
2025-04-03 18:00:00,14576.706000000002,14565.83,14494.48191359119,14620.770190000005,14611.043
2025-04-03 19:00:00,14771.244,14576.706000000002,14383.850137242714,14460.214699999988,14472.037
2025-04-03 20:00:00,14465.728,14771.244,14591.743612684397,14636.023855000009,14491.512
2025-04-03 21:00:00,13859.801,14465.728,13933.000663407174,13952.033790000001,13780.375
2025-04-03 22:00:00,13187.114,13859.801,13162.592255763973,13304.500755000005,13152.983
2025-04-03 23:00:00,12658.043999999998,13187.114,12737.280322689296,12677.090600000014,12599.181
2025-04-04 00:00:00,12452.538,12658.043999999998,12331.464692438552,12269.165629999994,12157.299
2025-04-04 01:00:00,12281.227,12452.538,12348.49501005039,12404.003674999994,12341.628
2025-04-04 02:00:00,12204.793,12281.227,12235.863701621993,12201.663650000008,12210.567
2025-04-04 03:00:00,12286.698,12204.793,12261.225555684854,12332.159620000006,12415.634
2025-04-04 04:00:00,12822.507,12286.698,12479.98117482605,12557.222075000009,12628.353
2025-04-04 05:00:00,13678.85,12822.507,13294.186995167027,13512.337915000007,13598.447
2025-04-04 06:00:00,14270.721,13678.85,14315.299548176963,14198.429365000007,14258.346
2025-04-04 07:00:00,14484.685,14270.721,14496.975846357776,14584.265555000002,14559.395
2025-04-04 08:00:00,14528.004,14484.685,14519.467139403443,14621.872355000007,14529.461
2025-04-04 09:00:00,14601.642,14528.004,14512.221243963058,14593.663259999992,14504.82
2025-04-04 10:00:00,14538.891,14601.642,14645.251822776705,14604.199019999998,14533.766
2025-04-04 11:00:00,14536.409,14538.891,14539.984867510133,14444.872465000008,14419.206
2025-04-04 12:00:00,14481.145,14536.409,14594.307647887494,14506.337520000008,14440.197
2025-04-04 13:00:00,14433.136,14481.145,14515.169949847774,14374.216760000003,14374.619
2025-04-04 14:00:00,14359.015,14433.136,14461.064051538588,14335.83484000001,14388.456
2025-04-04 15:00:00,14462.232,14359.015,14348.648005871444,14320.596595000005,14382.666
2025-04-04 16:00:00,14440.412,14462.232,14501.910139369422,14520.267894999999,14492.981
2025-04-04 17:00:00,14456.217,14440.412,14344.754629222603,14358.734515000004,14443.552
2025-04-04 18:00:00,14418.305,14456.217,14313.823553926915,14479.24819999999,14486.302
2025-04-04 19:00:00,14618.695,14418.305,14175.355349719308,14333.971485000004,14344.474
2025-04-04 20:00:00,14277.609,14618.695,14430.12032489964,14550.550794999997,14420.509
2025-04-04 21:00:00,13752.35,14277.609,13732.579402045452,13800.66097,13652.577
2025-04-04 22:00:00,13207.458,13752.35,13105.477340703625,13252.752725,13168.853
2025-04-04 23:00:00,12717.6,13207.458,12822.687388535089,12805.255400000016,12677.302
2025-04-05 00:00:00,12342.536,12717.6,12362.094013268144,12334.646415000007,12219.388
2025-04-05 01:00:00,12077.207,12342.536,12099.039706719053,12053.761550000005,11984.801
2025-04-05 02:00:00,11957.844,12077.207,11948.907745090532,11944.541260000005,11938.669
2025-04-05 03:00:00,11846.633,11957.844,11966.323780934095,11988.50564500002,11926.437
2025-04-05 04:00:00,12067.514,11846.633,11921.423601515313,11929.927565000015,11873.363
2025-04-05 05:00:00,12344.865,12067.514,12380.204025740146,12565.969289999997,12396.597
2025-04-05 06:00:00,12623.512,12344.865,12721.70899734673,12841.779750000002,12782.353
2025-04-05 07:00:00,13013.356,12623.512,12790.668311181247,13025.999020000005,12981.694
2025-04-05 08:00:00,13372.231,13013.356,13279.841043308023,13398.182340000001,13322.944
2025-04-05 09:00:00,13601.416,13372.231,13616.939595235366,13623.976465000007,13552.64
2025-04-05 10:00:00,13738.273,13601.416,13790.90856505881,13751.736465000002,13674.968
2025-04-05 11:00:00,13938.365,13738.273,13893.83259759564,13774.533525000003,13818.0
2025-04-05 12:00:00,14013.895,13938.365,14132.099833710003,14087.705620000012,13965.935
2025-04-05 13:00:00,14014.378,14013.895,14127.909916868393,14039.414079999999,13969.555
2025-04-05 14:00:00,14173.554,14014.378,14063.418767083887,13995.675194999994,13957.254
2025-04-05 15:00:00,14305.119,14173.554,14271.263852261858,14279.31111,14243.74
2025-04-05 16:00:00,14320.726,14305.119,14327.0581824352,14414.845744999999,14385.282
2025-04-05 17:00:00,14270.118,14320.726,14199.241638944486,14267.976075000004,14276.565
2025-04-05 18:00:00,14107.86,14270.118,14040.761279093924,14218.453885,14216.834
2025-04-05 19:00:00,14267.525,14107.86,13749.541146549514,13989.822835000004,13967.27
2025-04-05 20:00:00,13923.425,14267.525,14014.104519101627,14166.930504999998,14033.456
2025-04-05 21:00:00,13467.949,13923.425,13340.680289039208,13399.844399999987,13353.073
2025-04-05 22:00:00,12923.152999999998,13467.949,12820.848458354774,13088.798809999993,12957.33
2025-04-05 23:00:00,12482.195,12923.152999999998,12493.808353739785,12442.985155000002,12273.7705
2025-04-06 00:00:00,12219.684,12482.195,12140.933612622222,12154.474989999999,11982.671
2025-04-06 01:00:00,11971.729,12219.684,12019.664196595972,12124.131195,11938.817
2025-04-06 02:00:00,11839.639,11971.729,11826.763902392402,11851.731905,11948.556
2025-04-06 03:00:00,11891.574,11839.639,11816.33213009633,11860.873085000012,11754.761
2025-04-06 04:00:00,12036.352,11891.574,12024.549974027144,12195.991110000008,12155.489
2025-04-06 05:00:00,12259.41,12036.352,12268.90651395696,12400.086114999998,12309.531
2025-04-06 06:00:00,12548.189,12259.41,12581.21411574477,12684.471574999996,12597.398
2025-04-06 07:00:00,13047.014,12548.189,12707.8382347975,12956.849909999999,12885.846
2025-04-06 08:00:00,13414.653,13047.014,13353.982455160598,13476.434095000011,13322.411
2025-04-06 09:00:00,13604.76,13414.653,13665.687339123862,13649.493680000007,13555.495
2025-04-06 10:00:00,13811.988,13604.76,13778.455203158477,13769.003704999992,13605.602
2025-04-06 11:00:00,13965.46,13811.988,14016.17372776703,13932.338830000008,13862.806
2025-04-06 12:00:00,14049.506,13965.46,14135.651626568128,14167.239575,14005.594
2025-04-06 13:00:00,14085.283,14049.506,14168.014751457651,13991.311645000003,14007.248
2025-04-06 14:00:00,13979.971,14085.283,14154.010100584053,14027.875974999997,14015.136
2025-04-06 15:00:00,14148.096,13979.971,13937.471023726153,13883.230370000007,13968.276
2025-04-06 16:00:00,14395.939,14148.096,14206.80223361179,14233.953320000006,14215.357
2025-04-06 17:00:00,14333.82,14395.939,14416.089800511485,14446.784269999996,14534.876
2025-04-06 18:00:00,14664.874,14333.82,14103.87275500719,14212.18634000001,14346.5625
2025-04-06 19:00:00,14810.494,14664.874,14574.77802054158,14768.654325000018,14850.53
2025-04-06 20:00:00,14539.929,14810.494,14526.438435127575,14738.02607000001,14581.143
2025-04-06 21:00:00,14064.142,14539.929,13978.109903528588,14124.003020000006,14087.911
2025-04-06 22:00:00,13669.364,14064.142,13382.536847128571,13629.477685000023,13605.018
2025-04-06 23:00:00,13332.433,13669.364,13295.733932334764,13346.73388499998,13417.523
2025-04-07 00:00:00,13201.518,13332.433,13111.937747146158,13107.056315000005,13195.865
2025-04-07 01:00:00,13097.170999999998,13201.518,13128.945883620176,13132.417665000004,13110.545
2025-04-07 02:00:00,13190.458,13097.170999999998,13075.770455662203,13028.430070000011,13022.399
2025-04-07 03:00:00,13461.39,13190.458,13317.879276759992,13459.150739999985,13459.46
2025-04-07 04:00:00,14126.482,13461.39,13730.787563935753,13750.48021000001,13991.6455
2025-04-07 05:00:00,15201.8,14126.482,14635.255077995012,14624.677335000004,14952.598
2025-04-07 06:00:00,15763.673,15201.8,15923.132865914498,15935.452865000008,15912.405
2025-04-07 07:00:00,15887.551,15763.673,15940.627796907325,16043.99381000002,15873.816
2025-04-07 08:00:00,15793.452,15887.551,15848.129927352466,15872.24981,15669.931
2025-04-07 09:00:00,15569.241999999998,15793.452,15680.204620903269,15653.783784999983,15721.209
2025-04-07 10:00:00,15435.086,15569.241999999998,15430.256905989763,15220.58484,15334.22
2025-04-07 11:00:00,15332.805,15435.086,15387.632103993994,15291.3243,15339.09
2025-04-07 12:00:00,15045.762,15332.805,15325.515660845507,15241.841650000002,15184.607
2025-04-07 13:00:00,14914.344,15045.762,14955.733476200536,14774.116164999989,14806.607
2025-04-07 14:00:00,14705.626,14914.344,14916.840158863466,14748.624154999985,14779.355
2025-04-07 15:00:00,14662.985,14705.626,14653.24793406527,14616.751519999993,14749.355
2025-04-07 16:00:00,14902.22,14662.985,14671.854093939757,14716.961435000007,14786.917
2025-04-07 17:00:00,15046.486,14902.22,14999.214660053925,14914.658540000002,15008.027
2025-04-07 18:00:00,15132.367,15046.486,15004.106923692521,15211.907844999994,15246.061
2025-04-07 19:00:00,15496.057,15132.367,14986.258327876278,15180.152869999989,15132.645
2025-04-07 20:00:00,15277.913,15496.057,15419.347708127263,15659.107444999989,15377.698
2025-04-07 21:00:00,14707.849,15277.913,14823.641122795203,14992.22039,14803.152
2025-04-07 22:00:00,14203.552,14707.849,14057.890085655397,14305.491119999995,14103.499
2025-04-07 23:00:00,13827.298,14203.552,13878.80808433686,13775.230189999991,13820.049
2025-04-08 00:00:00,13789.93,13827.298,13613.067724315417,13672.70048999999,13734.725
2025-04-08 01:00:00,13691.273,13789.93,13807.247448652926,13963.117059999997,13838.052
2025-04-08 02:00:00,13911.665,13691.273,13710.010437831488,13704.32330999999,13680.385
2025-04-08 03:00:00,14277.593,13911.665,14163.626979989343,14336.921475000017,14337.247
2025-04-08 04:00:00,15099.205,14277.593,14673.168964204868,14746.634805000002,14960.781
2025-04-08 05:00:00,16231.761,15099.205,15774.306871575463,16001.813425000006,16238.28
2025-04-08 06:00:00,16815.879,16231.761,17049.245165597305,16933.550294999994,17008.957
2025-04-08 07:00:00,16718.486,16815.879,17062.460347848762,16991.64135500001,16865.973
2025-04-08 08:00:00,16455.273,16718.486,16615.948750502248,16645.67747000002,16308.143
2025-04-08 09:00:00,16167.157,16455.273,16304.967977462571,16159.985385000013,16124.41
2025-04-08 10:00:00,15794.475,16167.157,16059.775189775759,15796.364670000012,15752.191
2025-04-08 11:00:00,15628.616,15794.475,15686.250670776686,15410.741310000003,15509.392
2025-04-08 12:00:00,15370.443,15628.616,15661.182041114716,15428.242165000003,15495.293
2025-04-08 13:00:00,15049.759,15370.443,15358.159993941726,15126.484649999991,15079.043
2025-04-08 14:00:00,14715.5,15049.759,15006.767950648209,14768.557294999991,14851.868
2025-04-08 15:00:00,14547.099,14715.5,14654.91744509231,14472.36064999999,14695.994
2025-04-08 16:00:00,14655.651000000002,14547.099,14557.528877243429,14508.953699999985,14637.83
2025-04-08 17:00:00,14908.299,14655.651000000002,14764.049651553216,14741.971674999997,14835.2295
2025-04-08 18:00:00,15302.68,14908.299,15011.02452387085,15013.453999999987,15096.899
2025-04-08 19:00:00,16003.08,15302.68,15383.29819452442,15673.70095500001,15605.075
2025-04-08 20:00:00,15935.112,16003.08,16141.661681359114,16373.088050000002,16110.53
2025-04-08 21:00:00,15524.856,15935.112,15561.824442022309,15805.237925000005,15617.417
2025-04-08 22:00:00,15000.28,15524.856,14948.167212667537,15202.350260000005,15090.432
2025-04-08 23:00:00,14769.094,15000.28,14635.648317781874,14560.087089999995,14620.537
2025-04-09 00:00:00,14756.793,14769.094,14605.823469793047,14581.101594999991,14632.367
2025-04-09 01:00:00,14704.077,14756.793,14741.893847484207,14817.988295000003,14826.171
2025-04-09 02:00:00,14882.835,14704.077,14692.488058768604,14749.28029999999,14813.367
2025-04-09 03:00:00,15294.191,14882.835,15031.816334356838,15244.477459999975,15333.399
2025-04-09 04:00:00,16057.589,15294.191,15591.945995458673,15861.249595000016,16044.035
2025-04-09 05:00:00,17164.871,16057.589,16548.499988049207,16876.73839000001,17078.488
2025-04-09 06:00:00,17688.444,17164.871,17805.141701607805,17857.21636499999,17817.47
2025-04-09 07:00:00,17280.801,17688.444,17738.210458213976,17696.073545000003,17496.068
2025-04-09 08:00:00,16611.029,17280.801,16851.58278318517,16741.790879999997,16600.389
2025-04-09 09:00:00,15989.887,16611.029,16131.622486958888,15998.505029999975,15968.444
2025-04-09 10:00:00,15488.173,15989.887,15631.850379018637,15359.70240500002,15429.262
2025-04-09 11:00:00,15242.065,15488.173,15279.1073349742,15120.063295000005,15217.922
2025-04-09 12:00:00,14929.017,15242.065,15225.600839919034,15069.160890000008,15046.166
2025-04-09 13:00:00,14783.198,14929.017,14900.995000861672,14707.947805000005,14664.234
2025-04-09 14:00:00,14737.431,14783.198,14855.855962066302,14661.40479499999,14659.621
2025-04-09 15:00:00,14740.431,14737.431,14845.853568112385,14781.996199999996,14926.269
2025-04-09 16:00:00,14824.46,14740.431,14830.89902268214,14865.797035000001,14917.254
2025-04-09 17:00:00,14957.735,14824.46,14899.085146675285,15142.643309999992,15077.636
2025-04-09 18:00:00,15279.804,14957.735,14981.660438939381,15216.954540000004,15148.925
2025-04-09 19:00:00,15574.926,15279.804,15313.79846518742,15679.806985000007,15491.689
2025-04-09 20:00:00,15269.393,15574.926,15489.893129905271,15824.562945000018,15544.912
2025-04-09 21:00:00,14672.446,15269.393,14804.554754407045,14908.534084999998,14799.58
2025-04-09 22:00:00,14083.242,14672.446,14043.563159730465,14255.790120000009,14086.022
2025-04-09 23:00:00,13659.706,14083.242,13733.343405477182,13605.381180000011,13707.558
2025-04-10 00:00:00,13528.369,13659.706,13429.16647585968,13393.953270000016,13418.026
2025-04-10 01:00:00,13489.836,13528.369,13486.131985053788,13506.781315000002,13497.2
2025-04-10 02:00:00,13470.181,13489.836,13522.013689435533,13609.850079999995,13577.419
2025-04-10 03:00:00,13669.357,13470.181,13545.501936910312,13693.863024999991,13752.3545
2025-04-10 04:00:00,14261.051,13669.357,13899.354768324545,14018.558035000004,14041.619
2025-04-10 05:00:00,15293.81,14261.051,14713.318394039181,15174.957994999988,15190.878
2025-04-10 06:00:00,15808.581,15293.81,15954.259378959372,15978.582384999998,15951.357
2025-04-10 07:00:00,15930.098,15808.581,15904.826804040704,16012.1884,15937.87
2025-04-10 08:00:00,15688.861,15930.098,15830.700061470045,15821.771435,15661.433
2025-04-10 09:00:00,15601.341,15688.861,15439.510738942377,15440.752920000006,15331.6875
2025-04-10 10:00:00,15377.5,15601.341,15497.365034292972,15471.88985500001,15503.897
2025-04-10 11:00:00,15111.553,15377.5,15246.835927235174,15115.740514999987,15128.627
2025-04-10 12:00:00,14949.49,15111.553,15007.295965078276,14899.282750000011,14865.609
2025-04-10 13:00:00,14776.411,14949.49,14933.398654274453,14790.666049999993,14677.385
2025-04-10 14:00:00,14622.899,14776.411,14762.033899632499,14646.387585000002,14650.17
2025-04-10 15:00:00,14472.013,14622.899,14611.000968665618,14524.34236,14595.72
2025-04-10 16:00:00,14482.846,14472.013,14433.947607532844,14384.911599999994,14441.403
2025-04-10 17:00:00,14482.978,14482.846,14479.798018045954,14584.27042999999,14554.675
2025-04-10 18:00:00,14689.762,14482.978,14401.249773873406,14575.95778999999,14552.853
2025-04-10 19:00:00,15148.803,14689.762,14634.629354835342,14869.49455999999,14797.324
2025-04-10 20:00:00,14947.916,15148.803,15133.95745839164,15243.91528000001,15104.573
2025-04-10 21:00:00,14433.97,14947.916,14501.495282933653,14662.94426,14430.041
2025-04-10 22:00:00,13871.638,14433.97,13808.881727696482,13934.783219999985,13884.329
2025-04-10 23:00:00,13504.207,13871.638,13500.269772724698,13326.304810000016,13380.026
2025-04-11 00:00:00,13331.632,13504.207,13276.986772342569,13294.845185000006,13349.312
2025-04-11 01:00:00,13225.414,13331.632,13244.95101288312,13255.06284500001,13257.503
2025-04-11 02:00:00,13283.3,13225.414,13210.909101356752,13205.479554999996,13208.006
2025-04-11 03:00:00,13499.53,13283.3,13398.06073756396,13594.711424999992,13474.163
2025-04-11 04:00:00,14006.637,13499.53,13735.743159545154,13921.038770000001,13935.308
2025-04-11 05:00:00,15185.592,14006.637,14421.969060136944,14484.251559999988,14784.207
2025-04-11 06:00:00,15628.58,15185.592,15943.794908028203,15811.30848,15652.491
2025-04-11 07:00:00,15996.258,15628.58,15704.80396062917,15853.704399999999,15731.833
2025-04-11 08:00:00,15896.89,15996.258,16049.926697370953,16190.504054999992,16061.454
2025-04-11 09:00:00,15966.127,15896.89,15733.93024563836,15778.600019999987,15722.478
2025-04-11 10:00:00,15821.133,15966.127,15941.075425539568,15804.192704999985,15831.52
2025-04-11 11:00:00,15701.332,15821.133,15710.141134316706,15669.934510000008,15618.708
2025-04-11 12:00:00,15569.585,15701.332,15631.738636918815,15488.804665000009,15527.903
2025-04-11 13:00:00,15239.849,15569.585,15503.33413398823,15408.473785000006,15377.6045
2025-04-11 14:00:00,15204.922,15239.849,15072.664427165397,14900.939429999993,14931.114
2025-04-11 15:00:00,15251.92,15204.922,15191.494021737828,15162.505364999995,15282.845
2025-04-11 16:00:00,15238.13,15251.92,15236.68290967181,15216.341165000002,15430.141
2025-04-11 17:00:00,15185.512,15238.13,15131.272472503391,15114.567175000002,15195.449
2025-04-11 18:00:00,15330.791,15185.512,14996.56141117671,15086.01980500001,15192.076
2025-04-11 19:00:00,15473.073,15330.791,15179.43195517644,15501.343049999998,15403.447
2025-04-11 20:00:00,15388.901,15473.073,15241.235569172452,15535.74394999999,15330.977
2025-04-11 21:00:00,14901.809,15388.901,14983.069441566144,15261.077915,15024.324
2025-04-11 22:00:00,14405.475,14901.809,14274.837157511734,14507.016064999982,14435.852
2025-04-11 23:00:00,14027.993,14405.475,14055.584891275405,13944.096810000006,14054.935
2025-04-12 00:00:00,13831.945,14027.993,13743.662659388941,13832.056809999996,13814.939
2025-04-12 01:00:00,13658.906,13831.945,13691.002088763933,13714.604310000002,13736.236
2025-04-12 02:00:00,13768.414,13658.906,13577.524135184209,13564.958769999987,13554.539
2025-04-12 03:00:00,13976.696,13768.414,13887.053130283583,13987.992115000003,14056.565
2025-04-12 04:00:00,14227.955,13976.696,14184.082160287207,14419.568570000012,14311.361
2025-04-12 05:00:00,14705.154,14227.955,14497.995295291166,14598.360275000001,14626.931
2025-04-12 06:00:00,15070.881,14705.154,15123.84591514465,15321.73953000001,15179.529
2025-04-12 07:00:00,15229.878,15070.881,15206.0875191436,15484.398690000018,15435.315
2025-04-12 08:00:00,15051.205,15229.878,15266.657775736288,15484.466400000007,15344.997
2025-04-12 09:00:00,14855.608,15051.205,14924.137431475643,14916.37705499999,14874.897
2025-04-12 10:00:00,14447.798,14855.608,14751.492663337409,14670.564949999998,14608.541
2025-04-12 11:00:00,14196.937,14447.798,14275.44790630967,14100.154944999977,14087.217
2025-04-12 12:00:00,13890.712,14196.937,14161.474735146772,13952.653449999993,13933.617
2025-04-12 13:00:00,13640.844,13890.712,13851.459209101324,13635.07084499999,13585.915
2025-04-12 14:00:00,13427.012,13640.844,13645.251238981247,13441.529839999996,13432.183
2025-04-12 15:00:00,13427.109,13427.012,13443.166356051517,13323.156229999999,13343.879
2025-04-12 16:00:00,13434.044,13427.109,13524.222515169546,13493.256164999992,13543.116
2025-04-12 17:00:00,13488.652,13434.044,13470.176214092571,13504.940034999992,13529.345
2025-04-12 18:00:00,13618.571,13488.652,13477.235344138933,13614.372329999998,13637.94
2025-04-12 19:00:00,14067.295,13618.571,13563.255986641254,13804.058379999993,13886.713
2025-04-12 20:00:00,14272.063,14067.295,14086.815545625632,14379.947445,14069.484
2025-04-12 21:00:00,13970.895,14272.063,14059.386648463906,14390.367134999997,14165.998
2025-04-12 22:00:00,13547.612,13970.895,13434.278852636142,13599.756219999987,13539.048
2025-04-12 23:00:00,13420.576,13547.612,13205.43307362567,13273.52277,13296.341
2025-04-13 00:00:00,13309.7,13420.576,13257.768095703092,13320.120595000017,13313.256
2025-04-13 01:00:00,13446.381,13309.7,13173.910503223198,13206.780684999996,13159.2295
2025-04-13 02:00:00,13482.526,13446.381,13467.442864050914,13713.704624999997,13538.645
2025-04-13 03:00:00,13743.961,13482.526,13478.574547941209,13625.696090000005,13619.552
2025-04-13 04:00:00,13953.418,13743.961,13905.63286666089,14077.343315000011,14115.714
2025-04-13 05:00:00,14348.485,13953.418,14126.152092524693,14271.512345000012,14256.43
2025-04-13 06:00:00,14606.825,14348.485,14653.338833965938,14627.772280000008,14746.802
2025-04-13 07:00:00,14797.446,14606.825,14619.864292240467,14707.923695,14690.261
2025-04-13 08:00:00,14388.153,14797.446,14787.045903104357,14798.956790000015,14703.135
2025-04-13 09:00:00,13946.499,14388.153,14093.867397845597,14052.649664999986,13968.832
2025-04-13 10:00:00,13475.336,13946.499,13703.355006104386,13524.788915,13487.3
2025-04-13 11:00:00,13235.684,13475.336,13291.658065852609,13218.915205000012,13149.336
2025-04-13 12:00:00,12978.528,13235.684,13239.45599690369,13144.553009999998,13166.344
2025-04-13 13:00:00,12714.231,12978.528,13004.237802044656,12795.814839999997,12923.501
2025-04-13 14:00:00,12756.477,12714.231,12749.756113474126,12503.753774999997,12556.211
2025-04-13 15:00:00,12804.573,12756.477,12945.13987397651,12853.384059999997,12887.636
2025-04-13 16:00:00,12973.538,12804.573,12945.57677635785,12999.062374999994,12994.5
2025-04-13 17:00:00,13054.496,12973.538,13110.585849568257,13103.452634999985,13215.674
2025-04-13 18:00:00,13380.0,13054.496,13056.438155277809,13221.564119999995,13302.305
2025-04-13 19:00:00,13805.96,13380.0,13421.445130976668,13589.927930000013,13572.482
2025-04-13 20:00:00,13626.936,13805.96,13787.91818878017,13885.786124999999,13703.898
2025-04-13 21:00:00,13142.872,13626.936,13190.352352698228,13279.796734999998,13122.259
2025-04-13 22:00:00,12750.767,13142.872,12521.100586110668,12683.322505000004,12590.14
2025-04-13 23:00:00,12474.080999999998,12750.767,12440.511158578829,12422.622524999999,12316.8955
2025-04-14 00:00:00,12336.886,12474.080999999998,12332.82719521581,12723.82742000001,12401.678
2025-04-14 01:00:00,12315.099,12336.886,12295.353554579604,12288.436175000006,12196.839
2025-04-14 02:00:00,12405.302,12315.099,12359.849753319037,12378.857849999986,12404.805
2025-04-14 03:00:00,12748.019,12405.302,12539.569638688028,12604.393060000004,12651.641
2025-04-14 04:00:00,13308.067,12748.019,13038.114913024623,13169.560170000006,13227.243
2025-04-14 05:00:00,14255.489,13308.067,13722.067427342346,13826.546400000001,13883.072
2025-04-14 06:00:00,14829.141,14255.489,14864.255866766109,14881.275884999985,14825.722
2025-04-14 07:00:00,14806.959,14829.141,14964.225291232699,15009.13885000002,14960.078
2025-04-14 08:00:00,14608.295,14806.959,14642.468389106962,14643.660290000007,14599.043
2025-04-14 09:00:00,14487.458,14608.295,14428.925046569024,14394.689075000008,14433.992
2025-04-14 10:00:00,14490.393,14487.458,14435.314434889686,14317.64368999999,14315.486
2025-04-14 11:00:00,14444.53,14490.393,14567.960038043551,14465.339215,14461.878
2025-04-14 12:00:00,14500.043,14444.53,14538.838154132914,14370.972849999993,14466.909
2025-04-14 13:00:00,14429.995,14500.043,14671.5883752064,14550.820530000003,14502.802
2025-04-14 14:00:00,14464.999,14429.995,14529.526175623108,14373.07166499999,14434.005
2025-04-14 15:00:00,14585.39,14464.999,14613.948026801558,14485.819309999993,14636.635
2025-04-14 16:00:00,14633.747,14585.39,14738.585626764703,14720.122745000008,14738.795
2025-04-14 17:00:00,14706.146,14633.747,14626.358751484237,14641.178310000007,14683.947
2025-04-14 18:00:00,14693.97,14706.146,14634.443528775773,14680.747375000014,14679.607
2025-04-14 19:00:00,14856.452,14693.97,14497.247803740314,14517.267389999999,14651.699
2025-04-14 20:00:00,14534.328,14856.452,14674.667357825972,14835.87817,14630.342
2025-04-14 21:00:00,13607.953,14534.328,14038.83579637165,13921.155105000005,13804.036
2025-04-14 22:00:00,12986.377,13607.953,12791.777656077475,12813.213159999987,12839.448
2025-04-14 23:00:00,12451.15,12986.377,12636.008713110217,12506.309039999986,12430.98
2025-04-15 00:00:00,12180.325,12451.15,12186.734583987498,12001.553879999998,12019.934
2025-04-15 01:00:00,11930.951,12180.325,12109.593070175664,12058.652615000006,12041.446
2025-04-15 02:00:00,11884.156,11930.951,11918.701154208733,11782.455144999996,11965.013
2025-04-15 03:00:00,12237.694,11884.156,12036.236511740115,11944.747700000025,12063.97
2025-04-15 04:00:00,12770.181,12237.694,12642.834170924472,12878.518355,12943.033
2025-04-15 05:00:00,13814.384,12770.181,13284.387160700046,13450.899240000013,13671.962
2025-04-15 06:00:00,14359.986,13814.384,14587.51620735778,14320.192185000004,14345.916
2025-04-15 07:00:00,14526.216,14359.986,14585.66856245547,14593.251785000004,14522.791
2025-04-15 08:00:00,14595.397,14526.216,14562.335293892049,14647.813885000012,14602.503
2025-04-15 09:00:00,14662.824,14595.397,14622.235058020951,14622.113255,14584.8545
2025-04-15 10:00:00,14720.317,14662.824,14727.792975827262,14649.34786500001,14623.45
2025-04-15 11:00:00,14649.331,14720.317,14810.620044291318,14749.043185000022,14707.634
2025-04-15 12:00:00,14658.429,14649.331,14687.376540977724,14586.178485000015,14546.502
2025-04-15 13:00:00,14685.547,14658.429,14748.742752999988,14604.061370000018,14524.68
2025-04-15 14:00:00,14589.74,14685.547,14763.313472193355,14670.197080000013,14674.459
2025-04-15 15:00:00,14605.583,14589.74,14570.106269957898,14510.470365000005,14596.261
2025-04-15 16:00:00,14755.728,14605.583,14606.101413016759,14598.661855000004,14707.06
2025-04-15 17:00:00,14846.009,14755.728,14763.158796159278,14745.248295000014,14808.214
2025-04-15 18:00:00,14945.17,14846.009,14741.149930828218,14973.36247,14895.346
2025-04-15 19:00:00,15171.985,14945.17,14769.499656373413,14937.705789999985,14865.563
2025-04-15 20:00:00,14990.588,15171.985,14987.524878370028,15043.060129999998,14880.924
2025-04-15 21:00:00,14265.169,14990.588,14521.202544887074,14619.823830000016,14437.689
2025-04-15 22:00:00,13765.043,14265.169,13507.796013107045,13612.188784999997,13600.367
2025-04-15 23:00:00,13424.717,13765.043,13427.733299890335,13330.821784999996,13388.349
2025-04-16 00:00:00,13195.959,13424.717,13202.102372381203,13230.297470000012,13264.483
2025-04-16 01:00:00,13180.896,13195.959,13062.093068693228,13132.096740000019,13101.07
2025-04-16 02:00:00,13209.879,13180.896,13204.364559267535,13302.497810000006,13284.772
2025-04-16 03:00:00,13502.468,13209.879,13305.930318946497,13504.395249999994,13459.004
2025-04-16 04:00:00,14109.604,13502.468,13784.65963539325,14143.986105000013,14162.073
2025-04-16 05:00:00,15070.701,14109.604,14583.553209685726,15062.90668000001,15146.924
2025-04-16 06:00:00,15522.786,15070.701,15725.90564618706,15892.784305000021,15812.445
2025-04-16 07:00:00,15375.991999999998,15522.786,15642.155628691411,15836.003060000008,15712.338
2025-04-16 08:00:00,15017.602,15375.991999999998,15201.087149253402,15208.630439999994,15244.14
2025-04-16 09:00:00,14799.295,15017.602,14785.439858264746,14646.245599999998,14685.032
2025-04-16 10:00:00,14618.672,14799.295,14715.645349880337,14635.770104999996,14642.116
2025-04-16 11:00:00,14339.692,14618.672,14606.498115192906,14469.894535000001,14449.312
2025-04-16 12:00:00,14126.279,14339.692,14314.60522287845,14125.51410999998,14122.894
2025-04-16 13:00:00,13842.527,14126.279,14163.82651181982,13941.447274999993,13965.462
2025-04-16 14:00:00,13529.84,13842.527,13850.144373395313,13614.782264999994,13637.972
2025-04-16 15:00:00,13490.125,13529.84,13521.14966990403,13282.055635000004,13517.509
2025-04-16 16:00:00,13564.973,13490.125,13604.371572470052,13585.708994999986,13631.014
2025-04-16 17:00:00,13706.352,13564.973,13678.558026408266,13767.645770000001,13823.366
2025-04-16 18:00:00,13938.177,13706.352,13774.631148080021,13914.801670000013,14041.742
2025-04-16 19:00:00,14498.171,13938.177,13964.095539528744,14145.844684999996,14164.66
2025-04-16 20:00:00,14559.346,14498.171,14597.978747439693,14629.296734999984,14592.637
2025-04-16 21:00:00,13975.7,14559.346,14286.850413489514,14550.776309999987,14251.901
2025-04-16 22:00:00,13512.608,13975.7,13330.662696995943,13454.223595000014,13416.144
2025-04-16 23:00:00,13348.27,13512.608,13212.229275180189,13231.525680000004,13236.408
2025-04-17 00:00:00,13169.925,13348.27,13236.25088972088,13265.571265000017,13255.987
2025-04-17 01:00:00,13207.109,13169.925,13078.779152920406,13110.465625,13131.945
2025-04-17 02:00:00,13412.597,13207.109,13267.429998692069,13409.011869999993,13310.151
2025-04-17 03:00:00,13820.657,13412.597,13589.637907876177,13834.801140000007,13748.423
2025-04-17 04:00:00,14634.877,13820.657,14131.160773382548,14298.305244999978,14502.859
2025-04-17 05:00:00,15677.744,14634.877,15170.923498770222,15535.277284999984,15597.836
2025-04-17 06:00:00,16199.694,15677.744,16311.555732730463,16293.5289,16169.691
2025-04-17 07:00:00,15906.227,16199.694,16282.391842045217,16424.481109999997,16306.403
2025-04-17 08:00:00,15286.119,15906.227,15562.051473805634,15548.611054999987,15529.8955
2025-04-17 09:00:00,14842.934,15286.119,14844.408640691263,14693.118100000003,14895.254
2025-04-17 10:00:00,14524.804,14842.934,14585.59028878207,14505.25402500001,14517.078
2025-04-17 11:00:00,14339.748,14524.804,14406.239360092204,14239.644984999994,14240.716
2025-04-17 12:00:00,14150.008,14339.748,14343.853436428575,14143.518744999978,14234.371
2025-04-17 13:00:00,14014.4,14150.008,14178.306143804964,13978.177695000004,14019.647
2025-04-17 14:00:00,13758.373,14014.4,14081.017005381414,13976.33044,13929.751
2025-04-17 15:00:00,13897.212,13758.373,13753.439489103323,13623.532375000012,13770.509
2025-04-17 16:00:00,14016.881,13897.212,14075.592114172785,14036.95129500001,14177.091
2025-04-17 17:00:00,14035.433,14016.881,14111.384807314129,14238.433600000004,14229.933
2025-04-17 18:00:00,13946.159,14035.433,13998.226329279327,14217.16667,14220.696
2025-04-17 19:00:00,14198.297,13946.159,13779.23116185718,13961.820640000013,14024.743
2025-04-17 20:00:00,14039.47,14198.297,14137.72124193161,14338.655460000007,14157.052
2025-04-17 21:00:00,13441.281,14039.47,13678.91378536773,13896.265714999996,13606.079
2025-04-17 22:00:00,12790.605,13441.281,12827.35328423252,12924.23383000001,12811.52
2025-04-17 23:00:00,12334.174,12790.605,12428.78478410827,12277.732845000022,12226.826
2025-04-18 00:00:00,12089.31,12334.174,12115.24704546909,12066.247819999988,12028.708
2025-04-18 01:00:00,11968.103,12089.31,12026.41092140326,11993.414915000005,12164.087
2025-04-18 02:00:00,11911.376,11968.103,12010.495505614417,11995.124930000009,11927.08
2025-04-18 03:00:00,12045.577,11911.376,12028.695513394203,12005.51951500002,11994.242
2025-04-18 04:00:00,12520.191,12045.577,12307.863253893627,12437.579515000001,12460.548
2025-04-18 05:00:00,13208.363,12520.191,12989.812337937668,13167.40579500001,13269.562
2025-04-18 06:00:00,13677.573,13208.363,13788.564141295657,13955.635564999999,13796.601
2025-04-18 07:00:00,13683.687,13677.573,13880.529043202432,13981.038945,13749.4375
2025-04-18 08:00:00,13737.617,13683.687,13659.309105076558,13796.43146,13583.23
2025-04-18 09:00:00,13608.907,13737.617,13804.312371833132,13856.206820000005,13769.86
2025-04-18 10:00:00,13589.291,13608.907,13651.320096238705,13501.770105000014,13463.182
2025-04-18 11:00:00,13691.058,13589.291,13762.788294992526,13593.428964999986,13624.634
2025-04-18 12:00:00,13700.8,13691.058,13966.720518217531,13689.734265000003,13858.121
2025-04-18 13:00:00,13765.285,13700.8,13938.037524026546,13658.623329999991,13755.406
2025-04-18 14:00:00,14019.222,13765.285,14019.978957149002,13739.367405,13861.817
2025-04-18 15:00:00,14211.969,14019.222,14334.577794116385,14173.220550000013,14154.499
2025-04-18 16:00:00,14369.85,14211.969,14417.370843020912,14315.622589999995,14409.452
2025-04-18 17:00:00,14284.179,14369.85,14468.525741601941,14485.012759999985,14484.829
2025-04-18 18:00:00,14073.371,14284.179,14165.558978953934,14379.135974999992,14329.666
2025-04-18 19:00:00,14221.493,14073.371,13817.81850279814,13892.927190000024,13979.468
2025-04-18 20:00:00,13909.513,14221.493,14086.852101991044,14153.546290000011,14066.696
2025-04-18 21:00:00,13379.197,13909.513,13476.67862474807,13362.431675000002,13329.32
2025-04-18 22:00:00,12828.366,13379.197,12802.203365950223,12892.459215000017,12797.501
2025-04-18 23:00:00,12296.551,12828.366,12518.39443975284,12382.052329999999,12281.688
2025-04-19 00:00:00,11837.214,12296.551,12000.556060696546,11836.608164999998,11856.201
2025-04-19 01:00:00,11524.917,11837.214,11639.910052288484,11572.570990000022,11549.139
2025-04-19 02:00:00,11391.144,11524.917,11462.508747375274,11297.440749999994,11280.295
2025-04-19 03:00:00,11293.276,11391.144,11483.908458812459,11434.463594999988,11396.609
2025-04-19 04:00:00,11371.608,11293.276,11469.093809512264,11348.684104999988,11361.737
2025-04-19 05:00:00,11521.013,11371.608,11695.57470230265,11669.734680000003,11683.5625
2025-04-19 06:00:00,11713.791,11521.013,11925.371506342046,11859.738135000009,11886.327
2025-04-19 07:00:00,12414.951,11713.791,11936.019018974646,12168.868219999998,12253.431
2025-04-19 08:00:00,12854.358,12414.951,12933.845614629445,13214.203295000005,12970.441
2025-04-19 09:00:00,13276.596,12854.358,13247.015119791855,13146.520859999995,13322.84
2025-04-19 10:00:00,13611.269,13276.596,13678.464606734313,13643.20434999999,13680.418
2025-04-19 11:00:00,13676.102,13611.269,13967.15390321462,13898.732920000013,13940.454
2025-04-19 12:00:00,13813.667,13676.102,13885.107965089288,13668.238935000007,13699.803
2025-04-19 13:00:00,14076.105,13813.667,14044.799707644837,13882.804915,14012.247
2025-04-19 14:00:00,14244.722,14076.105,14329.337968603922,14446.496635000016,14337.609
2025-04-19 15:00:00,14384.104,14244.722,14411.701623377683,14393.759725000002,14472.66
2025-04-19 16:00:00,14347.839,14384.104,14474.504329956197,14511.776929999984,14559.014
2025-04-19 17:00:00,14229.41,14347.839,14242.297430453686,14357.269834999994,14304.487
2025-04-19 18:00:00,13918.815,14229.41,14002.728072817059,14236.843410000012,14182.009
2025-04-19 19:00:00,14023.496,13918.815,13531.353848377063,13575.580645000007,13702.337
2025-04-19 20:00:00,13772.789,14023.496,13795.697285113987,14070.317709999985,13737.236
2025-04-19 21:00:00,13188.634,13772.789,13269.650977626472,13442.69432,13214.773
2025-04-19 22:00:00,12484.917,13188.634,12485.907393118676,12562.381720000014,12454.329
2025-04-19 23:00:00,11883.069,12484.917,11997.43003784356,11982.29245499998,11917.096
2025-04-20 00:00:00,11365.737,11883.069,11499.214636460196,11392.089599999992,11408.647
2025-04-20 01:00:00,11074.271,11365.737,11090.654986946658,11155.556965000002,11165.776
2025-04-20 02:00:00,10830.186,11074.271,10989.803196336019,10927.822270000002,10926.558
2025-04-20 03:00:00,10887.702,10830.186,10836.675047066186,10927.062544999999,10891.669
2025-04-20 04:00:00,11052.042,10887.702,11123.039297671343,11164.376869999993,10968.4795
2025-04-20 05:00:00,11151.589,11052.042,11393.872672161346,11340.541864999996,11305.128
2025-04-20 06:00:00,11510.605,11151.589,11509.354804131408,11518.09536500001,11387.285
2025-04-20 07:00:00,12092.338,11510.605,11809.256502012864,11893.100129999995,11945.83
2025-04-20 08:00:00,12459.137,12092.338,12523.177810209418,12892.171890000009,12627.584
2025-04-20 09:00:00,12613.663,12459.137,12767.447780810071,12786.524269999994,12707.894
2025-04-20 10:00:00,12834.903,12613.663,12819.2820080715,12777.57556,12631.332
2025-04-20 11:00:00,13080.057,12834.903,13091.641532091153,13137.765010000005,12997.858
2025-04-20 12:00:00,13130.812,13080.057,13347.192329814883,13340.880889999995,13236.807
2025-04-20 13:00:00,13239.572,13130.812,13279.60245743628,13210.563545,13179.537
2025-04-20 14:00:00,13496.221,13239.572,13401.307632016054,13341.85515,13284.448
2025-04-20 15:00:00,13638.919000000002,13496.221,13691.678853481088,13634.5978,13818.927
2025-04-20 16:00:00,13772.678,13638.919000000002,13702.272396067287,13779.640279999994,13837.6875
2025-04-20 17:00:00,13842.781,13772.678,13757.714255778119,13811.236665000008,13889.313
2025-04-20 18:00:00,13822.471999999998,13842.781,13709.765899734002,13819.750045000015,13830.759
2025-04-20 19:00:00,14096.293,13822.471999999998,13556.097533895623,13914.713954999994,13791.233
2025-04-20 20:00:00,13944.462,14096.293,13899.21833955035,14267.43396500001,13864.383
2025-04-20 21:00:00,13293.098,13944.462,13439.440320506297,13604.37646000001,13362.024
2025-04-20 22:00:00,12620.686,13293.098,12501.783781875902,12673.181395000003,12510.848
2025-04-20 23:00:00,12068.777,12620.686,12102.578204037469,12070.359595000004,12040.082
2025-04-21 00:00:00,11753.309,12068.777,11757.258275395769,11704.59352499999,11679.974
2025-04-21 01:00:00,11482.521,11753.309,11625.391049312564,11514.00970999999,11454.695
2025-04-21 02:00:00,11443.491,11482.521,11432.074030994852,11361.234234999998,11292.283
2025-04-21 03:00:00,11802.236,11443.491,11573.775558920986,11618.252255000001,11595.157
2025-04-21 04:00:00,12345.406,11802.236,12184.439592428716,12304.332254999992,12450.126
2025-04-21 05:00:00,13167.938,12345.406,12845.699370132934,13279.419320000003,13311.651
2025-04-21 06:00:00,13802.42,13167.938,13827.448223491456,13822.466169999996,13741.835
2025-04-21 07:00:00,14215.073,13802.42,14109.491778942242,14086.931885000013,14110.777
2025-04-21 08:00:00,14506.469,14215.073,14414.512649733322,14494.086365000006,14526.776
2025-04-21 09:00:00,14775.954,14506.469,14657.134846623483,14726.573975000021,14721.051
2025-04-21 10:00:00,14989.061,14775.954,14948.728769394382,14884.865490000006,14974.375
2025-04-21 11:00:00,15196.96,14989.061,15154.8059106444,15139.964759999997,15135.098
2025-04-21 12:00:00,15266.535,15196.96,15369.176473469433,15275.440094999993,15297.241
2025-04-21 13:00:00,15277.602,15266.535,15369.720727730388,15298.644289999995,15254.411
2025-04-21 14:00:00,15175.542,15277.602,15332.250435454733,15219.101545000009,15216.412
2025-04-21 15:00:00,15068.052,15175.542,15154.766469146167,15086.551769999995,15155.598
2025-04-21 16:00:00,15051.729,15068.052,15021.263016395409,14969.350765000005,15026.3
2025-04-21 17:00:00,15027.876,15051.729,15010.06587943426,15022.577110000006,15029.714
2025-04-21 18:00:00,14952.85,15027.876,14911.62667492895,14982.470695000015,14973.87
2025-04-21 19:00:00,14947.439,14952.85,14730.824351147425,14786.377634999999,14879.627
2025-04-21 20:00:00,14667.869,14947.439,14683.551076512998,14796.758615000013,14545.877
2025-04-21 21:00:00,13884.301,14667.869,14176.247970105243,14090.757180000004,13933.278
2025-04-21 22:00:00,13072.099,13884.301,13114.049292419302,13051.454364999978,13118.466
2025-04-21 23:00:00,12485.346,13072.099,12586.534690082935,12381.759649999989,12411.7
2025-04-22 00:00:00,12172.206,12485.346,12180.678317652093,12013.600429999991,12020.764
2025-04-22 01:00:00,11987.91,12172.206,12073.591620686742,11987.343809999997,11877.0205
2025-04-22 02:00:00,11921.066,11987.91,12008.573698255994,11914.501760000006,11920.226
2025-04-22 03:00:00,12072.029,11921.066,12057.346671187119,12002.277565000004,12031.437
2025-04-22 04:00:00,12568.095,12072.029,12374.919670831561,12554.395509999995,12510.931
2025-04-22 05:00:00,13537.917,12568.095,13088.097198520532,13293.218575000004,13367.352
2025-04-22 06:00:00,13961.795,13537.917,14309.670185938841,14102.224055000015,14111.922
2025-04-22 07:00:00,14111.84,13961.795,14170.311171806554,14292.952560000003,14277.017
2025-04-22 08:00:00,14074.984,14111.84,14192.996464958564,14320.470974999998,14277.025
2025-04-22 09:00:00,14277.785,14074.984,14098.118289034253,14123.891865000003,14118.873
2025-04-22 10:00:00,14392.626,14277.785,14473.338290178868,14505.298110000014,14477.052
2025-04-22 11:00:00,14401.478,14392.626,14556.755420967736,14554.699455000009,14458.029
2025-04-22 12:00:00,14490.84,14401.478,14519.958163505653,14364.355284999992,14355.304
2025-04-22 13:00:00,14437.777,14490.84,14653.378234496147,14547.50549,14466.451
2025-04-22 14:00:00,14418.458,14437.777,14506.427129121872,14348.731795000005,14401.777
2025-04-22 15:00:00,14538.603,14418.458,14481.407501316302,14427.27357000001,14471.9795
2025-04-22 16:00:00,14607.994,14538.603,14627.839442906175,14597.002034999998,14592.339
2025-04-22 17:00:00,14650.841,14607.994,14601.37200398759,14608.304450000012,14613.542
2025-04-22 18:00:00,14671.144,14650.841,14553.992970272662,14623.711815000015,14652.402
2025-04-22 19:00:00,14764.643,14671.144,14483.90646251547,14542.961870000006,14584.14
2025-04-22 20:00:00,14445.992,14764.643,14529.351412428714,14678.765860000018,14462.276
2025-04-22 21:00:00,13735.637,14445.992,13926.134776935547,13862.434594999999,13718.179
2025-04-22 22:00:00,12892.271,13735.637,13003.430379777463,13094.609490000008,12960.529
2025-04-22 23:00:00,12435.217,12892.271,12386.815914781617,12276.448214999993,12290.616
2025-04-23 00:00:00,12066.254,12435.217,12193.841645330365,12149.13135999999,12089.462
2025-04-23 01:00:00,11809.302,12066.254,11920.6043388067,11813.28056000001,11794.105
2025-04-23 02:00:00,11754.431,11809.302,11780.238762872963,11647.495239999993,11625.603
2025-04-23 03:00:00,11982.138,11754.431,11890.546673190842,11898.949525000018,11936.415
2025-04-23 04:00:00,12606.74,11982.138,12315.835002707616,12557.647459999996,12610.744
2025-04-23 05:00:00,13532.33,12606.74,13173.943802698253,13545.492464999981,13525.652
2025-04-23 06:00:00,14081.424,13532.33,14244.67418402856,14196.679295000022,14164.161
2025-04-23 07:00:00,14241.86,14081.424,14319.542679515182,14371.207804999996,14344.595
2025-04-23 08:00:00,14223.513,14241.86,14280.510877939105,14448.652240000003,14388.538
2025-04-23 09:00:00,14360.396,14223.513,14212.436041276895,14241.216455000003,14245.423
2025-04-23 10:00:00,14323.136,14360.396,14488.705268068446,14500.236795,14475.603
2025-04-23 11:00:00,14490.263,14323.136,14403.601090193019,14321.397360000004,14314.08
2025-04-23 12:00:00,14675.522,14490.263,14717.842348358789,14676.849450000002,14693.054
2025-04-23 13:00:00,14904.699,14675.522,14913.147008228463,14783.67457000001,14792.555
2025-04-23 14:00:00,15051.007,14904.699,15140.464825031439,14897.87040500001,15009.467
2025-04-23 15:00:00,15406.405,15051.007,15195.807885686425,15110.592604999996,15255.822
2025-04-23 16:00:00,15757.276,15406.405,15599.311417676117,15618.236804999988,15655.716
2025-04-23 17:00:00,15822.27,15757.276,15849.665656356343,16017.18493499997,15794.124
2025-04-23 18:00:00,15616.175,15822.27,15666.094987289496,15760.037519999989,15628.081
2025-04-23 19:00:00,15575.384,15616.175,15241.645749295147,15244.793355000003,15291.856
2025-04-23 20:00:00,15143.347,15575.384,15205.289069428334,15377.786369999998,15218.05
2025-04-23 21:00:00,14301.549,15143.347,14508.423981502565,14651.763815000008,14305.272
2025-04-23 22:00:00,13354.448,14301.549,13451.731244852528,13407.442020000015,13393.477
2025-04-23 23:00:00,12709.852,13354.448,12757.487441228313,12644.828864999998,12605.9
2025-04-24 00:00:00,12209.945,12709.852,12346.891011681464,12244.002925000019,12219.395
2025-04-24 01:00:00,11921.886,12209.945,11992.16650717715,11862.353635,11868.393
2025-04-24 02:00:00,11852.36,11921.886,11887.138501183104,11729.019369999995,11679.054
2025-04-24 03:00:00,11989.468,11852.36,11992.71288045468,11954.71923000001,12016.024
2025-04-24 04:00:00,12504.609,11989.468,12287.768846628074,12496.75683,12451.856
2025-04-24 05:00:00,13362.801,12504.609,13034.93634806868,13238.27718,13195.102
2025-04-24 06:00:00,13903.552,13362.801,14069.756526826532,14054.529230000007,13907.588
2025-04-24 07:00:00,14166.29,13903.552,14172.466489674873,14242.923485,14223.337
2025-04-24 08:00:00,14307.469,14166.29,14298.164857779959,14494.350765000008,14429.385
2025-04-24 09:00:00,14478.222,14307.469,14419.635386042974,14498.593200000008,14492.643
2025-04-24 10:00:00,14715.263,14478.222,14654.734726721288,14680.165460000011,14623.786
2025-04-24 11:00:00,14993.966,14715.263,14964.342305832186,14859.837554999991,14926.108
2025-04-24 12:00:00,15378.468,14993.966,15287.16012294091,15280.988224999996,15262.115
2025-04-24 13:00:00,15613.224000000002,15378.468,15726.264792446094,15717.039859999997,15705.6875
2025-04-24 14:00:00,15932.431,15613.224000000002,15854.098833484792,15723.428055000002,15713.017
2025-04-24 15:00:00,16024.607,15932.431,16155.276346866824,16149.370419999961,16320.743
2025-04-24 16:00:00,16120.91,16024.607,16033.144059779293,15883.181464999996,16020.622
2025-04-24 17:00:00,15988.511,16120.91,16062.088570581267,16011.187634999973,16030.336
2025-04-24 18:00:00,15550.174,15988.511,15690.129594550643,15804.57001000001,15710.822
2025-04-24 19:00:00,15443.27,15550.174,15023.25443229303,14986.8487,15040.265
2025-04-24 20:00:00,15233.782,15443.27,15054.170373304363,15146.435939999988,15184.963
2025-04-24 21:00:00,14407.823,15233.782,14749.605013226897,14797.266779999994,14513.161
2025-04-24 22:00:00,13522.187000000002,14407.823,13575.984585297801,13551.528285000008,13460.942
2025-04-24 23:00:00,12806.486,13522.187000000002,12962.134835629058,12666.771150000002,12694.225
2025-04-25 00:00:00,12399.017,12806.486,12406.916919536747,12272.341430000008,12242.715
2025-04-25 01:00:00,12141.366999999998,12399.017,12232.947177242935,12096.621959999993,12077.921
2025-04-25 02:00:00,11973.792,12141.366999999998,12111.237294618066,12410.24478000002,12093.407
2025-04-25 03:00:00,12106.583,11973.792,12050.5844093412,11945.194910000004,11982.852
2025-04-25 04:00:00,12546.556,12106.583,12400.556367738482,12516.91877500001,12470.995
2025-04-25 05:00:00,13463.247,12546.556,13035.869130351814,13277.471585000007,13237.695
2025-04-25 06:00:00,14133.073,13463.247,14200.485126429247,13981.674540000004,14003.618
2025-04-25 07:00:00,14394.137,14133.073,14461.138978867319,14640.625075000007,14540.142
2025-04-25 08:00:00,14456.297,14394.137,14505.391486085184,14607.10094000001,14537.067
2025-04-25 09:00:00,14720.424,14456.297,14509.35150209765,14547.672089999984,14448.67
2025-04-25 10:00:00,14916.569,14720.424,14926.585370986002,14922.363744999997,14897.376
2025-04-25 11:00:00,15105.774,14916.569,15114.713159235473,15071.518570000004,15054.996
2025-04-25 12:00:00,15362.589,15105.774,15317.74786743611,15294.633785000005,15274.83
2025-04-25 13:00:00,15526.074,15362.589,15605.602153348455,15479.959164999986,15460.647
2025-04-25 14:00:00,15265.915,15526.074,15687.293697171657,15605.236034999998,15592.236
2025-04-25 15:00:00,15231.828,15265.915,15107.524179698008,14943.143965000005,15023.401
2025-04-25 16:00:00,15222.074,15231.828,15165.422267928998,15136.841090000004,15175.587
2025-04-25 17:00:00,14952.008,15222.074,15128.419030626732,15091.924685000007,15138.763
2025-04-25 18:00:00,14682.685,14952.008,14665.500988083379,14841.207199999999,14773.531
2025-04-25 19:00:00,14689.571,14682.685,14325.751522888779,14439.521054999994,14442.475
2025-04-25 20:00:00,14409.379,14689.571,14415.893833837943,14448.679924999995,14339.164
2025-04-25 21:00:00,13739.495,14409.379,13929.318095061066,13829.705884999987,13769.27
2025-04-25 22:00:00,12896.291,13739.495,13046.260597232245,12996.12303499999,12855.599
2025-04-25 23:00:00,12359.581,12896.291,12404.559374864484,12303.665684999996,12248.651
2025-04-26 00:00:00,11916.032,12359.581,12056.27036283526,11920.592774999992,11919.703
2025-04-26 01:00:00,11695.636,11916.032,11720.437160951386,11611.081365000016,11553.686
2025-04-26 02:00:00,11475.325,11695.636,11677.222835705277,11624.614204999996,11506.779
2025-04-26 03:00:00,11496.105,11475.325,11513.60574406119,11472.559514999997,11289.965
2025-04-26 04:00:00,11644.85,11496.105,11723.361928963779,11794.047264999994,11707.477
2025-04-26 05:00:00,11905.047,11644.85,11984.603038719086,12082.083860000004,12031.315
2025-04-26 06:00:00,12114.858,11905.047,12333.35649586581,12289.81176,12306.21
2025-04-26 07:00:00,12564.794,12114.858,12301.657485496746,12581.907910000018,12472.59
2025-04-26 08:00:00,12990.16,12564.794,12911.20000055636,12988.968760000002,12962.997
2025-04-26 09:00:00,13217.995,12990.16,13328.630075602923,13408.416019999997,13300.29
2025-04-26 10:00:00,13374.175,13217.995,13454.102072074764,13382.658535000006,13330.874
2025-04-26 11:00:00,13301.533,13374.175,13580.313478002214,13656.797085,13373.961
2025-04-26 12:00:00,13218.245,13301.533,13389.679031853506,13269.047170000002,13202.121
2025-04-26 13:00:00,13155.112,13218.245,13306.206573229474,13193.825025000004,13082.7
2025-04-26 14:00:00,13089.919,13155.112,13241.434575047384,12990.066634999997,13003.376
2025-04-26 15:00:00,13185.887,13089.919,13146.613505990466,12986.210385000006,13014.245
2025-04-26 16:00:00,13234.534,13185.887,13278.97678219709,13353.636275000015,13293.956
2025-04-26 17:00:00,13175.348999999998,13234.534,13227.076419345973,13348.97183,13219.562
2025-04-26 18:00:00,13282.339,13175.348999999998,13034.327309676377,13027.080455000005,13125.619
2025-04-26 19:00:00,13264.556,13282.339,13152.414203665567,13399.729710000012,13273.975
2025-04-26 20:00:00,13159.349,13264.556,12982.918449363502,13228.698234999996,13059.783
2025-04-26 21:00:00,12712.855,13159.349,12769.443727555614,12999.753695000007,12734.935
2025-04-26 22:00:00,12283.888,12712.855,12111.026893812415,12178.008040000012,12164.413
2025-04-26 23:00:00,11798.357,12283.888,11954.815735221793,11955.217375000006,11872.286
2025-04-27 00:00:00,11539.021,11798.357,11466.801662213804,11528.578195000011,11793.51
2025-04-27 01:00:00,11322.554,11539.021,11378.807917700771,11345.619979999994,11313.212
2025-04-27 02:00:00,11306.909,11322.554,11231.330644746075,11300.132635000009,11196.562
2025-04-27 03:00:00,11367.122,11306.909,11381.960097205074,11387.814714999997,11273.578
2025-04-27 04:00:00,11538.484,11367.122,11532.089596472937,11577.292014999999,11540.916
2025-04-27 05:00:00,11862.692,11538.484,11814.591423508575,11794.24645500001,11820.083
2025-04-27 06:00:00,12193.217,11862.692,12265.552742877111,12265.95895999999,12171.706
2025-04-27 07:00:00,12522.143,12193.217,12385.964772752883,12587.9597,12543.93
2025-04-27 08:00:00,12611.446,12522.143,12726.90892480374,12812.010340000004,12767.355
2025-04-27 09:00:00,12588.472,12611.446,12708.001064782278,12682.226674999998,12647.726
2025-04-27 10:00:00,12530.147,12588.472,12657.951989677205,12502.247685000011,12521.311
2025-04-27 11:00:00,12449.693,12530.147,12617.65818060943,12476.19846000001,12461.597
2025-04-27 12:00:00,12410.277,12449.693,12554.679224445037,12408.00222000001,12416.712
2025-04-27 13:00:00,12419.611,12410.277,12549.716280394196,12379.78844000001,12411.392
2025-04-27 14:00:00,12554.829,12419.611,12575.377277661906,12489.368125,12440.066
2025-04-27 15:00:00,12718.84,12554.829,12743.488709435338,12651.168579999998,12593.554
2025-04-27 16:00:00,13057.221,12718.84,12860.340954258256,12859.785914999988,12733.601
2025-04-27 17:00:00,13247.471,13057.221,13206.884091548636,13221.081024999996,13273.887
2025-04-27 18:00:00,13416.534,13247.471,13215.44763196127,13302.586475000004,13341.273
2025-04-27 19:00:00,13745.21,13416.534,13276.72032134656,13484.722275000007,13401.376
2025-04-27 20:00:00,13667.463,13745.21,13590.617526485728,13739.885124999997,13471.892
2025-04-27 21:00:00,13102.423,13667.463,13206.679064213053,13354.586740000008,13081.263
2025-04-27 22:00:00,12452.761,13102.423,12354.94497009795,12535.574495,12478.158
2025-04-27 23:00:00,12053.112,12452.761,11939.643163743873,11991.024099999988,11864.067
2025-04-28 00:00:00,11834.311000000002,12053.112,11808.374633953346,11767.761845000008,11682.374
2025-04-28 01:00:00,11840.493,11834.311000000002,11727.962751459441,11711.606745,11637.435
2025-04-28 02:00:00,11911.866,11840.493,11891.718664320908,11925.171755000007,11837.249
2025-04-28 03:00:00,12306.857,11911.866,12032.324864123908,12210.528365000007,12128.351
2025-04-28 04:00:00,12940.863,12306.857,12633.537667900317,12910.96651000001,13045.267
2025-04-28 05:00:00,13918.673,12940.863,13405.404000199596,13903.992575000004,13880.133
2025-04-28 06:00:00,14378.32,13918.673,14556.288453213165,14603.018574999978,14670.499
2025-04-28 07:00:00,14481.447,14378.32,14473.810268037001,14474.176805000012,14409.516
2025-04-28 08:00:00,14413.772,14481.447,14410.566683603714,14386.509140000007,14431.51
2025-04-28 09:00:00,14354.419,14413.772,14305.38873462313,14327.722674999979,14365.238
2025-04-28 10:00:00,14206.23,14354.419,14319.894906759795,14234.914480000001,14284.758
2025-04-28 11:00:00,14445.105,14206.23,14192.029936936222,14141.122724999996,14078.034
2025-04-28 12:00:00,14461.223,14445.105,14687.101823093793,14609.178014999994,14570.912
2025-04-28 13:00:00,14566.714,14461.223,14589.026683343827,14474.15585,14440.3545
2025-04-28 14:00:00,14724.141,14566.714,14742.982020140369,14669.59699,14658.781
2025-04-28 15:00:00,14936.95,14724.141,14900.167732062806,14867.177295000023,14897.388
2025-04-28 16:00:00,15333.996,14936.95,15087.930968051312,15062.232675000008,15090.776
2025-04-28 17:00:00,15517.552,15333.996,15499.481098630757,15651.641794999992,15523.19
2025-04-28 18:00:00,15473.035,15517.552,15462.238180720968,15542.622180000004,15547.241
2025-04-28 19:00:00,15429.473999999998,15473.035,15203.095174662396,15417.908244999991,15460.114
2025-04-28 20:00:00,15177.379,15429.473999999998,15078.631113275209,15362.43376,15057.694
2025-04-28 21:00:00,14409.15,15177.379,14665.982242892416,14683.749749999999,14502.292
2025-04-28 22:00:00,13387.351,14409.15,13613.57062232176,13546.297720000004,13505.013
2025-04-28 23:00:00,12700.634,13387.351,12761.70017544809,12618.160474999993,12594.064
2025-04-29 00:00:00,12228.887,12700.634,12333.724839145525,12220.13338500001,12165.23
2025-04-29 01:00:00,12053.595,12228.887,12047.608446520348,11948.293594999997,11889.268
2025-04-29 02:00:00,11897.307,12053.595,12091.492162536748,11964.786430000002,11916.672
2025-04-29 03:00:00,12103.567,11897.307,12000.152650467962,11901.652735000016,11950.622
2025-04-29 04:00:00,12670.266,12103.567,12457.066464385642,12593.470604999999,12668.835
2025-04-29 05:00:00,13608.433,12670.266,13242.366656074268,13478.553859999987,13587.718
2025-04-29 06:00:00,14213.238,13608.433,14368.036044232464,14263.379210000021,14156.096
2025-04-29 07:00:00,14474.155,14213.238,14516.917782139655,14608.601204999999,14707.212
2025-04-29 08:00:00,14652.105,14474.155,14607.99094814892,14684.646345000017,14629.195
2025-04-29 09:00:00,15039.547,14652.105,14803.398082153602,14815.246559999998,14870.272
2025-04-29 10:00:00,15445.631,15039.547,15341.42455772488,15373.061434999992,15381.823
2025-04-29 11:00:00,15802.949,15445.631,15766.600904772378,15804.083244999987,15723.902
2025-04-29 12:00:00,16175.495,15802.949,16108.341349838729,16066.331509999987,16093.502
2025-04-29 13:00:00,16302.989,16175.495,16453.594644265468,16325.087904999988,16495.96
2025-04-29 14:00:00,16026.245,16302.989,16405.696845488434,16350.714399999979,16422.506
2025-04-29 15:00:00,15873.515,16026.245,15909.365281243692,15602.581444999987,15562.901
2025-04-29 16:00:00,15774.875,15873.515,15755.10885694853,15681.592215000017,15712.977
2025-04-29 17:00:00,15903.918,15774.875,15643.583340533538,15628.023905000018,15632.39
2025-04-29 18:00:00,15669.138,15903.918,15859.087154560151,15830.404094999983,15756.811
2025-04-29 19:00:00,15562.939,15669.138,15321.39435883919,15454.131265000005,15289.25
2025-04-29 20:00:00,15098.966,15562.939,15206.764617271187,15259.828405000006,15285.86
2025-04-29 21:00:00,14230.856,15098.966,14497.520372965211,14575.339460000005,14351.701
2025-04-29 22:00:00,13252.546,14230.856,13423.364162235033,13462.113680000002,13295.136
2025-04-29 23:00:00,12554.45,13252.546,12700.380543051304,12515.805089999998,12537.362
2025-04-30 00:00:00,12149.76,12554.45,12228.299452478914,12051.589234999989,12116.314
2025-04-30 01:00:00,11900.881,12149.76,12045.288184432551,11856.345670000002,11905.674
2025-04-30 02:00:00,11693.461,11900.881,11928.349242615714,11773.675754999998,11918.564
2025-04-30 03:00:00,11804.429,11693.461,11798.926488707608,11680.647105000005,11689.493
2025-04-30 04:00:00,12345.893,11804.429,12135.757531075276,12242.474010000014,12206.548
2025-04-30 05:00:00,13189.708,12345.893,12936.118520702901,13199.770224999997,13235.96
2025-04-30 06:00:00,13755.869,13189.708,13934.484881579136,13635.090204999988,13674.455
2025-04-30 07:00:00,13932.763,13755.869,14086.09443777931,14295.728585000003,14057.334
2025-04-30 08:00:00,14044.61,13932.763,14065.419181852989,14147.881540000006,14128.076
2025-04-30 09:00:00,14164.218,14044.61,14178.639744952328,14224.104200000003,14233.057
2025-04-30 10:00:00,14592.214,14164.218,14339.101336686112,14346.909694999997,14299.255
2025-04-30 11:00:00,14688.054,14592.214,14946.099171872931,14851.197704999993,14865.942
2025-04-30 12:00:00,15131.111,14688.054,14852.317826901528,14724.372725000008,14698.265
2025-04-30 13:00:00,15332.003,15131.111,15467.03111169556,15441.165955000008,15324.234
2025-04-30 14:00:00,15470.287,15332.003,15488.63181797294,15393.863269999994,15433.131
2025-04-30 15:00:00,15562.221,15470.287,15544.16794180321,15496.988734999986,15547.143
2025-04-30 16:00:00,15717.1,15562.221,15553.544229272888,15517.179535000003,15519.199
2025-04-30 17:00:00,15658.764,15717.1,15677.945136570925,15592.717599999998,15657.632
2025-04-30 18:00:00,15471.12,15658.764,15427.174894481219,15457.951184999994,15510.857
2025-04-30 19:00:00,15415.869,15471.12,15117.331018208992,15127.881635000003,15229.96
2025-04-30 20:00:00,15211.573,15415.869,15061.85627910958,15262.49076,15030.109
2025-04-30 21:00:00,14197.577,15211.573,14709.206876210426,14782.900259999993,14415.545
2025-04-30 22:00:00,13244.943,14197.577,13257.457700488474,13302.310550000022,13249.108
