datetime,load_mw,temperature_2m,sin_hour,cos_hour
2024-01-01 00:00:00,13510.539,-0.4,0.0,1.0
2024-01-01 01:00:00,13392.585,-0.6,0.2588190451025207,0.9659258262890684
2024-01-01 02:00:00,13317.742000000002,-0.6,0.4999999999999999,0.8660254037844387
2024-01-01 03:00:00,13242.742,-0.6,0.7071067811865475,0.7071067811865476
2024-01-01 04:00:00,13392.619,-0.4,0.8660254037844386,0.5000000000000001
2024-01-01 05:00:00,13627.642,-0.3,0.9659258262890684,0.2588190451025207
2024-01-01 06:00:00,13913.028,-0.2,1.0,6.123233995736766e-17
2024-01-01 07:00:00,14168.748,0.1,0.9659258262890684,-0.2588190451025206
2024-01-01 08:00:00,14395.677,0.5,0.8660254037844387,-0.4999999999999998
2024-01-01 09:00:00,14644.527999999998,0.3,0.7071067811865476,-0.7071067811865475
2024-01-01 10:00:00,14909.753,0.6,0.4999999999999999,-0.8660254037844387
2024-01-01 11:00:00,15079.799,1.6,0.258819045102521,-0.9659258262890682
2024-01-01 12:00:00,14994.308,2.5,1.2246467991473532e-16,-1.0
2024-01-01 13:00:00,14942.49,2.8,-0.2588190451025208,-0.9659258262890684
2024-01-01 14:00:00,14917.384,3.1,-0.4999999999999998,-0.8660254037844388
2024-01-01 15:00:00,14973.373,3.3,-0.7071067811865471,-0.7071067811865479
2024-01-01 16:00:00,15280.621,3.1,-0.8660254037844384,-0.5000000000000004
2024-01-01 17:00:00,15763.771,2.8,-0.9659258262890684,-0.2588190451025206
2024-01-01 18:00:00,15923.941,2.3,-1.0,-1.8369701987210294e-16
2024-01-01 19:00:00,15777.828,1.8,-0.9659258262890684,0.2588190451025203
2024-01-01 20:00:00,15592.624,0.7,-0.8660254037844386,0.5000000000000001
2024-01-01 21:00:00,15388.283,1.0,-0.7071067811865477,0.7071067811865474
2024-01-01 22:00:00,14877.83,1.0,-0.5000000000000004,0.8660254037844384
2024-01-01 23:00:00,14489.973,1.0,-0.2588190451025215,0.965925826289068
2024-01-02 00:00:00,14199.585,0.9,0.0,1.0
2024-01-02 01:00:00,14069.113,0.6,0.2588190451025207,0.9659258262890684
2024-01-02 02:00:00,13952.937000000002,0.4,0.4999999999999999,0.8660254037844387
2024-01-02 03:00:00,14024.058,-0.1,0.7071067811865475,0.7071067811865476
2024-01-02 04:00:00,14316.627,-0.2,0.8660254037844386,0.5000000000000001
2024-01-02 05:00:00,14965.342,-0.8,0.9659258262890684,0.2588190451025207
2024-01-02 06:00:00,15972.572,-2.2,1.0,6.123233995736766e-17
2024-01-02 07:00:00,16703.847999999998,-2.8,0.9659258262890684,-0.2588190451025206
2024-01-02 08:00:00,16876.181,-3.3,0.8660254037844387,-0.4999999999999998
2024-01-02 09:00:00,16940.426,-0.4,0.7071067811865476,-0.7071067811865475
2024-01-02 10:00:00,17054.04,0.0,0.4999999999999999,-0.8660254037844387
2024-01-02 11:00:00,16898.59,1.0,0.258819045102521,-0.9659258262890682
2024-01-02 12:00:00,16756.127,2.0,1.2246467991473532e-16,-1.0
2024-01-02 13:00:00,16561.531,2.7,-0.2588190451025208,-0.9659258262890684
2024-01-02 14:00:00,16263.656,3.2,-0.4999999999999998,-0.8660254037844388
2024-01-02 15:00:00,16164.949,3.8,-0.7071067811865471,-0.7071067811865479
2024-01-02 16:00:00,16302.798,4.0,-0.8660254037844384,-0.5000000000000004
2024-01-02 17:00:00,16979.34,3.7,-0.9659258262890684,-0.2588190451025206
2024-01-02 18:00:00,17380.811999999998,2.5,-1.0,-1.8369701987210294e-16
2024-01-02 19:00:00,17414.775999999998,0.8,-0.9659258262890684,0.2588190451025203
2024-01-02 20:00:00,17306.393,0.5,-0.8660254037844386,0.5000000000000001
2024-01-02 21:00:00,17054.533,-0.9,-0.7071067811865477,0.7071067811865474
2024-01-02 22:00:00,16494.541,-1.6,-0.5000000000000004,0.8660254037844384
2024-01-02 23:00:00,16024.477,-2.2,-0.2588190451025215,0.965925826289068
2024-01-03 00:00:00,15651.858,-2.5,0.0,1.0
2024-01-03 01:00:00,15534.503,-2.8,0.2588190451025207,0.9659258262890684
2024-01-03 02:00:00,15505.227,-3.2,0.4999999999999999,0.8660254037844387
2024-01-03 03:00:00,15655.384,-3.4,0.7071067811865475,0.7071067811865476
2024-01-03 04:00:00,15952.017,-3.5,0.8660254037844386,0.5000000000000001
2024-01-03 05:00:00,16668.760000000002,-3.7,0.9659258262890684,0.2588190451025207
2024-01-03 06:00:00,17670.324,-3.8,1.0,6.123233995736766e-17
2024-01-03 07:00:00,18389.645,-3.7,0.9659258262890684,-0.2588190451025206
2024-01-03 08:00:00,18300.306,-4.1,0.8660254037844387,-0.4999999999999998
2024-01-03 09:00:00,17817.373,-3.6,0.7071067811865476,-0.7071067811865475
2024-01-03 10:00:00,17245.386,-2.2,0.4999999999999999,-0.8660254037844387
2024-01-03 11:00:00,16696.784,-0.4,0.258819045102521,-0.9659258262890682
2024-01-03 12:00:00,16342.181,1.2,1.2246467991473532e-16,-1.0
2024-01-03 13:00:00,16144.922,2.6,-0.2588190451025208,-0.9659258262890684
2024-01-03 14:00:00,15987.538,4.1,-0.4999999999999998,-0.8660254037844388
2024-01-03 15:00:00,16067.56,5.2,-0.7071067811865471,-0.7071067811865479
2024-01-03 16:00:00,16430.874,5.6,-0.8660254037844384,-0.5000000000000004
2024-01-03 17:00:00,16926.261,5.3,-0.9659258262890684,-0.2588190451025206
2024-01-03 18:00:00,17098.744,4.4,-1.0,-1.8369701987210294e-16
2024-01-03 19:00:00,17054.737,3.9,-0.9659258262890684,0.2588190451025203
2024-01-03 20:00:00,16948.488,3.6,-0.8660254037844386,0.5000000000000001
2024-01-03 21:00:00,16529.512,1.4,-0.7071067811865477,0.7071067811865474
2024-01-03 22:00:00,15910.444,0.6,-0.5000000000000004,0.8660254037844384
2024-01-03 23:00:00,15321.513,0.2,-0.2588190451025215,0.965925826289068
2024-01-04 00:00:00,15016.217,0.1,0.0,1.0
2024-01-04 01:00:00,14845.952,-0.2,0.2588190451025207,0.9659258262890684
2024-01-04 02:00:00,14638.26,-0.2,0.4999999999999999,0.8660254037844387
2024-01-04 03:00:00,14738.336,-0.1,0.7071067811865475,0.7071067811865476
2024-01-04 04:00:00,15014.825,0.2,0.8660254037844386,0.5000000000000001
2024-01-04 05:00:00,15698.927,0.4,0.9659258262890684,0.2588190451025207
2024-01-04 06:00:00,16650.801,0.3,1.0,6.123233995736766e-17
2024-01-04 07:00:00,17296.356,-0.2,0.9659258262890684,-0.2588190451025206
2024-01-04 08:00:00,17396.389000000003,-2.0,0.8660254037844387,-0.4999999999999998
2024-01-04 09:00:00,17308.832000000002,-1.7,0.7071067811865476,-0.7071067811865475
2024-01-04 10:00:00,17389.339,-1.3,0.4999999999999999,-0.8660254037844387
2024-01-04 11:00:00,17186.747,-1.1,0.258819045102521,-0.9659258262890682
2024-01-04 12:00:00,17009.504,-0.6,1.2246467991473532e-16,-1.0
2024-01-04 13:00:00,16965.319,-0.1,-0.2588190451025208,-0.9659258262890684
2024-01-04 14:00:00,16564.821,0.4,-0.4999999999999998,-0.8660254037844388
2024-01-04 15:00:00,16429.867,0.6,-0.7071067811865471,-0.7071067811865479
2024-01-04 16:00:00,16741.945,0.5,-0.8660254037844384,-0.5000000000000004
2024-01-04 17:00:00,17407.555,0.1,-0.9659258262890684,-0.2588190451025206
2024-01-04 18:00:00,17947.033,-1.5,-1.0,-1.8369701987210294e-16
2024-01-04 19:00:00,18040.685,-3.4,-0.9659258262890684,0.2588190451025203
2024-01-04 20:00:00,18037.744,-4.3,-0.8660254037844386,0.5000000000000001
2024-01-04 21:00:00,17789.512,-4.2,-0.7071067811865477,0.7071067811865474
2024-01-04 22:00:00,17404.535,-4.4,-0.5000000000000004,0.8660254037844384
2024-01-04 23:00:00,17009.974000000002,-5.1,-0.2588190451025215,0.965925826289068
2024-01-05 00:00:00,16804.112,-5.8,0.0,1.0
2024-01-05 01:00:00,16735.251,-5.8,0.2588190451025207,0.9659258262890684
2024-01-05 02:00:00,16834.185,-5.8,0.4999999999999999,0.8660254037844387
2024-01-05 03:00:00,17041.799,-6.1,0.7071067811865475,0.7071067811865476
2024-01-05 04:00:00,17394.58,-6.2,0.8660254037844386,0.5000000000000001
2024-01-05 05:00:00,18170.971,-6.1,0.9659258262890684,0.2588190451025207
2024-01-05 06:00:00,19209.606,-6.0,1.0,6.123233995736766e-17
2024-01-05 07:00:00,19879.812,-5.9,0.9659258262890684,-0.2588190451025206
2024-01-05 08:00:00,19796.752,-6.7,0.8660254037844387,-0.4999999999999998
2024-01-05 09:00:00,18984.423000000003,-6.4,0.7071067811865476,-0.7071067811865475
2024-01-05 10:00:00,18133.496,-4.8,0.4999999999999999,-0.8660254037844387
2024-01-05 11:00:00,17389.238,-2.5,0.258819045102521,-0.9659258262890682
2024-01-05 12:00:00,16851.57,-0.9,1.2246467991473532e-16,-1.0
2024-01-05 13:00:00,16314.459,0.4,-0.2588190451025208,-0.9659258262890684
2024-01-05 14:00:00,15909.764,1.4,-0.4999999999999998,-0.8660254037844388
2024-01-05 15:00:00,15676.423,2.0,-0.7071067811865471,-0.7071067811865479
2024-01-05 16:00:00,16118.298,2.3,-0.8660254037844384,-0.5000000000000004
2024-01-05 17:00:00,16884.16,1.9,-0.9659258262890684,-0.2588190451025206
2024-01-05 18:00:00,17185.467,1.1,-1.0,-1.8369701987210294e-16
2024-01-05 19:00:00,17182.201,-1.5,-0.9659258262890684,0.2588190451025203
2024-01-05 20:00:00,17050.431,-2.8,-0.8660254037844386,0.5000000000000001
2024-01-05 21:00:00,16792.578,-2.2,-0.7071067811865477,0.7071067811865474
2024-01-05 22:00:00,16284.493,-1.6,-0.5000000000000004,0.8660254037844384
2024-01-05 23:00:00,15673.622,-1.1,-0.2588190451025215,0.965925826289068
2024-01-06 00:00:00,15258.151,-1.1,0.0,1.0
2024-01-06 01:00:00,14958.813999999998,-0.9,0.2588190451025207,0.9659258262890684
2024-01-06 02:00:00,14818.367,-0.5,0.4999999999999999,0.8660254037844387
2024-01-06 03:00:00,14794.617,-0.3,0.7071067811865475,0.7071067811865476
2024-01-06 04:00:00,14801.361,-0.2,0.8660254037844386,0.5000000000000001
2024-01-06 05:00:00,14934.626,-0.2,0.9659258262890684,0.2588190451025207
2024-01-06 06:00:00,15366.695,-0.1,1.0,6.123233995736766e-17
2024-01-06 07:00:00,15795.89,-0.1,0.9659258262890684,-0.2588190451025206
2024-01-06 08:00:00,16097.652,-0.2,0.8660254037844387,-0.4999999999999998
2024-01-06 09:00:00,16344.567,-0.5,0.7071067811865476,-0.7071067811865475
2024-01-06 10:00:00,16685.094,-0.4,0.4999999999999999,-0.8660254037844387
2024-01-06 11:00:00,16644.804,-0.1,0.258819045102521,-0.9659258262890682
2024-01-06 12:00:00,16445.669,0.5,1.2246467991473532e-16,-1.0
2024-01-06 13:00:00,16157.889,0.8,-0.2588190451025208,-0.9659258262890684
2024-01-06 14:00:00,15851.946,1.5,-0.4999999999999998,-0.8660254037844388
2024-01-06 15:00:00,15685.234,2.3,-0.7071067811865471,-0.7071067811865479
2024-01-06 16:00:00,15739.975,3.2,-0.8660254037844384,-0.5000000000000004
2024-01-06 17:00:00,16168.219,3.0,-0.9659258262890684,-0.2588190451025206
2024-01-06 18:00:00,16161.867,2.4,-1.0,-1.8369701987210294e-16
2024-01-06 19:00:00,15974.227,1.9,-0.9659258262890684,0.2588190451025203
2024-01-06 20:00:00,15738.262,1.6,-0.8660254037844386,0.5000000000000001
2024-01-06 21:00:00,15490.282,0.9,-0.7071067811865477,0.7071067811865474
2024-01-06 22:00:00,14969.504,0.8,-0.5000000000000004,0.8660254037844384
2024-01-06 23:00:00,14549.222,0.8,-0.2588190451025215,0.965925826289068
2024-01-07 00:00:00,14200.251,0.7,0.0,1.0
2024-01-07 01:00:00,14030.158,0.4,0.2588190451025207,0.9659258262890684
2024-01-07 02:00:00,13933.807,0.4,0.4999999999999999,0.8660254037844387
2024-01-07 03:00:00,13853.914,0.2,0.7071067811865475,0.7071067811865476
2024-01-07 04:00:00,13911.892,0.6,0.8660254037844386,0.5000000000000001
2024-01-07 05:00:00,14118.318,0.5,0.9659258262890684,0.2588190451025207
2024-01-07 06:00:00,14485.42,0.5,1.0,6.123233995736766e-17
2024-01-07 07:00:00,14790.355,0.6,0.9659258262890684,-0.2588190451025206
2024-01-07 08:00:00,15055.359,0.6,0.8660254037844387,-0.4999999999999998
2024-01-07 09:00:00,15267.53,0.6,0.7071067811865476,-0.7071067811865475
2024-01-07 10:00:00,15331.632,1.1,0.4999999999999999,-0.8660254037844387
2024-01-07 11:00:00,15414.518,1.9,0.258819045102521,-0.9659258262890682
2024-01-07 12:00:00,15460.692,2.2,1.2246467991473532e-16,-1.0
2024-01-07 13:00:00,15434.028,2.3,-0.2588190451025208,-0.9659258262890684
2024-01-07 14:00:00,15450.852,2.8,-0.4999999999999998,-0.8660254037844388
2024-01-07 15:00:00,15457.204,2.8,-0.7071067811865471,-0.7071067811865479
2024-01-07 16:00:00,15827.628,3.0,-0.8660254037844384,-0.5000000000000004
2024-01-07 17:00:00,16479.863,2.5,-0.9659258262890684,-0.2588190451025206
2024-01-07 18:00:00,16584.808,2.2,-1.0,-1.8369701987210294e-16
2024-01-07 19:00:00,16459.708,1.8,-0.9659258262890684,0.2588190451025203
2024-01-07 20:00:00,16194.784,1.6,-0.8660254037844386,0.5000000000000001
2024-01-07 21:00:00,15710.485,0.9,-0.7071067811865477,0.7071067811865474
2024-01-07 22:00:00,15260.597,0.8,-0.5000000000000004,0.8660254037844384
2024-01-07 23:00:00,14832.815,0.3,-0.2588190451025215,0.965925826289068
2024-01-08 00:00:00,14619.841,-0.3,0.0,1.0
2024-01-08 01:00:00,14607.27,-1.9,0.2588190451025207,0.9659258262890684
2024-01-08 02:00:00,14440.042,-2.5,0.4999999999999999,0.8660254037844387
2024-01-08 03:00:00,14471.726,-3.3,0.7071067811865475,0.7071067811865476
2024-01-08 04:00:00,14944.086,-2.0,0.8660254037844386,0.5000000000000001
2024-01-08 05:00:00,15788.646,-2.4,0.9659258262890684,0.2588190451025207
2024-01-08 06:00:00,17071.605,-1.8,1.0,6.123233995736766e-17
2024-01-08 07:00:00,18012.011,-1.2,0.9659258262890684,-0.2588190451025206
2024-01-08 08:00:00,18005.8,-1.0,0.8660254037844387,-0.4999999999999998
2024-01-08 09:00:00,17602.262000000002,-1.0,0.7071067811865476,-0.7071067811865475
2024-01-08 10:00:00,17246.719,-0.3,0.4999999999999999,-0.8660254037844387
2024-01-08 11:00:00,16854.058,1.0,0.258819045102521,-0.9659258262890682
2024-01-08 12:00:00,16514.936,1.8,1.2246467991473532e-16,-1.0
2024-01-08 13:00:00,16214.065,2.5,-0.2588190451025208,-0.9659258262890684
2024-01-08 14:00:00,15970.077,3.0,-0.4999999999999998,-0.8660254037844388
2024-01-08 15:00:00,15920.864,3.6,-0.7071067811865471,-0.7071067811865479
2024-01-08 16:00:00,16288.261,4.1,-0.8660254037844384,-0.5000000000000004
2024-01-08 17:00:00,16978.755,3.7,-0.9659258262890684,-0.2588190451025206
2024-01-08 18:00:00,17373.014,2.7,-1.0,-1.8369701987210294e-16
2024-01-08 19:00:00,17283.698,1.6,-0.9659258262890684,0.2588190451025203
2024-01-08 20:00:00,17143.759,1.5,-0.8660254037844386,0.5000000000000001
2024-01-08 21:00:00,16721.825,1.1,-0.7071067811865477,0.7071067811865474
2024-01-08 22:00:00,16056.585,1.4,-0.5000000000000004,0.8660254037844384
2024-01-08 23:00:00,15432.79,1.9,-0.2588190451025215,0.965925826289068
2024-01-09 00:00:00,15034.648,2.5,0.0,1.0
2024-01-09 01:00:00,14773.427,2.8,0.2588190451025207,0.9659258262890684
2024-01-09 02:00:00,14877.999,3.2,0.4999999999999999,0.8660254037844387
2024-01-09 03:00:00,15014.285,3.4,0.7071067811865475,0.7071067811865476
2024-01-09 04:00:00,15324.889,2.3,0.8660254037844386,0.5000000000000001
2024-01-09 05:00:00,15846.69,1.5,0.9659258262890684,0.2588190451025207
2024-01-09 06:00:00,16765.918,2.2,1.0,6.123233995736766e-17
2024-01-09 07:00:00,17373.016,2.3,0.9659258262890684,-0.2588190451025206
2024-01-09 08:00:00,17487.993000000002,2.3,0.8660254037844387,-0.4999999999999998
2024-01-09 09:00:00,17462.266,4.0,0.7071067811865476,-0.7071067811865475
2024-01-09 10:00:00,17503.264,5.4,0.4999999999999999,-0.8660254037844387
2024-01-09 11:00:00,17414.824,6.6,0.258819045102521,-0.9659258262890682
2024-01-09 12:00:00,17250.336,7.3,1.2246467991473532e-16,-1.0
2024-01-09 13:00:00,17040.552,8.1,-0.2588190451025208,-0.9659258262890684
2024-01-09 14:00:00,16687.229,8.2,-0.4999999999999998,-0.8660254037844388
2024-01-09 15:00:00,16411.756,8.1,-0.7071067811865471,-0.7071067811865479
2024-01-09 16:00:00,16335.555,8.4,-0.8660254037844384,-0.5000000000000004
2024-01-09 17:00:00,16536.54,9.0,-0.9659258262890684,-0.2588190451025206
2024-01-09 18:00:00,16558.376,9.1,-1.0,-1.8369701987210294e-16
2024-01-09 19:00:00,16447.872,9.2,-0.9659258262890684,0.2588190451025203
2024-01-09 20:00:00,16329.186,7.4,-0.8660254037844386,0.5000000000000001
2024-01-09 21:00:00,15905.069,6.2,-0.7071067811865477,0.7071067811865474
2024-01-09 22:00:00,15362.976,4.8,-0.5000000000000004,0.8660254037844384
2024-01-09 23:00:00,14835.856,3.5,-0.2588190451025215,0.965925826289068
2024-01-10 00:00:00,14561.867,3.5,0.0,1.0
2024-01-10 01:00:00,14397.121,3.1,0.2588190451025207,0.9659258262890684
2024-01-10 02:00:00,14385.863,3.0,0.4999999999999999,0.8660254037844387
2024-01-10 03:00:00,14667.447,2.3,0.7071067811865475,0.7071067811865476
2024-01-10 04:00:00,15048.925,1.5,0.8660254037844386,0.5000000000000001
2024-01-10 05:00:00,15699.049,1.5,0.9659258262890684,0.2588190451025207
2024-01-10 06:00:00,16686.744,1.5,1.0,6.123233995736766e-17
2024-01-10 07:00:00,17395.358,1.9,0.9659258262890684,-0.2588190451025206
2024-01-10 08:00:00,17490.237,2.0,0.8660254037844387,-0.4999999999999998
2024-01-10 09:00:00,17414.168,2.0,0.7071067811865476,-0.7071067811865475
2024-01-10 10:00:00,17469.484,2.0,0.4999999999999999,-0.8660254037844387
2024-01-10 11:00:00,17356.425,2.2,0.258819045102521,-0.9659258262890682
2024-01-10 12:00:00,17371.58,2.8,1.2246467991473532e-16,-1.0
2024-01-10 13:00:00,17384.825,3.2,-0.2588190451025208,-0.9659258262890684
2024-01-10 14:00:00,17215.655,3.5,-0.4999999999999998,-0.8660254037844388
2024-01-10 15:00:00,17094.912,3.5,-0.7071067811865471,-0.7071067811865479
2024-01-10 16:00:00,17198.663999999997,3.3,-0.8660254037844384,-0.5000000000000004
2024-01-10 17:00:00,17580.559999999998,3.1,-0.9659258262890684,-0.2588190451025206
2024-01-10 18:00:00,17712.862999999998,2.6,-1.0,-1.8369701987210294e-16
2024-01-10 19:00:00,17677.434,2.3,-0.9659258262890684,0.2588190451025203
2024-01-10 20:00:00,17501.216,2.0,-0.8660254037844386,0.5000000000000001
2024-01-10 21:00:00,17092.146,0.9,-0.7071067811865477,0.7071067811865474
2024-01-10 22:00:00,16555.341,0.9,-0.5000000000000004,0.8660254037844384
2024-01-10 23:00:00,15977.352,0.8,-0.2588190451025215,0.965925826289068
2024-01-11 00:00:00,15640.996,-0.2,0.0,1.0
2024-01-11 01:00:00,15518.191,-1.3,0.2588190451025207,0.9659258262890684
2024-01-11 02:00:00,15554.694,-1.4,0.4999999999999999,0.8660254037844387
2024-01-11 03:00:00,15707.825,-1.2,0.7071067811865475,0.7071067811865476
2024-01-11 04:00:00,16117.438000000002,-2.5,0.8660254037844386,0.5000000000000001
2024-01-11 05:00:00,16789.29,-2.5,0.9659258262890684,0.2588190451025207
2024-01-11 06:00:00,17762.788,-2.0,1.0,6.123233995736766e-17
2024-01-11 07:00:00,18287.059,-1.0,0.9659258262890684,-0.2588190451025206
2024-01-11 08:00:00,18273.24,-0.6,0.8660254037844387,-0.4999999999999998
2024-01-11 09:00:00,17699.833,0.3,0.7071067811865476,-0.7071067811865475
2024-01-11 10:00:00,17152.159,1.8,0.4999999999999999,-0.8660254037844387
2024-01-11 11:00:00,16644.963,4.2,0.258819045102521,-0.9659258262890682
2024-01-11 12:00:00,16367.136,5.2,1.2246467991473532e-16,-1.0
2024-01-11 13:00:00,16081.665,6.1,-0.2588190451025208,-0.9659258262890684
2024-01-11 14:00:00,15660.277,7.0,-0.4999999999999998,-0.8660254037844388
2024-01-11 15:00:00,15383.533,7.7,-0.7071067811865471,-0.7071067811865479
2024-01-11 16:00:00,15602.528,7.7,-0.8660254037844384,-0.5000000000000004
2024-01-11 17:00:00,16252.869,7.2,-0.9659258262890684,-0.2588190451025206
2024-01-11 18:00:00,16725.013,5.7,-1.0,-1.8369701987210294e-16
2024-01-11 19:00:00,16885.269,1.6,-0.9659258262890684,0.2588190451025203
2024-01-11 20:00:00,17025.806,0.5,-0.8660254037844386,0.5000000000000001
2024-01-11 21:00:00,16857.257,-0.1,-0.7071067811865477,0.7071067811865474
2024-01-11 22:00:00,16431.602,-1.4,-0.5000000000000004,0.8660254037844384
2024-01-11 23:00:00,16047.03,-2.4,-0.2588190451025215,0.965925826289068
2024-01-12 00:00:00,14786.982,-3.0,0.0,1.0
2024-01-12 01:00:00,14801.334,-3.3,0.2588190451025207,0.9659258262890684
2024-01-12 02:00:00,14883.863,-3.1,0.4999999999999999,0.8660254037844387
2024-01-12 03:00:00,15159.434,-2.7,0.7071067811865475,0.7071067811865476
2024-01-12 04:00:00,15591.816,-1.9,0.8660254037844386,0.5000000000000001
2024-01-12 05:00:00,16111.651000000002,-1.5,0.9659258262890684,0.2588190451025207
2024-01-12 06:00:00,16666.247,-1.2,1.0,6.123233995736766e-17
2024-01-12 07:00:00,17447.502,-0.9,0.9659258262890684,-0.2588190451025206
2024-01-12 08:00:00,17333.395,-0.4,0.8660254037844387,-0.4999999999999998
2024-01-12 09:00:00,17025.436,0.6,0.7071067811865476,-0.7071067811865475
2024-01-12 10:00:00,17137.168,1.8,0.4999999999999999,-0.8660254037844387
2024-01-12 11:00:00,16677.749,3.4,0.258819045102521,-0.9659258262890682
2024-01-12 12:00:00,16391.305,4.8,1.2246467991473532e-16,-1.0
2024-01-12 13:00:00,16069.519,6.2,-0.2588190451025208,-0.9659258262890684
2024-01-12 14:00:00,16018.75,7.4,-0.4999999999999998,-0.8660254037844388
2024-01-12 15:00:00,15741.155,5.9,-0.7071067811865471,-0.7071067811865479
2024-01-12 16:00:00,15764.935,5.5,-0.8660254037844384,-0.5000000000000004
2024-01-12 17:00:00,15971.783,5.8,-0.9659258262890684,-0.2588190451025206
2024-01-12 18:00:00,15878.506,5.9,-1.0,-1.8369701987210294e-16
2024-01-12 19:00:00,15599.856,6.9,-0.9659258262890684,0.2588190451025203
2024-01-12 20:00:00,15271.428,8.1,-0.8660254037844386,0.5000000000000001
2024-01-12 21:00:00,14688.961,7.8,-0.7071067811865477,0.7071067811865474
2024-01-12 22:00:00,14186.802,7.9,-0.5000000000000004,0.8660254037844384
2024-01-12 23:00:00,13788.723999999998,7.6,-0.2588190451025215,0.965925826289068
2024-01-13 00:00:00,14013.736,6.8,0.0,1.0
2024-01-13 01:00:00,13826.999,6.9,0.2588190451025207,0.9659258262890684
2024-01-13 02:00:00,13779.315,5.5,0.4999999999999999,0.8660254037844387
2024-01-13 03:00:00,13957.916,3.5,0.7071067811865475,0.7071067811865476
2024-01-13 04:00:00,14280.855,0.2,0.8660254037844386,0.5000000000000001
2024-01-13 05:00:00,14690.736,-1.5,0.9659258262890684,0.2588190451025207
2024-01-13 06:00:00,15308.86,-2.5,1.0,6.123233995736766e-17
2024-01-13 07:00:00,16145.589,-3.9,0.9659258262890684,-0.2588190451025206
2024-01-13 08:00:00,16633.236,-4.6,0.8660254037844387,-0.4999999999999998
2024-01-13 09:00:00,17143.298000000003,-5.2,0.7071067811865476,-0.7071067811865475
2024-01-13 10:00:00,17338.626,-5.5,0.4999999999999999,-0.8660254037844387
2024-01-13 11:00:00,17379.618000000002,-5.1,0.258819045102521,-0.9659258262890682
2024-01-13 12:00:00,17370.765,-4.1,1.2246467991473532e-16,-1.0
2024-01-13 13:00:00,17324.913,-3.5,-0.2588190451025208,-0.9659258262890684
2024-01-13 14:00:00,17102.494,-3.5,-0.4999999999999998,-0.8660254037844388
2024-01-13 15:00:00,16935.544,-3.2,-0.7071067811865471,-0.7071067811865479
2024-01-13 16:00:00,17098.328,-2.1,-0.8660254037844384,-0.5000000000000004
2024-01-13 17:00:00,17559.857,-2.0,-0.9659258262890684,-0.2588190451025206
2024-01-13 18:00:00,17842.327,-2.1,-1.0,-1.8369701987210294e-16
2024-01-13 19:00:00,17729.892,-2.7,-0.9659258262890684,0.2588190451025203
2024-01-13 20:00:00,17561.758,-3.0,-0.8660254037844386,0.5000000000000001
2024-01-13 21:00:00,17267.5,-2.7,-0.7071067811865477,0.7071067811865474
2024-01-13 22:00:00,16968.804,-4.1,-0.5000000000000004,0.8660254037844384
2024-01-13 23:00:00,16662.021,-4.6,-0.2588190451025215,0.965925826289068
2024-01-14 00:00:00,16337.063,-4.4,0.0,1.0
2024-01-14 01:00:00,16126.152999999998,-4.2,0.2588190451025207,0.9659258262890684
2024-01-14 02:00:00,16093.665,-4.4,0.4999999999999999,0.8660254037844387
2024-01-14 03:00:00,16172.869,-4.6,0.7071067811865475,0.7071067811865476
2024-01-14 04:00:00,16276.317,-5.1,0.8660254037844386,0.5000000000000001
2024-01-14 05:00:00,16430.229,-6.3,0.9659258262890684,0.2588190451025207
2024-01-14 06:00:00,16944.768,-8.5,1.0,6.123233995736766e-17
2024-01-14 07:00:00,17493.085,-9.6,0.9659258262890684,-0.2588190451025206
2024-01-14 08:00:00,17885.271,-11.2,0.8660254037844387,-0.4999999999999998
2024-01-14 09:00:00,18022.046,-11.7,0.7071067811865476,-0.7071067811865475
2024-01-14 10:00:00,17765.449,-13.1,0.4999999999999999,-0.8660254037844387
2024-01-14 11:00:00,17559.547,-13.2,0.258819045102521,-0.9659258262890682
2024-01-14 12:00:00,17403.423,-12.6,1.2246467991473532e-16,-1.0
2024-01-14 13:00:00,17186.201999999997,-11.3,-0.2588190451025208,-0.9659258262890684
2024-01-14 14:00:00,17065.989,-10.6,-0.4999999999999998,-0.8660254037844388
2024-01-14 15:00:00,17211.737,-10.2,-0.7071067811865471,-0.7071067811865479
2024-01-14 16:00:00,17832.578999999998,-10.1,-0.8660254037844384,-0.5000000000000004
2024-01-14 17:00:00,18665.454,-10.5,-0.9659258262890684,-0.2588190451025206
2024-01-14 18:00:00,19082.561,-11.3,-1.0,-1.8369701987210294e-16
2024-01-14 19:00:00,18960.106,-11.7,-0.9659258262890684,0.2588190451025203
2024-01-14 20:00:00,18884.287,-11.9,-0.8660254037844386,0.5000000000000001
2024-01-14 21:00:00,18591.6,-12.1,-0.7071067811865477,0.7071067811865474
2024-01-14 22:00:00,18204.794,-12.4,-0.5000000000000004,0.8660254037844384
2024-01-14 23:00:00,17825.886,-12.6,-0.2588190451025215,0.965925826289068
2024-01-15 00:00:00,17654.271,-12.9,0.0,1.0
2024-01-15 01:00:00,17578.826,-13.0,0.2588190451025207,0.9659258262890684
2024-01-15 02:00:00,17471.509000000002,-13.2,0.4999999999999999,0.8660254037844387
2024-01-15 03:00:00,17504.574,-13.4,0.7071067811865475,0.7071067811865476
2024-01-15 04:00:00,17780.856,-13.0,0.8660254037844386,0.5000000000000001
2024-01-15 05:00:00,18236.075,-13.1,0.9659258262890684,0.2588190451025207
2024-01-15 06:00:00,18860.196,-13.2,1.0,6.123233995736766e-17
2024-01-15 07:00:00,19373.415,-13.4,0.9659258262890684,-0.2588190451025206
2024-01-15 08:00:00,19842.165999999997,-13.5,0.8660254037844387,-0.4999999999999998
2024-01-15 09:00:00,20136.956,-13.6,0.7071067811865476,-0.7071067811865475
2024-01-15 10:00:00,20069.06,-12.9,0.4999999999999999,-0.8660254037844387
2024-01-15 11:00:00,19964.737,-11.9,0.258819045102521,-0.9659258262890682
2024-01-15 12:00:00,19724.215,-10.9,1.2246467991473532e-16,-1.0
2024-01-15 13:00:00,19570.051,-9.8,-0.2588190451025208,-0.9659258262890684
2024-01-15 14:00:00,19497.777,-8.9,-0.4999999999999998,-0.8660254037844388
2024-01-15 15:00:00,19410.214,-8.2,-0.7071067811865471,-0.7071067811865479
2024-01-15 16:00:00,19571.218,-7.8,-0.8660254037844384,-0.5000000000000004
2024-01-15 17:00:00,19999.939,-8.0,-0.9659258262890684,-0.2588190451025206
2024-01-15 18:00:00,20304.543,-8.4,-1.0,-1.8369701987210294e-16
2024-01-15 19:00:00,20164.059,-8.8,-0.9659258262890684,0.2588190451025203
2024-01-15 20:00:00,20118.774,-8.7,-0.8660254037844386,0.5000000000000001
2024-01-15 21:00:00,19631.974,-10.0,-0.7071067811865477,0.7071067811865474
2024-01-15 22:00:00,18972.764,-10.3,-0.5000000000000004,0.8660254037844384
2024-01-15 23:00:00,18409.189,-10.3,-0.2588190451025215,0.965925826289068
2024-01-16 00:00:00,17955.078999999998,-10.2,0.0,1.0
2024-01-16 01:00:00,17664.116,-10.4,0.2588190451025207,0.9659258262890684
2024-01-16 02:00:00,17646.393,-10.5,0.4999999999999999,0.8660254037844387
2024-01-16 03:00:00,17717.452,-10.6,0.7071067811865475,0.7071067811865476
2024-01-16 04:00:00,18085.154,-10.9,0.8660254037844386,0.5000000000000001
2024-01-16 05:00:00,18764.814,-10.9,0.9659258262890684,0.2588190451025207
2024-01-16 06:00:00,19527.228,-11.2,1.0,6.123233995736766e-17
2024-01-16 07:00:00,20075.071,-11.4,0.9659258262890684,-0.2588190451025206
2024-01-16 08:00:00,20421.068,-11.4,0.8660254037844387,-0.4999999999999998
2024-01-16 09:00:00,20430.629,-11.7,0.7071067811865476,-0.7071067811865475
2024-01-16 10:00:00,20397.815,-11.6,0.4999999999999999,-0.8660254037844387
2024-01-16 11:00:00,20373.485,-11.2,0.258819045102521,-0.9659258262890682
2024-01-16 12:00:00,19938.4,-10.1,1.2246467991473532e-16,-1.0
2024-01-16 13:00:00,19911.079,-9.1,-0.2588190451025208,-0.9659258262890684
2024-01-16 14:00:00,19701.0,-8.2,-0.4999999999999998,-0.8660254037844388
2024-01-16 15:00:00,19673.779,-7.6,-0.7071067811865471,-0.7071067811865479
2024-01-16 16:00:00,19858.355,-7.7,-0.8660254037844384,-0.5000000000000004
2024-01-16 17:00:00,20442.809,-7.9,-0.9659258262890684,-0.2588190451025206
2024-01-16 18:00:00,20962.502,-8.8,-1.0,-1.8369701987210294e-16
2024-01-16 19:00:00,20932.139000000003,-9.6,-0.9659258262890684,0.2588190451025203
2024-01-16 20:00:00,20853.088,-10.1,-0.8660254037844386,0.5000000000000001
2024-01-16 21:00:00,20745.876,-11.3,-0.7071067811865477,0.7071067811865474
2024-01-16 22:00:00,20432.28,-11.8,-0.5000000000000004,0.8660254037844384
2024-01-16 23:00:00,20310.411,-11.9,-0.2588190451025215,0.965925826289068
2024-01-17 00:00:00,20141.726,-12.1,0.0,1.0
2024-01-17 01:00:00,20045.156,-12.4,0.2588190451025207,0.9659258262890684
2024-01-17 02:00:00,20055.447,-12.8,0.4999999999999999,0.8660254037844387
2024-01-17 03:00:00,20256.409,-13.1,0.7071067811865475,0.7071067811865476
2024-01-17 04:00:00,20499.793,-13.2,0.8660254037844386,0.5000000000000001
2024-01-17 05:00:00,20977.186,-13.4,0.9659258262890684,0.2588190451025207
2024-01-17 06:00:00,21661.101,-13.6,1.0,6.123233995736766e-17
2024-01-17 07:00:00,22326.685,-13.6,0.9659258262890684,-0.2588190451025206
2024-01-17 08:00:00,22332.468,-13.6,0.8660254037844387,-0.4999999999999998
2024-01-17 09:00:00,21888.148,-13.9,0.7071067811865476,-0.7071067811865475
2024-01-17 10:00:00,21526.136,-12.6,0.4999999999999999,-0.8660254037844387
2024-01-17 11:00:00,21200.608,-10.9,0.258819045102521,-0.9659258262890682
2024-01-17 12:00:00,20682.316,-9.1,1.2246467991473532e-16,-1.0
2024-01-17 13:00:00,20339.177000000003,-7.4,-0.2588190451025208,-0.9659258262890684
2024-01-17 14:00:00,19973.027,-5.8,-0.4999999999999998,-0.8660254037844388
2024-01-17 15:00:00,19599.718,-4.3,-0.7071067811865471,-0.7071067811865479
2024-01-17 16:00:00,19754.67,-3.5,-0.8660254037844384,-0.5000000000000004
2024-01-17 17:00:00,20411.852,-2.9,-0.9659258262890684,-0.2588190451025206
2024-01-17 18:00:00,20927.547,-3.0,-1.0,-1.8369701987210294e-16
2024-01-17 19:00:00,20782.908,-3.7,-0.9659258262890684,0.2588190451025203
2024-01-17 20:00:00,20659.322,-3.2,-0.8660254037844386,0.5000000000000001
2024-01-17 21:00:00,20347.582,-6.0,-0.7071067811865477,0.7071067811865474
2024-01-17 22:00:00,19723.165,-5.2,-0.5000000000000004,0.8660254037844384
2024-01-17 23:00:00,19192.346,-5.3,-0.2588190451025215,0.965925826289068
2024-01-18 00:00:00,18871.35,-5.3,0.0,1.0
2024-01-18 01:00:00,18599.338,-5.5,0.2588190451025207,0.9659258262890684
2024-01-18 02:00:00,18582.965,-5.7,0.4999999999999999,0.8660254037844387
2024-01-18 03:00:00,18665.084,-5.4,0.7071067811865475,0.7071067811865476
2024-01-18 04:00:00,18978.678,-5.0,0.8660254037844386,0.5000000000000001
2024-01-18 05:00:00,19604.535,-4.6,0.9659258262890684,0.2588190451025207
2024-01-18 06:00:00,20575.961,-4.3,1.0,6.123233995736766e-17
2024-01-18 07:00:00,21094.724,-4.5,0.9659258262890684,-0.2588190451025206
2024-01-18 08:00:00,20965.176,-4.7,0.8660254037844387,-0.4999999999999998
2024-01-18 09:00:00,20552.087,-5.0,0.7071067811865476,-0.7071067811865475
2024-01-18 10:00:00,19968.696,-4.6,0.4999999999999999,-0.8660254037844387
2024-01-18 11:00:00,19441.176,-3.7,0.258819045102521,-0.9659258262890682
2024-01-18 12:00:00,19094.502,-3.2,1.2246467991473532e-16,-1.0
2024-01-18 13:00:00,18777.218,-3.2,-0.2588190451025208,-0.9659258262890684
2024-01-18 14:00:00,18460.903,-3.2,-0.4999999999999998,-0.8660254037844388
2024-01-18 15:00:00,18255.632,-2.5,-0.7071067811865471,-0.7071067811865479
2024-01-18 16:00:00,18360.644,-2.0,-0.8660254037844384,-0.5000000000000004
2024-01-18 17:00:00,18732.319,-1.7,-0.9659258262890684,-0.2588190451025206
2024-01-18 18:00:00,18980.259,-2.0,-1.0,-1.8369701987210294e-16
2024-01-18 19:00:00,18821.341,-2.8,-0.9659258262890684,0.2588190451025203
2024-01-18 20:00:00,18654.852,-2.5,-0.8660254037844386,0.5000000000000001
2024-01-18 21:00:00,18229.443,-5.2,-0.7071067811865477,0.7071067811865474
2024-01-18 22:00:00,17795.883,-5.0,-0.5000000000000004,0.8660254037844384
2024-01-18 23:00:00,17500.487,-4.4,-0.2588190451025215,0.965925826289068
2024-01-19 00:00:00,17295.69,-3.6,0.0,1.0
2024-01-19 01:00:00,17181.219,-3.8,0.2588190451025207,0.9659258262890684
2024-01-19 02:00:00,17135.005,-4.0,0.4999999999999999,0.8660254037844387
2024-01-19 03:00:00,17199.285,-4.0,0.7071067811865475,0.7071067811865476
2024-01-19 04:00:00,17387.4,-4.1,0.8660254037844386,0.5000000000000001
2024-01-19 05:00:00,17767.936999999998,-4.2,0.9659258262890684,0.2588190451025207
2024-01-19 06:00:00,18459.416,-4.3,1.0,6.123233995736766e-17
2024-01-19 07:00:00,18997.253,-4.4,0.9659258262890684,-0.2588190451025206
2024-01-19 08:00:00,19146.519999999997,-4.6,0.8660254037844387,-0.4999999999999998
2024-01-19 09:00:00,19116.192000000003,-4.8,0.7071067811865476,-0.7071067811865475
2024-01-19 10:00:00,19217.045,-4.4,0.4999999999999999,-0.8660254037844387
2024-01-19 11:00:00,19094.876,-3.8,0.258819045102521,-0.9659258262890682
2024-01-19 12:00:00,18909.078,-3.7,1.2246467991473532e-16,-1.0
2024-01-19 13:00:00,18920.058,-4.0,-0.2588190451025208,-0.9659258262890684
2024-01-19 14:00:00,18823.782,-3.2,-0.4999999999999998,-0.8660254037844388
2024-01-19 15:00:00,18775.66,-3.7,-0.7071067811865471,-0.7071067811865479
2024-01-19 16:00:00,19081.776,-4.2,-0.8660254037844384,-0.5000000000000004
2024-01-19 17:00:00,19586.812,-4.9,-0.9659258262890684,-0.2588190451025206
2024-01-19 18:00:00,19950.122,-4.9,-1.0,-1.8369701987210294e-16
2024-01-19 19:00:00,19782.287,-5.2,-0.9659258262890684,0.2588190451025203
2024-01-19 20:00:00,19661.182999999997,-5.3,-0.8660254037844386,0.5000000000000001
2024-01-19 21:00:00,19360.409,-7.1,-0.7071067811865477,0.7071067811865474
2024-01-19 22:00:00,18980.713,-7.1,-0.5000000000000004,0.8660254037844384
2024-01-19 23:00:00,18643.103,-7.6,-0.2588190451025215,0.965925826289068
2024-01-20 00:00:00,18440.608,-8.5,0.0,1.0
2024-01-20 01:00:00,18191.129,-9.2,0.2588190451025207,0.9659258262890684
2024-01-20 02:00:00,18254.803,-9.7,0.4999999999999999,0.8660254037844387
2024-01-20 03:00:00,18435.766,-10.1,0.7071067811865475,0.7071067811865476
2024-01-20 04:00:00,18706.739,-10.4,0.8660254037844386,0.5000000000000001
2024-01-20 05:00:00,18996.823,-11.0,0.9659258262890684,0.2588190451025207
2024-01-20 06:00:00,19409.065,-11.3,1.0,6.123233995736766e-17
2024-01-20 07:00:00,19895.578,-11.9,0.9659258262890684,-0.2588190451025206
2024-01-20 08:00:00,20137.922,-12.0,0.8660254037844387,-0.4999999999999998
2024-01-20 09:00:00,20207.612,-13.4,0.7071067811865476,-0.7071067811865475
2024-01-20 10:00:00,20151.029,-13.0,0.4999999999999999,-0.8660254037844387
2024-01-20 11:00:00,19841.585,-11.6,0.258819045102521,-0.9659258262890682
2024-01-20 12:00:00,19420.716,-10.4,1.2246467991473532e-16,-1.0
2024-01-20 13:00:00,19187.629,-9.2,-0.2588190451025208,-0.9659258262890684
2024-01-20 14:00:00,18966.206,-8.0,-0.4999999999999998,-0.8660254037844388
2024-01-20 15:00:00,18978.64,-7.2,-0.7071067811865471,-0.7071067811865479
2024-01-20 16:00:00,19269.618,-7.1,-0.8660254037844384,-0.5000000000000004
2024-01-20 17:00:00,19893.122,-6.9,-0.9659258262890684,-0.2588190451025206
2024-01-20 18:00:00,20527.052,-7.1,-1.0,-1.8369701987210294e-16
2024-01-20 19:00:00,20523.423,-7.6,-0.9659258262890684,0.2588190451025203
2024-01-20 20:00:00,20460.631,-7.6,-0.8660254037844386,0.5000000000000001
2024-01-20 21:00:00,20133.286,-9.6,-0.7071067811865477,0.7071067811865474
2024-01-20 22:00:00,19574.399,-8.9,-0.5000000000000004,0.8660254037844384
2024-01-20 23:00:00,19291.175,-8.8,-0.2588190451025215,0.965925826289068
2024-01-21 00:00:00,18979.373,-8.4,0.0,1.0
2024-01-21 01:00:00,18783.574,-8.7,0.2588190451025207,0.9659258262890684
2024-01-21 02:00:00,18757.103,-8.8,0.4999999999999999,0.8660254037844387
2024-01-21 03:00:00,18804.268,-8.9,0.7071067811865475,0.7071067811865476
2024-01-21 04:00:00,18717.896,-9.1,0.8660254037844386,0.5000000000000001
2024-01-21 05:00:00,18932.550000000003,-9.1,0.9659258262890684,0.2588190451025207
2024-01-21 06:00:00,19393.846,-9.4,1.0,6.123233995736766e-17
2024-01-21 07:00:00,19715.62,-9.9,0.9659258262890684,-0.2588190451025206
2024-01-21 08:00:00,19885.174,-10.0,0.8660254037844387,-0.4999999999999998
2024-01-21 09:00:00,19618.756,-8.8,0.7071067811865476,-0.7071067811865475
2024-01-21 10:00:00,19085.564,-8.2,0.4999999999999999,-0.8660254037844387
2024-01-21 11:00:00,18565.85,-7.2,0.258819045102521,-0.9659258262890682
2024-01-21 12:00:00,18038.539,-6.2,1.2246467991473532e-16,-1.0
2024-01-21 13:00:00,17536.769,-4.6,-0.2588190451025208,-0.9659258262890684
2024-01-21 14:00:00,17147.728,-3.9,-0.4999999999999998,-0.8660254037844388
2024-01-21 15:00:00,17102.792,-3.2,-0.7071067811865471,-0.7071067811865479
2024-01-21 16:00:00,17561.737,-2.8,-0.8660254037844384,-0.5000000000000004
2024-01-21 17:00:00,18430.257,-3.0,-0.9659258262890684,-0.2588190451025206
2024-01-21 18:00:00,19317.599,-3.8,-1.0,-1.8369701987210294e-16
2024-01-21 19:00:00,19529.444,-5.9,-0.9659258262890684,0.2588190451025203
2024-01-21 20:00:00,19575.22,-6.7,-0.8660254037844386,0.5000000000000001
2024-01-21 21:00:00,19516.799,-7.0,-0.7071067811865477,0.7071067811865474
2024-01-21 22:00:00,19236.457,-7.2,-0.5000000000000004,0.8660254037844384
2024-01-21 23:00:00,18911.466,-6.8,-0.2588190451025215,0.965925826289068
2024-01-22 00:00:00,18939.791,-6.9,0.0,1.0
2024-01-22 01:00:00,18866.752,-7.1,0.2588190451025207,0.9659258262890684
2024-01-22 02:00:00,18993.44,-7.2,0.4999999999999999,0.8660254037844387
2024-01-22 03:00:00,19186.469,-7.2,0.7071067811865475,0.7071067811865476
2024-01-22 04:00:00,19580.652,-7.3,0.8660254037844386,0.5000000000000001
2024-01-22 05:00:00,20221.711,-7.2,0.9659258262890684,0.2588190451025207
2024-01-22 06:00:00,21234.386,-7.2,1.0,6.123233995736766e-17
2024-01-22 07:00:00,21848.807999999997,-7.2,0.9659258262890684,-0.2588190451025206
2024-01-22 08:00:00,21643.56,-6.8,0.8660254037844387,-0.4999999999999998
2024-01-22 09:00:00,20874.069,-7.1,0.7071067811865476,-0.7071067811865475
2024-01-22 10:00:00,19910.178,-5.6,0.4999999999999999,-0.8660254037844387
2024-01-22 11:00:00,19212.491,-3.8,0.258819045102521,-0.9659258262890682
2024-01-22 12:00:00,18598.668,-1.9,1.2246467991473532e-16,-1.0
2024-01-22 13:00:00,18059.468,-0.1,-0.2588190451025208,-0.9659258262890684
2024-01-22 14:00:00,17377.478,1.9,-0.4999999999999998,-0.8660254037844388
2024-01-22 15:00:00,17006.757,4.4,-0.7071067811865471,-0.7071067811865479
2024-01-22 16:00:00,17061.156,5.2,-0.8660254037844384,-0.5000000000000004
2024-01-22 17:00:00,17692.465,5.2,-0.9659258262890684,-0.2588190451025206
2024-01-22 18:00:00,18289.449,4.2,-1.0,-1.8369701987210294e-16
2024-01-22 19:00:00,18313.961,3.5,-0.9659258262890684,0.2588190451025203
2024-01-22 20:00:00,18044.934,2.7,-0.8660254037844386,0.5000000000000001
2024-01-22 21:00:00,17710.047,0.8,-0.7071067811865477,0.7071067811865474
2024-01-22 22:00:00,17086.148999999998,0.4,-0.5000000000000004,0.8660254037844384
2024-01-22 23:00:00,16555.523,1.0,-0.2588190451025215,0.965925826289068
2024-01-23 00:00:00,16203.379,1.2,0.0,1.0
2024-01-23 01:00:00,16045.524,1.3,0.2588190451025207,0.9659258262890684
2024-01-23 02:00:00,15960.413,1.2,0.4999999999999999,0.8660254037844387
2024-01-23 03:00:00,16006.22,1.1,0.7071067811865475,0.7071067811865476
2024-01-23 04:00:00,16334.771,0.9,0.8660254037844386,0.5000000000000001
2024-01-23 05:00:00,16965.469,0.7,0.9659258262890684,0.2588190451025207
2024-01-23 06:00:00,17849.206,0.6,1.0,6.123233995736766e-17
2024-01-23 07:00:00,18505.485,0.2,0.9659258262890684,-0.2588190451025206
2024-01-23 08:00:00,18458.55,-0.1,0.8660254037844387,-0.4999999999999998
2024-01-23 09:00:00,18234.867,0.8,0.7071067811865476,-0.7071067811865475
2024-01-23 10:00:00,17885.882,1.8,0.4999999999999999,-0.8660254037844387
2024-01-23 11:00:00,17487.925,2.8,0.258819045102521,-0.9659258262890682
2024-01-23 12:00:00,17172.554,3.5,1.2246467991473532e-16,-1.0
2024-01-23 13:00:00,16947.612,3.0,-0.2588190451025208,-0.9659258262890684
2024-01-23 14:00:00,16629.767,3.2,-0.4999999999999998,-0.8660254037844388
2024-01-23 15:00:00,16499.901,5.1,-0.7071067811865471,-0.7071067811865479
2024-01-23 16:00:00,16740.17,5.2,-0.8660254037844384,-0.5000000000000004
2024-01-23 17:00:00,17158.023,4.7,-0.9659258262890684,-0.2588190451025206
2024-01-23 18:00:00,17378.073,3.9,-1.0,-1.8369701987210294e-16
2024-01-23 19:00:00,17227.721999999998,2.7,-0.9659258262890684,0.2588190451025203
2024-01-23 20:00:00,16955.455,2.7,-0.8660254037844386,0.5000000000000001
2024-01-23 21:00:00,16484.44,2.8,-0.7071067811865477,0.7071067811865474
2024-01-23 22:00:00,15807.373,2.4,-0.5000000000000004,0.8660254037844384
2024-01-23 23:00:00,15102.325,2.5,-0.2588190451025215,0.965925826289068
2024-01-24 00:00:00,14748.164,2.2,0.0,1.0
2024-01-24 01:00:00,14378.248,2.8,0.2588190451025207,0.9659258262890684
2024-01-24 02:00:00,14387.568,3.2,0.4999999999999999,0.8660254037844387
2024-01-24 03:00:00,14281.14,3.2,0.7071067811865475,0.7071067811865476
2024-01-24 04:00:00,14465.945,2.8,0.8660254037844386,0.5000000000000001
2024-01-24 05:00:00,15082.99,3.1,0.9659258262890684,0.2588190451025207
2024-01-24 06:00:00,15953.047,3.7,1.0,6.123233995736766e-17
2024-01-24 07:00:00,16572.852,3.8,0.9659258262890684,-0.2588190451025206
2024-01-24 08:00:00,16460.574,4.0,0.8660254037844387,-0.4999999999999998
2024-01-24 09:00:00,16371.186,4.2,0.7071067811865476,-0.7071067811865475
2024-01-24 10:00:00,16240.398,4.6,0.4999999999999999,-0.8660254037844387
2024-01-24 11:00:00,16003.788,3.5,0.258819045102521,-0.9659258262890682
2024-01-24 12:00:00,15929.447,5.7,1.2246467991473532e-16,-1.0
2024-01-24 13:00:00,15776.158,6.8,-0.2588190451025208,-0.9659258262890684
2024-01-24 14:00:00,15562.89,6.8,-0.4999999999999998,-0.8660254037844388
2024-01-24 15:00:00,15467.174,7.0,-0.7071067811865471,-0.7071067811865479
2024-01-24 16:00:00,15520.443,7.1,-0.8660254037844384,-0.5000000000000004
2024-01-24 17:00:00,15901.767,7.4,-0.9659258262890684,-0.2588190451025206
2024-01-24 18:00:00,16055.925,7.6,-1.0,-1.8369701987210294e-16
2024-01-24 19:00:00,15837.579,7.7,-0.9659258262890684,0.2588190451025203
2024-01-24 20:00:00,15634.202,7.9,-0.8660254037844386,0.5000000000000001
2024-01-24 21:00:00,15154.637,8.4,-0.7071067811865477,0.7071067811865474
2024-01-24 22:00:00,14547.596,8.6,-0.5000000000000004,0.8660254037844384
2024-01-24 23:00:00,13903.642,8.4,-0.2588190451025215,0.965925826289068
2024-01-25 00:00:00,13456.949,8.4,0.0,1.0
2024-01-25 01:00:00,13189.951,8.4,0.2588190451025207,0.9659258262890684
2024-01-25 02:00:00,13098.066,7.4,0.4999999999999999,0.8660254037844387
2024-01-25 03:00:00,12995.732,6.9,0.7071067811865475,0.7071067811865476
2024-01-25 04:00:00,13239.272,6.6,0.8660254037844386,0.5000000000000001
2024-01-25 05:00:00,13772.843,6.1,0.9659258262890684,0.2588190451025207
2024-01-25 06:00:00,14633.35,5.7,1.0,6.123233995736766e-17
2024-01-25 07:00:00,15242.353,7.8,0.9659258262890684,-0.2588190451025206
2024-01-25 08:00:00,15274.398,7.4,0.8660254037844387,-0.4999999999999998
2024-01-25 09:00:00,15251.851,5.8,0.7071067811865476,-0.7071067811865475
2024-01-25 10:00:00,15245.926,7.2,0.4999999999999999,-0.8660254037844387
2024-01-25 11:00:00,15036.841,7.7,0.258819045102521,-0.9659258262890682
2024-01-25 12:00:00,14956.686,7.4,1.2246467991473532e-16,-1.0
2024-01-25 13:00:00,14876.778,7.7,-0.2588190451025208,-0.9659258262890684
2024-01-25 14:00:00,14708.103,8.4,-0.4999999999999998,-0.8660254037844388
2024-01-25 15:00:00,14588.652,7.8,-0.7071067811865471,-0.7071067811865479
2024-01-25 16:00:00,14630.966,8.4,-0.8660254037844384,-0.5000000000000004
2024-01-25 17:00:00,14997.352,7.9,-0.9659258262890684,-0.2588190451025206
2024-01-25 18:00:00,15283.625,7.8,-1.0,-1.8369701987210294e-16
2024-01-25 19:00:00,15103.574,7.9,-0.9659258262890684,0.2588190451025203
2024-01-25 20:00:00,14965.183,7.7,-0.8660254037844386,0.5000000000000001
2024-01-25 21:00:00,14576.42,9.9,-0.7071067811865477,0.7071067811865474
2024-01-25 22:00:00,14026.76,9.9,-0.5000000000000004,0.8660254037844384
2024-01-25 23:00:00,13396.215,10.1,-0.2588190451025215,0.965925826289068
2024-01-26 00:00:00,12923.313,10.3,0.0,1.0
2024-01-26 01:00:00,12465.853,11.8,0.2588190451025207,0.9659258262890684
2024-01-26 02:00:00,12225.339,13.5,0.4999999999999999,0.8660254037844387
2024-01-26 03:00:00,12284.441,13.6,0.7071067811865475,0.7071067811865476
2024-01-26 04:00:00,12413.623,12.9,0.8660254037844386,0.5000000000000001
2024-01-26 05:00:00,12983.704,12.1,0.9659258262890684,0.2588190451025207
2024-01-26 06:00:00,13937.509,11.1,1.0,6.123233995736766e-17
2024-01-26 07:00:00,14709.568,10.2,0.9659258262890684,-0.2588190451025206
2024-01-26 08:00:00,14754.951,9.1,0.8660254037844387,-0.4999999999999998
2024-01-26 09:00:00,14797.053,10.9,0.7071067811865476,-0.7071067811865475
2024-01-26 10:00:00,14919.968,10.1,0.4999999999999999,-0.8660254037844387
2024-01-26 11:00:00,14805.479,9.8,0.258819045102521,-0.9659258262890682
2024-01-26 12:00:00,14787.738,9.4,1.2246467991473532e-16,-1.0
2024-01-26 13:00:00,14602.674,8.8,-0.2588190451025208,-0.9659258262890684
2024-01-26 14:00:00,14358.661,8.3,-0.4999999999999998,-0.8660254037844388
2024-01-26 15:00:00,14282.304,8.6,-0.7071067811865471,-0.7071067811865479
2024-01-26 16:00:00,14311.652,8.8,-0.8660254037844384,-0.5000000000000004
2024-01-26 17:00:00,14540.36,8.6,-0.9659258262890684,-0.2588190451025206
2024-01-26 18:00:00,14823.124,7.8,-1.0,-1.8369701987210294e-16
2024-01-26 19:00:00,14682.022,6.4,-0.9659258262890684,0.2588190451025203
2024-01-26 20:00:00,14506.787,5.9,-0.8660254037844386,0.5000000000000001
2024-01-26 21:00:00,14168.794,5.8,-0.7071067811865477,0.7071067811865474
2024-01-26 22:00:00,13644.667,5.7,-0.5000000000000004,0.8660254037844384
2024-01-26 23:00:00,13215.325,5.4,-0.2588190451025215,0.965925826289068
2024-01-27 00:00:00,12824.924,4.9,0.0,1.0
2024-01-27 01:00:00,12490.276,4.6,0.2588190451025207,0.9659258262890684
2024-01-27 02:00:00,12421.224,4.0,0.4999999999999999,0.8660254037844387
2024-01-27 03:00:00,12465.162,3.2,0.7071067811865475,0.7071067811865476
2024-01-27 04:00:00,12491.830999999998,3.1,0.8660254037844386,0.5000000000000001
2024-01-27 05:00:00,12876.206,2.6,0.9659258262890684,0.2588190451025207
2024-01-27 06:00:00,13244.426,2.5,1.0,6.123233995736766e-17
2024-01-27 07:00:00,13788.458,2.5,0.9659258262890684,-0.2588190451025206
2024-01-27 08:00:00,14139.053,2.5,0.8660254037844387,-0.4999999999999998
2024-01-27 09:00:00,14389.591,3.5,0.7071067811865476,-0.7071067811865475
2024-01-27 10:00:00,14412.396,3.8,0.4999999999999999,-0.8660254037844387
2024-01-27 11:00:00,14358.393,4.2,0.258819045102521,-0.9659258262890682
2024-01-27 12:00:00,14249.7,4.8,1.2246467991473532e-16,-1.0
2024-01-27 13:00:00,14187.336,5.4,-0.2588190451025208,-0.9659258262890684
2024-01-27 14:00:00,14079.676,5.8,-0.4999999999999998,-0.8660254037844388
2024-01-27 15:00:00,14095.226,6.1,-0.7071067811865471,-0.7071067811865479
2024-01-27 16:00:00,14322.686000000002,6.4,-0.8660254037844384,-0.5000000000000004
2024-01-27 17:00:00,14658.046,6.2,-0.9659258262890684,-0.2588190451025206
2024-01-27 18:00:00,14838.696,5.6,-1.0,-1.8369701987210294e-16
2024-01-27 19:00:00,14769.84,5.1,-0.9659258262890684,0.2588190451025203
2024-01-27 20:00:00,14451.701,4.8,-0.8660254037844386,0.5000000000000001
2024-01-27 21:00:00,14255.811000000002,5.6,-0.7071067811865477,0.7071067811865474
2024-01-27 22:00:00,13766.807,5.7,-0.5000000000000004,0.8660254037844384
2024-01-27 23:00:00,13359.238,5.8,-0.2588190451025215,0.965925826289068
2024-01-28 00:00:00,12962.889,6.0,0.0,1.0
2024-01-28 01:00:00,12756.4,6.2,0.2588190451025207,0.9659258262890684
2024-01-28 02:00:00,12533.553,6.2,0.4999999999999999,0.8660254037844387
2024-01-28 03:00:00,12436.843,6.2,0.7071067811865475,0.7071067811865476
2024-01-28 04:00:00,12521.208,6.2,0.8660254037844386,0.5000000000000001
2024-01-28 05:00:00,12727.542,6.3,0.9659258262890684,0.2588190451025207
2024-01-28 06:00:00,13085.453,6.3,1.0,6.123233995736766e-17
2024-01-28 07:00:00,13625.519,6.1,0.9659258262890684,-0.2588190451025206
2024-01-28 08:00:00,14141.934,5.8,0.8660254037844387,-0.4999999999999998
2024-01-28 09:00:00,14489.034,6.2,0.7071067811865476,-0.7071067811865475
2024-01-28 10:00:00,14786.766,5.9,0.4999999999999999,-0.8660254037844387
2024-01-28 11:00:00,14875.522,5.1,0.258819045102521,-0.9659258262890682
2024-01-28 12:00:00,15095.237,3.6,1.2246467991473532e-16,-1.0
2024-01-28 13:00:00,15089.411,3.0,-0.2588190451025208,-0.9659258262890684
2024-01-28 14:00:00,15176.857,2.7,-0.4999999999999998,-0.8660254037844388
2024-01-28 15:00:00,15154.931,3.2,-0.7071067811865471,-0.7071067811865479
2024-01-28 16:00:00,15458.107,3.7,-0.8660254037844384,-0.5000000000000004
2024-01-28 17:00:00,15862.913,2.8,-0.9659258262890684,-0.2588190451025206
2024-01-28 18:00:00,16336.147,2.2,-1.0,-1.8369701987210294e-16
2024-01-28 19:00:00,16289.633,1.8,-0.9659258262890684,0.2588190451025203
2024-01-28 20:00:00,15977.449,1.6,-0.8660254037844386,0.5000000000000001
2024-01-28 21:00:00,15719.596,1.8,-0.7071067811865477,0.7071067811865474
2024-01-28 22:00:00,15251.883000000002,2.0,-0.5000000000000004,0.8660254037844384
2024-01-28 23:00:00,14796.739,2.1,-0.2588190451025215,0.965925826289068
2024-01-29 00:00:00,14456.735,2.1,0.0,1.0
2024-01-29 01:00:00,14237.611,2.0,0.2588190451025207,0.9659258262890684
2024-01-29 02:00:00,14250.315,1.5,0.4999999999999999,0.8660254037844387
2024-01-29 03:00:00,14333.394,0.9,0.7071067811865475,0.7071067811865476
2024-01-29 04:00:00,14730.746,0.6,0.8660254037844386,0.5000000000000001
2024-01-29 05:00:00,15407.99,0.4,0.9659258262890684,0.2588190451025207
2024-01-29 06:00:00,16584.154000000002,0.8,1.0,6.123233995736766e-17
2024-01-29 07:00:00,17214.317,1.1,0.9659258262890684,-0.2588190451025206
2024-01-29 08:00:00,17322.565000000002,0.9,0.8660254037844387,-0.4999999999999998
2024-01-29 09:00:00,17331.854,0.2,0.7071067811865476,-0.7071067811865475
2024-01-29 10:00:00,17250.003,0.6,0.4999999999999999,-0.8660254037844387
2024-01-29 11:00:00,17149.953999999998,1.5,0.258819045102521,-0.9659258262890682
2024-01-29 12:00:00,17053.525,2.5,1.2246467991473532e-16,-1.0
2024-01-29 13:00:00,17030.917999999998,3.2,-0.2588190451025208,-0.9659258262890684
2024-01-29 14:00:00,16748.987,4.2,-0.4999999999999998,-0.8660254037844388
2024-01-29 15:00:00,16639.794,4.8,-0.7071067811865471,-0.7071067811865479
2024-01-29 16:00:00,16805.556,4.9,-0.8660254037844384,-0.5000000000000004
2024-01-29 17:00:00,17162.515,4.8,-0.9659258262890684,-0.2588190451025206
2024-01-29 18:00:00,17638.965,4.4,-1.0,-1.8369701987210294e-16
2024-01-29 19:00:00,17575.381,1.2,-0.9659258262890684,0.2588190451025203
2024-01-29 20:00:00,17400.724,0.4,-0.8660254037844386,0.5000000000000001
2024-01-29 21:00:00,17003.025,1.1,-0.7071067811865477,0.7071067811865474
2024-01-29 22:00:00,16409.226000000002,0.8,-0.5000000000000004,0.8660254037844384
2024-01-29 23:00:00,15847.056,-0.4,-0.2588190451025215,0.965925826289068
2024-01-30 00:00:00,15543.061,-1.5,0.0,1.0
2024-01-30 01:00:00,15371.982,-2.2,0.2588190451025207,0.9659258262890684
2024-01-30 02:00:00,15299.795,-2.7,0.4999999999999999,0.8660254037844387
2024-01-30 03:00:00,15460.514,-3.0,0.7071067811865475,0.7071067811865476
2024-01-30 04:00:00,15817.945,-3.2,0.8660254037844386,0.5000000000000001
2024-01-30 05:00:00,16429.435,-3.3,0.9659258262890684,0.2588190451025207
2024-01-30 06:00:00,17615.714,-3.5,1.0,6.123233995736766e-17
2024-01-30 07:00:00,18286.865,-3.5,0.9659258262890684,-0.2588190451025206
2024-01-30 08:00:00,18156.086,-3.3,0.8660254037844387,-0.4999999999999998
2024-01-30 09:00:00,17857.158,-0.5,0.7071067811865476,-0.7071067811865475
2024-01-30 10:00:00,17494.126,0.2,0.4999999999999999,-0.8660254037844387
2024-01-30 11:00:00,17289.094,0.9,0.258819045102521,-0.9659258262890682
2024-01-30 12:00:00,16979.914,1.7,1.2246467991473532e-16,-1.0
2024-01-30 13:00:00,16786.335,2.9,-0.2588190451025208,-0.9659258262890684
2024-01-30 14:00:00,16551.455,3.7,-0.4999999999999998,-0.8660254037844388
2024-01-30 15:00:00,16498.5,4.2,-0.7071067811865471,-0.7071067811865479
2024-01-30 16:00:00,16666.492,4.0,-0.8660254037844384,-0.5000000000000004
2024-01-30 17:00:00,16970.804,3.3,-0.9659258262890684,-0.2588190451025206
2024-01-30 18:00:00,17348.5,2.2,-1.0,-1.8369701987210294e-16
2024-01-30 19:00:00,17235.634,1.5,-0.9659258262890684,0.2588190451025203
2024-01-30 20:00:00,17007.36,1.6,-0.8660254037844386,0.5000000000000001
2024-01-30 21:00:00,16485.819,0.6,-0.7071067811865477,0.7071067811865474
2024-01-30 22:00:00,15865.333,0.6,-0.5000000000000004,0.8660254037844384
2024-01-30 23:00:00,15239.669,0.8,-0.2588190451025215,0.965925826289068
2024-01-31 00:00:00,14768.265,0.7,0.0,1.0
2024-01-31 01:00:00,14587.725,0.6,0.2588190451025207,0.9659258262890684
2024-01-31 02:00:00,14482.579,0.6,0.4999999999999999,0.8660254037844387
2024-01-31 03:00:00,14538.299,0.7,0.7071067811865475,0.7071067811865476
2024-01-31 04:00:00,14802.268,0.6,0.8660254037844386,0.5000000000000001
2024-01-31 05:00:00,15516.125,0.6,0.9659258262890684,0.2588190451025207
2024-01-31 06:00:00,16580.433,0.8,1.0,6.123233995736766e-17
2024-01-31 07:00:00,17072.206,0.8,0.9659258262890684,-0.2588190451025206
2024-01-31 08:00:00,17134.163,0.8,0.8660254037844387,-0.4999999999999998
2024-01-31 09:00:00,17020.683,1.2,0.7071067811865476,-0.7071067811865475
2024-01-31 10:00:00,16988.997,1.6,0.4999999999999999,-0.8660254037844387
2024-01-31 11:00:00,16787.339,2.1,0.258819045102521,-0.9659258262890682
2024-01-31 12:00:00,16573.639,2.5,1.2246467991473532e-16,-1.0
2024-01-31 13:00:00,16528.056,3.3,-0.2588190451025208,-0.9659258262890684
2024-01-31 14:00:00,16261.282,4.1,-0.4999999999999998,-0.8660254037844388
2024-01-31 15:00:00,16214.954,4.8,-0.7071067811865471,-0.7071067811865479
2024-01-31 16:00:00,16425.416,5.2,-0.8660254037844384,-0.5000000000000004
2024-01-31 17:00:00,16636.889,5.2,-0.9659258262890684,-0.2588190451025206
2024-01-31 18:00:00,17017.964,4.9,-1.0,-1.8369701987210294e-16
2024-01-31 19:00:00,17001.361,3.8,-0.9659258262890684,0.2588190451025203
2024-01-31 20:00:00,16841.722,3.4,-0.8660254037844386,0.5000000000000001
2024-01-31 21:00:00,16448.726,3.3,-0.7071067811865477,0.7071067811865474
2024-01-31 22:00:00,15927.205999999998,3.2,-0.5000000000000004,0.8660254037844384
2024-01-31 23:00:00,15385.547,3.2,-0.2588190451025215,0.965925826289068
2024-02-01 00:00:00,13418.454,3.0,0.0,1.0
2024-02-01 01:00:00,13112.236,2.6,0.2588190451025207,0.9659258262890684
2024-02-01 02:00:00,13103.912,1.5,0.4999999999999999,0.8660254037844387
2024-02-01 03:00:00,13160.118,0.6,0.7071067811865475,0.7071067811865476
2024-02-01 04:00:00,13518.488,-0.1,0.8660254037844386,0.5000000000000001
2024-02-01 05:00:00,14317.355,-0.5,0.9659258262890684,0.2588190451025207
2024-02-01 06:00:00,15391.51,-0.8,1.0,6.123233995736766e-17
2024-02-01 07:00:00,16092.237,-1.0,0.9659258262890684,-0.2588190451025206
2024-02-01 08:00:00,15851.226,-1.1,0.8660254037844387,-0.4999999999999998
2024-02-01 09:00:00,15475.732,-0.2,0.7071067811865476,-0.7071067811865475
2024-02-01 10:00:00,14870.217,1.2,0.4999999999999999,-0.8660254037844387
2024-02-01 11:00:00,14312.154,3.2,0.258819045102521,-0.9659258262890682
2024-02-01 12:00:00,13716.342,5.2,1.2246467991473532e-16,-1.0
2024-02-01 13:00:00,13399.765,6.9,-0.2588190451025208,-0.9659258262890684
2024-02-01 14:00:00,13200.11,8.4,-0.4999999999999998,-0.8660254037844388
2024-02-01 15:00:00,12955.087,9.7,-0.7071067811865471,-0.7071067811865479
2024-02-01 16:00:00,13171.756,10.2,-0.8660254037844384,-0.5000000000000004
2024-02-01 17:00:00,13588.847,10.2,-0.9659258262890684,-0.2588190451025206
2024-02-01 18:00:00,14111.257,9.6,-1.0,-1.8369701987210294e-16
2024-02-01 19:00:00,14010.815,7.3,-0.9659258262890684,0.2588190451025203
2024-02-01 20:00:00,14031.652,5.8,-0.8660254037844386,0.5000000000000001
2024-02-01 21:00:00,13817.138,5.7,-0.7071067811865477,0.7071067811865474
2024-02-01 22:00:00,13411.667,5.4,-0.5000000000000004,0.8660254037844384
2024-02-01 23:00:00,12858.159,5.7,-0.2588190451025215,0.965925826289068
2024-02-02 00:00:00,13967.189,6.4,0.0,1.0
2024-02-02 01:00:00,13745.793,6.4,0.2588190451025207,0.9659258262890684
2024-02-02 02:00:00,13671.079,6.1,0.4999999999999999,0.8660254037844387
2024-02-02 03:00:00,13810.87,5.9,0.7071067811865475,0.7071067811865476
2024-02-02 04:00:00,14017.165,5.4,0.8660254037844386,0.5000000000000001
2024-02-02 05:00:00,14669.759,4.8,0.9659258262890684,0.2588190451025207
2024-02-02 06:00:00,15730.891,4.2,1.0,6.123233995736766e-17
2024-02-02 07:00:00,16363.397,3.8,0.9659258262890684,-0.2588190451025206
2024-02-02 08:00:00,16258.444,3.3,0.8660254037844387,-0.4999999999999998
2024-02-02 09:00:00,16071.2,4.1,0.7071067811865476,-0.7071067811865475
2024-02-02 10:00:00,16035.939,4.1,0.4999999999999999,-0.8660254037844387
2024-02-02 11:00:00,15716.437,4.8,0.258819045102521,-0.9659258262890682
2024-02-02 12:00:00,15574.841,5.2,1.2246467991473532e-16,-1.0
2024-02-02 13:00:00,15343.267,6.1,-0.2588190451025208,-0.9659258262890684
2024-02-02 14:00:00,14963.144,6.5,-0.4999999999999998,-0.8660254037844388
2024-02-02 15:00:00,14808.408,6.2,-0.7071067811865471,-0.7071067811865479
2024-02-02 16:00:00,14839.297,6.2,-0.8660254037844384,-0.5000000000000004
2024-02-02 17:00:00,15228.12,5.7,-0.9659258262890684,-0.2588190451025206
2024-02-02 18:00:00,15758.851,4.7,-1.0,-1.8369701987210294e-16
2024-02-02 19:00:00,15820.74,3.5,-0.9659258262890684,0.2588190451025203
2024-02-02 20:00:00,15855.574,2.6,-0.8660254037844386,0.5000000000000001
2024-02-02 21:00:00,15706.285,0.2,-0.7071067811865477,0.7071067811865474
2024-02-02 22:00:00,15358.249,-0.2,-0.5000000000000004,0.8660254037844384
2024-02-02 23:00:00,14989.505,-0.4,-0.2588190451025215,0.965925826289068
2024-02-03 00:00:00,14692.377,-0.9,0.0,1.0
2024-02-03 01:00:00,14684.033,-1.3,0.2588190451025207,0.9659258262890684
2024-02-03 02:00:00,14682.231,-1.7,0.4999999999999999,0.8660254037844387
2024-02-03 03:00:00,14783.514,-2.1,0.7071067811865475,0.7071067811865476
2024-02-03 04:00:00,15011.755,-2.4,0.8660254037844386,0.5000000000000001
2024-02-03 05:00:00,15397.971,-2.7,0.9659258262890684,0.2588190451025207
2024-02-03 06:00:00,15852.865,-2.7,1.0,6.123233995736766e-17
2024-02-03 07:00:00,16368.999,-2.9,0.9659258262890684,-0.2588190451025206
2024-02-03 08:00:00,16591.564,-3.2,0.8660254037844387,-0.4999999999999998
2024-02-03 09:00:00,16234.916,-3.0,0.7071067811865476,-0.7071067811865475
2024-02-03 10:00:00,15713.231,-1.5,0.4999999999999999,-0.8660254037844387
2024-02-03 11:00:00,15201.148,0.6,0.258819045102521,-0.9659258262890682
2024-02-03 12:00:00,14567.262,2.3,1.2246467991473532e-16,-1.0
2024-02-03 13:00:00,14088.009,4.0,-0.2588190451025208,-0.9659258262890684
2024-02-03 14:00:00,13564.225,5.3,-0.4999999999999998,-0.8660254037844388
2024-02-03 15:00:00,13383.674,6.5,-0.7071067811865471,-0.7071067811865479
2024-02-03 16:00:00,13584.07,7.2,-0.8660254037844384,-0.5000000000000004
2024-02-03 17:00:00,13977.758000000002,7.2,-0.9659258262890684,-0.2588190451025206
2024-02-03 18:00:00,14861.805,6.4,-1.0,-1.8369701987210294e-16
2024-02-03 19:00:00,15084.209,2.8,-0.9659258262890684,0.2588190451025203
2024-02-03 20:00:00,15160.906,1.8,-0.8660254037844386,0.5000000000000001
2024-02-03 21:00:00,15113.667,1.1,-0.7071067811865477,0.7071067811865474
2024-02-03 22:00:00,14954.744,0.5,-0.5000000000000004,0.8660254037844384
2024-02-03 23:00:00,14786.074,-0.6,-0.2588190451025215,0.965925826289068
2024-02-04 00:00:00,14597.488,-1.9,0.0,1.0
2024-02-04 01:00:00,14490.797,-2.3,0.2588190451025207,0.9659258262890684
2024-02-04 02:00:00,14495.575,-2.8,0.4999999999999999,0.8660254037844387
2024-02-04 03:00:00,14586.37,-2.3,0.7071067811865475,0.7071067811865476
2024-02-04 04:00:00,14757.623,-1.9,0.8660254037844386,0.5000000000000001
2024-02-04 05:00:00,14993.986,-1.5,0.9659258262890684,0.2588190451025207
2024-02-04 06:00:00,15463.73,-2.1,1.0,6.123233995736766e-17
2024-02-04 07:00:00,15953.276,-3.0,0.9659258262890684,-0.2588190451025206
2024-02-04 08:00:00,16046.490000000002,-3.2,0.8660254037844387,-0.4999999999999998
2024-02-04 09:00:00,15584.989,-2.5,0.7071067811865476,-0.7071067811865475
2024-02-04 10:00:00,14839.809,0.1,0.4999999999999999,-0.8660254037844387
2024-02-04 11:00:00,14377.829,2.9,0.258819045102521,-0.9659258262890682
2024-02-04 12:00:00,13939.743,5.8,1.2246467991473532e-16,-1.0
2024-02-04 13:00:00,13543.285,8.2,-0.2588190451025208,-0.9659258262890684
2024-02-04 14:00:00,13244.279,9.9,-0.4999999999999998,-0.8660254037844388
2024-02-04 15:00:00,13079.882,10.9,-0.7071067811865471,-0.7071067811865479
2024-02-04 16:00:00,13380.839,11.2,-0.8660254037844384,-0.5000000000000004
2024-02-04 17:00:00,14025.255,10.9,-0.9659258262890684,-0.2588190451025206
2024-02-04 18:00:00,14903.661,9.4,-1.0,-1.8369701987210294e-16
2024-02-04 19:00:00,15121.595,6.3,-0.9659258262890684,0.2588190451025203
2024-02-04 20:00:00,15140.297,4.6,-0.8660254037844386,0.5000000000000001
2024-02-04 21:00:00,14998.961,3.7,-0.7071067811865477,0.7071067811865474
2024-02-04 22:00:00,14743.209,2.2,-0.5000000000000004,0.8660254037844384
2024-02-04 23:00:00,14478.648,1.3,-0.2588190451025215,0.965925826289068
2024-02-05 00:00:00,14360.451,0.3,0.0,1.0
2024-02-05 01:00:00,14395.636,-0.6,0.2588190451025207,0.9659258262890684
2024-02-05 02:00:00,14474.092,-1.1,0.4999999999999999,0.8660254037844387
2024-02-05 03:00:00,14703.13,-1.6,0.7071067811865475,0.7071067811865476
2024-02-05 04:00:00,15211.611,-2.1,0.8660254037844386,0.5000000000000001
2024-02-05 05:00:00,16092.599,-2.4,0.9659258262890684,0.2588190451025207
2024-02-05 06:00:00,17397.837,-2.5,1.0,6.123233995736766e-17
2024-02-05 07:00:00,18208.278,-2.4,0.9659258262890684,-0.2588190451025206
2024-02-05 08:00:00,17851.289,-2.3,0.8660254037844387,-0.4999999999999998
2024-02-05 09:00:00,17084.015,-1.5,0.7071067811865476,-0.7071067811865475
2024-02-05 10:00:00,16401.237,0.6,0.4999999999999999,-0.8660254037844387
2024-02-05 11:00:00,15656.119,3.0,0.258819045102521,-0.9659258262890682
2024-02-05 12:00:00,15355.65,5.4,1.2246467991473532e-16,-1.0
2024-02-05 13:00:00,14983.3,7.3,-0.2588190451025208,-0.9659258262890684
2024-02-05 14:00:00,14680.468,8.3,-0.4999999999999998,-0.8660254037844388
2024-02-05 15:00:00,14421.542,8.9,-0.7071067811865471,-0.7071067811865479
2024-02-05 16:00:00,14637.234,9.0,-0.8660254037844384,-0.5000000000000004
2024-02-05 17:00:00,15131.298,8.3,-0.9659258262890684,-0.2588190451025206
2024-02-05 18:00:00,15999.168,7.1,-1.0,-1.8369701987210294e-16
2024-02-05 19:00:00,16222.473000000002,4.5,-0.9659258262890684,0.2588190451025203
2024-02-05 20:00:00,16125.134000000002,2.9,-0.8660254037844386,0.5000000000000001
2024-02-05 21:00:00,15875.212,0.8,-0.7071067811865477,0.7071067811865474
2024-02-05 22:00:00,15321.914,-0.2,-0.5000000000000004,0.8660254037844384
2024-02-05 23:00:00,14979.449,-0.8,-0.2588190451025215,0.965925826289068
2024-02-06 00:00:00,14622.943,-1.4,0.0,1.0
2024-02-06 01:00:00,14648.892,-2.0,0.2588190451025207,0.9659258262890684
2024-02-06 02:00:00,14582.089,-2.4,0.4999999999999999,0.8660254037844387
2024-02-06 03:00:00,14753.469,-2.7,0.7071067811865475,0.7071067811865476
2024-02-06 04:00:00,15195.937,-2.8,0.8660254037844386,0.5000000000000001
2024-02-06 05:00:00,15986.167,-3.0,0.9659258262890684,0.2588190451025207
2024-02-06 06:00:00,17195.427,-3.2,1.0,6.123233995736766e-17
2024-02-06 07:00:00,17782.752,-3.3,0.9659258262890684,-0.2588190451025206
2024-02-06 08:00:00,17612.211,-3.4,0.8660254037844387,-0.4999999999999998
2024-02-06 09:00:00,16999.191,-3.0,0.7071067811865476,-0.7071067811865475
2024-02-06 10:00:00,16426.555,-1.3,0.4999999999999999,-0.8660254037844387
2024-02-06 11:00:00,15920.332,0.9,0.258819045102521,-0.9659258262890682
2024-02-06 12:00:00,15434.432,3.0,1.2246467991473532e-16,-1.0
2024-02-06 13:00:00,14995.141,4.9,-0.2588190451025208,-0.9659258262890684
2024-02-06 14:00:00,14592.684,6.5,-0.4999999999999998,-0.8660254037844388
2024-02-06 15:00:00,14313.46,7.6,-0.7071067811865471,-0.7071067811865479
2024-02-06 16:00:00,14453.93,8.4,-0.8660254037844384,-0.5000000000000004
2024-02-06 17:00:00,15042.341,8.5,-0.9659258262890684,-0.2588190451025206
2024-02-06 18:00:00,15875.066,7.3,-1.0,-1.8369701987210294e-16
2024-02-06 19:00:00,16292.654,4.1,-0.9659258262890684,0.2588190451025203
2024-02-06 20:00:00,16243.168,1.9,-0.8660254037844386,0.5000000000000001
2024-02-06 21:00:00,15996.873,1.8,-0.7071067811865477,0.7071067811865474
2024-02-06 22:00:00,15607.069,0.8,-0.5000000000000004,0.8660254037844384
2024-02-06 23:00:00,15381.979,-1.0,-0.2588190451025215,0.965925826289068
2024-02-07 00:00:00,15260.444,-1.9,0.0,1.0
2024-02-07 01:00:00,15215.704,-2.3,0.2588190451025207,0.9659258262890684
2024-02-07 02:00:00,15268.552,-2.5,0.4999999999999999,0.8660254037844387
2024-02-07 03:00:00,15516.312000000002,-2.6,0.7071067811865475,0.7071067811865476
2024-02-07 04:00:00,15955.313,-2.5,0.8660254037844386,0.5000000000000001
2024-02-07 05:00:00,16748.993,-1.8,0.9659258262890684,0.2588190451025207
2024-02-07 06:00:00,17812.36,-3.2,1.0,6.123233995736766e-17
2024-02-07 07:00:00,18481.278,-2.3,0.9659258262890684,-0.2588190451025206
2024-02-07 08:00:00,18138.766,-3.0,0.8660254037844387,-0.4999999999999998
2024-02-07 09:00:00,17280.776,-2.4,0.7071067811865476,-0.7071067811865475
2024-02-07 10:00:00,16370.687,-0.2,0.4999999999999999,-0.8660254037844387
2024-02-07 11:00:00,15564.334,2.6,0.258819045102521,-0.9659258262890682
2024-02-07 12:00:00,15033.316,5.4,1.2246467991473532e-16,-1.0
2024-02-07 13:00:00,14791.247,7.2,-0.2588190451025208,-0.9659258262890684
2024-02-07 14:00:00,14401.182,8.6,-0.4999999999999998,-0.8660254037844388
2024-02-07 15:00:00,14203.012,9.3,-0.7071067811865471,-0.7071067811865479
2024-02-07 16:00:00,14375.245,10.0,-0.8660254037844384,-0.5000000000000004
2024-02-07 17:00:00,14795.378,10.0,-0.9659258262890684,-0.2588190451025206
2024-02-07 18:00:00,15516.188,8.5,-1.0,-1.8369701987210294e-16
2024-02-07 19:00:00,15777.397,8.4,-0.9659258262890684,0.2588190451025203
2024-02-07 20:00:00,15879.221,6.3,-0.8660254037844386,0.5000000000000001
2024-02-07 21:00:00,15731.68,3.8,-0.7071067811865477,0.7071067811865474
2024-02-07 22:00:00,15398.575,4.2,-0.5000000000000004,0.8660254037844384
2024-02-07 23:00:00,14913.832,4.1,-0.2588190451025215,0.965925826289068
2024-02-08 00:00:00,14556.407,2.7,0.0,1.0
2024-02-08 01:00:00,14569.974,2.3,0.2588190451025207,0.9659258262890684
2024-02-08 02:00:00,14619.683,1.3,0.4999999999999999,0.8660254037844387
2024-02-08 03:00:00,14776.522,1.0,0.7071067811865475,0.7071067811865476
2024-02-08 04:00:00,15227.854,0.8,0.8660254037844386,0.5000000000000001
2024-02-08 05:00:00,15903.162,0.8,0.9659258262890684,0.2588190451025207
2024-02-08 06:00:00,16984.65,0.5,1.0,6.123233995736766e-17
2024-02-08 07:00:00,17576.525999999998,0.9,0.9659258262890684,-0.2588190451025206
2024-02-08 08:00:00,17514.639,1.4,0.8660254037844387,-0.4999999999999998
2024-02-08 09:00:00,16986.003,1.8,0.7071067811865476,-0.7071067811865475
2024-02-08 10:00:00,16132.751,3.8,0.4999999999999999,-0.8660254037844387
2024-02-08 11:00:00,15555.501,6.8,0.258819045102521,-0.9659258262890682
2024-02-08 12:00:00,15066.613,9.7,1.2246467991473532e-16,-1.0
2024-02-08 13:00:00,14834.792,12.4,-0.2588190451025208,-0.9659258262890684
2024-02-08 14:00:00,14410.754,14.1,-0.4999999999999998,-0.8660254037844388
2024-02-08 15:00:00,14329.884,14.1,-0.7071067811865471,-0.7071067811865479
2024-02-08 16:00:00,14449.127,13.9,-0.8660254037844384,-0.5000000000000004
2024-02-08 17:00:00,14827.12,14.6,-0.9659258262890684,-0.2588190451025206
2024-02-08 18:00:00,15313.441,13.4,-1.0,-1.8369701987210294e-16
2024-02-08 19:00:00,15302.404,12.3,-0.9659258262890684,0.2588190451025203
2024-02-08 20:00:00,15355.768,11.1,-0.8660254037844386,0.5000000000000001
2024-02-08 21:00:00,15004.893,11.3,-0.7071067811865477,0.7071067811865474
2024-02-08 22:00:00,14403.669000000002,9.8,-0.5000000000000004,0.8660254037844384
2024-02-08 23:00:00,13823.859,10.2,-0.2588190451025215,0.965925826289068
2024-02-09 00:00:00,12791.507,9.8,0.0,1.0
2024-02-09 01:00:00,12481.419,9.4,0.2588190451025207,0.9659258262890684
2024-02-09 02:00:00,12341.128,8.4,0.4999999999999999,0.8660254037844387
2024-02-09 03:00:00,12283.48,8.1,0.7071067811865475,0.7071067811865476
2024-02-09 04:00:00,12516.927,7.9,0.8660254037844386,0.5000000000000001
2024-02-09 05:00:00,13113.684,7.9,0.9659258262890684,0.2588190451025207
2024-02-09 06:00:00,14075.263,8.1,1.0,6.123233995736766e-17
2024-02-09 07:00:00,14638.442,8.6,0.9659258262890684,-0.2588190451025206
2024-02-09 08:00:00,14688.52,9.9,0.8660254037844387,-0.4999999999999998
2024-02-09 09:00:00,14526.743,9.1,0.7071067811865476,-0.7071067811865475
2024-02-09 10:00:00,14277.644,10.4,0.4999999999999999,-0.8660254037844387
2024-02-09 11:00:00,14005.382,12.1,0.258819045102521,-0.9659258262890682
2024-02-09 12:00:00,13780.697,12.9,1.2246467991473532e-16,-1.0
2024-02-09 13:00:00,13633.484,14.5,-0.2588190451025208,-0.9659258262890684
2024-02-09 14:00:00,13362.489,15.2,-0.4999999999999998,-0.8660254037844388
2024-02-09 15:00:00,13174.422,16.1,-0.7071067811865471,-0.7071067811865479
2024-02-09 16:00:00,13277.326,16.8,-0.8660254037844384,-0.5000000000000004
2024-02-09 17:00:00,13419.080000000002,16.5,-0.9659258262890684,-0.2588190451025206
2024-02-09 18:00:00,13786.034,15.5,-1.0,-1.8369701987210294e-16
2024-02-09 19:00:00,13697.3,12.8,-0.9659258262890684,0.2588190451025203
2024-02-09 20:00:00,13413.653,10.9,-0.8660254037844386,0.5000000000000001
2024-02-09 21:00:00,13148.157,10.9,-0.7071067811865477,0.7071067811865474
2024-02-09 22:00:00,12648.746,10.4,-0.5000000000000004,0.8660254037844384
2024-02-09 23:00:00,11999.472,10.1,-0.2588190451025215,0.965925826289068
2024-02-10 00:00:00,12229.583,10.2,0.0,1.0
2024-02-10 01:00:00,11991.024,10.1,0.2588190451025207,0.9659258262890684
2024-02-10 02:00:00,11929.847,9.9,0.4999999999999999,0.8660254037844387
2024-02-10 03:00:00,11771.919,10.6,0.7071067811865475,0.7071067811865476
2024-02-10 04:00:00,11923.06,10.9,0.8660254037844386,0.5000000000000001
2024-02-10 05:00:00,12237.707,11.1,0.9659258262890684,0.2588190451025207
2024-02-10 06:00:00,12617.861,11.4,1.0,6.123233995736766e-17
2024-02-10 07:00:00,13103.537,11.6,0.9659258262890684,-0.2588190451025206
2024-02-10 08:00:00,13457.446,11.4,0.8660254037844387,-0.4999999999999998
2024-02-10 09:00:00,13544.984,10.9,0.7071067811865476,-0.7071067811865475
2024-02-10 10:00:00,13600.279,11.1,0.4999999999999999,-0.8660254037844387
2024-02-10 11:00:00,13455.8,12.2,0.258819045102521,-0.9659258262890682
2024-02-10 12:00:00,13331.918,13.5,1.2246467991473532e-16,-1.0
2024-02-10 13:00:00,13164.943,14.9,-0.2588190451025208,-0.9659258262890684
2024-02-10 14:00:00,13056.268,15.4,-0.4999999999999998,-0.8660254037844388
2024-02-10 15:00:00,13097.988,14.6,-0.7071067811865471,-0.7071067811865479
2024-02-10 16:00:00,13197.867,14.6,-0.8660254037844384,-0.5000000000000004
2024-02-10 17:00:00,13406.083,14.1,-0.9659258262890684,-0.2588190451025206
2024-02-10 18:00:00,13791.538,13.1,-1.0,-1.8369701987210294e-16
2024-02-10 19:00:00,13822.588,11.1,-0.9659258262890684,0.2588190451025203
2024-02-10 20:00:00,13668.552,9.6,-0.8660254037844386,0.5000000000000001
2024-02-10 21:00:00,13300.024,8.7,-0.7071067811865477,0.7071067811865474
2024-02-10 22:00:00,12982.438000000002,7.7,-0.5000000000000004,0.8660254037844384
2024-02-10 23:00:00,12615.906,6.6,-0.2588190451025215,0.965925826289068
2024-02-11 00:00:00,12389.387,5.8,0.0,1.0
2024-02-11 01:00:00,12238.779,4.6,0.2588190451025207,0.9659258262890684
2024-02-11 02:00:00,12169.467,3.5,0.4999999999999999,0.8660254037844387
2024-02-11 03:00:00,12212.665,2.9,0.7071067811865475,0.7071067811865476
2024-02-11 04:00:00,12323.011,2.4,0.8660254037844386,0.5000000000000001
2024-02-11 05:00:00,12564.216,2.0,0.9659258262890684,0.2588190451025207
2024-02-11 06:00:00,12835.624,1.7,1.0,6.123233995736766e-17
2024-02-11 07:00:00,13241.094,1.3,0.9659258262890684,-0.2588190451025206
2024-02-11 08:00:00,13711.286,1.5,0.8660254037844387,-0.4999999999999998
2024-02-11 09:00:00,13922.612,1.8,0.7071067811865476,-0.7071067811865475
2024-02-11 10:00:00,13897.747,2.8,0.4999999999999999,-0.8660254037844387
2024-02-11 11:00:00,13869.895,4.1,0.258819045102521,-0.9659258262890682
2024-02-11 12:00:00,13775.61,5.6,1.2246467991473532e-16,-1.0
2024-02-11 13:00:00,13513.948,6.8,-0.2588190451025208,-0.9659258262890684
2024-02-11 14:00:00,13386.088,7.7,-0.4999999999999998,-0.8660254037844388
2024-02-11 15:00:00,13349.836,8.4,-0.7071067811865471,-0.7071067811865479
2024-02-11 16:00:00,13486.758,8.7,-0.8660254037844384,-0.5000000000000004
2024-02-11 17:00:00,13963.21,8.4,-0.9659258262890684,-0.2588190451025206
2024-02-11 18:00:00,14294.115000000002,7.7,-1.0,-1.8369701987210294e-16
2024-02-11 19:00:00,14144.895,4.5,-0.9659258262890684,0.2588190451025203
2024-02-11 20:00:00,14051.524,3.8,-0.8660254037844386,0.5000000000000001
2024-02-11 21:00:00,14001.085,2.4,-0.7071067811865477,0.7071067811865474
2024-02-11 22:00:00,13652.497,1.6,-0.5000000000000004,0.8660254037844384
2024-02-11 23:00:00,13624.874,1.0,-0.2588190451025215,0.965925826289068
2024-02-12 00:00:00,13318.843,0.3,0.0,1.0
2024-02-12 01:00:00,13133.516,-0.6,0.2588190451025207,0.9659258262890684
2024-02-12 02:00:00,13059.727,-1.3,0.4999999999999999,0.8660254037844387
2024-02-12 03:00:00,13085.495,-1.0,0.7071067811865475,0.7071067811865476
2024-02-12 04:00:00,13446.304,-1.1,0.8660254037844386,0.5000000000000001
2024-02-12 05:00:00,14238.091,-0.2,0.9659258262890684,0.2588190451025207
2024-02-12 06:00:00,15365.513,0.1,1.0,6.123233995736766e-17
2024-02-12 07:00:00,16107.294,-0.8,0.9659258262890684,-0.2588190451025206
2024-02-12 08:00:00,16073.442,-2.2,0.8660254037844387,-0.4999999999999998
2024-02-12 09:00:00,15954.327,-0.8,0.7071067811865476,-0.7071067811865475
2024-02-12 10:00:00,15832.719,1.0,0.4999999999999999,-0.8660254037844387
2024-02-12 11:00:00,15490.87,2.9,0.258819045102521,-0.9659258262890682
2024-02-12 12:00:00,15288.81,5.0,1.2246467991473532e-16,-1.0
2024-02-12 13:00:00,15104.223,6.6,-0.2588190451025208,-0.9659258262890684
2024-02-12 14:00:00,14866.357,8.0,-0.4999999999999998,-0.8660254037844388
2024-02-12 15:00:00,14781.011,8.8,-0.7071067811865471,-0.7071067811865479
2024-02-12 16:00:00,14898.325,8.9,-0.8660254037844384,-0.5000000000000004
2024-02-12 17:00:00,15274.308,8.8,-0.9659258262890684,-0.2588190451025206
2024-02-12 18:00:00,15822.813999999998,7.9,-1.0,-1.8369701987210294e-16
2024-02-12 19:00:00,15915.473000000002,6.6,-0.9659258262890684,0.2588190451025203
2024-02-12 20:00:00,15670.205,5.4,-0.8660254037844386,0.5000000000000001
2024-02-12 21:00:00,15264.004,4.7,-0.7071067811865477,0.7071067811865474
2024-02-12 22:00:00,14776.989,4.2,-0.5000000000000004,0.8660254037844384
2024-02-12 23:00:00,14418.668,3.2,-0.2588190451025215,0.965925826289068
2024-02-13 00:00:00,13997.597,2.2,0.0,1.0
2024-02-13 01:00:00,13935.506,1.4,0.2588190451025207,0.9659258262890684
2024-02-13 02:00:00,13910.954,0.6,0.4999999999999999,0.8660254037844387
2024-02-13 03:00:00,14024.829,-0.1,0.7071067811865475,0.7071067811865476
2024-02-13 04:00:00,14336.378,-0.3,0.8660254037844386,0.5000000000000001
2024-02-13 05:00:00,15116.348,-0.6,0.9659258262890684,0.2588190451025207
2024-02-13 06:00:00,16208.623,-0.9,1.0,6.123233995736766e-17
2024-02-13 07:00:00,16906.133,-1.1,0.9659258262890684,-0.2588190451025206
2024-02-13 08:00:00,16695.399,-1.7,0.8660254037844387,-0.4999999999999998
2024-02-13 09:00:00,16235.239,-1.7,0.7071067811865476,-0.7071067811865475
2024-02-13 10:00:00,15946.395,0.6,0.4999999999999999,-0.8660254037844387
2024-02-13 11:00:00,15442.485,3.0,0.258819045102521,-0.9659258262890682
2024-02-13 12:00:00,15362.353,4.9,1.2246467991473532e-16,-1.0
2024-02-13 13:00:00,15189.987,6.6,-0.2588190451025208,-0.9659258262890684
2024-02-13 14:00:00,14989.88,7.7,-0.4999999999999998,-0.8660254037844388
2024-02-13 15:00:00,14733.013,7.8,-0.7071067811865471,-0.7071067811865479
2024-02-13 16:00:00,14878.864,8.3,-0.8660254037844384,-0.5000000000000004
2024-02-13 17:00:00,15301.319,7.8,-0.9659258262890684,-0.2588190451025206
2024-02-13 18:00:00,16056.275,7.1,-1.0,-1.8369701987210294e-16
2024-02-13 19:00:00,16378.663,5.3,-0.9659258262890684,0.2588190451025203
2024-02-13 20:00:00,16304.127,3.5,-0.8660254037844386,0.5000000000000001
2024-02-13 21:00:00,15958.127,2.0,-0.7071067811865477,0.7071067811865474
2024-02-13 22:00:00,15419.418,1.1,-0.5000000000000004,0.8660254037844384
2024-02-13 23:00:00,14956.577,0.7,-0.2588190451025215,0.965925826289068
2024-02-14 00:00:00,14705.47,-0.2,0.0,1.0
2024-02-14 01:00:00,14519.247,-0.9,0.2588190451025207,0.9659258262890684
2024-02-14 02:00:00,14561.623,-1.6,0.4999999999999999,0.8660254037844387
2024-02-14 03:00:00,14599.781,-2.3,0.7071067811865475,0.7071067811865476
2024-02-14 04:00:00,14870.007,-2.7,0.8660254037844386,0.5000000000000001
2024-02-14 05:00:00,15606.761,-2.2,0.9659258262890684,0.2588190451025207
2024-02-14 06:00:00,16851.195,-1.7,1.0,6.123233995736766e-17
2024-02-14 07:00:00,17378.005,-2.0,0.9659258262890684,-0.2588190451025206
2024-02-14 08:00:00,17196.457,-2.5,0.8660254037844387,-0.4999999999999998
2024-02-14 09:00:00,16621.821,-2.2,0.7071067811865476,-0.7071067811865475
2024-02-14 10:00:00,16109.222,-0.7,0.4999999999999999,-0.8660254037844387
2024-02-14 11:00:00,15588.151,0.9,0.258819045102521,-0.9659258262890682
2024-02-14 12:00:00,15293.699,2.5,1.2246467991473532e-16,-1.0
2024-02-14 13:00:00,15073.337,3.5,-0.2588190451025208,-0.9659258262890684
2024-02-14 14:00:00,14654.561,4.5,-0.4999999999999998,-0.8660254037844388
2024-02-14 15:00:00,14445.859,5.1,-0.7071067811865471,-0.7071067811865479
2024-02-14 16:00:00,14373.572,5.4,-0.8660254037844384,-0.5000000000000004
2024-02-14 17:00:00,14889.726,5.3,-0.9659258262890684,-0.2588190451025206
2024-02-14 18:00:00,15697.276,4.7,-1.0,-1.8369701987210294e-16
2024-02-14 19:00:00,15977.568,1.6,-0.9659258262890684,0.2588190451025203
2024-02-14 20:00:00,16058.285,0.6,-0.8660254037844386,0.5000000000000001
2024-02-14 21:00:00,15942.136,-0.2,-0.7071067811865477,0.7071067811865474
2024-02-14 22:00:00,15522.612,-1.6,-0.5000000000000004,0.8660254037844384
2024-02-14 23:00:00,15166.619,-2.2,-0.2588190451025215,0.965925826289068
2024-02-15 00:00:00,14897.746,-1.8,0.0,1.0
2024-02-15 01:00:00,14909.953,-2.2,0.2588190451025207,0.9659258262890684
2024-02-15 02:00:00,14912.961,-2.5,0.4999999999999999,0.8660254037844387
2024-02-15 03:00:00,15127.133000000002,-2.3,0.7071067811865475,0.7071067811865476
2024-02-15 04:00:00,15441.931,-2.2,0.8660254037844386,0.5000000000000001
2024-02-15 05:00:00,16240.352,-2.2,0.9659258262890684,0.2588190451025207
2024-02-15 06:00:00,17342.169,-2.3,1.0,6.123233995736766e-17
2024-02-15 07:00:00,17821.091,-2.0,0.9659258262890684,-0.2588190451025206
2024-02-15 08:00:00,17604.201,-1.6,0.8660254037844387,-0.4999999999999998
2024-02-15 09:00:00,16987.733,-0.5,0.7071067811865476,-0.7071067811865475
2024-02-15 10:00:00,16390.455,1.4,0.4999999999999999,-0.8660254037844387
2024-02-15 11:00:00,15997.476,4.1,0.258819045102521,-0.9659258262890682
2024-02-15 12:00:00,15686.627,8.1,1.2246467991473532e-16,-1.0
2024-02-15 13:00:00,15424.356,11.1,-0.2588190451025208,-0.9659258262890684
2024-02-15 14:00:00,15174.018,12.4,-0.4999999999999998,-0.8660254037844388
2024-02-15 15:00:00,14905.722000000002,12.9,-0.7071067811865471,-0.7071067811865479
2024-02-15 16:00:00,14878.841,12.5,-0.8660254037844384,-0.5000000000000004
2024-02-15 17:00:00,15078.549,11.3,-0.9659258262890684,-0.2588190451025206
2024-02-15 18:00:00,15633.754,9.2,-1.0,-1.8369701987210294e-16
2024-02-15 19:00:00,15817.155,6.8,-0.9659258262890684,0.2588190451025203
2024-02-15 20:00:00,15625.394,4.9,-0.8660254037844386,0.5000000000000001
2024-02-15 21:00:00,15166.346,2.5,-0.7071067811865477,0.7071067811865474
2024-02-15 22:00:00,14850.286,1.5,-0.5000000000000004,0.8660254037844384
2024-02-15 23:00:00,14460.756,0.6,-0.2588190451025215,0.965925826289068
2024-02-16 00:00:00,14098.923,-0.1,0.0,1.0
2024-02-16 01:00:00,14013.28,-0.8,0.2588190451025207,0.9659258262890684
2024-02-16 02:00:00,14069.869,-1.6,0.4999999999999999,0.8660254037844387
2024-02-16 03:00:00,14247.754,-2.3,0.7071067811865475,0.7071067811865476
2024-02-16 04:00:00,14576.033,-2.8,0.8660254037844386,0.5000000000000001
2024-02-16 05:00:00,15308.114,-3.5,0.9659258262890684,0.2588190451025207
2024-02-16 06:00:00,16428.543,-3.3,1.0,6.123233995736766e-17
2024-02-16 07:00:00,17064.388,-2.8,0.9659258262890684,-0.2588190451025206
2024-02-16 08:00:00,17158.765,-2.2,0.8660254037844387,-0.4999999999999998
2024-02-16 09:00:00,16878.112,-2.2,0.7071067811865476,-0.7071067811865475
2024-02-16 10:00:00,16531.982,-0.7,0.4999999999999999,-0.8660254037844387
2024-02-16 11:00:00,16344.401,0.7,0.258819045102521,-0.9659258262890682
2024-02-16 12:00:00,16017.136,1.5,1.2246467991473532e-16,-1.0
2024-02-16 13:00:00,15882.185,2.2,-0.2588190451025208,-0.9659258262890684
2024-02-16 14:00:00,15762.575,2.2,-0.4999999999999998,-0.8660254037844388
2024-02-16 15:00:00,15686.832,2.5,-0.7071067811865471,-0.7071067811865479
2024-02-16 16:00:00,15950.868,1.9,-0.8660254037844384,-0.5000000000000004
2024-02-16 17:00:00,16173.79,0.8,-0.9659258262890684,-0.2588190451025206
2024-02-16 18:00:00,16590.659,-0.1,-1.0,-1.8369701987210294e-16
2024-02-16 19:00:00,16709.766,-0.8,-0.9659258262890684,0.2588190451025203
2024-02-16 20:00:00,16566.896,-1.1,-0.8660254037844386,0.5000000000000001
2024-02-16 21:00:00,16332.305,-1.9,-0.7071067811865477,0.7071067811865474
2024-02-16 22:00:00,15994.63,-2.2,-0.5000000000000004,0.8660254037844384
2024-02-16 23:00:00,15341.306,-2.3,-0.2588190451025215,0.965925826289068
2024-02-17 00:00:00,14882.253,-2.5,0.0,1.0
2024-02-17 01:00:00,14852.607,-3.0,0.2588190451025207,0.9659258262890684
2024-02-17 02:00:00,14773.54,-3.2,0.4999999999999999,0.8660254037844387
2024-02-17 03:00:00,14887.278,-2.8,0.7071067811865475,0.7071067811865476
2024-02-17 04:00:00,15036.64,-2.7,0.8660254037844386,0.5000000000000001
2024-02-17 05:00:00,15343.507,-4.0,0.9659258262890684,0.2588190451025207
2024-02-17 06:00:00,15735.889,-5.6,1.0,6.123233995736766e-17
2024-02-17 07:00:00,16232.525,-6.9,0.9659258262890684,-0.2588190451025206
2024-02-17 08:00:00,16648.27,-7.8,0.8660254037844387,-0.4999999999999998
2024-02-17 09:00:00,16807.47,-7.2,0.7071067811865476,-0.7071067811865475
2024-02-17 10:00:00,16778.074,-5.2,0.4999999999999999,-0.8660254037844387
2024-02-17 11:00:00,16784.225,-4.3,0.258819045102521,-0.9659258262890682
2024-02-17 12:00:00,16622.203,-3.4,1.2246467991473532e-16,-1.0
2024-02-17 13:00:00,16403.006,-4.2,-0.2588190451025208,-0.9659258262890684
2024-02-17 14:00:00,16206.886,-4.8,-0.4999999999999998,-0.8660254037844388
2024-02-17 15:00:00,16138.275,-5.2,-0.7071067811865471,-0.7071067811865479
2024-02-17 16:00:00,16340.161,-5.7,-0.8660254037844384,-0.5000000000000004
2024-02-17 17:00:00,16909.558,-6.2,-0.9659258262890684,-0.2588190451025206
2024-02-17 18:00:00,17567.927,-6.8,-1.0,-1.8369701987210294e-16
2024-02-17 19:00:00,17806.165,-7.4,-0.9659258262890684,0.2588190451025203
2024-02-17 20:00:00,17718.400999999998,-8.4,-0.8660254037844386,0.5000000000000001
2024-02-17 21:00:00,17635.362,-9.0,-0.7071067811865477,0.7071067811865474
2024-02-17 22:00:00,17312.981,-10.4,-0.5000000000000004,0.8660254037844384
2024-02-17 23:00:00,17055.943,-10.7,-0.2588190451025215,0.965925826289068
2024-02-18 00:00:00,16767.525,-10.8,0.0,1.0
2024-02-18 01:00:00,16703.693,-10.4,0.2588190451025207,0.9659258262890684
2024-02-18 02:00:00,16674.967,-10.1,0.4999999999999999,0.8660254037844387
2024-02-18 03:00:00,16737.711,-10.1,0.7071067811865475,0.7071067811865476
2024-02-18 04:00:00,16908.361,-10.1,0.8660254037844386,0.5000000000000001
2024-02-18 05:00:00,17023.517,-10.2,0.9659258262890684,0.2588190451025207
2024-02-18 06:00:00,17448.882999999998,-10.2,1.0,6.123233995736766e-17
2024-02-18 07:00:00,17854.708,-10.2,0.9659258262890684,-0.2588190451025206
2024-02-18 08:00:00,17965.335,-9.9,0.8660254037844387,-0.4999999999999998
2024-02-18 09:00:00,17531.005,-9.6,0.7071067811865476,-0.7071067811865475
2024-02-18 10:00:00,16945.783,-8.1,0.4999999999999999,-0.8660254037844387
2024-02-18 11:00:00,16388.909,-6.5,0.258819045102521,-0.9659258262890682
2024-02-18 12:00:00,15828.669,-5.0,1.2246467991473532e-16,-1.0
2024-02-18 13:00:00,15403.252,-3.3,-0.2588190451025208,-0.9659258262890684
2024-02-18 14:00:00,14900.711,-1.8,-0.4999999999999998,-0.8660254037844388
2024-02-18 15:00:00,14682.309,-0.6,-0.7071067811865471,-0.7071067811865479
2024-02-18 16:00:00,14707.912,0.4,-0.8660254037844384,-0.5000000000000004
2024-02-18 17:00:00,15310.951,1.1,-0.9659258262890684,-0.2588190451025206
2024-02-18 18:00:00,16138.06,0.9,-1.0,-1.8369701987210294e-16
2024-02-18 19:00:00,16494.427,-0.9,-0.9659258262890684,0.2588190451025203
2024-02-18 20:00:00,16440.241,-2.5,-0.8660254037844386,0.5000000000000001
2024-02-18 21:00:00,16304.682,-2.9,-0.7071067811865477,0.7071067811865474
2024-02-18 22:00:00,16013.381,-3.4,-0.5000000000000004,0.8660254037844384
2024-02-18 23:00:00,15601.956000000002,-4.2,-0.2588190451025215,0.965925826289068
2024-02-19 00:00:00,15518.311999999998,-4.8,0.0,1.0
2024-02-19 01:00:00,15449.346,-7.1,0.2588190451025207,0.9659258262890684
2024-02-19 02:00:00,15634.656,-6.1,0.4999999999999999,0.8660254037844387
2024-02-19 03:00:00,15900.159,-5.2,0.7071067811865475,0.7071067811865476
2024-02-19 04:00:00,16389.769,-6.8,0.8660254037844386,0.5000000000000001
2024-02-19 05:00:00,17084.698,-6.5,0.9659258262890684,0.2588190451025207
2024-02-19 06:00:00,18162.094,-6.8,1.0,6.123233995736766e-17
2024-02-19 07:00:00,18827.087,-8.4,0.9659258262890684,-0.2588190451025206
2024-02-19 08:00:00,18556.561,-7.6,0.8660254037844387,-0.4999999999999998
2024-02-19 09:00:00,17770.816,-7.2,0.7071067811865476,-0.7071067811865475
2024-02-19 10:00:00,16953.127,-4.8,0.4999999999999999,-0.8660254037844387
2024-02-19 11:00:00,16333.118,-3.0,0.258819045102521,-0.9659258262890682
2024-02-19 12:00:00,15894.94,0.2,1.2246467991473532e-16,-1.0
2024-02-19 13:00:00,15459.475,1.9,-0.2588190451025208,-0.9659258262890684
2024-02-19 14:00:00,15023.703,2.9,-0.4999999999999998,-0.8660254037844388
2024-02-19 15:00:00,14732.557,3.2,-0.7071067811865471,-0.7071067811865479
2024-02-19 16:00:00,14828.426,3.1,-0.8660254037844384,-0.5000000000000004
2024-02-19 17:00:00,15211.076,4.2,-0.9659258262890684,-0.2588190451025206
2024-02-19 18:00:00,15973.042,5.2,-1.0,-1.8369701987210294e-16
2024-02-19 19:00:00,16396.658,2.0,-0.9659258262890684,0.2588190451025203
2024-02-19 20:00:00,16561.595,-1.4,-0.8660254037844386,0.5000000000000001
2024-02-19 21:00:00,16406.049,-2.5,-0.7071067811865477,0.7071067811865474
2024-02-19 22:00:00,16027.832,-3.6,-0.5000000000000004,0.8660254037844384
2024-02-19 23:00:00,15639.039,-4.4,-0.2588190451025215,0.965925826289068
2024-02-20 00:00:00,15461.902,-4.6,0.0,1.0
2024-02-20 01:00:00,15547.983,-4.4,0.2588190451025207,0.9659258262890684
2024-02-20 02:00:00,15599.672,-4.4,0.4999999999999999,0.8660254037844387
2024-02-20 03:00:00,15776.723,-4.2,0.7071067811865475,0.7071067811865476
2024-02-20 04:00:00,16268.165,-4.6,0.8660254037844386,0.5000000000000001
2024-02-20 05:00:00,17061.499,-4.0,0.9659258262890684,0.2588190451025207
2024-02-20 06:00:00,18330.206,-4.0,1.0,6.123233995736766e-17
2024-02-20 07:00:00,18911.537,-5.2,0.9659258262890684,-0.2588190451025206
2024-02-20 08:00:00,18269.54,-5.7,0.8660254037844387,-0.4999999999999998
2024-02-20 09:00:00,17149.275999999998,-3.8,0.7071067811865476,-0.7071067811865475
2024-02-20 10:00:00,16147.613,-0.8,0.4999999999999999,-0.8660254037844387
2024-02-20 11:00:00,15448.614,2.5,0.258819045102521,-0.9659258262890682
2024-02-20 12:00:00,15061.438,5.6,1.2246467991473532e-16,-1.0
2024-02-20 13:00:00,14652.455,8.1,-0.2588190451025208,-0.9659258262890684
2024-02-20 14:00:00,14237.463,9.1,-0.4999999999999998,-0.8660254037844388
2024-02-20 15:00:00,13914.95,9.4,-0.7071067811865471,-0.7071067811865479
2024-02-20 16:00:00,14188.807,9.6,-0.8660254037844384,-0.5000000000000004
2024-02-20 17:00:00,14576.518,9.4,-0.9659258262890684,-0.2588190451025206
2024-02-20 18:00:00,15358.401,8.1,-1.0,-1.8369701987210294e-16
2024-02-20 19:00:00,15817.271,7.4,-0.9659258262890684,0.2588190451025203
2024-02-20 20:00:00,15957.213,6.7,-0.8660254037844386,0.5000000000000001
2024-02-20 21:00:00,15765.232,0.4,-0.7071067811865477,0.7071067811865474
2024-02-20 22:00:00,15486.864,-1.2,-0.5000000000000004,0.8660254037844384
2024-02-20 23:00:00,15050.364,-1.8,-0.2588190451025215,0.965925826289068
2024-02-21 00:00:00,14948.786,-2.2,0.0,1.0
2024-02-21 01:00:00,14896.975,-2.7,0.2588190451025207,0.9659258262890684
2024-02-21 02:00:00,14981.844,-2.7,0.4999999999999999,0.8660254037844387
2024-02-21 03:00:00,15202.326,-3.0,0.7071067811865475,0.7071067811865476
2024-02-21 04:00:00,15532.639,-3.0,0.8660254037844386,0.5000000000000001
2024-02-21 05:00:00,16411.186,-3.0,0.9659258262890684,0.2588190451025207
2024-02-21 06:00:00,17614.521,-3.2,1.0,6.123233995736766e-17
2024-02-21 07:00:00,18159.496,-3.0,0.9659258262890684,-0.2588190451025206
2024-02-21 08:00:00,17605.398999999998,-2.8,0.8660254037844387,-0.4999999999999998
2024-02-21 09:00:00,16713.674,-0.8,0.7071067811865476,-0.7071067811865475
2024-02-21 10:00:00,15922.759,2.3,0.4999999999999999,-0.8660254037844387
2024-02-21 11:00:00,15178.542,5.8,0.258819045102521,-0.9659258262890682
2024-02-21 12:00:00,14801.432,9.1,1.2246467991473532e-16,-1.0
2024-02-21 13:00:00,14461.872,11.2,-0.2588190451025208,-0.9659258262890684
2024-02-21 14:00:00,14116.604,13.1,-0.4999999999999998,-0.8660254037844388
2024-02-21 15:00:00,13796.65,14.2,-0.7071067811865471,-0.7071067811865479
2024-02-21 16:00:00,13956.642,14.6,-0.8660254037844384,-0.5000000000000004
2024-02-21 17:00:00,14224.728,14.2,-0.9659258262890684,-0.2588190451025206
2024-02-21 18:00:00,14837.882,12.7,-1.0,-1.8369701987210294e-16
2024-02-21 19:00:00,15071.606,10.4,-0.9659258262890684,0.2588190451025203
2024-02-21 20:00:00,15007.835,9.1,-0.8660254037844386,0.5000000000000001
2024-02-21 21:00:00,14674.077,7.8,-0.7071067811865477,0.7071067811865474
2024-02-21 22:00:00,14168.883,7.4,-0.5000000000000004,0.8660254037844384
2024-02-21 23:00:00,13892.085,7.4,-0.2588190451025215,0.965925826289068
2024-02-22 00:00:00,13636.103,6.4,0.0,1.0
2024-02-22 01:00:00,13509.839,6.7,0.2588190451025207,0.9659258262890684
2024-02-22 02:00:00,13493.338,7.1,0.4999999999999999,0.8660254037844387
2024-02-22 03:00:00,13531.266,6.8,0.7071067811865475,0.7071067811865476
2024-02-22 04:00:00,13755.81,5.9,0.8660254037844386,0.5000000000000001
2024-02-22 05:00:00,14343.937000000002,5.7,0.9659258262890684,0.2588190451025207
2024-02-22 06:00:00,15268.633,5.8,1.0,6.123233995736766e-17
2024-02-22 07:00:00,15878.802,5.3,0.9659258262890684,-0.2588190451025206
2024-02-22 08:00:00,15754.736,4.9,0.8660254037844387,-0.4999999999999998
2024-02-22 09:00:00,15589.179,6.4,0.7071067811865476,-0.7071067811865475
2024-02-22 10:00:00,15349.737,7.6,0.4999999999999999,-0.8660254037844387
2024-02-22 11:00:00,15060.696,9.5,0.258819045102521,-0.9659258262890682
2024-02-22 12:00:00,14846.304,11.1,1.2246467991473532e-16,-1.0
2024-02-22 13:00:00,14667.088,11.9,-0.2588190451025208,-0.9659258262890684
2024-02-22 14:00:00,14563.341,12.6,-0.4999999999999998,-0.8660254037844388
2024-02-22 15:00:00,14498.918,12.1,-0.7071067811865471,-0.7071067811865479
2024-02-22 16:00:00,14687.743,11.9,-0.8660254037844384,-0.5000000000000004
2024-02-22 17:00:00,14735.733,11.2,-0.9659258262890684,-0.2588190451025206
2024-02-22 18:00:00,15163.862,10.2,-1.0,-1.8369701987210294e-16
2024-02-22 19:00:00,15283.420000000002,9.2,-0.9659258262890684,0.2588190451025203
2024-02-22 20:00:00,15103.016,9.0,-0.8660254037844386,0.5000000000000001
2024-02-22 21:00:00,14644.331,7.9,-0.7071067811865477,0.7071067811865474
2024-02-22 22:00:00,14236.533,7.2,-0.5000000000000004,0.8660254037844384
2024-02-22 23:00:00,13601.362,6.8,-0.2588190451025215,0.965925826289068
2024-02-23 00:00:00,13278.429,5.9,0.0,1.0
2024-02-23 01:00:00,13007.574,5.5,0.2588190451025207,0.9659258262890684
2024-02-23 02:00:00,12968.289,5.3,0.4999999999999999,0.8660254037844387
2024-02-23 03:00:00,12979.061,5.8,0.7071067811865475,0.7071067811865476
2024-02-23 04:00:00,13249.417,5.9,0.8660254037844386,0.5000000000000001
2024-02-23 05:00:00,13833.471,5.6,0.9659258262890684,0.2588190451025207
2024-02-23 06:00:00,14734.761,5.2,1.0,6.123233995736766e-17
2024-02-23 07:00:00,15271.113,4.9,0.9659258262890684,-0.2588190451025206
2024-02-23 08:00:00,15369.032,4.6,0.8660254037844387,-0.4999999999999998
2024-02-23 09:00:00,15128.554,5.6,0.7071067811865476,-0.7071067811865475
2024-02-23 10:00:00,14815.138,5.6,0.4999999999999999,-0.8660254037844387
2024-02-23 11:00:00,14599.124,6.2,0.258819045102521,-0.9659258262890682
2024-02-23 12:00:00,14422.371,8.5,1.2246467991473532e-16,-1.0
2024-02-23 13:00:00,14225.048,10.9,-0.2588190451025208,-0.9659258262890684
2024-02-23 14:00:00,13977.32,12.1,-0.4999999999999998,-0.8660254037844388
2024-02-23 15:00:00,13777.419,13.0,-0.7071067811865471,-0.7071067811865479
2024-02-23 16:00:00,13943.372,12.9,-0.8660254037844384,-0.5000000000000004
2024-02-23 17:00:00,14115.728,12.2,-0.9659258262890684,-0.2588190451025206
2024-02-23 18:00:00,14572.654,11.2,-1.0,-1.8369701987210294e-16
2024-02-23 19:00:00,14796.863,9.9,-0.9659258262890684,0.2588190451025203
2024-02-23 20:00:00,14748.634999999998,8.2,-0.8660254037844386,0.5000000000000001
2024-02-23 21:00:00,14440.367,7.4,-0.7071067811865477,0.7071067811865474
2024-02-23 22:00:00,14193.17,6.9,-0.5000000000000004,0.8660254037844384
2024-02-23 23:00:00,13793.927,6.3,-0.2588190451025215,0.965925826289068
2024-02-24 00:00:00,13369.988,5.0,0.0,1.0
2024-02-24 01:00:00,13299.823,2.7,0.2588190451025207,0.9659258262890684
2024-02-24 02:00:00,13313.762,2.2,0.4999999999999999,0.8660254037844387
2024-02-24 03:00:00,13395.906,1.6,0.7071067811865475,0.7071067811865476
2024-02-24 04:00:00,13575.897,0.9,0.8660254037844386,0.5000000000000001
2024-02-24 05:00:00,13964.491999999998,0.9,0.9659258262890684,0.2588190451025207
2024-02-24 06:00:00,14495.803,-0.1,1.0,6.123233995736766e-17
2024-02-24 07:00:00,15001.882,-1.7,0.9659258262890684,-0.2588190451025206
2024-02-24 08:00:00,15467.484,-3.0,0.8660254037844387,-0.4999999999999998
2024-02-24 09:00:00,15656.895,-3.8,0.7071067811865476,-0.7071067811865475
2024-02-24 10:00:00,15802.106,-4.1,0.4999999999999999,-0.8660254037844387
2024-02-24 11:00:00,15680.932,-3.4,0.258819045102521,-0.9659258262890682
2024-02-24 12:00:00,15330.821,-2.7,1.2246467991473532e-16,-1.0
2024-02-24 13:00:00,15132.776999999998,-2.2,-0.2588190451025208,-0.9659258262890684
2024-02-24 14:00:00,14925.435,-2.0,-0.4999999999999998,-0.8660254037844388
2024-02-24 15:00:00,14768.864,-0.4,-0.7071067811865471,-0.7071067811865479
2024-02-24 16:00:00,14903.553,-0.2,-0.8660254037844384,-0.5000000000000004
2024-02-24 17:00:00,15296.569,-0.3,-0.9659258262890684,-0.2588190451025206
2024-02-24 18:00:00,15934.265,-0.9,-1.0,-1.8369701987210294e-16
2024-02-24 19:00:00,16155.512,-2.2,-0.9659258262890684,0.2588190451025203
2024-02-24 20:00:00,16200.691,-4.0,-0.8660254037844386,0.5000000000000001
2024-02-24 21:00:00,16020.245,-7.4,-0.7071067811865477,0.7071067811865474
2024-02-24 22:00:00,15758.308,-8.4,-0.5000000000000004,0.8660254037844384
2024-02-24 23:00:00,15412.852,-6.9,-0.2588190451025215,0.965925826289068
2024-02-25 00:00:00,15323.53,-6.1,0.0,1.0
2024-02-25 01:00:00,15254.477,-6.8,0.2588190451025207,0.9659258262890684
2024-02-25 02:00:00,15342.082,-7.5,0.4999999999999999,0.8660254037844387
2024-02-25 03:00:00,15439.055,-7.9,0.7071067811865475,0.7071067811865476
2024-02-25 04:00:00,15610.704,-6.9,0.8660254037844386,0.5000000000000001
2024-02-25 05:00:00,15911.554,-5.6,0.9659258262890684,0.2588190451025207
2024-02-25 06:00:00,16328.801,-5.2,1.0,6.123233995736766e-17
2024-02-25 07:00:00,16646.73,-5.7,0.9659258262890684,-0.2588190451025206
2024-02-25 08:00:00,16529.837,-5.7,0.8660254037844387,-0.4999999999999998
2024-02-25 09:00:00,15925.467,-4.5,0.7071067811865476,-0.7071067811865475
2024-02-25 10:00:00,15155.633,-2.2,0.4999999999999999,-0.8660254037844387
2024-02-25 11:00:00,14507.828,0.4,0.258819045102521,-0.9659258262890682
2024-02-25 12:00:00,14204.94,3.2,1.2246467991473532e-16,-1.0
2024-02-25 13:00:00,13723.397,5.6,-0.2588190451025208,-0.9659258262890684
2024-02-25 14:00:00,13496.57,6.9,-0.4999999999999998,-0.8660254037844388
2024-02-25 15:00:00,13234.231,8.1,-0.7071067811865471,-0.7071067811865479
2024-02-25 16:00:00,13472.235,9.3,-0.8660254037844384,-0.5000000000000004
2024-02-25 17:00:00,13903.049,9.9,-0.9659258262890684,-0.2588190451025206
2024-02-25 18:00:00,14581.392,8.9,-1.0,-1.8369701987210294e-16
2024-02-25 19:00:00,15014.788,7.3,-0.9659258262890684,0.2588190451025203
2024-02-25 20:00:00,14950.839,5.1,-0.8660254037844386,0.5000000000000001
2024-02-25 21:00:00,14727.774,5.0,-0.7071067811865477,0.7071067811865474
2024-02-25 22:00:00,14301.089,3.5,-0.5000000000000004,0.8660254037844384
2024-02-25 23:00:00,13979.569,2.8,-0.2588190451025215,0.965925826289068
2024-02-26 00:00:00,13651.314,3.0,0.0,1.0
2024-02-26 01:00:00,13637.063,1.5,0.2588190451025207,0.9659258262890684
2024-02-26 02:00:00,13666.345,0.6,0.4999999999999999,0.8660254037844387
2024-02-26 03:00:00,13746.16,0.2,0.7071067811865475,0.7071067811865476
2024-02-26 04:00:00,14157.103,-0.3,0.8660254037844386,0.5000000000000001
2024-02-26 05:00:00,14894.042,-0.3,0.9659258262890684,0.2588190451025207
2024-02-26 06:00:00,16178.765,-0.6,1.0,6.123233995736766e-17
2024-02-26 07:00:00,16674.010000000002,-0.7,0.9659258262890684,-0.2588190451025206
2024-02-26 08:00:00,16336.696,-0.6,0.8660254037844387,-0.4999999999999998
2024-02-26 09:00:00,15695.652,1.3,0.7071067811865476,-0.7071067811865475
2024-02-26 10:00:00,15216.345,4.6,0.4999999999999999,-0.8660254037844387
2024-02-26 11:00:00,14716.576,8.1,0.258819045102521,-0.9659258262890682
2024-02-26 12:00:00,14384.35,11.1,1.2246467991473532e-16,-1.0
2024-02-26 13:00:00,14277.59,13.6,-0.2588190451025208,-0.9659258262890684
2024-02-26 14:00:00,14069.587,15.4,-0.4999999999999998,-0.8660254037844388
2024-02-26 15:00:00,13876.177,16.3,-0.7071067811865471,-0.7071067811865479
2024-02-26 16:00:00,13891.256,17.0,-0.8660254037844384,-0.5000000000000004
2024-02-26 17:00:00,14218.514,17.1,-0.9659258262890684,-0.2588190451025206
2024-02-26 18:00:00,14650.764,16.3,-1.0,-1.8369701987210294e-16
2024-02-26 19:00:00,14854.774,11.9,-0.9659258262890684,0.2588190451025203
2024-02-26 20:00:00,14697.376,8.8,-0.8660254037844386,0.5000000000000001
2024-02-26 21:00:00,14278.548,8.5,-0.7071067811865477,0.7071067811865474
2024-02-26 22:00:00,13708.542,9.1,-0.5000000000000004,0.8660254037844384
2024-02-26 23:00:00,13151.893,9.4,-0.2588190451025215,0.965925826289068
2024-02-27 00:00:00,12864.083,9.2,0.0,1.0
2024-02-27 01:00:00,12657.081,10.1,0.2588190451025207,0.9659258262890684
2024-02-27 02:00:00,12559.323,10.6,0.4999999999999999,0.8660254037844387
2024-02-27 03:00:00,12602.77,10.6,0.7071067811865475,0.7071067811865476
2024-02-27 04:00:00,12827.985,10.5,0.8660254037844386,0.5000000000000001
2024-02-27 05:00:00,13541.209,11.2,0.9659258262890684,0.2588190451025207
2024-02-27 06:00:00,14429.457,12.1,1.0,6.123233995736766e-17
2024-02-27 07:00:00,14834.24,11.9,0.9659258262890684,-0.2588190451025206
2024-02-27 08:00:00,14877.172,11.8,0.8660254037844387,-0.4999999999999998
2024-02-27 09:00:00,14791.113,11.9,0.7071067811865476,-0.7071067811865475
2024-02-27 10:00:00,14643.397,12.1,0.4999999999999999,-0.8660254037844387
2024-02-27 11:00:00,14534.322,14.6,0.258819045102521,-0.9659258262890682
2024-02-27 12:00:00,14387.738,17.1,1.2246467991473532e-16,-1.0
2024-02-27 13:00:00,14347.172,16.4,-0.2588190451025208,-0.9659258262890684
2024-02-27 14:00:00,14163.219,17.4,-0.4999999999999998,-0.8660254037844388
2024-02-27 15:00:00,14060.4,20.0,-0.7071067811865471,-0.7071067811865479
2024-02-27 16:00:00,14099.566,20.1,-0.8660254037844384,-0.5000000000000004
2024-02-27 17:00:00,14326.034,19.4,-0.9659258262890684,-0.2588190451025206
2024-02-27 18:00:00,14593.507,17.7,-1.0,-1.8369701987210294e-16
2024-02-27 19:00:00,14627.719,16.5,-0.9659258262890684,0.2588190451025203
2024-02-27 20:00:00,14368.323,14.8,-0.8660254037844386,0.5000000000000001
2024-02-27 21:00:00,13934.655,16.1,-0.7071067811865477,0.7071067811865474
2024-02-27 22:00:00,13374.657,16.2,-0.5000000000000004,0.8660254037844384
2024-02-27 23:00:00,12734.589,16.1,-0.2588190451025215,0.965925826289068
2024-02-28 00:00:00,12308.083,15.9,0.0,1.0
2024-02-28 01:00:00,12131.791,16.1,0.2588190451025207,0.9659258262890684
2024-02-28 02:00:00,11946.62,15.8,0.4999999999999999,0.8660254037844387
2024-02-28 03:00:00,12038.239,15.6,0.7071067811865475,0.7071067811865476
2024-02-28 04:00:00,12159.676,15.1,0.8660254037844386,0.5000000000000001
2024-02-28 05:00:00,12759.667,15.2,0.9659258262890684,0.2588190451025207
2024-02-28 06:00:00,13741.747,15.5,1.0,6.123233995736766e-17
2024-02-28 07:00:00,14228.502,15.1,0.9659258262890684,-0.2588190451025206
2024-02-28 08:00:00,14438.164,15.1,0.8660254037844387,-0.4999999999999998
2024-02-28 09:00:00,14661.935,14.9,0.7071067811865476,-0.7071067811865475
2024-02-28 10:00:00,14730.249,14.8,0.4999999999999999,-0.8660254037844387
2024-02-28 11:00:00,14934.66,11.1,0.258819045102521,-0.9659258262890682
2024-02-28 12:00:00,15119.556,9.1,1.2246467991473532e-16,-1.0
2024-02-28 13:00:00,15258.691,8.1,-0.2588190451025208,-0.9659258262890684
2024-02-28 14:00:00,15293.516,6.1,-0.4999999999999998,-0.8660254037844388
2024-02-28 15:00:00,15415.651,4.2,-0.7071067811865471,-0.7071067811865479
2024-02-28 16:00:00,15616.743,4.1,-0.8660254037844384,-0.5000000000000004
2024-02-28 17:00:00,15864.653,3.2,-0.9659258262890684,-0.2588190451025206
2024-02-28 18:00:00,16494.599000000002,2.0,-1.0,-1.8369701987210294e-16
2024-02-28 19:00:00,16786.936999999998,0.6,-0.9659258262890684,0.2588190451025203
2024-02-28 20:00:00,16853.246,-0.7,-0.8660254037844386,0.5000000000000001
2024-02-28 21:00:00,16446.006999999998,-2.0,-0.7071067811865477,0.7071067811865474
2024-02-28 22:00:00,16076.358,-2.5,-0.5000000000000004,0.8660254037844384
2024-02-28 23:00:00,15593.223,-2.8,-0.2588190451025215,0.965925826289068
2024-02-29 00:00:00,15302.711,-3.2,0.0,1.0
2024-02-29 01:00:00,15247.634,-3.3,0.2588190451025207,0.9659258262890684
2024-02-29 02:00:00,15300.693,-3.3,0.4999999999999999,0.8660254037844387
2024-02-29 03:00:00,15388.807,-3.4,0.7071067811865475,0.7071067811865476
2024-02-29 04:00:00,15767.964,-3.7,0.8660254037844386,0.5000000000000001
2024-02-29 05:00:00,16642.743000000002,-4.1,0.9659258262890684,0.2588190451025207
2024-02-29 06:00:00,17840.697,-4.4,1.0,6.123233995736766e-17
2024-02-29 07:00:00,18281.85,-4.8,0.9659258262890684,-0.2588190451025206
2024-02-29 08:00:00,17773.648,-5.1,0.8660254037844387,-0.4999999999999998
2024-02-29 09:00:00,17068.277000000002,-4.2,0.7071067811865476,-0.7071067811865475
2024-02-29 10:00:00,16561.021,-2.7,0.4999999999999999,-0.8660254037844387
2024-02-29 11:00:00,16137.022,-1.4,0.258819045102521,-0.9659258262890682
2024-02-29 12:00:00,15682.876,0.1,1.2246467991473532e-16,-1.0
2024-02-29 13:00:00,15390.989,1.4,-0.2588190451025208,-0.9659258262890684
2024-02-29 14:00:00,14985.686999999998,2.7,-0.4999999999999998,-0.8660254037844388
2024-02-29 15:00:00,14643.501,3.7,-0.7071067811865471,-0.7071067811865479
2024-02-29 16:00:00,14854.579000000002,4.3,-0.8660254037844384,-0.5000000000000004
2024-02-29 17:00:00,15231.502,4.6,-0.9659258262890684,-0.2588190451025206
2024-02-29 18:00:00,16068.62,4.3,-1.0,-1.8369701987210294e-16
2024-02-29 19:00:00,16587.944,2.3,-0.9659258262890684,0.2588190451025203
2024-02-29 20:00:00,16624.387,-0.1,-0.8660254037844386,0.5000000000000001
2024-02-29 21:00:00,16382.634,-0.6,-0.7071067811865477,0.7071067811865474
2024-02-29 22:00:00,16124.299,-1.0,-0.5000000000000004,0.8660254037844384
2024-02-29 23:00:00,15676.873,-1.9,-0.2588190451025215,0.965925826289068
2024-03-01 00:00:00,15418.877,-2.8,0.0,1.0
2024-03-01 01:00:00,15298.449,-3.1,0.2588190451025207,0.9659258262890684
2024-03-01 02:00:00,15326.005,-3.4,0.4999999999999999,0.8660254037844387
2024-03-01 03:00:00,15342.213,-3.2,0.7071067811865475,0.7071067811865476
2024-03-01 04:00:00,15639.693,-2.7,0.8660254037844386,0.5000000000000001
2024-03-01 05:00:00,16397.633,-2.5,0.9659258262890684,0.2588190451025207
2024-03-01 06:00:00,17440.209,-2.6,1.0,6.123233995736766e-17
2024-03-01 07:00:00,17748.997,-2.8,0.9659258262890684,-0.2588190451025206
2024-03-01 08:00:00,17300.858,-3.0,0.8660254037844387,-0.4999999999999998
2024-03-01 09:00:00,16779.738,-1.2,0.7071067811865476,-0.7071067811865475
2024-03-01 10:00:00,16285.141,1.1,0.4999999999999999,-0.8660254037844387
2024-03-01 11:00:00,15963.647,3.2,0.258819045102521,-0.9659258262890682
2024-03-01 12:00:00,15769.911,4.8,1.2246467991473532e-16,-1.0
2024-03-01 13:00:00,15672.622,6.7,-0.2588190451025208,-0.9659258262890684
2024-03-01 14:00:00,15580.785,7.3,-0.4999999999999998,-0.8660254037844388
2024-03-01 15:00:00,15486.399,7.3,-0.7071067811865471,-0.7071067811865479
2024-03-01 16:00:00,15530.798,6.8,-0.8660254037844384,-0.5000000000000004
2024-03-01 17:00:00,15598.957,6.3,-0.9659258262890684,-0.2588190451025206
2024-03-01 18:00:00,15819.051,6.1,-1.0,-1.8369701987210294e-16
2024-03-01 19:00:00,15773.633,5.6,-0.9659258262890684,0.2588190451025203
2024-03-01 20:00:00,15505.272,4.9,-0.8660254037844386,0.5000000000000001
2024-03-01 21:00:00,15138.892,5.4,-0.7071067811865477,0.7071067811865474
2024-03-01 22:00:00,14627.322,5.1,-0.5000000000000004,0.8660254037844384
2024-03-01 23:00:00,14002.507,4.9,-0.2588190451025215,0.965925826289068
2024-03-02 00:00:00,13540.1,5.1,0.0,1.0
2024-03-02 01:00:00,13228.526,5.4,0.2588190451025207,0.9659258262890684
2024-03-02 02:00:00,13076.925,5.4,0.4999999999999999,0.8660254037844387
2024-03-02 03:00:00,12913.857,5.4,0.7071067811865475,0.7071067811865476
2024-03-02 04:00:00,12974.304,5.5,0.8660254037844386,0.5000000000000001
2024-03-02 05:00:00,13200.524,5.5,0.9659258262890684,0.2588190451025207
2024-03-02 06:00:00,13484.246,5.6,1.0,6.123233995736766e-17
2024-03-02 07:00:00,13786.705,5.4,0.9659258262890684,-0.2588190451025206
2024-03-02 08:00:00,14170.117,5.2,0.8660254037844387,-0.4999999999999998
2024-03-02 09:00:00,14279.537,5.8,0.7071067811865476,-0.7071067811865475
2024-03-02 10:00:00,14145.789,6.3,0.4999999999999999,-0.8660254037844387
2024-03-02 11:00:00,13966.789,6.9,0.258819045102521,-0.9659258262890682
2024-03-02 12:00:00,13689.409,7.4,1.2246467991473532e-16,-1.0
2024-03-02 13:00:00,13363.337,8.6,-0.2588190451025208,-0.9659258262890684
2024-03-02 14:00:00,13112.059,9.6,-0.4999999999999998,-0.8660254037844388
2024-03-02 15:00:00,13068.0,10.7,-0.7071067811865471,-0.7071067811865479
2024-03-02 16:00:00,13094.887,11.1,-0.8660254037844384,-0.5000000000000004
2024-03-02 17:00:00,13237.215,11.4,-0.9659258262890684,-0.2588190451025206
2024-03-02 18:00:00,13616.307,11.3,-1.0,-1.8369701987210294e-16
2024-03-02 19:00:00,13801.586,10.3,-0.9659258262890684,0.2588190451025203
2024-03-02 20:00:00,13603.035,8.9,-0.8660254037844386,0.5000000000000001
2024-03-02 21:00:00,13381.445,8.6,-0.7071067811865477,0.7071067811865474
2024-03-02 22:00:00,12989.091,7.8,-0.5000000000000004,0.8660254037844384
2024-03-02 23:00:00,12639.946,7.8,-0.2588190451025215,0.965925826289068
2024-03-03 00:00:00,12313.165,6.4,0.0,1.0
2024-03-03 01:00:00,12111.575,5.1,0.2588190451025207,0.9659258262890684
2024-03-03 02:00:00,11999.283,4.6,0.4999999999999999,0.8660254037844387
2024-03-03 03:00:00,11999.537,3.2,0.7071067811865475,0.7071067811865476
2024-03-03 04:00:00,12046.316,2.3,0.8660254037844386,0.5000000000000001
2024-03-03 05:00:00,12289.362,2.0,0.9659258262890684,0.2588190451025207
2024-03-03 06:00:00,12602.782,2.0,1.0,6.123233995736766e-17
2024-03-03 07:00:00,12926.032,1.5,0.9659258262890684,-0.2588190451025206
2024-03-03 08:00:00,13252.045,0.9,0.8660254037844387,-0.4999999999999998
2024-03-03 09:00:00,13215.598999999998,7.1,0.7071067811865476,-0.7071067811865475
2024-03-03 10:00:00,13020.128,8.9,0.4999999999999999,-0.8660254037844387
2024-03-03 11:00:00,12731.655,10.9,0.258819045102521,-0.9659258262890682
2024-03-03 12:00:00,12564.845,12.9,1.2246467991473532e-16,-1.0
2024-03-03 13:00:00,12336.585,14.2,-0.2588190451025208,-0.9659258262890684
2024-03-03 14:00:00,12171.496,15.6,-0.4999999999999998,-0.8660254037844388
2024-03-03 15:00:00,12170.639,16.6,-0.7071067811865471,-0.7071067811865479
2024-03-03 16:00:00,12341.423,17.2,-0.8660254037844384,-0.5000000000000004
2024-03-03 17:00:00,12756.322,17.6,-0.9659258262890684,-0.2588190451025206
2024-03-03 18:00:00,13247.025,17.4,-1.0,-1.8369701987210294e-16
2024-03-03 19:00:00,13638.294,14.9,-0.9659258262890684,0.2588190451025203
2024-03-03 20:00:00,13483.796,11.9,-0.8660254037844386,0.5000000000000001
2024-03-03 21:00:00,13166.341,11.4,-0.7071067811865477,0.7071067811865474
2024-03-03 22:00:00,12668.552,10.7,-0.5000000000000004,0.8660254037844384
2024-03-03 23:00:00,12296.371,9.4,-0.2588190451025215,0.965925826289068
2024-03-04 00:00:00,12112.719,9.1,0.0,1.0
2024-03-04 01:00:00,12001.782,9.2,0.2588190451025207,0.9659258262890684
2024-03-04 02:00:00,12020.432,9.4,0.4999999999999999,0.8660254037844387
2024-03-04 03:00:00,12080.266,9.1,0.7071067811865475,0.7071067811865476
2024-03-04 04:00:00,12483.001,8.8,0.8660254037844386,0.5000000000000001
2024-03-04 05:00:00,13211.198,8.4,0.9659258262890684,0.2588190451025207
2024-03-04 06:00:00,14398.743,7.4,1.0,6.123233995736766e-17
2024-03-04 07:00:00,14907.993,6.8,0.9659258262890684,-0.2588190451025206
2024-03-04 08:00:00,14701.495,6.9,0.8660254037844387,-0.4999999999999998
2024-03-04 09:00:00,14329.002,9.1,0.7071067811865476,-0.7071067811865475
2024-03-04 10:00:00,14169.579000000002,11.9,0.4999999999999999,-0.8660254037844387
2024-03-04 11:00:00,14029.21,14.4,0.258819045102521,-0.9659258262890682
2024-03-04 12:00:00,14089.019,16.7,1.2246467991473532e-16,-1.0
2024-03-04 13:00:00,14013.01,19.1,-0.2588190451025208,-0.9659258262890684
2024-03-04 14:00:00,13894.501,20.5,-0.4999999999999998,-0.8660254037844388
2024-03-04 15:00:00,13771.243,21.1,-0.7071067811865471,-0.7071067811865479
2024-03-04 16:00:00,13823.425,21.4,-0.8660254037844384,-0.5000000000000004
2024-03-04 17:00:00,13888.68,21.7,-0.9659258262890684,-0.2588190451025206
2024-03-04 18:00:00,14304.393,21.1,-1.0,-1.8369701987210294e-16
2024-03-04 19:00:00,14601.324,18.6,-0.9659258262890684,0.2588190451025203
2024-03-04 20:00:00,14286.489,16.8,-0.8660254037844386,0.5000000000000001
2024-03-04 21:00:00,13786.423,15.8,-0.7071067811865477,0.7071067811865474
2024-03-04 22:00:00,13071.145,14.6,-0.5000000000000004,0.8660254037844384
2024-03-04 23:00:00,12585.681,12.6,-0.2588190451025215,0.965925826289068
2024-03-05 00:00:00,12130.638,12.6,0.0,1.0
2024-03-05 01:00:00,11843.866,11.9,0.2588190451025207,0.9659258262890684
2024-03-05 02:00:00,11745.129,11.2,0.4999999999999999,0.8660254037844387
2024-03-05 03:00:00,11807.515,11.2,0.7071067811865475,0.7071067811865476
2024-03-05 04:00:00,12031.748,11.0,0.8660254037844386,0.5000000000000001
2024-03-05 05:00:00,12696.372,10.6,0.9659258262890684,0.2588190451025207
2024-03-05 06:00:00,13875.158,9.9,1.0,6.123233995736766e-17
2024-03-05 07:00:00,14307.291,9.4,0.9659258262890684,-0.2588190451025206
2024-03-05 08:00:00,14277.324,9.0,0.8660254037844387,-0.4999999999999998
2024-03-05 09:00:00,14075.375,12.1,0.7071067811865476,-0.7071067811865475
2024-03-05 10:00:00,14010.099,14.3,0.4999999999999999,-0.8660254037844387
2024-03-05 11:00:00,13966.133,16.4,0.258819045102521,-0.9659258262890682
2024-03-05 12:00:00,14036.241,18.8,1.2246467991473532e-16,-1.0
2024-03-05 13:00:00,14110.009,20.1,-0.2588190451025208,-0.9659258262890684
2024-03-05 14:00:00,13989.371,17.2,-0.4999999999999998,-0.8660254037844388
2024-03-05 15:00:00,13898.433,16.7,-0.7071067811865471,-0.7071067811865479
2024-03-05 16:00:00,13928.02,18.9,-0.8660254037844384,-0.5000000000000004
2024-03-05 17:00:00,13990.81,19.9,-0.9659258262890684,-0.2588190451025206
2024-03-05 18:00:00,14324.09,19.2,-1.0,-1.8369701987210294e-16
2024-03-05 19:00:00,14511.197,17.5,-0.9659258262890684,0.2588190451025203
2024-03-05 20:00:00,14250.119,15.3,-0.8660254037844386,0.5000000000000001
2024-03-05 21:00:00,13680.882,12.9,-0.7071067811865477,0.7071067811865474
2024-03-05 22:00:00,13124.726,13.2,-0.5000000000000004,0.8660254037844384
2024-03-05 23:00:00,12472.069,12.6,-0.2588190451025215,0.965925826289068
2024-03-06 00:00:00,12118.156,12.0,0.0,1.0
2024-03-06 01:00:00,11970.209,12.9,0.2588190451025207,0.9659258262890684
2024-03-06 02:00:00,11855.324,11.1,0.4999999999999999,0.8660254037844387
2024-03-06 03:00:00,11877.35,11.2,0.7071067811865475,0.7071067811865476
2024-03-06 04:00:00,12130.41,10.8,0.8660254037844386,0.5000000000000001
2024-03-06 05:00:00,12775.014,10.6,0.9659258262890684,0.2588190451025207
2024-03-06 06:00:00,13551.03,10.6,1.0,6.123233995736766e-17
2024-03-06 07:00:00,14205.631,10.9,0.9659258262890684,-0.2588190451025206
2024-03-06 08:00:00,14439.023,10.8,0.8660254037844387,-0.4999999999999998
2024-03-06 09:00:00,14526.221,11.9,0.7071067811865476,-0.7071067811865475
2024-03-06 10:00:00,14579.82,11.7,0.4999999999999999,-0.8660254037844387
2024-03-06 11:00:00,14463.268,11.6,0.258819045102521,-0.9659258262890682
2024-03-06 12:00:00,14432.614,11.8,1.2246467991473532e-16,-1.0
2024-03-06 13:00:00,14399.98,11.4,-0.2588190451025208,-0.9659258262890684
2024-03-06 14:00:00,14316.29,11.2,-0.4999999999999998,-0.8660254037844388
2024-03-06 15:00:00,14237.253,10.4,-0.7071067811865471,-0.7071067811865479
2024-03-06 16:00:00,14402.917,9.7,-0.8660254037844384,-0.5000000000000004
2024-03-06 17:00:00,14608.35,9.4,-0.9659258262890684,-0.2588190451025206
2024-03-06 18:00:00,15001.306,8.9,-1.0,-1.8369701987210294e-16
2024-03-06 19:00:00,15173.114,7.8,-0.9659258262890684,0.2588190451025203
2024-03-06 20:00:00,14966.64,7.3,-0.8660254037844386,0.5000000000000001
2024-03-06 21:00:00,14516.953,6.7,-0.7071067811865477,0.7071067811865474
2024-03-06 22:00:00,13816.42,6.3,-0.5000000000000004,0.8660254037844384
2024-03-06 23:00:00,13251.78,5.9,-0.2588190451025215,0.965925826289068
2024-03-07 00:00:00,12756.441,5.8,0.0,1.0
2024-03-07 01:00:00,12505.708,5.7,0.2588190451025207,0.9659258262890684
2024-03-07 02:00:00,12443.943,6.2,0.4999999999999999,0.8660254037844387
2024-03-07 03:00:00,12580.28,6.1,0.7071067811865475,0.7071067811865476
2024-03-07 04:00:00,12771.306,5.9,0.8660254037844386,0.5000000000000001
2024-03-07 05:00:00,13405.673,5.6,0.9659258262890684,0.2588190451025207
2024-03-07 06:00:00,14559.172,5.4,1.0,6.123233995736766e-17
2024-03-07 07:00:00,14980.906,5.3,0.9659258262890684,-0.2588190451025206
2024-03-07 08:00:00,14923.727,4.8,0.8660254037844387,-0.4999999999999998
2024-03-07 09:00:00,14882.003,5.9,0.7071067811865476,-0.7071067811865475
2024-03-07 10:00:00,14790.21,6.9,0.4999999999999999,-0.8660254037844387
2024-03-07 11:00:00,14748.443,7.9,0.258819045102521,-0.9659258262890682
2024-03-07 12:00:00,14698.498,9.6,1.2246467991473532e-16,-1.0
2024-03-07 13:00:00,14499.079,10.9,-0.2588190451025208,-0.9659258262890684
2024-03-07 14:00:00,14239.044000000002,12.6,-0.4999999999999998,-0.8660254037844388
2024-03-07 15:00:00,14081.622,13.3,-0.7071067811865471,-0.7071067811865479
2024-03-07 16:00:00,14190.738,13.9,-0.8660254037844384,-0.5000000000000004
2024-03-07 17:00:00,14279.025,14.0,-0.9659258262890684,-0.2588190451025206
2024-03-07 18:00:00,14639.518,13.9,-1.0,-1.8369701987210294e-16
2024-03-07 19:00:00,14896.678,11.4,-0.9659258262890684,0.2588190451025203
2024-03-07 20:00:00,14811.63,8.5,-0.8660254037844386,0.5000000000000001
2024-03-07 21:00:00,14395.313999999998,7.8,-0.7071067811865477,0.7071067811865474
2024-03-07 22:00:00,13873.603,6.8,-0.5000000000000004,0.8660254037844384
2024-03-07 23:00:00,13382.568,6.0,-0.2588190451025215,0.965925826289068
2024-03-08 00:00:00,13012.208,5.4,0.0,1.0
2024-03-08 01:00:00,12705.809,5.2,0.2588190451025207,0.9659258262890684
2024-03-08 02:00:00,12578.397,5.3,0.4999999999999999,0.8660254037844387
2024-03-08 03:00:00,12595.576,5.2,0.7071067811865475,0.7071067811865476
2024-03-08 04:00:00,12861.983,5.0,0.8660254037844386,0.5000000000000001
2024-03-08 05:00:00,13368.171,5.0,0.9659258262890684,0.2588190451025207
2024-03-08 06:00:00,14383.218,5.0,1.0,6.123233995736766e-17
2024-03-08 07:00:00,14803.579,5.4,0.9659258262890684,-0.2588190451025206
2024-03-08 08:00:00,14914.65,5.8,0.8660254037844387,-0.4999999999999998
2024-03-08 09:00:00,14885.563999999998,7.1,0.7071067811865476,-0.7071067811865475
2024-03-08 10:00:00,14659.728,9.1,0.4999999999999999,-0.8660254037844387
2024-03-08 11:00:00,14600.104,10.1,0.258819045102521,-0.9659258262890682
2024-03-08 12:00:00,14406.87,11.7,1.2246467991473532e-16,-1.0
2024-03-08 13:00:00,14381.363,12.4,-0.2588190451025208,-0.9659258262890684
2024-03-08 14:00:00,14131.784,15.1,-0.4999999999999998,-0.8660254037844388
2024-03-08 15:00:00,13982.819,15.3,-0.7071067811865471,-0.7071067811865479
2024-03-08 16:00:00,14055.22,15.4,-0.8660254037844384,-0.5000000000000004
2024-03-08 17:00:00,14073.486,14.9,-0.9659258262890684,-0.2588190451025206
2024-03-08 18:00:00,14390.27,14.6,-1.0,-1.8369701987210294e-16
2024-03-08 19:00:00,14355.525,13.2,-0.9659258262890684,0.2588190451025203
2024-03-08 20:00:00,14069.548,13.1,-0.8660254037844386,0.5000000000000001
2024-03-08 21:00:00,13670.117,12.9,-0.7071067811865477,0.7071067811865474
2024-03-08 22:00:00,13230.873,13.0,-0.5000000000000004,0.8660254037844384
2024-03-08 23:00:00,12762.016,12.8,-0.2588190451025215,0.965925826289068
2024-03-09 00:00:00,12360.532,12.4,0.0,1.0
2024-03-09 01:00:00,12097.342,12.1,0.2588190451025207,0.9659258262890684
2024-03-09 02:00:00,11902.848,11.9,0.4999999999999999,0.8660254037844387
2024-03-09 03:00:00,11865.14,11.8,0.7071067811865475,0.7071067811865476
2024-03-09 04:00:00,11975.924,11.6,0.8660254037844386,0.5000000000000001
2024-03-09 05:00:00,12226.35,11.7,0.9659258262890684,0.2588190451025207
2024-03-09 06:00:00,12648.036,11.4,1.0,6.123233995736766e-17
2024-03-09 07:00:00,12968.611,11.2,0.9659258262890684,-0.2588190451025206
2024-03-09 08:00:00,13371.666,11.1,0.8660254037844387,-0.4999999999999998
2024-03-09 09:00:00,13824.529,11.8,0.7071067811865476,-0.7071067811865475
2024-03-09 10:00:00,13960.549,11.9,0.4999999999999999,-0.8660254037844387
2024-03-09 11:00:00,14030.601,11.1,0.258819045102521,-0.9659258262890682
2024-03-09 12:00:00,13983.516,10.1,1.2246467991473532e-16,-1.0
2024-03-09 13:00:00,13965.624,10.5,-0.2588190451025208,-0.9659258262890684
2024-03-09 14:00:00,13812.744,11.1,-0.4999999999999998,-0.8660254037844388
2024-03-09 15:00:00,13808.104,11.4,-0.7071067811865471,-0.7071067811865479
2024-03-09 16:00:00,13883.868,10.5,-0.8660254037844384,-0.5000000000000004
2024-03-09 17:00:00,14013.597,9.6,-0.9659258262890684,-0.2588190451025206
2024-03-09 18:00:00,14309.478,9.2,-1.0,-1.8369701987210294e-16
2024-03-09 19:00:00,14431.816,8.4,-0.9659258262890684,0.2588190451025203
2024-03-09 20:00:00,14271.718,7.7,-0.8660254037844386,0.5000000000000001
2024-03-09 21:00:00,13992.51,5.6,-0.7071067811865477,0.7071067811865474
2024-03-09 22:00:00,13607.846,5.5,-0.5000000000000004,0.8660254037844384
2024-03-09 23:00:00,13194.777,5.0,-0.2588190451025215,0.965925826289068
2024-03-10 00:00:00,12918.389,4.2,0.0,1.0
2024-03-10 01:00:00,12854.162,3.6,0.2588190451025207,0.9659258262890684
2024-03-10 03:00:00,12859.47,1.7,0.7071067811865475,0.7071067811865476
2024-03-10 04:00:00,12942.271,0.8,0.8660254037844386,0.5000000000000001
2024-03-10 05:00:00,13213.698,0.0,0.9659258262890684,0.2588190451025207
2024-03-10 06:00:00,13573.45,-0.1,1.0,6.123233995736766e-17
2024-03-10 07:00:00,13978.859,0.4,0.9659258262890684,-0.2588190451025206
2024-03-10 08:00:00,14440.145,-0.3,0.8660254037844387,-0.4999999999999998
2024-03-10 09:00:00,14716.122,0.2,0.7071067811865476,-0.7071067811865475
2024-03-10 10:00:00,14815.567,0.9,0.4999999999999999,-0.8660254037844387
2024-03-10 11:00:00,14959.141,1.5,0.258819045102521,-0.9659258262890682
2024-03-10 12:00:00,14961.754,1.7,1.2246467991473532e-16,-1.0
2024-03-10 13:00:00,14815.381,2.0,-0.2588190451025208,-0.9659258262890684
2024-03-10 14:00:00,14657.895,2.2,-0.4999999999999998,-0.8660254037844388
2024-03-10 15:00:00,14525.556,2.5,-0.7071067811865471,-0.7071067811865479
2024-03-10 16:00:00,14640.803,2.8,-0.8660254037844384,-0.5000000000000004
2024-03-10 17:00:00,14783.319,3.5,-0.9659258262890684,-0.2588190451025206
2024-03-10 18:00:00,15057.083,3.7,-1.0,-1.8369701987210294e-16
2024-03-10 19:00:00,15674.576,3.4,-0.9659258262890684,0.2588190451025203
2024-03-10 20:00:00,16071.89,2.4,-0.8660254037844386,0.5000000000000001
2024-03-10 21:00:00,15790.486,1.8,-0.7071067811865477,0.7071067811865474
2024-03-10 22:00:00,15401.728,1.0,-0.5000000000000004,0.8660254037844384
2024-03-10 23:00:00,14889.602,0.4,-0.2588190451025215,0.965925826289068
2024-03-11 00:00:00,14617.19,-0.1,0.0,1.0
2024-03-11 01:00:00,14529.327,-0.6,0.2588190451025207,0.9659258262890684
2024-03-11 02:00:00,14477.476,-1.1,0.4999999999999999,0.8660254037844387
2024-03-11 03:00:00,14576.755,-1.7,0.7071067811865475,0.7071067811865476
2024-03-11 04:00:00,14905.628,-2.3,0.8660254037844386,0.5000000000000001
2024-03-11 05:00:00,15778.529,-3.0,0.9659258262890684,0.2588190451025207
2024-03-11 06:00:00,16880.745000000003,-3.1,1.0,6.123233995736766e-17
2024-03-11 07:00:00,17615.338,-3.0,0.9659258262890684,-0.2588190451025206
2024-03-11 08:00:00,17665.629,-3.0,0.8660254037844387,-0.4999999999999998
2024-03-11 09:00:00,16981.671000000002,-0.7,0.7071067811865476,-0.7071067811865475
2024-03-11 10:00:00,16324.67,1.9,0.4999999999999999,-0.8660254037844387
2024-03-11 11:00:00,15754.934,4.8,0.258819045102521,-0.9659258262890682
2024-03-11 12:00:00,15372.645,7.2,1.2246467991473532e-16,-1.0
2024-03-11 13:00:00,14936.899,8.5,-0.2588190451025208,-0.9659258262890684
2024-03-11 14:00:00,14496.495,9.6,-0.4999999999999998,-0.8660254037844388
2024-03-11 15:00:00,14122.235,10.7,-0.7071067811865471,-0.7071067811865479
2024-03-11 16:00:00,14018.265,11.4,-0.8660254037844384,-0.5000000000000004
2024-03-11 17:00:00,14114.56,11.7,-0.9659258262890684,-0.2588190451025206
2024-03-11 18:00:00,14376.759000000002,11.4,-1.0,-1.8369701987210294e-16
2024-03-11 19:00:00,14822.418,9.9,-0.9659258262890684,0.2588190451025203
2024-03-11 20:00:00,15322.38,7.7,-0.8660254037844386,0.5000000000000001
2024-03-11 21:00:00,15158.097,6.9,-0.7071067811865477,0.7071067811865474
2024-03-11 22:00:00,14678.209,6.2,-0.5000000000000004,0.8660254037844384
2024-03-11 23:00:00,14254.325,5.8,-0.2588190451025215,0.965925826289068
2024-03-12 00:00:00,13891.002,5.5,0.0,1.0
2024-03-12 01:00:00,13788.473000000002,4.8,0.2588190451025207,0.9659258262890684
2024-03-12 02:00:00,13842.417,4.9,0.4999999999999999,0.8660254037844387
2024-03-12 03:00:00,13821.924,4.8,0.7071067811865475,0.7071067811865476
2024-03-12 04:00:00,14365.098,4.4,0.8660254037844386,0.5000000000000001
2024-03-12 05:00:00,15074.009,3.6,0.9659258262890684,0.2588190451025207
2024-03-12 06:00:00,16138.453,3.0,1.0,6.123233995736766e-17
2024-03-12 07:00:00,16881.338,2.6,0.9659258262890684,-0.2588190451025206
2024-03-12 08:00:00,16630.881,2.8,0.8660254037844387,-0.4999999999999998
2024-03-12 09:00:00,15967.575,6.4,0.7071067811865476,-0.7071067811865475
2024-03-12 10:00:00,15311.305,9.2,0.4999999999999999,-0.8660254037844387
2024-03-12 11:00:00,14781.681,11.5,0.258819045102521,-0.9659258262890682
2024-03-12 12:00:00,14329.456,13.6,1.2246467991473532e-16,-1.0
2024-03-12 13:00:00,14081.434,15.7,-0.2588190451025208,-0.9659258262890684
2024-03-12 14:00:00,13830.523,17.2,-0.4999999999999998,-0.8660254037844388
2024-03-12 15:00:00,13588.19,18.1,-0.7071067811865471,-0.7071067811865479
2024-03-12 16:00:00,13613.083,18.4,-0.8660254037844384,-0.5000000000000004
2024-03-12 17:00:00,13576.429,18.0,-0.9659258262890684,-0.2588190451025206
2024-03-12 18:00:00,13765.212,17.2,-1.0,-1.8369701987210294e-16
2024-03-12 19:00:00,14103.094,15.1,-0.9659258262890684,0.2588190451025203
2024-03-12 20:00:00,14488.366,12.4,-0.8660254037844386,0.5000000000000001
2024-03-12 21:00:00,14087.634,10.9,-0.7071067811865477,0.7071067811865474
2024-03-12 22:00:00,13508.82,9.7,-0.5000000000000004,0.8660254037844384
2024-03-12 23:00:00,13010.833,9.0,-0.2588190451025215,0.965925826289068
2024-03-13 00:00:00,12719.061,8.2,0.0,1.0
2024-03-13 01:00:00,12590.837,6.9,0.2588190451025207,0.9659258262890684
2024-03-13 02:00:00,12653.031,6.1,0.4999999999999999,0.8660254037844387
2024-03-13 03:00:00,12599.516,5.6,0.7071067811865475,0.7071067811865476
2024-03-13 04:00:00,13010.309,4.9,0.8660254037844386,0.5000000000000001
2024-03-13 05:00:00,13733.663,5.2,0.9659258262890684,0.2588190451025207
2024-03-13 06:00:00,14847.149,4.9,1.0,6.123233995736766e-17
2024-03-13 07:00:00,15649.568,4.7,0.9659258262890684,-0.2588190451025206
2024-03-13 08:00:00,15528.866,4.4,0.8660254037844387,-0.4999999999999998
2024-03-13 09:00:00,15001.792,8.6,0.7071067811865476,-0.7071067811865475
2024-03-13 10:00:00,14536.853,11.5,0.4999999999999999,-0.8660254037844387
2024-03-13 11:00:00,14040.832,14.3,0.258819045102521,-0.9659258262890682
2024-03-13 12:00:00,13833.685,16.6,1.2246467991473532e-16,-1.0
2024-03-13 13:00:00,13689.165,18.5,-0.2588190451025208,-0.9659258262890684
2024-03-13 14:00:00,13489.498,19.6,-0.4999999999999998,-0.8660254037844388
2024-03-13 15:00:00,13310.931,20.2,-0.7071067811865471,-0.7071067811865479
2024-03-13 16:00:00,13339.240000000002,20.4,-0.8660254037844384,-0.5000000000000004
2024-03-13 17:00:00,13483.045,20.2,-0.9659258262890684,-0.2588190451025206
2024-03-13 18:00:00,13632.902,19.4,-1.0,-1.8369701987210294e-16
2024-03-13 19:00:00,13962.26,16.4,-0.9659258262890684,0.2588190451025203
2024-03-13 20:00:00,14169.561,13.4,-0.8660254037844386,0.5000000000000001
2024-03-13 21:00:00,13905.395,12.9,-0.7071067811865477,0.7071067811865474
2024-03-13 22:00:00,13285.904,11.6,-0.5000000000000004,0.8660254037844384
2024-03-13 23:00:00,12632.935,10.6,-0.2588190451025215,0.965925826289068
2024-03-14 00:00:00,12236.674,9.1,0.0,1.0
2024-03-14 01:00:00,12073.263,8.6,0.2588190451025207,0.9659258262890684
2024-03-14 02:00:00,12021.17,7.8,0.4999999999999999,0.8660254037844387
2024-03-14 03:00:00,12147.065,6.9,0.7071067811865475,0.7071067811865476
2024-03-14 04:00:00,12384.592,6.4,0.8660254037844386,0.5000000000000001
2024-03-14 05:00:00,13162.219,6.2,0.9659258262890684,0.2588190451025207
2024-03-14 06:00:00,14257.43,6.3,1.0,6.123233995736766e-17
2024-03-14 07:00:00,14921.184,8.1,0.9659258262890684,-0.2588190451025206
2024-03-14 08:00:00,14970.114,8.1,0.8660254037844387,-0.4999999999999998
2024-03-14 09:00:00,14741.491999999998,11.2,0.7071067811865476,-0.7071067811865475
2024-03-14 10:00:00,14445.049,12.8,0.4999999999999999,-0.8660254037844387
2024-03-14 11:00:00,14177.841,14.5,0.258819045102521,-0.9659258262890682
2024-03-14 12:00:00,14246.025,17.0,1.2246467991473532e-16,-1.0
2024-03-14 13:00:00,14060.879,19.5,-0.2588190451025208,-0.9659258262890684
2024-03-14 14:00:00,13944.406,20.6,-0.4999999999999998,-0.8660254037844388
2024-03-14 15:00:00,13851.129,20.9,-0.7071067811865471,-0.7071067811865479
2024-03-14 16:00:00,13934.553,17.9,-0.8660254037844384,-0.5000000000000004
2024-03-14 17:00:00,13947.612,19.5,-0.9659258262890684,-0.2588190451025206
2024-03-14 18:00:00,14070.65,20.2,-1.0,-1.8369701987210294e-16
2024-03-14 19:00:00,14214.152,19.2,-0.9659258262890684,0.2588190451025203
2024-03-14 20:00:00,14327.131,18.5,-0.8660254037844386,0.5000000000000001
2024-03-14 21:00:00,13538.635,16.8,-0.7071067811865477,0.7071067811865474
2024-03-14 22:00:00,12852.849,14.4,-0.5000000000000004,0.8660254037844384
2024-03-14 23:00:00,12323.818,14.9,-0.2588190451025215,0.965925826289068
2024-03-15 00:00:00,11872.828,15.2,0.0,1.0
2024-03-15 01:00:00,11667.887,15.6,0.2588190451025207,0.9659258262890684
2024-03-15 02:00:00,11510.426,15.5,0.4999999999999999,0.8660254037844387
2024-03-15 03:00:00,11433.381,15.1,0.7071067811865475,0.7071067811865476
2024-03-15 04:00:00,11575.853,14.8,0.8660254037844386,0.5000000000000001
2024-03-15 05:00:00,12232.67,14.9,0.9659258262890684,0.2588190451025207
2024-03-15 06:00:00,13124.19,14.1,1.0,6.123233995736766e-17
2024-03-15 07:00:00,13795.682,12.6,0.9659258262890684,-0.2588190451025206
2024-03-15 08:00:00,13840.346,10.6,0.8660254037844387,-0.4999999999999998
2024-03-15 09:00:00,14069.192,9.4,0.7071067811865476,-0.7071067811865475
2024-03-15 10:00:00,14181.126,8.6,0.4999999999999999,-0.8660254037844387
2024-03-15 11:00:00,14277.847000000002,8.5,0.258819045102521,-0.9659258262890682
2024-03-15 12:00:00,14265.757,8.9,1.2246467991473532e-16,-1.0
2024-03-15 13:00:00,14084.049,9.7,-0.2588190451025208,-0.9659258262890684
2024-03-15 14:00:00,13819.0,10.9,-0.4999999999999998,-0.8660254037844388
2024-03-15 15:00:00,13588.164,11.9,-0.7071067811865471,-0.7071067811865479
2024-03-15 16:00:00,13500.179,12.1,-0.8660254037844384,-0.5000000000000004
2024-03-15 17:00:00,13455.464,12.3,-0.9659258262890684,-0.2588190451025206
2024-03-15 18:00:00,13453.872,12.3,-1.0,-1.8369701987210294e-16
2024-03-15 19:00:00,13640.898,11.2,-0.9659258262890684,0.2588190451025203
2024-03-15 20:00:00,13880.911,8.8,-0.8660254037844386,0.5000000000000001
2024-03-15 21:00:00,13607.191,7.1,-0.7071067811865477,0.7071067811865474
2024-03-15 22:00:00,13130.138,5.5,-0.5000000000000004,0.8660254037844384
2024-03-15 23:00:00,12609.93,4.0,-0.2588190451025215,0.965925826289068
2024-03-16 00:00:00,12187.736,4.8,0.0,1.0
2024-03-16 01:00:00,12015.847,4.0,0.2588190451025207,0.9659258262890684
2024-03-16 02:00:00,11895.002,3.0,0.4999999999999999,0.8660254037844387
2024-03-16 03:00:00,11982.236,2.1,0.7071067811865475,0.7071067811865476
2024-03-16 04:00:00,12047.359,2.3,0.8660254037844386,0.5000000000000001
2024-03-16 05:00:00,12402.791,2.4,0.9659258262890684,0.2588190451025207
2024-03-16 06:00:00,12842.796,1.5,1.0,6.123233995736766e-17
2024-03-16 07:00:00,13345.256,0.3,0.9659258262890684,-0.2588190451025206
2024-03-16 08:00:00,13719.656,0.1,0.8660254037844387,-0.4999999999999998
2024-03-16 09:00:00,13733.202,3.1,0.7071067811865476,-0.7071067811865475
2024-03-16 10:00:00,13366.164,6.0,0.4999999999999999,-0.8660254037844387
2024-03-16 11:00:00,13107.161,9.2,0.258819045102521,-0.9659258262890682
2024-03-16 12:00:00,12887.072,11.9,1.2246467991473532e-16,-1.0
2024-03-16 13:00:00,12546.025,13.4,-0.2588190451025208,-0.9659258262890684
2024-03-16 14:00:00,12400.387,14.2,-0.4999999999999998,-0.8660254037844388
2024-03-16 15:00:00,12287.012,14.9,-0.7071067811865471,-0.7071067811865479
2024-03-16 16:00:00,12386.693,15.4,-0.8660254037844384,-0.5000000000000004
2024-03-16 17:00:00,12520.702,15.4,-0.9659258262890684,-0.2588190451025206
2024-03-16 18:00:00,12703.962,15.2,-1.0,-1.8369701987210294e-16
2024-03-16 19:00:00,12938.78,14.1,-0.9659258262890684,0.2588190451025203
2024-03-16 20:00:00,13144.343,13.2,-0.8660254037844386,0.5000000000000001
2024-03-16 21:00:00,12935.403,12.1,-0.7071067811865477,0.7071067811865474
2024-03-16 22:00:00,12507.507,11.1,-0.5000000000000004,0.8660254037844384
2024-03-16 23:00:00,12158.543,11.8,-0.2588190451025215,0.965925826289068
2024-03-17 00:00:00,11699.482,11.4,0.0,1.0
2024-03-17 01:00:00,11548.666,9.6,0.2588190451025207,0.9659258262890684
2024-03-17 02:00:00,11436.717,9.2,0.4999999999999999,0.8660254037844387
2024-03-17 03:00:00,11387.96,8.2,0.7071067811865475,0.7071067811865476
2024-03-17 04:00:00,11568.828,6.6,0.8660254037844386,0.5000000000000001
2024-03-17 05:00:00,11728.416,5.1,0.9659258262890684,0.2588190451025207
2024-03-17 06:00:00,12121.735,3.9,1.0,6.123233995736766e-17
2024-03-17 07:00:00,12594.107,3.1,0.9659258262890684,-0.2588190451025206
2024-03-17 08:00:00,12974.004,2.6,0.8660254037844387,-0.4999999999999998
2024-03-17 09:00:00,13028.699,4.6,0.7071067811865476,-0.7071067811865475
2024-03-17 10:00:00,13032.544000000002,6.6,0.4999999999999999,-0.8660254037844387
2024-03-17 11:00:00,12906.814,7.2,0.258819045102521,-0.9659258262890682
2024-03-17 12:00:00,12939.679,7.8,1.2246467991473532e-16,-1.0
2024-03-17 13:00:00,12889.874,8.6,-0.2588190451025208,-0.9659258262890684
2024-03-17 14:00:00,12788.786,8.8,-0.4999999999999998,-0.8660254037844388
2024-03-17 15:00:00,12788.53,8.9,-0.7071067811865471,-0.7071067811865479
2024-03-17 16:00:00,12977.708,8.4,-0.8660254037844384,-0.5000000000000004
2024-03-17 17:00:00,13227.102,7.7,-0.9659258262890684,-0.2588190451025206
2024-03-17 18:00:00,13438.926,6.7,-1.0,-1.8369701987210294e-16
2024-03-17 19:00:00,13909.476,6.1,-0.9659258262890684,0.2588190451025203
2024-03-17 20:00:00,14428.801,5.3,-0.8660254037844386,0.5000000000000001
2024-03-17 21:00:00,14083.439,4.0,-0.7071067811865477,0.7071067811865474
2024-03-17 22:00:00,13708.693,2.8,-0.5000000000000004,0.8660254037844384
2024-03-17 23:00:00,13263.309,1.6,-0.2588190451025215,0.965925826289068
2024-03-18 00:00:00,12882.093,1.2,0.0,1.0
2024-03-18 01:00:00,12896.912,0.3,0.2588190451025207,0.9659258262890684
2024-03-18 02:00:00,12926.821,-0.9,0.4999999999999999,0.8660254037844387
2024-03-18 03:00:00,13139.949,-1.6,0.7071067811865475,0.7071067811865476
2024-03-18 04:00:00,13581.818,-2.1,0.8660254037844386,0.5000000000000001
2024-03-18 05:00:00,14393.162,-2.5,0.9659258262890684,0.2588190451025207
2024-03-18 06:00:00,15640.659,-2.8,1.0,6.123233995736766e-17
2024-03-18 07:00:00,16461.605,-3.3,0.9659258262890684,-0.2588190451025206
2024-03-18 08:00:00,16633.737,-3.4,0.8660254037844387,-0.4999999999999998
2024-03-18 09:00:00,16559.747,-0.2,0.7071067811865476,-0.7071067811865475
2024-03-18 10:00:00,16415.502,0.6,0.4999999999999999,-0.8660254037844387
2024-03-18 11:00:00,16244.02,1.4,0.258819045102521,-0.9659258262890682
2024-03-18 12:00:00,16077.308,1.1,1.2246467991473532e-16,-1.0
2024-03-18 13:00:00,15955.752,1.2,-0.2588190451025208,-0.9659258262890684
2024-03-18 14:00:00,15530.971,1.6,-0.4999999999999998,-0.8660254037844388
2024-03-18 15:00:00,15739.44,1.6,-0.7071067811865471,-0.7071067811865479
2024-03-18 16:00:00,15871.929,1.5,-0.8660254037844384,-0.5000000000000004
2024-03-18 17:00:00,16084.75,1.5,-0.9659258262890684,-0.2588190451025206
2024-03-18 18:00:00,16279.349,1.3,-1.0,-1.8369701987210294e-16
2024-03-18 19:00:00,16667.8,1.2,-0.9659258262890684,0.2588190451025203
2024-03-18 20:00:00,16972.074,1.0,-0.8660254037844386,0.5000000000000001
2024-03-18 21:00:00,16614.889,0.3,-0.7071067811865477,0.7071067811865474
2024-03-18 22:00:00,16013.029,0.5,-0.5000000000000004,0.8660254037844384
2024-03-18 23:00:00,15498.518,-0.1,-0.2588190451025215,0.965925826289068
2024-03-19 00:00:00,15058.367,-1.0,0.0,1.0
2024-03-19 01:00:00,14872.499,-1.2,0.2588190451025207,0.9659258262890684
2024-03-19 02:00:00,14699.854,-0.9,0.4999999999999999,0.8660254037844387
2024-03-19 03:00:00,14841.618,-1.4,0.7071067811865475,0.7071067811865476
2024-03-19 04:00:00,15191.721,-1.2,0.8660254037844386,0.5000000000000001
2024-03-19 05:00:00,15944.211,-1.6,0.9659258262890684,0.2588190451025207
2024-03-19 06:00:00,17036.194,-2.8,1.0,6.123233995736766e-17
2024-03-19 07:00:00,17725.781,-3.2,0.9659258262890684,-0.2588190451025206
2024-03-19 08:00:00,17595.573,-2.4,0.8660254037844387,-0.4999999999999998
2024-03-19 09:00:00,17334.752,-1.0,0.7071067811865476,-0.7071067811865475
2024-03-19 10:00:00,16988.867,0.1,0.4999999999999999,-0.8660254037844387
2024-03-19 11:00:00,16490.994,1.7,0.258819045102521,-0.9659258262890682
2024-03-19 12:00:00,16024.78,3.0,1.2246467991473532e-16,-1.0
2024-03-19 13:00:00,15662.603,4.5,-0.2588190451025208,-0.9659258262890684
2024-03-19 14:00:00,15262.484,6.0,-0.4999999999999998,-0.8660254037844388
2024-03-19 15:00:00,14827.821,7.4,-0.7071067811865471,-0.7071067811865479
2024-03-19 16:00:00,14670.675,8.6,-0.8660254037844384,-0.5000000000000004
2024-03-19 17:00:00,14690.281,9.0,-0.9659258262890684,-0.2588190451025206
2024-03-19 18:00:00,14808.59,9.1,-1.0,-1.8369701987210294e-16
2024-03-19 19:00:00,15195.302,8.4,-0.9659258262890684,0.2588190451025203
2024-03-19 20:00:00,15700.373,7.8,-0.8660254037844386,0.5000000000000001
2024-03-19 21:00:00,15440.115000000002,6.8,-0.7071067811865477,0.7071067811865474
2024-03-19 22:00:00,14915.811,6.8,-0.5000000000000004,0.8660254037844384
2024-03-19 23:00:00,14278.256,6.7,-0.2588190451025215,0.965925826289068
2024-03-20 00:00:00,13871.815,6.9,0.0,1.0
2024-03-20 01:00:00,13734.777,7.1,0.2588190451025207,0.9659258262890684
2024-03-20 02:00:00,13626.339,6.9,0.4999999999999999,0.8660254037844387
2024-03-20 03:00:00,13782.109,6.7,0.7071067811865475,0.7071067811865476
2024-03-20 04:00:00,13995.407,6.4,0.8660254037844386,0.5000000000000001
2024-03-20 05:00:00,14744.924,5.7,0.9659258262890684,0.2588190451025207
2024-03-20 06:00:00,15839.096,5.6,1.0,6.123233995736766e-17
2024-03-20 07:00:00,16403.936,5.4,0.9659258262890684,-0.2588190451025206
2024-03-20 08:00:00,16257.595,5.5,0.8660254037844387,-0.4999999999999998
2024-03-20 09:00:00,15802.461,7.1,0.7071067811865476,-0.7071067811865475
2024-03-20 10:00:00,15422.469,7.7,0.4999999999999999,-0.8660254037844387
2024-03-20 11:00:00,15182.808,8.1,0.258819045102521,-0.9659258262890682
2024-03-20 12:00:00,14893.864,8.3,1.2246467991473532e-16,-1.0
2024-03-20 13:00:00,14771.395,8.4,-0.2588190451025208,-0.9659258262890684
2024-03-20 14:00:00,14448.764,8.2,-0.4999999999999998,-0.8660254037844388
2024-03-20 15:00:00,14225.683,7.8,-0.7071067811865471,-0.7071067811865479
2024-03-20 16:00:00,14225.093,7.2,-0.8660254037844384,-0.5000000000000004
2024-03-20 17:00:00,14200.418,6.5,-0.9659258262890684,-0.2588190451025206
2024-03-20 18:00:00,14393.607,5.6,-1.0,-1.8369701987210294e-16
2024-03-20 19:00:00,14805.818,4.1,-0.9659258262890684,0.2588190451025203
2024-03-20 20:00:00,15229.25,2.6,-0.8660254037844386,0.5000000000000001
2024-03-20 21:00:00,15123.021,1.3,-0.7071067811865477,0.7071067811865474
2024-03-20 22:00:00,14568.703,0.0,-0.5000000000000004,0.8660254037844384
2024-03-20 23:00:00,14160.823,-1.2,-0.2588190451025215,0.965925826289068
2024-03-21 00:00:00,14049.891,-2.2,0.0,1.0
2024-03-21 01:00:00,13968.037,-3.0,0.2588190451025207,0.9659258262890684
2024-03-21 02:00:00,13958.693,-3.8,0.4999999999999999,0.8660254037844387
2024-03-21 03:00:00,14164.963,-4.4,0.7071067811865475,0.7071067811865476
2024-03-21 04:00:00,14513.606,-4.9,0.8660254037844386,0.5000000000000001
2024-03-21 05:00:00,15382.003,-5.2,0.9659258262890684,0.2588190451025207
2024-03-21 06:00:00,16463.447,-5.4,1.0,6.123233995736766e-17
2024-03-21 07:00:00,17357.574,-5.5,0.9659258262890684,-0.2588190451025206
2024-03-21 08:00:00,17155.175,-5.2,0.8660254037844387,-0.4999999999999998
2024-03-21 09:00:00,16637.965,-3.4,0.7071067811865476,-0.7071067811865475
2024-03-21 10:00:00,16182.301,-1.8,0.4999999999999999,-0.8660254037844387
2024-03-21 11:00:00,15703.297,-0.3,0.258819045102521,-0.9659258262890682
2024-03-21 12:00:00,15319.058,1.1,1.2246467991473532e-16,-1.0
2024-03-21 13:00:00,14946.589,2.3,-0.2588190451025208,-0.9659258262890684
2024-03-21 14:00:00,14434.778,3.5,-0.4999999999999998,-0.8660254037844388
2024-03-21 15:00:00,14132.517,4.2,-0.7071067811865471,-0.7071067811865479
2024-03-21 16:00:00,14084.597999999998,4.6,-0.8660254037844384,-0.5000000000000004
2024-03-21 17:00:00,14026.208,4.6,-0.9659258262890684,-0.2588190451025206
2024-03-21 18:00:00,14296.163,4.2,-1.0,-1.8369701987210294e-16
2024-03-21 19:00:00,14879.183,3.3,-0.9659258262890684,0.2588190451025203
2024-03-21 20:00:00,15376.169000000002,0.6,-0.8660254037844386,0.5000000000000001
2024-03-21 21:00:00,15315.225,0.2,-0.7071067811865477,0.7071067811865474
2024-03-21 22:00:00,14848.034,-0.4,-0.5000000000000004,0.8660254037844384
2024-03-21 23:00:00,14384.466,-0.9,-0.2588190451025215,0.965925826289068
2024-03-22 00:00:00,14061.926,-1.1,0.0,1.0
2024-03-22 01:00:00,14004.928,-1.8,0.2588190451025207,0.9659258262890684
2024-03-22 02:00:00,13975.821,-2.2,0.4999999999999999,0.8660254037844387
2024-03-22 03:00:00,14093.699,-2.6,0.7071067811865475,0.7071067811865476
2024-03-22 04:00:00,14395.635,-2.9,0.8660254037844386,0.5000000000000001
2024-03-22 05:00:00,15151.786,-3.1,0.9659258262890684,0.2588190451025207
2024-03-22 06:00:00,16295.165,-3.0,1.0,6.123233995736766e-17
2024-03-22 07:00:00,16876.025999999998,-2.9,0.9659258262890684,-0.2588190451025206
2024-03-22 08:00:00,16898.586,-2.5,0.8660254037844387,-0.4999999999999998
2024-03-22 09:00:00,16563.95,-0.6,0.7071067811865476,-0.7071067811865475
2024-03-22 10:00:00,16097.703,2.3,0.4999999999999999,-0.8660254037844387
2024-03-22 11:00:00,15539.72,5.6,0.258819045102521,-0.9659258262890682
2024-03-22 12:00:00,15159.636,7.9,1.2246467991473532e-16,-1.0
2024-03-22 13:00:00,14882.251,10.4,-0.2588190451025208,-0.9659258262890684
2024-03-22 14:00:00,14658.673,11.1,-0.4999999999999998,-0.8660254037844388
2024-03-22 15:00:00,14422.644,10.2,-0.7071067811865471,-0.7071067811865479
2024-03-22 16:00:00,14456.894,9.4,-0.8660254037844384,-0.5000000000000004
2024-03-22 17:00:00,14472.582,9.1,-0.9659258262890684,-0.2588190451025206
2024-03-22 18:00:00,14495.34,8.9,-1.0,-1.8369701987210294e-16
2024-03-22 19:00:00,14648.297,8.1,-0.9659258262890684,0.2588190451025203
2024-03-22 20:00:00,14778.962,7.4,-0.8660254037844386,0.5000000000000001
2024-03-22 21:00:00,14397.244,5.8,-0.7071067811865477,0.7071067811865474
2024-03-22 22:00:00,13983.355,5.7,-0.5000000000000004,0.8660254037844384
2024-03-22 23:00:00,13411.723,5.6,-0.2588190451025215,0.965925826289068
2024-03-23 00:00:00,13039.071,5.2,0.0,1.0
2024-03-23 01:00:00,12792.139,4.7,0.2588190451025207,0.9659258262890684
2024-03-23 02:00:00,12715.134,3.6,0.4999999999999999,0.8660254037844387
2024-03-23 03:00:00,12808.181,2.8,0.7071067811865475,0.7071067811865476
2024-03-23 04:00:00,12880.778,2.2,0.8660254037844386,0.5000000000000001
2024-03-23 05:00:00,13150.165,1.6,0.9659258262890684,0.2588190451025207
2024-03-23 06:00:00,13616.32,1.0,1.0,6.123233995736766e-17
2024-03-23 07:00:00,13937.92,0.3,0.9659258262890684,-0.2588190451025206
2024-03-23 08:00:00,14461.839,-0.6,0.8660254037844387,-0.4999999999999998
2024-03-23 09:00:00,14621.501,-0.6,0.7071067811865476,-0.7071067811865475
2024-03-23 10:00:00,14623.229,0.6,0.4999999999999999,-0.8660254037844387
2024-03-23 11:00:00,14473.869,1.8,0.258819045102521,-0.9659258262890682
2024-03-23 12:00:00,14311.656,2.6,1.2246467991473532e-16,-1.0
2024-03-23 13:00:00,14135.745,3.7,-0.2588190451025208,-0.9659258262890684
2024-03-23 14:00:00,13980.191,4.1,-0.4999999999999998,-0.8660254037844388
2024-03-23 15:00:00,13918.972,4.2,-0.7071067811865471,-0.7071067811865479
2024-03-23 16:00:00,13952.142,3.9,-0.8660254037844384,-0.5000000000000004
2024-03-23 17:00:00,13989.722,3.3,-0.9659258262890684,-0.2588190451025206
2024-03-23 18:00:00,14079.21,2.8,-1.0,-1.8369701987210294e-16
2024-03-23 19:00:00,14518.325,2.0,-0.9659258262890684,0.2588190451025203
2024-03-23 20:00:00,15049.655,1.2,-0.8660254037844386,0.5000000000000001
2024-03-23 21:00:00,15009.594,1.4,-0.7071067811865477,0.7071067811865474
2024-03-23 22:00:00,14770.623,1.0,-0.5000000000000004,0.8660254037844384
2024-03-23 23:00:00,14419.001,0.1,-0.2588190451025215,0.965925826289068
2024-03-24 00:00:00,14263.811,-1.8,0.0,1.0
2024-03-24 01:00:00,14029.492,-2.5,0.2588190451025207,0.9659258262890684
2024-03-24 02:00:00,14257.771,-3.0,0.4999999999999999,0.8660254037844387
2024-03-24 03:00:00,14191.118,-3.5,0.7071067811865475,0.7071067811865476
2024-03-24 04:00:00,14458.996,-3.8,0.8660254037844386,0.5000000000000001
2024-03-24 05:00:00,14802.749,-4.4,0.9659258262890684,0.2588190451025207
2024-03-24 06:00:00,15342.342,-4.3,1.0,6.123233995736766e-17
2024-03-24 07:00:00,15733.477,-4.3,0.9659258262890684,-0.2588190451025206
2024-03-24 08:00:00,15854.044999999998,-3.9,0.8660254037844387,-0.4999999999999998
2024-03-24 09:00:00,15451.501,-2.2,0.7071067811865476,-0.7071067811865475
2024-03-24 10:00:00,14938.071,-0.3,0.4999999999999999,-0.8660254037844387
2024-03-24 11:00:00,14368.537,1.6,0.258819045102521,-0.9659258262890682
2024-03-24 12:00:00,14003.738,3.6,1.2246467991473532e-16,-1.0
2024-03-24 13:00:00,13592.5,5.3,-0.2588190451025208,-0.9659258262890684
2024-03-24 14:00:00,13246.717,6.9,-0.4999999999999998,-0.8660254037844388
2024-03-24 15:00:00,12921.501,8.2,-0.7071067811865471,-0.7071067811865479
2024-03-24 16:00:00,12979.684,8.9,-0.8660254037844384,-0.5000000000000004
2024-03-24 17:00:00,13084.142,9.4,-0.9659258262890684,-0.2588190451025206
2024-03-24 18:00:00,13290.084,9.3,-1.0,-1.8369701987210294e-16
2024-03-24 19:00:00,13768.264,8.2,-0.9659258262890684,0.2588190451025203
2024-03-24 20:00:00,14344.914,6.2,-0.8660254037844386,0.5000000000000001
2024-03-24 21:00:00,14323.929,5.3,-0.7071067811865477,0.7071067811865474
2024-03-24 22:00:00,14014.257,4.8,-0.5000000000000004,0.8660254037844384
2024-03-24 23:00:00,13696.417,4.6,-0.2588190451025215,0.965925826289068
2024-03-25 00:00:00,13564.248,4.1,0.0,1.0
2024-03-25 01:00:00,13519.509,3.8,0.2588190451025207,0.9659258262890684
2024-03-25 02:00:00,13501.527,3.8,0.4999999999999999,0.8660254037844387
2024-03-25 03:00:00,13674.652,3.8,0.7071067811865475,0.7071067811865476
2024-03-25 04:00:00,14024.674,3.7,0.8660254037844386,0.5000000000000001
2024-03-25 05:00:00,14888.547,3.3,0.9659258262890684,0.2588190451025207
2024-03-25 06:00:00,15921.682,3.0,1.0,6.123233995736766e-17
2024-03-25 07:00:00,16681.787,2.7,0.9659258262890684,-0.2588190451025206
2024-03-25 08:00:00,16419.643,2.6,0.8660254037844387,-0.4999999999999998
2024-03-25 09:00:00,15853.935,6.1,0.7071067811865476,-0.7071067811865475
2024-03-25 10:00:00,15517.459,8.4,0.4999999999999999,-0.8660254037844387
2024-03-25 11:00:00,15169.004,10.6,0.258819045102521,-0.9659258262890682
2024-03-25 12:00:00,14670.238,12.8,1.2246467991473532e-16,-1.0
2024-03-25 13:00:00,14361.744,13.7,-0.2588190451025208,-0.9659258262890684
2024-03-25 14:00:00,14084.781,16.0,-0.4999999999999998,-0.8660254037844388
2024-03-25 15:00:00,13836.644,17.7,-0.7071067811865471,-0.7071067811865479
2024-03-25 16:00:00,13706.612,18.5,-0.8660254037844384,-0.5000000000000004
2024-03-25 17:00:00,13783.134,18.5,-0.9659258262890684,-0.2588190451025206
2024-03-25 18:00:00,13938.178,18.4,-1.0,-1.8369701987210294e-16
2024-03-25 19:00:00,14060.89,16.4,-0.9659258262890684,0.2588190451025203
2024-03-25 20:00:00,14541.632,14.8,-0.8660254037844386,0.5000000000000001
2024-03-25 21:00:00,14264.259,14.6,-0.7071067811865477,0.7071067811865474
2024-03-25 22:00:00,13718.124,14.1,-0.5000000000000004,0.8660254037844384
2024-03-25 23:00:00,13149.587,13.8,-0.2588190451025215,0.965925826289068
2024-03-26 00:00:00,12730.77,13.0,0.0,1.0
2024-03-26 01:00:00,12450.337,12.2,0.2588190451025207,0.9659258262890684
2024-03-26 02:00:00,12416.067,11.8,0.4999999999999999,0.8660254037844387
2024-03-26 03:00:00,12362.302,11.4,0.7071067811865475,0.7071067811865476
2024-03-26 04:00:00,12644.865,10.3,0.8660254037844386,0.5000000000000001
2024-03-26 05:00:00,13262.367,8.4,0.9659258262890684,0.2588190451025207
2024-03-26 06:00:00,14268.337,8.1,1.0,6.123233995736766e-17
2024-03-26 07:00:00,15054.216,8.1,0.9659258262890684,-0.2588190451025206
2024-03-26 08:00:00,15160.047,8.4,0.8660254037844387,-0.4999999999999998
2024-03-26 09:00:00,15144.229,9.6,0.7071067811865476,-0.7071067811865475
2024-03-26 10:00:00,15226.43,9.9,0.4999999999999999,-0.8660254037844387
2024-03-26 11:00:00,15191.595,10.9,0.258819045102521,-0.9659258262890682
2024-03-26 12:00:00,15145.366999999998,11.7,1.2246467991473532e-16,-1.0
2024-03-26 13:00:00,15049.281,11.9,-0.2588190451025208,-0.9659258262890684
2024-03-26 14:00:00,14936.977,12.0,-0.4999999999999998,-0.8660254037844388
2024-03-26 15:00:00,14709.573,11.7,-0.7071067811865471,-0.7071067811865479
2024-03-26 16:00:00,14618.684,12.4,-0.8660254037844384,-0.5000000000000004
2024-03-26 17:00:00,14687.183,12.8,-0.9659258262890684,-0.2588190451025206
2024-03-26 18:00:00,14713.898,13.3,-1.0,-1.8369701987210294e-16
2024-03-26 19:00:00,14831.833,13.4,-0.9659258262890684,0.2588190451025203
2024-03-26 20:00:00,15080.443,12.7,-0.8660254037844386,0.5000000000000001
2024-03-26 21:00:00,14747.156,11.5,-0.7071067811865477,0.7071067811865474
2024-03-26 22:00:00,14086.908,11.4,-0.5000000000000004,0.8660254037844384
2024-03-26 23:00:00,13646.09,11.0,-0.2588190451025215,0.965925826289068
2024-03-27 00:00:00,13207.762,11.2,0.0,1.0
2024-03-27 01:00:00,12841.668,10.9,0.2588190451025207,0.9659258262890684
2024-03-27 02:00:00,12724.792,9.2,0.4999999999999999,0.8660254037844387
2024-03-27 03:00:00,12773.417,8.8,0.7071067811865475,0.7071067811865476
2024-03-27 04:00:00,12997.429,8.2,0.8660254037844386,0.5000000000000001
2024-03-27 05:00:00,13605.034,8.1,0.9659258262890684,0.2588190451025207
2024-03-27 06:00:00,14721.154,7.1,1.0,6.123233995736766e-17
2024-03-27 07:00:00,15421.873,5.6,0.9659258262890684,-0.2588190451025206
2024-03-27 08:00:00,15452.921,4.1,0.8660254037844387,-0.4999999999999998
2024-03-27 09:00:00,15351.395,4.8,0.7071067811865476,-0.7071067811865475
2024-03-27 10:00:00,15262.974,6.2,0.4999999999999999,-0.8660254037844387
2024-03-27 11:00:00,15010.214,7.6,0.258819045102521,-0.9659258262890682
2024-03-27 12:00:00,14879.297,9.1,1.2246467991473532e-16,-1.0
2024-03-27 13:00:00,14773.226,9.6,-0.2588190451025208,-0.9659258262890684
2024-03-27 14:00:00,14632.898,9.9,-0.4999999999999998,-0.8660254037844388
2024-03-27 15:00:00,14364.438,10.2,-0.7071067811865471,-0.7071067811865479
2024-03-27 16:00:00,14242.967,9.9,-0.8660254037844384,-0.5000000000000004
2024-03-27 17:00:00,14200.184,9.5,-0.9659258262890684,-0.2588190451025206
2024-03-27 18:00:00,14251.374,9.1,-1.0,-1.8369701987210294e-16
2024-03-27 19:00:00,14339.742,8.1,-0.9659258262890684,0.2588190451025203
2024-03-27 20:00:00,14734.493,5.5,-0.8660254037844386,0.5000000000000001
2024-03-27 21:00:00,14704.523,2.6,-0.7071067811865477,0.7071067811865474
2024-03-27 22:00:00,14221.599,2.2,-0.5000000000000004,0.8660254037844384
2024-03-27 23:00:00,13694.439,1.5,-0.2588190451025215,0.965925826289068
2024-03-28 00:00:00,13358.605,0.8,0.0,1.0
2024-03-28 01:00:00,13116.743,-0.3,0.2588190451025207,0.9659258262890684
2024-03-28 02:00:00,13126.222,-1.8,0.4999999999999999,0.8660254037844387
2024-03-28 03:00:00,13224.037,-2.2,0.7071067811865475,0.7071067811865476
2024-03-28 04:00:00,13617.79,-2.7,0.8660254037844386,0.5000000000000001
2024-03-28 05:00:00,14332.706,-1.2,0.9659258262890684,0.2588190451025207
2024-03-28 06:00:00,15507.079,-1.6,1.0,6.123233995736766e-17
2024-03-28 07:00:00,16206.808,-3.1,0.9659258262890684,-0.2588190451025206
2024-03-28 08:00:00,16023.841,-2.5,0.8660254037844387,-0.4999999999999998
2024-03-28 09:00:00,15562.388,1.0,0.7071067811865476,-0.7071067811865475
2024-03-28 10:00:00,15080.414,4.2,0.4999999999999999,-0.8660254037844387
2024-03-28 11:00:00,14697.078,6.1,0.258819045102521,-0.9659258262890682
2024-03-28 12:00:00,14468.412,7.4,1.2246467991473532e-16,-1.0
2024-03-28 13:00:00,14218.956,8.9,-0.2588190451025208,-0.9659258262890684
2024-03-28 14:00:00,13975.437,10.0,-0.4999999999999998,-0.8660254037844388
2024-03-28 15:00:00,13711.601,9.8,-0.7071067811865471,-0.7071067811865479
2024-03-28 16:00:00,13652.276,9.9,-0.8660254037844384,-0.5000000000000004
2024-03-28 17:00:00,13698.619,9.6,-0.9659258262890684,-0.2588190451025206
2024-03-28 18:00:00,13739.927,9.8,-1.0,-1.8369701987210294e-16
2024-03-28 19:00:00,14007.942,9.5,-0.9659258262890684,0.2588190451025203
2024-03-28 20:00:00,14557.226,7.0,-0.8660254037844386,0.5000000000000001
2024-03-28 21:00:00,14378.045,4.8,-0.7071067811865477,0.7071067811865474
2024-03-28 22:00:00,13904.33,6.3,-0.5000000000000004,0.8660254037844384
2024-03-28 23:00:00,13421.369,6.8,-0.2588190451025215,0.965925826289068
2024-03-29 00:00:00,13114.741999999998,5.4,0.0,1.0
2024-03-29 01:00:00,13006.254,3.8,0.2588190451025207,0.9659258262890684
2024-03-29 02:00:00,12831.865,4.2,0.4999999999999999,0.8660254037844387
2024-03-29 03:00:00,12946.764,4.0,0.7071067811865475,0.7071067811865476
2024-03-29 04:00:00,13235.249,4.0,0.8660254037844386,0.5000000000000001
2024-03-29 05:00:00,13692.955,3.9,0.9659258262890684,0.2588190451025207
2024-03-29 06:00:00,14288.642,3.3,1.0,6.123233995736766e-17
2024-03-29 07:00:00,14871.135,2.0,0.9659258262890684,-0.2588190451025206
2024-03-29 08:00:00,14801.426,2.9,0.8660254037844387,-0.4999999999999998
2024-03-29 09:00:00,14419.376,5.2,0.7071067811865476,-0.7071067811865475
2024-03-29 10:00:00,14043.415,6.7,0.4999999999999999,-0.8660254037844387
2024-03-29 11:00:00,13650.756,8.2,0.258819045102521,-0.9659258262890682
2024-03-29 12:00:00,13347.174,9.9,1.2246467991473532e-16,-1.0
2024-03-29 13:00:00,13129.705,11.3,-0.2588190451025208,-0.9659258262890684
2024-03-29 14:00:00,12873.797,12.4,-0.4999999999999998,-0.8660254037844388
2024-03-29 15:00:00,12671.525,13.3,-0.7071067811865471,-0.7071067811865479
2024-03-29 16:00:00,12606.526,14.1,-0.8660254037844384,-0.5000000000000004
2024-03-29 17:00:00,12587.315,14.4,-0.9659258262890684,-0.2588190451025206
2024-03-29 18:00:00,12586.236,14.1,-1.0,-1.8369701987210294e-16
2024-03-29 19:00:00,12745.589,12.9,-0.9659258262890684,0.2588190451025203
2024-03-29 20:00:00,13086.224,9.8,-0.8660254037844386,0.5000000000000001
2024-03-29 21:00:00,12941.754,9.1,-0.7071067811865477,0.7071067811865474
2024-03-29 22:00:00,12662.613,7.6,-0.5000000000000004,0.8660254037844384
2024-03-29 23:00:00,12267.056,6.9,-0.2588190451025215,0.965925826289068
2024-03-30 00:00:00,11890.013,7.9,0.0,1.0
2024-03-30 01:00:00,11703.215,5.8,0.2588190451025207,0.9659258262890684
2024-03-30 02:00:00,11687.816,6.4,0.4999999999999999,0.8660254037844387
2024-03-30 03:00:00,11746.635,5.7,0.7071067811865475,0.7071067811865476
2024-03-30 04:00:00,11786.831,4.4,0.8660254037844386,0.5000000000000001
2024-03-30 05:00:00,12050.575,5.6,0.9659258262890684,0.2588190451025207
2024-03-30 06:00:00,12456.394,6.4,1.0,6.123233995736766e-17
2024-03-30 07:00:00,12896.095,6.2,0.9659258262890684,-0.2588190451025206
2024-03-30 08:00:00,13143.168,6.7,0.8660254037844387,-0.4999999999999998
2024-03-30 09:00:00,13243.834,9.2,0.7071067811865476,-0.7071067811865475
2024-03-30 10:00:00,13217.345,8.1,0.4999999999999999,-0.8660254037844387
2024-03-30 11:00:00,12958.996,8.4,0.258819045102521,-0.9659258262890682
2024-03-30 12:00:00,12703.708,11.0,1.2246467991473532e-16,-1.0
2024-03-30 13:00:00,12514.513,15.4,-0.2588190451025208,-0.9659258262890684
2024-03-30 14:00:00,12323.906,18.6,-0.4999999999999998,-0.8660254037844388
2024-03-30 15:00:00,12234.793,20.6,-0.7071067811865471,-0.7071067811865479
2024-03-30 16:00:00,12260.604,19.8,-0.8660254037844384,-0.5000000000000004
2024-03-30 17:00:00,12300.366,20.8,-0.9659258262890684,-0.2588190451025206
2024-03-30 18:00:00,12383.451,19.3,-1.0,-1.8369701987210294e-16
2024-03-30 19:00:00,12438.529,19.0,-0.9659258262890684,0.2588190451025203
2024-03-30 20:00:00,12742.241,16.9,-0.8660254037844386,0.5000000000000001
2024-03-30 21:00:00,12534.827,13.4,-0.7071067811865477,0.7071067811865474
2024-03-30 22:00:00,12059.206,10.9,-0.5000000000000004,0.8660254037844384
2024-03-30 23:00:00,11584.007,9.9,-0.2588190451025215,0.965925826289068
2024-03-31 00:00:00,11097.26,8.7,0.0,1.0
2024-03-31 01:00:00,10828.081,7.6,0.2588190451025207,0.9659258262890684
2024-03-31 02:00:00,10716.945,6.2,0.4999999999999999,0.8660254037844387
2024-03-31 03:00:00,10715.46,5.7,0.7071067811865475,0.7071067811865476
2024-03-31 04:00:00,10724.433,5.4,0.8660254037844386,0.5000000000000001
2024-03-31 05:00:00,10906.904,5.3,0.9659258262890684,0.2588190451025207
2024-03-31 06:00:00,11258.38,5.8,1.0,6.123233995736766e-17
2024-03-31 07:00:00,11602.715,7.2,0.9659258262890684,-0.2588190451025206
2024-03-31 08:00:00,12085.961,7.8,0.8660254037844387,-0.4999999999999998
2024-03-31 09:00:00,12395.678,8.6,0.7071067811865476,-0.7071067811865475
2024-03-31 10:00:00,12471.883,10.4,0.4999999999999999,-0.8660254037844387
2024-03-31 11:00:00,12363.838,12.1,0.258819045102521,-0.9659258262890682
2024-03-31 12:00:00,12193.701,13.1,1.2246467991473532e-16,-1.0
2024-03-31 13:00:00,11999.879,14.6,-0.2588190451025208,-0.9659258262890684
2024-03-31 14:00:00,11788.043,16.5,-0.4999999999999998,-0.8660254037844388
2024-03-31 15:00:00,11623.115000000002,17.0,-0.7071067811865471,-0.7071067811865479
2024-03-31 16:00:00,11610.689,17.5,-0.8660254037844384,-0.5000000000000004
2024-03-31 17:00:00,11752.673,17.3,-0.9659258262890684,-0.2588190451025206
2024-03-31 18:00:00,12017.976,17.0,-1.0,-1.8369701987210294e-16
2024-03-31 19:00:00,12323.818,16.2,-0.9659258262890684,0.2588190451025203
2024-03-31 20:00:00,12654.354,13.4,-0.8660254037844386,0.5000000000000001
2024-03-31 21:00:00,12576.022,12.6,-0.7071067811865477,0.7071067811865474
2024-03-31 22:00:00,12217.903,12.5,-0.5000000000000004,0.8660254037844384
2024-03-31 23:00:00,11691.133,12.2,-0.2588190451025215,0.965925826289068
2024-04-01 00:00:00,11435.593,11.7,0.0,1.0
2024-04-01 01:00:00,11257.75,12.4,0.2588190451025207,0.9659258262890684
2024-04-01 02:00:00,11245.4,12.1,0.4999999999999999,0.8660254037844387
2024-04-01 03:00:00,11253.375,12.1,0.7071067811865475,0.7071067811865476
2024-04-01 04:00:00,11483.981,12.2,0.8660254037844386,0.5000000000000001
2024-04-01 05:00:00,12103.373,11.4,0.9659258262890684,0.2588190451025207
2024-04-01 06:00:00,12979.498,11.9,1.0,6.123233995736766e-17
2024-04-01 07:00:00,13524.982,10.8,0.9659258262890684,-0.2588190451025206
2024-04-01 08:00:00,13797.738,10.1,0.8660254037844387,-0.4999999999999998
2024-04-01 09:00:00,14011.219,10.3,0.7071067811865476,-0.7071067811865475
2024-04-01 10:00:00,14132.888,11.2,0.4999999999999999,-0.8660254037844387
2024-04-01 11:00:00,14127.299,13.8,0.258819045102521,-0.9659258262890682
2024-04-01 12:00:00,14125.697,16.0,1.2246467991473532e-16,-1.0
2024-04-01 13:00:00,14036.907,17.3,-0.2588190451025208,-0.9659258262890684
2024-04-01 14:00:00,14042.53,18.6,-0.4999999999999998,-0.8660254037844388
2024-04-01 15:00:00,13926.868,19.7,-0.7071067811865471,-0.7071067811865479
2024-04-01 16:00:00,13973.767,19.5,-0.8660254037844384,-0.5000000000000004
2024-04-01 17:00:00,14119.46,19.5,-0.9659258262890684,-0.2588190451025206
2024-04-01 18:00:00,14138.829,19.4,-1.0,-1.8369701987210294e-16
2024-04-01 19:00:00,14295.244,18.0,-0.9659258262890684,0.2588190451025203
2024-04-01 20:00:00,14440.106,16.5,-0.8660254037844386,0.5000000000000001
2024-04-01 21:00:00,14026.9,14.1,-0.7071067811865477,0.7071067811865474
2024-04-01 22:00:00,13377.262,13.7,-0.5000000000000004,0.8660254037844384
2024-04-01 23:00:00,12713.14,13.1,-0.2588190451025215,0.965925826289068
2024-04-02 00:00:00,12237.054,13.1,0.0,1.0
2024-04-02 01:00:00,11906.875,13.3,0.2588190451025207,0.9659258262890684
2024-04-02 02:00:00,11759.13,14.0,0.4999999999999999,0.8660254037844387
2024-04-02 03:00:00,11758.853,13.4,0.7071067811865475,0.7071067811865476
2024-04-02 04:00:00,11920.979,13.8,0.8660254037844386,0.5000000000000001
2024-04-02 05:00:00,12468.899,13.7,0.9659258262890684,0.2588190451025207
2024-04-02 06:00:00,13387.211,13.9,1.0,6.123233995736766e-17
2024-04-02 07:00:00,14015.31,14.1,0.9659258262890684,-0.2588190451025206
2024-04-02 08:00:00,14177.106,15.0,0.8660254037844387,-0.4999999999999998
2024-04-02 09:00:00,14277.662,13.9,0.7071067811865476,-0.7071067811865475
2024-04-02 10:00:00,14259.975,14.0,0.4999999999999999,-0.8660254037844387
2024-04-02 11:00:00,13914.854,14.6,0.258819045102521,-0.9659258262890682
2024-04-02 12:00:00,13988.303,17.4,1.2246467991473532e-16,-1.0
2024-04-02 13:00:00,14169.597000000002,20.6,-0.2588190451025208,-0.9659258262890684
2024-04-02 14:00:00,14120.462,22.8,-0.4999999999999998,-0.8660254037844388
2024-04-02 15:00:00,14188.524,23.0,-0.7071067811865471,-0.7071067811865479
2024-04-02 16:00:00,14056.961,19.6,-0.8660254037844384,-0.5000000000000004
2024-04-02 17:00:00,14134.058,20.1,-0.9659258262890684,-0.2588190451025206
2024-04-02 18:00:00,14102.842,16.6,-1.0,-1.8369701987210294e-16
2024-04-02 19:00:00,14204.446,18.2,-0.9659258262890684,0.2588190451025203
2024-04-02 20:00:00,14150.295,18.0,-0.8660254037844386,0.5000000000000001
2024-04-02 21:00:00,13779.517,17.1,-0.7071067811865477,0.7071067811865474
2024-04-02 22:00:00,13216.507,16.6,-0.5000000000000004,0.8660254037844384
2024-04-02 23:00:00,12676.420999999998,16.8,-0.2588190451025215,0.965925826289068
2024-04-03 00:00:00,12180.454,16.4,0.0,1.0
2024-04-03 01:00:00,11885.114,12.9,0.2588190451025207,0.9659258262890684
2024-04-03 02:00:00,11706.72,10.1,0.4999999999999999,0.8660254037844387
2024-04-03 03:00:00,11778.406,8.2,0.7071067811865475,0.7071067811865476
2024-04-03 04:00:00,11945.598,7.1,0.8660254037844386,0.5000000000000001
2024-04-03 05:00:00,12488.505,6.2,0.9659258262890684,0.2588190451025207
2024-04-03 06:00:00,13428.791,5.6,1.0,6.123233995736766e-17
2024-04-03 07:00:00,14109.237,5.3,0.9659258262890684,-0.2588190451025206
2024-04-03 08:00:00,14431.617,5.8,0.8660254037844387,-0.4999999999999998
2024-04-03 09:00:00,14603.583,5.6,0.7071067811865476,-0.7071067811865475
2024-04-03 10:00:00,14732.056,6.4,0.4999999999999999,-0.8660254037844387
2024-04-03 11:00:00,14649.129,8.0,0.258819045102521,-0.9659258262890682
2024-04-03 12:00:00,14630.739,8.3,1.2246467991473532e-16,-1.0
2024-04-03 13:00:00,14607.931,7.7,-0.2588190451025208,-0.9659258262890684
2024-04-03 14:00:00,14484.163,9.6,-0.4999999999999998,-0.8660254037844388
2024-04-03 15:00:00,14146.99,10.9,-0.7071067811865471,-0.7071067811865479
2024-04-03 16:00:00,14171.71,10.1,-0.8660254037844384,-0.5000000000000004
2024-04-03 17:00:00,14272.443,7.8,-0.9659258262890684,-0.2588190451025206
2024-04-03 18:00:00,14434.324,8.6,-1.0,-1.8369701987210294e-16
2024-04-03 19:00:00,14821.198,7.8,-0.9659258262890684,0.2588190451025203
2024-04-03 20:00:00,15204.446,6.1,-0.8660254037844386,0.5000000000000001
2024-04-03 21:00:00,14931.432,4.8,-0.7071067811865477,0.7071067811865474
2024-04-03 22:00:00,14462.68,3.8,-0.5000000000000004,0.8660254037844384
2024-04-03 23:00:00,13904.901,3.4,-0.2588190451025215,0.965925826289068
2024-04-04 00:00:00,13562.026,3.0,0.0,1.0
2024-04-04 01:00:00,13392.916,2.9,0.2588190451025207,0.9659258262890684
2024-04-04 02:00:00,13363.796,2.4,0.4999999999999999,0.8660254037844387
2024-04-04 03:00:00,13339.811,2.7,0.7071067811865475,0.7071067811865476
2024-04-04 04:00:00,13622.691,2.4,0.8660254037844386,0.5000000000000001
2024-04-04 05:00:00,14293.827,1.9,0.9659258262890684,0.2588190451025207
2024-04-04 06:00:00,15333.79,2.0,1.0,6.123233995736766e-17
2024-04-04 07:00:00,16020.443,1.9,0.9659258262890684,-0.2588190451025206
2024-04-04 08:00:00,16148.463,2.2,0.8660254037844387,-0.4999999999999998
2024-04-04 09:00:00,16125.759999999998,2.9,0.7071067811865476,-0.7071067811865475
2024-04-04 10:00:00,16049.194,3.7,0.4999999999999999,-0.8660254037844387
2024-04-04 11:00:00,15841.03,4.9,0.258819045102521,-0.9659258262890682
2024-04-04 12:00:00,15619.53,6.2,1.2246467991473532e-16,-1.0
2024-04-04 13:00:00,15416.551,6.1,-0.2588190451025208,-0.9659258262890684
2024-04-04 14:00:00,15103.63,7.1,-0.4999999999999998,-0.8660254037844388
2024-04-04 15:00:00,14918.349,7.9,-0.7071067811865471,-0.7071067811865479
2024-04-04 16:00:00,14939.28,7.5,-0.8660254037844384,-0.5000000000000004
2024-04-04 17:00:00,14979.299,8.1,-0.9659258262890684,-0.2588190451025206
2024-04-04 18:00:00,15077.942,6.4,-1.0,-1.8369701987210294e-16
2024-04-04 19:00:00,15451.949,5.9,-0.9659258262890684,0.2588190451025203
2024-04-04 20:00:00,15705.388,5.1,-0.8660254037844386,0.5000000000000001
2024-04-04 21:00:00,15412.592,4.2,-0.7071067811865477,0.7071067811865474
2024-04-04 22:00:00,14863.369,3.2,-0.5000000000000004,0.8660254037844384
2024-04-04 23:00:00,14442.934,3.2,-0.2588190451025215,0.965925826289068
2024-04-05 00:00:00,13986.791,3.4,0.0,1.0
2024-04-05 01:00:00,13739.057,2.8,0.2588190451025207,0.9659258262890684
2024-04-05 02:00:00,13566.427,3.7,0.4999999999999999,0.8660254037844387
2024-04-05 03:00:00,13591.459,4.1,0.7071067811865475,0.7071067811865476
2024-04-05 04:00:00,13854.139,4.0,0.8660254037844386,0.5000000000000001
2024-04-05 05:00:00,14477.291,4.2,0.9659258262890684,0.2588190451025207
2024-04-05 06:00:00,15454.03,4.1,1.0,6.123233995736766e-17
2024-04-05 07:00:00,15992.832,3.7,0.9659258262890684,-0.2588190451025206
2024-04-05 08:00:00,16010.946,3.3,0.8660254037844387,-0.4999999999999998
2024-04-05 09:00:00,15883.005,3.7,0.7071067811865476,-0.7071067811865475
2024-04-05 10:00:00,15956.892,4.2,0.4999999999999999,-0.8660254037844387
2024-04-05 11:00:00,15753.94,4.8,0.258819045102521,-0.9659258262890682
2024-04-05 12:00:00,15559.357,6.1,1.2246467991473532e-16,-1.0
2024-04-05 13:00:00,15374.9,6.1,-0.2588190451025208,-0.9659258262890684
2024-04-05 14:00:00,15128.526,5.8,-0.4999999999999998,-0.8660254037844388
2024-04-05 15:00:00,14901.044,6.3,-0.7071067811865471,-0.7071067811865479
2024-04-05 16:00:00,14806.173,6.8,-0.8660254037844384,-0.5000000000000004
2024-04-05 17:00:00,14783.802,6.6,-0.9659258262890684,-0.2588190451025206
2024-04-05 18:00:00,14831.983,6.9,-1.0,-1.8369701987210294e-16
2024-04-05 19:00:00,15034.623,6.4,-0.9659258262890684,0.2588190451025203
2024-04-05 20:00:00,15285.986,5.7,-0.8660254037844386,0.5000000000000001
2024-04-05 21:00:00,15142.595,3.0,-0.7071067811865477,0.7071067811865474
2024-04-05 22:00:00,14640.317,1.7,-0.5000000000000004,0.8660254037844384
2024-04-05 23:00:00,14278.881,1.5,-0.2588190451025215,0.965925826289068
2024-04-06 00:00:00,13906.735,1.3,0.0,1.0
2024-04-06 01:00:00,13725.058,1.4,0.2588190451025207,0.9659258262890684
2024-04-06 02:00:00,13611.366,1.6,0.4999999999999999,0.8660254037844387
2024-04-06 03:00:00,13636.684,1.5,0.7071067811865475,0.7071067811865476
2024-04-06 04:00:00,13722.775,1.5,0.8660254037844386,0.5000000000000001
2024-04-06 05:00:00,14001.688,0.9,0.9659258262890684,0.2588190451025207
2024-04-06 06:00:00,14446.958,0.4,1.0,6.123233995736766e-17
2024-04-06 07:00:00,14561.926,-0.1,0.9659258262890684,-0.2588190451025206
2024-04-06 08:00:00,14856.31,1.0,0.8660254037844387,-0.4999999999999998
2024-04-06 09:00:00,14474.17,4.0,0.7071067811865476,-0.7071067811865475
2024-04-06 10:00:00,14169.672,6.4,0.4999999999999999,-0.8660254037844387
2024-04-06 11:00:00,13913.523,8.5,0.258819045102521,-0.9659258262890682
2024-04-06 12:00:00,13535.306,10.1,1.2246467991473532e-16,-1.0
2024-04-06 13:00:00,13379.564,11.2,-0.2588190451025208,-0.9659258262890684
2024-04-06 14:00:00,13162.109,10.9,-0.4999999999999998,-0.8660254037844388
2024-04-06 15:00:00,13023.743,11.1,-0.7071067811865471,-0.7071067811865479
2024-04-06 16:00:00,12923.213,10.9,-0.8660254037844384,-0.5000000000000004
2024-04-06 17:00:00,13043.849,10.9,-0.9659258262890684,-0.2588190451025206
2024-04-06 18:00:00,13147.552,10.6,-1.0,-1.8369701987210294e-16
2024-04-06 19:00:00,13328.896,10.0,-0.9659258262890684,0.2588190451025203
2024-04-06 20:00:00,13834.925,7.4,-0.8660254037844386,0.5000000000000001
2024-04-06 21:00:00,13748.266,6.4,-0.7071067811865477,0.7071067811865474
2024-04-06 22:00:00,13594.74,3.9,-0.5000000000000004,0.8660254037844384
2024-04-06 23:00:00,13272.578,2.8,-0.2588190451025215,0.965925826289068
2024-04-07 00:00:00,13031.338,2.2,0.0,1.0
2024-04-07 01:00:00,13037.425,2.2,0.2588190451025207,0.9659258262890684
2024-04-07 02:00:00,13019.606,1.8,0.4999999999999999,0.8660254037844387
2024-04-07 03:00:00,13163.023,2.2,0.7071067811865475,0.7071067811865476
2024-04-07 04:00:00,13477.815,0.8,0.8660254037844386,0.5000000000000001
2024-04-07 05:00:00,13734.222,-1.3,0.9659258262890684,0.2588190451025207
2024-04-07 06:00:00,14167.711,-1.5,1.0,6.123233995736766e-17
2024-04-07 07:00:00,14419.961,-1.5,0.9659258262890684,-0.2588190451025206
2024-04-07 08:00:00,14425.099,0.9,0.8660254037844387,-0.4999999999999998
2024-04-07 09:00:00,13908.012,4.2,0.7071067811865476,-0.7071067811865475
2024-04-07 10:00:00,13274.746,7.7,0.4999999999999999,-0.8660254037844387
2024-04-07 11:00:00,12946.058,10.4,0.258819045102521,-0.9659258262890682
2024-04-07 12:00:00,12661.405,12.0,1.2246467991473532e-16,-1.0
2024-04-07 13:00:00,12390.027999999998,13.2,-0.2588190451025208,-0.9659258262890684
2024-04-07 14:00:00,12334.801,14.1,-0.4999999999999998,-0.8660254037844388
2024-04-07 15:00:00,12244.528,14.7,-0.7071067811865471,-0.7071067811865479
2024-04-07 16:00:00,12314.351,15.2,-0.8660254037844384,-0.5000000000000004
2024-04-07 17:00:00,12472.925,15.6,-0.9659258262890684,-0.2588190451025206
2024-04-07 18:00:00,12761.459,15.4,-1.0,-1.8369701987210294e-16
2024-04-07 19:00:00,12971.348,14.1,-0.9659258262890684,0.2588190451025203
2024-04-07 20:00:00,13349.534,11.5,-0.8660254037844386,0.5000000000000001
2024-04-07 21:00:00,13053.958,11.0,-0.7071067811865477,0.7071067811865474
2024-04-07 22:00:00,12682.571,10.4,-0.5000000000000004,0.8660254037844384
2024-04-07 23:00:00,12268.829000000002,10.0,-0.2588190451025215,0.965925826289068
2024-04-08 00:00:00,11937.344,9.5,0.0,1.0
2024-04-08 01:00:00,11802.408,8.0,0.2588190451025207,0.9659258262890684
2024-04-08 02:00:00,11782.48,8.5,0.4999999999999999,0.8660254037844387
2024-04-08 03:00:00,11826.782,8.3,0.7071067811865475,0.7071067811865476
2024-04-08 04:00:00,12123.561000000002,8.7,0.8660254037844386,0.5000000000000001
2024-04-08 05:00:00,12776.164,8.0,0.9659258262890684,0.2588190451025207
2024-04-08 06:00:00,13752.576,7.4,1.0,6.123233995736766e-17
2024-04-08 07:00:00,14232.704000000002,6.9,0.9659258262890684,-0.2588190451025206
2024-04-08 08:00:00,14291.535,8.0,0.8660254037844387,-0.4999999999999998
2024-04-08 09:00:00,14109.515,11.4,0.7071067811865476,-0.7071067811865475
2024-04-08 10:00:00,13977.99,13.9,0.4999999999999999,-0.8660254037844387
2024-04-08 11:00:00,13858.908,16.5,0.258819045102521,-0.9659258262890682
2024-04-08 12:00:00,13702.568,18.8,1.2246467991473532e-16,-1.0
2024-04-08 13:00:00,13632.033,20.7,-0.2588190451025208,-0.9659258262890684
2024-04-08 14:00:00,13542.139,22.2,-0.4999999999999998,-0.8660254037844388
2024-04-08 15:00:00,13330.633,22.6,-0.7071067811865471,-0.7071067811865479
2024-04-08 16:00:00,13483.911,22.8,-0.8660254037844384,-0.5000000000000004
2024-04-08 17:00:00,13550.472,22.9,-0.9659258262890684,-0.2588190451025206
2024-04-08 18:00:00,13694.753,22.5,-1.0,-1.8369701987210294e-16
2024-04-08 19:00:00,13934.79,20.5,-0.9659258262890684,0.2588190451025203
2024-04-08 20:00:00,14302.898,16.8,-0.8660254037844386,0.5000000000000001
2024-04-08 21:00:00,14008.345,14.6,-0.7071067811865477,0.7071067811865474
2024-04-08 22:00:00,13278.592,13.4,-0.5000000000000004,0.8660254037844384
2024-04-08 23:00:00,12511.639,12.9,-0.2588190451025215,0.965925826289068
2024-04-09 00:00:00,12029.656,12.6,0.0,1.0
2024-04-09 01:00:00,11718.31,12.1,0.2588190451025207,0.9659258262890684
2024-04-09 02:00:00,11555.849,12.2,0.4999999999999999,0.8660254037844387
2024-04-09 03:00:00,11565.555,12.1,0.7071067811865475,0.7071067811865476
2024-04-09 04:00:00,11779.028,11.8,0.8660254037844386,0.5000000000000001
2024-04-09 05:00:00,12391.019,10.4,0.9659258262890684,0.2588190451025207
2024-04-09 06:00:00,13426.265,11.1,1.0,6.123233995736766e-17
2024-04-09 07:00:00,13891.465,10.9,0.9659258262890684,-0.2588190451025206
2024-04-09 08:00:00,14014.497,12.1,0.8660254037844387,-0.4999999999999998
2024-04-09 09:00:00,14054.749,14.9,0.7071067811865476,-0.7071067811865475
2024-04-09 10:00:00,14042.998,17.1,0.4999999999999999,-0.8660254037844387
2024-04-09 11:00:00,14059.852,19.2,0.258819045102521,-0.9659258262890682
2024-04-09 12:00:00,14124.802,19.6,1.2246467991473532e-16,-1.0
2024-04-09 13:00:00,14095.654,20.8,-0.2588190451025208,-0.9659258262890684
2024-04-09 14:00:00,13922.488,21.6,-0.4999999999999998,-0.8660254037844388
2024-04-09 15:00:00,13802.912,19.5,-0.7071067811865471,-0.7071067811865479
2024-04-09 16:00:00,13699.305,20.1,-0.8660254037844384,-0.5000000000000004
2024-04-09 17:00:00,13814.063,20.0,-0.9659258262890684,-0.2588190451025206
2024-04-09 18:00:00,14015.931,18.8,-1.0,-1.8369701987210294e-16
2024-04-09 19:00:00,14096.714,18.4,-0.9659258262890684,0.2588190451025203
2024-04-09 20:00:00,14294.326,16.9,-0.8660254037844386,0.5000000000000001
2024-04-09 21:00:00,13978.162,14.8,-0.7071067811865477,0.7071067811865474
2024-04-09 22:00:00,13257.337,14.2,-0.5000000000000004,0.8660254037844384
2024-04-09 23:00:00,12614.135,13.9,-0.2588190451025215,0.965925826289068
2024-04-10 00:00:00,12056.433,14.0,0.0,1.0
2024-04-10 01:00:00,11772.701,13.9,0.2588190451025207,0.9659258262890684
2024-04-10 02:00:00,11592.575,13.6,0.4999999999999999,0.8660254037844387
2024-04-10 03:00:00,11596.585,13.4,0.7071067811865475,0.7071067811865476
2024-04-10 04:00:00,11770.224,13.1,0.8660254037844386,0.5000000000000001
2024-04-10 05:00:00,12313.896,12.9,0.9659258262890684,0.2588190451025207
2024-04-10 06:00:00,13405.12,12.9,1.0,6.123233995736766e-17
2024-04-10 07:00:00,13909.255,12.9,0.9659258262890684,-0.2588190451025206
2024-04-10 08:00:00,14022.87,12.9,0.8660254037844387,-0.4999999999999998
2024-04-10 09:00:00,14116.324,14.1,0.7071067811865476,-0.7071067811865475
2024-04-10 10:00:00,14124.255,15.2,0.4999999999999999,-0.8660254037844387
2024-04-10 11:00:00,14021.237,15.7,0.258819045102521,-0.9659258262890682
2024-04-10 12:00:00,14059.18,17.2,1.2246467991473532e-16,-1.0
2024-04-10 13:00:00,14080.67,17.0,-0.2588190451025208,-0.9659258262890684
2024-04-10 14:00:00,13852.536,17.5,-0.4999999999999998,-0.8660254037844388
2024-04-10 15:00:00,13736.018,18.0,-0.7071067811865471,-0.7071067811865479
2024-04-10 16:00:00,13768.616,17.7,-0.8660254037844384,-0.5000000000000004
2024-04-10 17:00:00,13853.178,17.2,-0.9659258262890684,-0.2588190451025206
2024-04-10 18:00:00,13970.365000000002,16.5,-1.0,-1.8369701987210294e-16
2024-04-10 19:00:00,14072.16,15.9,-0.9659258262890684,0.2588190451025203
2024-04-10 20:00:00,14289.375,15.6,-0.8660254037844386,0.5000000000000001
2024-04-10 21:00:00,14024.845,15.1,-0.7071067811865477,0.7071067811865474
2024-04-10 22:00:00,13398.484,14.9,-0.5000000000000004,0.8660254037844384
2024-04-10 23:00:00,12685.928,14.8,-0.2588190451025215,0.965925826289068
2024-04-11 00:00:00,12202.424,14.6,0.0,1.0
2024-04-11 01:00:00,11815.164,14.4,0.2588190451025207,0.9659258262890684
2024-04-11 02:00:00,11671.764,14.4,0.4999999999999999,0.8660254037844387
2024-04-11 03:00:00,11716.915,14.1,0.7071067811865475,0.7071067811865476
2024-04-11 04:00:00,11863.207,14.4,0.8660254037844386,0.5000000000000001
2024-04-11 05:00:00,12473.638,14.4,0.9659258262890684,0.2588190451025207
2024-04-11 06:00:00,13467.995,14.6,1.0,6.123233995736766e-17
2024-04-11 07:00:00,13999.849,14.9,0.9659258262890684,-0.2588190451025206
2024-04-11 08:00:00,14146.499,15.1,0.8660254037844387,-0.4999999999999998
2024-04-11 09:00:00,14341.02,15.5,0.7071067811865476,-0.7071067811865475
2024-04-11 10:00:00,14490.908,16.6,0.4999999999999999,-0.8660254037844387
2024-04-11 11:00:00,14570.301,17.1,0.258819045102521,-0.9659258262890682
2024-04-11 12:00:00,14670.319,17.0,1.2246467991473532e-16,-1.0
2024-04-11 13:00:00,14573.096,16.8,-0.2588190451025208,-0.9659258262890684
2024-04-11 14:00:00,14351.679,19.3,-0.4999999999999998,-0.8660254037844388
2024-04-11 15:00:00,14285.7,20.5,-0.7071067811865471,-0.7071067811865479
2024-04-11 16:00:00,14398.038,21.1,-0.8660254037844384,-0.5000000000000004
2024-04-11 17:00:00,14408.068,21.5,-0.9659258262890684,-0.2588190451025206
2024-04-11 18:00:00,14368.008,17.8,-1.0,-1.8369701987210294e-16
2024-04-11 19:00:00,14396.925,17.0,-0.9659258262890684,0.2588190451025203
2024-04-11 20:00:00,14507.785,16.0,-0.8660254037844386,0.5000000000000001
2024-04-11 21:00:00,14039.491,14.6,-0.7071067811865477,0.7071067811865474
2024-04-11 22:00:00,13419.898,14.5,-0.5000000000000004,0.8660254037844384
2024-04-11 23:00:00,12760.284,12.3,-0.2588190451025215,0.965925826289068
2024-04-12 00:00:00,12341.303,10.7,0.0,1.0
2024-04-12 01:00:00,12045.221,10.1,0.2588190451025207,0.9659258262890684
2024-04-12 02:00:00,11886.281,9.4,0.4999999999999999,0.8660254037844387
2024-04-12 03:00:00,11901.678,8.9,0.7071067811865475,0.7071067811865476
2024-04-12 04:00:00,12083.571,8.6,0.8660254037844386,0.5000000000000001
2024-04-12 05:00:00,12652.933,8.6,0.9659258262890684,0.2588190451025207
2024-04-12 06:00:00,13666.383,8.5,1.0,6.123233995736766e-17
2024-04-12 07:00:00,14293.796,8.8,0.9659258262890684,-0.2588190451025206
2024-04-12 08:00:00,14522.808,8.9,0.8660254037844387,-0.4999999999999998
2024-04-12 09:00:00,14620.353,9.1,0.7071067811865476,-0.7071067811865475
2024-04-12 10:00:00,14702.863,10.2,0.4999999999999999,-0.8660254037844387
2024-04-12 11:00:00,14645.22,10.1,0.258819045102521,-0.9659258262890682
2024-04-12 12:00:00,14599.419,9.9,1.2246467991473532e-16,-1.0
2024-04-12 13:00:00,14389.81,12.0,-0.2588190451025208,-0.9659258262890684
2024-04-12 14:00:00,14181.872,11.9,-0.4999999999999998,-0.8660254037844388
2024-04-12 15:00:00,14003.128,12.7,-0.7071067811865471,-0.7071067811865479
2024-04-12 16:00:00,13973.316,13.9,-0.8660254037844384,-0.5000000000000004
2024-04-12 17:00:00,14018.405,13.1,-0.9659258262890684,-0.2588190451025206
2024-04-12 18:00:00,14071.5,13.5,-1.0,-1.8369701987210294e-16
2024-04-12 19:00:00,14146.786,13.2,-0.9659258262890684,0.2588190451025203
2024-04-12 20:00:00,14324.803,12.2,-0.8660254037844386,0.5000000000000001
2024-04-12 21:00:00,14129.556,11.8,-0.7071067811865477,0.7071067811865474
2024-04-12 22:00:00,13593.449,11.1,-0.5000000000000004,0.8660254037844384
2024-04-12 23:00:00,12944.154,10.4,-0.2588190451025215,0.965925826289068
2024-04-13 00:00:00,12495.081,9.6,0.0,1.0
2024-04-13 01:00:00,12271.093,8.9,0.2588190451025207,0.9659258262890684
2024-04-13 02:00:00,12174.982,8.6,0.4999999999999999,0.8660254037844387
2024-04-13 03:00:00,12134.208,8.3,0.7071067811865475,0.7071067811865476
2024-04-13 04:00:00,12195.67,7.8,0.8660254037844386,0.5000000000000001
2024-04-13 05:00:00,12458.758,7.4,0.9659258262890684,0.2588190451025207
2024-04-13 06:00:00,12892.295,7.1,1.0,6.123233995736766e-17
2024-04-13 07:00:00,13081.491,6.8,0.9659258262890684,-0.2588190451025206
2024-04-13 08:00:00,13354.858,7.2,0.8660254037844387,-0.4999999999999998
2024-04-13 09:00:00,13188.316,8.7,0.7071067811865476,-0.7071067811865475
2024-04-13 10:00:00,13089.879,10.4,0.4999999999999999,-0.8660254037844387
2024-04-13 11:00:00,12823.67,12.1,0.258819045102521,-0.9659258262890682
2024-04-13 12:00:00,12635.513,13.4,1.2246467991473532e-16,-1.0
2024-04-13 13:00:00,12446.598,14.4,-0.2588190451025208,-0.9659258262890684
2024-04-13 14:00:00,12282.427,15.3,-0.4999999999999998,-0.8660254037844388
2024-04-13 15:00:00,12118.453,15.9,-0.7071067811865471,-0.7071067811865479
2024-04-13 16:00:00,12138.506,16.4,-0.8660254037844384,-0.5000000000000004
2024-04-13 17:00:00,12146.131,16.6,-0.9659258262890684,-0.2588190451025206
2024-04-13 18:00:00,12285.176,16.5,-1.0,-1.8369701987210294e-16
2024-04-13 19:00:00,12378.277,15.7,-0.9659258262890684,0.2588190451025203
2024-04-13 20:00:00,12747.997,13.6,-0.8660254037844386,0.5000000000000001
2024-04-13 21:00:00,12720.361,11.4,-0.7071067811865477,0.7071067811865474
2024-04-13 22:00:00,12254.663,10.2,-0.5000000000000004,0.8660254037844384
2024-04-13 23:00:00,11905.545,9.4,-0.2588190451025215,0.965925826289068
2024-04-14 00:00:00,11582.875,8.4,0.0,1.0
2024-04-14 01:00:00,11351.905,7.7,0.2588190451025207,0.9659258262890684
2024-04-14 02:00:00,11347.995,7.6,0.4999999999999999,0.8660254037844387
2024-04-14 03:00:00,11379.116999999998,7.3,0.7071067811865475,0.7071067811865476
2024-04-14 04:00:00,11460.132,7.4,0.8660254037844386,0.5000000000000001
2024-04-14 05:00:00,11675.09,7.9,0.9659258262890684,0.2588190451025207
2024-04-14 06:00:00,11979.242,8.9,1.0,6.123233995736766e-17
2024-04-14 07:00:00,12208.188999999998,9.6,0.9659258262890684,-0.2588190451025206
2024-04-14 08:00:00,12396.954,11.6,0.8660254037844387,-0.4999999999999998
2024-04-14 09:00:00,12334.091,16.6,0.7071067811865476,-0.7071067811865475
2024-04-14 10:00:00,12270.529,18.8,0.4999999999999999,-0.8660254037844387
2024-04-14 11:00:00,12134.96,19.9,0.258819045102521,-0.9659258262890682
2024-04-14 12:00:00,12161.315,22.2,1.2246467991473532e-16,-1.0
2024-04-14 13:00:00,12206.299,23.6,-0.2588190451025208,-0.9659258262890684
2024-04-14 14:00:00,12348.342,24.4,-0.4999999999999998,-0.8660254037844388
2024-04-14 15:00:00,12542.848,24.4,-0.7071067811865471,-0.7071067811865479
2024-04-14 16:00:00,12785.696,25.5,-0.8660254037844384,-0.5000000000000004
2024-04-14 17:00:00,13125.801,25.3,-0.9659258262890684,-0.2588190451025206
2024-04-14 18:00:00,13408.287,24.5,-1.0,-1.8369701987210294e-16
2024-04-14 19:00:00,13502.191,23.4,-0.9659258262890684,0.2588190451025203
2024-04-14 20:00:00,13799.442,21.0,-0.8660254037844386,0.5000000000000001
2024-04-14 21:00:00,13659.163,19.2,-0.7071067811865477,0.7071067811865474
2024-04-14 22:00:00,12904.327,18.0,-0.5000000000000004,0.8660254037844384
2024-04-14 23:00:00,12183.14,17.8,-0.2588190451025215,0.965925826289068
2024-04-15 00:00:00,11699.552,17.5,0.0,1.0
2024-04-15 01:00:00,11348.011,15.9,0.2588190451025207,0.9659258262890684
2024-04-15 02:00:00,11145.49,15.8,0.4999999999999999,0.8660254037844387
2024-04-15 03:00:00,11056.928,13.2,0.7071067811865475,0.7071067811865476
2024-04-15 04:00:00,11261.867,12.0,0.8660254037844386,0.5000000000000001
2024-04-15 05:00:00,11862.275,11.4,0.9659258262890684,0.2588190451025207
2024-04-15 06:00:00,12878.612,11.4,1.0,6.123233995736766e-17
2024-04-15 07:00:00,13378.744,11.4,0.9659258262890684,-0.2588190451025206
2024-04-15 08:00:00,13630.547,13.1,0.8660254037844387,-0.4999999999999998
2024-04-15 09:00:00,13721.15,18.1,0.7071067811865476,-0.7071067811865475
2024-04-15 10:00:00,13969.607,19.7,0.4999999999999999,-0.8660254037844387
2024-04-15 11:00:00,14129.674,20.5,0.258819045102521,-0.9659258262890682
2024-04-15 12:00:00,14312.754,21.5,1.2246467991473532e-16,-1.0
2024-04-15 13:00:00,14645.621,22.7,-0.2588190451025208,-0.9659258262890684
2024-04-15 14:00:00,14758.299,23.6,-0.4999999999999998,-0.8660254037844388
2024-04-15 15:00:00,14861.181,23.9,-0.7071067811865471,-0.7071067811865479
2024-04-15 16:00:00,15186.151,23.9,-0.8660254037844384,-0.5000000000000004
2024-04-15 17:00:00,15303.487,23.4,-0.9659258262890684,-0.2588190451025206
2024-04-15 18:00:00,15370.217,22.8,-1.0,-1.8369701987210294e-16
2024-04-15 19:00:00,15293.534,21.1,-0.9659258262890684,0.2588190451025203
2024-04-15 20:00:00,15359.054,18.0,-0.8660254037844386,0.5000000000000001
2024-04-15 21:00:00,14881.877,16.6,-0.7071067811865477,0.7071067811865474
2024-04-15 22:00:00,13874.334,15.0,-0.5000000000000004,0.8660254037844384
2024-04-15 23:00:00,12882.507,14.1,-0.2588190451025215,0.965925826289068
2024-04-16 00:00:00,12156.721,12.1,0.0,1.0
2024-04-16 01:00:00,11705.827,11.6,0.2588190451025207,0.9659258262890684
2024-04-16 02:00:00,11413.634,11.0,0.4999999999999999,0.8660254037844387
2024-04-16 03:00:00,11339.481,10.6,0.7071067811865475,0.7071067811865476
2024-04-16 04:00:00,11544.823,10.0,0.8660254037844386,0.5000000000000001
2024-04-16 05:00:00,12030.793,9.2,0.9659258262890684,0.2588190451025207
2024-04-16 06:00:00,12957.566,8.8,1.0,6.123233995736766e-17
2024-04-16 07:00:00,13523.05,8.3,0.9659258262890684,-0.2588190451025206
2024-04-16 08:00:00,13659.964,10.1,0.8660254037844387,-0.4999999999999998
2024-04-16 09:00:00,13666.794,13.9,0.7071067811865476,-0.7071067811865475
2024-04-16 10:00:00,13844.531,17.3,0.4999999999999999,-0.8660254037844387
2024-04-16 11:00:00,13958.372,20.7,0.258819045102521,-0.9659258262890682
2024-04-16 12:00:00,14238.628,23.0,1.2246467991473532e-16,-1.0
2024-04-16 13:00:00,14623.773,24.5,-0.2588190451025208,-0.9659258262890684
2024-04-16 14:00:00,14887.98,25.5,-0.4999999999999998,-0.8660254037844388
2024-04-16 15:00:00,15100.128,26.4,-0.7071067811865471,-0.7071067811865479
2024-04-16 16:00:00,15375.637,27.0,-0.8660254037844384,-0.5000000000000004
2024-04-16 17:00:00,15561.493,26.1,-0.9659258262890684,-0.2588190451025206
2024-04-16 18:00:00,15650.399,25.3,-1.0,-1.8369701987210294e-16
2024-04-16 19:00:00,15547.851,24.2,-0.9659258262890684,0.2588190451025203
2024-04-16 20:00:00,15581.659,22.8,-0.8660254037844386,0.5000000000000001
2024-04-16 21:00:00,15066.406,21.4,-0.7071067811865477,0.7071067811865474
2024-04-16 22:00:00,14125.961,21.2,-0.5000000000000004,0.8660254037844384
2024-04-16 23:00:00,13171.145,21.5,-0.2588190451025215,0.965925826289068
2024-04-17 00:00:00,12524.079,20.6,0.0,1.0
2024-04-17 01:00:00,12055.391,19.4,0.2588190451025207,0.9659258262890684
2024-04-17 02:00:00,11831.479,19.6,0.4999999999999999,0.8660254037844387
2024-04-17 03:00:00,11717.539,19.1,0.7071067811865475,0.7071067811865476
2024-04-17 04:00:00,11748.469,18.0,0.8660254037844386,0.5000000000000001
2024-04-17 05:00:00,12413.888,16.8,0.9659258262890684,0.2588190451025207
2024-04-17 06:00:00,13291.822,17.1,1.0,6.123233995736766e-17
2024-04-17 07:00:00,13834.932,16.3,0.9659258262890684,-0.2588190451025206
2024-04-17 08:00:00,14058.512,15.9,0.8660254037844387,-0.4999999999999998
2024-04-17 09:00:00,14316.397,17.1,0.7071067811865476,-0.7071067811865475
2024-04-17 10:00:00,14340.506,17.6,0.4999999999999999,-0.8660254037844387
2024-04-17 11:00:00,14479.747,17.7,0.258819045102521,-0.9659258262890682
2024-04-17 12:00:00,14681.276,20.3,1.2246467991473532e-16,-1.0
2024-04-17 13:00:00,14856.929,23.0,-0.2588190451025208,-0.9659258262890684
2024-04-17 14:00:00,14846.516,24.1,-0.4999999999999998,-0.8660254037844388
2024-04-17 15:00:00,14939.93,24.6,-0.7071067811865471,-0.7071067811865479
2024-04-17 16:00:00,15129.727,20.0,-0.8660254037844384,-0.5000000000000004
2024-04-17 17:00:00,15162.852,18.1,-0.9659258262890684,-0.2588190451025206
2024-04-17 18:00:00,14923.832,17.1,-1.0,-1.8369701987210294e-16
2024-04-17 19:00:00,14785.636,17.9,-0.9659258262890684,0.2588190451025203
2024-04-17 20:00:00,14769.138,17.8,-0.8660254037844386,0.5000000000000001
2024-04-17 21:00:00,14377.471,18.4,-0.7071067811865477,0.7071067811865474
2024-04-17 22:00:00,13432.87,17.1,-0.5000000000000004,0.8660254037844384
2024-04-17 23:00:00,12610.906,15.8,-0.2588190451025215,0.965925826289068
2024-04-18 00:00:00,12068.786,15.0,0.0,1.0
2024-04-18 01:00:00,11558.117,14.1,0.2588190451025207,0.9659258262890684
2024-04-18 02:00:00,11380.736,13.1,0.4999999999999999,0.8660254037844387
2024-04-18 03:00:00,11262.973,12.4,0.7071067811865475,0.7071067811865476
2024-04-18 04:00:00,11431.747,11.6,0.8660254037844386,0.5000000000000001
2024-04-18 05:00:00,12011.92,10.9,0.9659258262890684,0.2588190451025207
2024-04-18 06:00:00,12980.071,10.0,1.0,6.123233995736766e-17
2024-04-18 07:00:00,13414.889,9.4,0.9659258262890684,-0.2588190451025206
2024-04-18 08:00:00,13587.042,10.6,0.8660254037844387,-0.4999999999999998
2024-04-18 09:00:00,13591.253,13.2,0.7071067811865476,-0.7071067811865475
2024-04-18 10:00:00,13820.507,14.8,0.4999999999999999,-0.8660254037844387
2024-04-18 11:00:00,13948.26,16.1,0.258819045102521,-0.9659258262890682
2024-04-18 12:00:00,14243.668,17.5,1.2246467991473532e-16,-1.0
2024-04-18 13:00:00,14479.794,18.8,-0.2588190451025208,-0.9659258262890684
2024-04-18 14:00:00,14714.422,19.6,-0.4999999999999998,-0.8660254037844388
2024-04-18 15:00:00,14870.103,20.5,-0.7071067811865471,-0.7071067811865479
2024-04-18 16:00:00,15106.115,21.0,-0.8660254037844384,-0.5000000000000004
2024-04-18 17:00:00,15190.459,21.1,-0.9659258262890684,-0.2588190451025206
2024-04-18 18:00:00,15145.743,20.9,-1.0,-1.8369701987210294e-16
2024-04-18 19:00:00,14989.294,20.0,-0.9659258262890684,0.2588190451025203
2024-04-18 20:00:00,14967.582,17.2,-0.8660254037844386,0.5000000000000001
2024-04-18 21:00:00,14598.817,16.2,-0.7071067811865477,0.7071067811865474
2024-04-18 22:00:00,13688.718,15.6,-0.5000000000000004,0.8660254037844384
2024-04-18 23:00:00,12739.531,15.4,-0.2588190451025215,0.965925826289068
2024-04-19 00:00:00,12153.29,15.4,0.0,1.0
2024-04-19 01:00:00,11768.774,15.6,0.2588190451025207,0.9659258262890684
2024-04-19 02:00:00,11474.628,16.1,0.4999999999999999,0.8660254037844387
2024-04-19 03:00:00,11302.549,17.5,0.7071067811865475,0.7071067811865476
2024-04-19 04:00:00,11452.128,16.3,0.8660254037844386,0.5000000000000001
2024-04-19 05:00:00,11996.707,15.6,0.9659258262890684,0.2588190451025207
2024-04-19 06:00:00,12855.066,15.1,1.0,6.123233995736766e-17
2024-04-19 07:00:00,13492.289,16.5,0.9659258262890684,-0.2588190451025206
2024-04-19 08:00:00,13750.899,17.2,0.8660254037844387,-0.4999999999999998
2024-04-19 09:00:00,13824.244,16.0,0.7071067811865476,-0.7071067811865475
2024-04-19 10:00:00,13949.387,15.2,0.4999999999999999,-0.8660254037844387
2024-04-19 11:00:00,13953.626,14.4,0.258819045102521,-0.9659258262890682
2024-04-19 12:00:00,13843.25,15.0,1.2246467991473532e-16,-1.0
2024-04-19 13:00:00,13755.39,15.7,-0.2588190451025208,-0.9659258262890684
2024-04-19 14:00:00,13652.522,16.8,-0.4999999999999998,-0.8660254037844388
2024-04-19 15:00:00,13495.31,17.1,-0.7071067811865471,-0.7071067811865479
2024-04-19 16:00:00,13417.958,17.4,-0.8660254037844384,-0.5000000000000004
2024-04-19 17:00:00,13457.081,16.9,-0.9659258262890684,-0.2588190451025206
2024-04-19 18:00:00,13234.694,14.9,-1.0,-1.8369701987210294e-16
2024-04-19 19:00:00,13289.022,14.1,-0.9659258262890684,0.2588190451025203
2024-04-19 20:00:00,13541.053,12.4,-0.8660254037844386,0.5000000000000001
2024-04-19 21:00:00,13191.929,10.6,-0.7071067811865477,0.7071067811865474
2024-04-19 22:00:00,12765.939,10.0,-0.5000000000000004,0.8660254037844384
2024-04-19 23:00:00,12039.523,9.4,-0.2588190451025215,0.965925826289068
2024-04-20 00:00:00,11496.017,8.9,0.0,1.0
2024-04-20 01:00:00,11155.916,8.9,0.2588190451025207,0.9659258262890684
2024-04-20 02:00:00,10933.093,9.9,0.4999999999999999,0.8660254037844387
2024-04-20 03:00:00,10942.369,9.9,0.7071067811865475,0.7071067811865476
2024-04-20 04:00:00,10931.164,9.6,0.8660254037844386,0.5000000000000001
2024-04-20 05:00:00,11163.419999999998,8.2,0.9659258262890684,0.2588190451025207
2024-04-20 06:00:00,11460.621,7.3,1.0,6.123233995736766e-17
2024-04-20 07:00:00,11785.29,6.9,0.9659258262890684,-0.2588190451025206
2024-04-20 08:00:00,12159.489,7.6,0.8660254037844387,-0.4999999999999998
2024-04-20 09:00:00,12347.009,9.1,0.7071067811865476,-0.7071067811865475
2024-04-20 10:00:00,12490.123,9.9,0.4999999999999999,-0.8660254037844387
2024-04-20 11:00:00,12432.871,10.2,0.258819045102521,-0.9659258262890682
2024-04-20 12:00:00,12326.279,10.4,1.2246467991473532e-16,-1.0
2024-04-20 13:00:00,12199.068,10.7,-0.2588190451025208,-0.9659258262890684
2024-04-20 14:00:00,12066.248,11.1,-0.4999999999999998,-0.8660254037844388
2024-04-20 15:00:00,12012.024,11.4,-0.7071067811865471,-0.7071067811865479
2024-04-20 16:00:00,12104.993,11.9,-0.8660254037844384,-0.5000000000000004
2024-04-20 17:00:00,12216.037,11.6,-0.9659258262890684,-0.2588190451025206
2024-04-20 18:00:00,12305.502,11.4,-1.0,-1.8369701987210294e-16
2024-04-20 19:00:00,12428.438,10.7,-0.9659258262890684,0.2588190451025203
2024-04-20 20:00:00,12738.361,9.1,-0.8660254037844386,0.5000000000000001
2024-04-20 21:00:00,12626.078,8.8,-0.7071067811865477,0.7071067811865474
2024-04-20 22:00:00,12193.615,8.1,-0.5000000000000004,0.8660254037844384
2024-04-20 23:00:00,11650.993,7.4,-0.2588190451025215,0.965925826289068
2024-04-21 00:00:00,11248.507,5.8,0.0,1.0
2024-04-21 01:00:00,11076.994,4.6,0.2588190451025207,0.9659258262890684
2024-04-21 02:00:00,10908.874,3.6,0.4999999999999999,0.8660254037844387
2024-04-21 03:00:00,10875.108,3.5,0.7071067811865475,0.7071067811865476
2024-04-21 04:00:00,10992.493,4.1,0.8660254037844386,0.5000000000000001
2024-04-21 05:00:00,11124.587,4.1,0.9659258262890684,0.2588190451025207
2024-04-21 06:00:00,11514.989,3.2,1.0,6.123233995736766e-17
2024-04-21 07:00:00,11813.145,3.7,0.9659258262890684,-0.2588190451025206
2024-04-21 08:00:00,12249.547,4.0,0.8660254037844387,-0.4999999999999998
2024-04-21 09:00:00,12552.552,5.7,0.7071067811865476,-0.7071067811865475
2024-04-21 10:00:00,12566.94,6.4,0.4999999999999999,-0.8660254037844387
2024-04-21 11:00:00,12490.902000000002,7.3,0.258819045102521,-0.9659258262890682
2024-04-21 12:00:00,12471.883,7.6,1.2246467991473532e-16,-1.0
2024-04-21 13:00:00,12397.242,8.4,-0.2588190451025208,-0.9659258262890684
2024-04-21 14:00:00,12344.791,8.6,-0.4999999999999998,-0.8660254037844388
2024-04-21 15:00:00,12159.544,8.8,-0.7071067811865471,-0.7071067811865479
2024-04-21 16:00:00,12279.428,9.1,-0.8660254037844384,-0.5000000000000004
2024-04-21 17:00:00,12449.271,8.8,-0.9659258262890684,-0.2588190451025206
2024-04-21 18:00:00,12479.884999999998,8.9,-1.0,-1.8369701987210294e-16
2024-04-21 19:00:00,12780.329,8.9,-0.9659258262890684,0.2588190451025203
2024-04-21 20:00:00,13235.821,8.4,-0.8660254037844386,0.5000000000000001
2024-04-21 21:00:00,13338.611,6.8,-0.7071067811865477,0.7071067811865474
2024-04-21 22:00:00,12938.387,6.2,-0.5000000000000004,0.8660254037844384
2024-04-21 23:00:00,12433.986,3.5,-0.2588190451025215,0.965925826289068
2024-04-22 00:00:00,12160.768,3.6,0.0,1.0
2024-04-22 01:00:00,12087.181,4.0,0.2588190451025207,0.9659258262890684
2024-04-22 02:00:00,12153.778,2.3,0.4999999999999999,0.8660254037844387
2024-04-22 03:00:00,12281.869,1.7,0.7071067811865475,0.7071067811865476
2024-04-22 04:00:00,12710.969,1.1,0.8660254037844386,0.5000000000000001
2024-04-22 05:00:00,13590.229,0.1,0.9659258262890684,0.2588190451025207
2024-04-22 06:00:00,14809.132,-0.4,1.0,6.123233995736766e-17
2024-04-22 07:00:00,15331.192,-0.6,0.9659258262890684,-0.2588190451025206
2024-04-22 08:00:00,15043.574,2.2,0.8660254037844387,-0.4999999999999998
2024-04-22 09:00:00,14496.974,5.8,0.7071067811865476,-0.7071067811865475
2024-04-22 10:00:00,14152.171,8.8,0.4999999999999999,-0.8660254037844387
2024-04-22 11:00:00,13863.087,10.6,0.258819045102521,-0.9659258262890682
2024-04-22 12:00:00,13697.165,11.8,1.2246467991473532e-16,-1.0
2024-04-22 13:00:00,13569.651,12.7,-0.2588190451025208,-0.9659258262890684
2024-04-22 14:00:00,13318.236,13.4,-0.4999999999999998,-0.8660254037844388
2024-04-22 15:00:00,13076.921,14.1,-0.7071067811865471,-0.7071067811865479
2024-04-22 16:00:00,13107.626,14.4,-0.8660254037844384,-0.5000000000000004
2024-04-22 17:00:00,13217.598000000002,14.4,-0.9659258262890684,-0.2588190451025206
2024-04-22 18:00:00,13313.784,14.1,-1.0,-1.8369701987210294e-16
2024-04-22 19:00:00,13518.64,13.4,-0.9659258262890684,0.2588190451025203
2024-04-22 20:00:00,13835.462,10.6,-0.8660254037844386,0.5000000000000001
2024-04-22 21:00:00,13714.425,9.7,-0.7071067811865477,0.7071067811865474
2024-04-22 22:00:00,13141.922,9.0,-0.5000000000000004,0.8660254037844384
2024-04-22 23:00:00,12498.277,8.4,-0.2588190451025215,0.965925826289068
2024-04-23 00:00:00,12179.354,8.3,0.0,1.0
2024-04-23 01:00:00,12060.964,7.8,0.2588190451025207,0.9659258262890684
2024-04-23 02:00:00,12050.218,7.3,0.4999999999999999,0.8660254037844387
2024-04-23 03:00:00,12106.752,7.4,0.7071067811865475,0.7071067811865476
2024-04-23 04:00:00,12448.562000000002,7.6,0.8660254037844386,0.5000000000000001
2024-04-23 05:00:00,13222.983,7.5,0.9659258262890684,0.2588190451025207
2024-04-23 06:00:00,14391.487,7.4,1.0,6.123233995736766e-17
2024-04-23 07:00:00,14843.048,7.7,0.9659258262890684,-0.2588190451025206
2024-04-23 08:00:00,14607.683,8.4,0.8660254037844387,-0.4999999999999998
2024-04-23 09:00:00,14228.195,11.0,0.7071067811865476,-0.7071067811865475
2024-04-23 10:00:00,14067.339,13.0,0.4999999999999999,-0.8660254037844387
2024-04-23 11:00:00,13928.028,15.0,0.258819045102521,-0.9659258262890682
2024-04-23 12:00:00,13828.291,16.1,1.2246467991473532e-16,-1.0
2024-04-23 13:00:00,13707.236,17.6,-0.2588190451025208,-0.9659258262890684
2024-04-23 14:00:00,13656.073,17.9,-0.4999999999999998,-0.8660254037844388
2024-04-23 15:00:00,13568.389,17.0,-0.7071067811865471,-0.7071067811865479
2024-04-23 16:00:00,13620.922,18.0,-0.8660254037844384,-0.5000000000000004
2024-04-23 17:00:00,13672.804,18.0,-0.9659258262890684,-0.2588190451025206
2024-04-23 18:00:00,13652.77,18.3,-1.0,-1.8369701987210294e-16
2024-04-23 19:00:00,13677.23,15.9,-0.9659258262890684,0.2588190451025203
2024-04-23 20:00:00,13898.859,14.1,-0.8660254037844386,0.5000000000000001
2024-04-23 21:00:00,13668.775,11.9,-0.7071067811865477,0.7071067811865474
2024-04-23 22:00:00,12949.722,11.3,-0.5000000000000004,0.8660254037844384
2024-04-23 23:00:00,12176.92,11.0,-0.2588190451025215,0.965925826289068
2024-04-24 00:00:00,11651.214,11.1,0.0,1.0
2024-04-24 01:00:00,11503.911,10.6,0.2588190451025207,0.9659258262890684
2024-04-24 02:00:00,11318.345,10.0,0.4999999999999999,0.8660254037844387
2024-04-24 03:00:00,11348.305,9.8,0.7071067811865475,0.7071067811865476
2024-04-24 04:00:00,11545.05,9.3,0.8660254037844386,0.5000000000000001
2024-04-24 05:00:00,12145.944,8.5,0.9659258262890684,0.2588190451025207
2024-04-24 06:00:00,13204.233,7.7,1.0,6.123233995736766e-17
2024-04-24 07:00:00,13714.058,7.4,0.9659258262890684,-0.2588190451025206
2024-04-24 08:00:00,13826.265,8.9,0.8660254037844387,-0.4999999999999998
2024-04-24 09:00:00,13875.247,10.9,0.7071067811865476,-0.7071067811865475
2024-04-24 10:00:00,13932.299,12.1,0.4999999999999999,-0.8660254037844387
2024-04-24 11:00:00,13774.366,12.8,0.258819045102521,-0.9659258262890682
2024-04-24 12:00:00,13753.79,13.5,1.2246467991473532e-16,-1.0
2024-04-24 13:00:00,13621.406,13.8,-0.2588190451025208,-0.9659258262890684
2024-04-24 14:00:00,13494.256,13.9,-0.4999999999999998,-0.8660254037844388
2024-04-24 15:00:00,13370.178,13.6,-0.7071067811865471,-0.7071067811865479
2024-04-24 16:00:00,13427.14,12.9,-0.8660254037844384,-0.5000000000000004
2024-04-24 17:00:00,13526.752,12.9,-0.9659258262890684,-0.2588190451025206
2024-04-24 18:00:00,13563.499,11.9,-1.0,-1.8369701987210294e-16
2024-04-24 19:00:00,13646.722,10.3,-0.9659258262890684,0.2588190451025203
2024-04-24 20:00:00,13899.135,8.7,-0.8660254037844386,0.5000000000000001
2024-04-24 21:00:00,13729.959,7.1,-0.7071067811865477,0.7071067811865474
2024-04-24 22:00:00,13172.16,6.3,-0.5000000000000004,0.8660254037844384
2024-04-24 23:00:00,12554.066,6.1,-0.2588190451025215,0.965925826289068
2024-04-25 00:00:00,12118.728,5.7,0.0,1.0
2024-04-25 01:00:00,11840.48,5.1,0.2588190451025207,0.9659258262890684
2024-04-25 02:00:00,11806.154,5.3,0.4999999999999999,0.8660254037844387
2024-04-25 03:00:00,11858.739,4.0,0.7071067811865475,0.7071067811865476
2024-04-25 04:00:00,12241.682,3.0,0.8660254037844386,0.5000000000000001
2024-04-25 05:00:00,13078.509,2.0,0.9659258262890684,0.2588190451025207
2024-04-25 06:00:00,14155.466,1.2,1.0,6.123233995736766e-17
2024-04-25 07:00:00,14627.977,0.4,0.9659258262890684,-0.2588190451025206
2024-04-25 08:00:00,14593.481,2.3,0.8660254037844387,-0.4999999999999998
2024-04-25 09:00:00,14254.64,4.4,0.7071067811865476,-0.7071067811865475
2024-04-25 10:00:00,14039.722999999998,6.6,0.4999999999999999,-0.8660254037844387
2024-04-25 11:00:00,13790.284,8.6,0.258819045102521,-0.9659258262890682
2024-04-25 12:00:00,13589.374,9.7,1.2246467991473532e-16,-1.0
2024-04-25 13:00:00,13492.114,11.1,-0.2588190451025208,-0.9659258262890684
2024-04-25 14:00:00,13327.796,12.4,-0.4999999999999998,-0.8660254037844388
2024-04-25 15:00:00,13189.39,13.2,-0.7071067811865471,-0.7071067811865479
2024-04-25 16:00:00,13209.85,13.8,-0.8660254037844384,-0.5000000000000004
2024-04-25 17:00:00,13200.963,13.9,-0.9659258262890684,-0.2588190451025206
2024-04-25 18:00:00,13259.056,13.6,-1.0,-1.8369701987210294e-16
2024-04-25 19:00:00,13342.94,12.9,-0.9659258262890684,0.2588190451025203
2024-04-25 20:00:00,13628.165,10.4,-0.8660254037844386,0.5000000000000001
2024-04-25 21:00:00,13520.902999999998,9.2,-0.7071067811865477,0.7071067811865474
2024-04-25 22:00:00,12992.149,7.8,-0.5000000000000004,0.8660254037844384
2024-04-25 23:00:00,12352.387,6.4,-0.2588190451025215,0.965925826289068
2024-04-26 00:00:00,11966.296,6.3,0.0,1.0
2024-04-26 01:00:00,11843.898,5.8,0.2588190451025207,0.9659258262890684
2024-04-26 02:00:00,11815.514,5.2,0.4999999999999999,0.8660254037844387
2024-04-26 03:00:00,11873.312000000002,4.8,0.7071067811865475,0.7071067811865476
2024-04-26 04:00:00,12148.327,4.4,0.8660254037844386,0.5000000000000001
2024-04-26 05:00:00,12830.465,4.2,0.9659258262890684,0.2588190451025207
2024-04-26 06:00:00,13715.752,4.0,1.0,6.123233995736766e-17
2024-04-26 07:00:00,14199.478,3.8,0.9659258262890684,-0.2588190451025206
2024-04-26 08:00:00,14171.272,5.4,0.8660254037844387,-0.4999999999999998
2024-04-26 09:00:00,13912.695,8.2,0.7071067811865476,-0.7071067811865475
2024-04-26 10:00:00,13776.462,11.3,0.4999999999999999,-0.8660254037844387
2024-04-26 11:00:00,13559.122,14.4,0.258819045102521,-0.9659258262890682
2024-04-26 12:00:00,13437.018,16.5,1.2246467991473532e-16,-1.0
2024-04-26 13:00:00,13445.871,18.4,-0.2588190451025208,-0.9659258262890684
2024-04-26 14:00:00,13389.972,20.1,-0.4999999999999998,-0.8660254037844388
2024-04-26 15:00:00,13331.102,21.5,-0.7071067811865471,-0.7071067811865479
2024-04-26 16:00:00,13407.281,22.5,-0.8660254037844384,-0.5000000000000004
2024-04-26 17:00:00,13513.156,22.6,-0.9659258262890684,-0.2588190451025206
2024-04-26 18:00:00,13428.567,22.5,-1.0,-1.8369701987210294e-16
2024-04-26 19:00:00,13322.354,21.1,-0.9659258262890684,0.2588190451025203
2024-04-26 20:00:00,13465.641,19.5,-0.8660254037844386,0.5000000000000001
2024-04-26 21:00:00,13367.342,18.2,-0.7071067811865477,0.7071067811865474
2024-04-26 22:00:00,12745.396,17.0,-0.5000000000000004,0.8660254037844384
2024-04-26 23:00:00,12114.22,16.8,-0.2588190451025215,0.965925826289068
2024-04-27 00:00:00,11463.953,17.2,0.0,1.0
2024-04-27 01:00:00,11210.105,16.2,0.2588190451025207,0.9659258262890684
2024-04-27 02:00:00,10913.149,15.8,0.4999999999999999,0.8660254037844387
2024-04-27 03:00:00,10825.276,15.4,0.7071067811865475,0.7071067811865476
2024-04-27 04:00:00,10920.396,14.8,0.8660254037844386,0.5000000000000001
2024-04-27 05:00:00,11137.283,14.4,0.9659258262890684,0.2588190451025207
2024-04-27 06:00:00,11366.912,14.4,1.0,6.123233995736766e-17
2024-04-27 07:00:00,11653.435,14.4,0.9659258262890684,-0.2588190451025206
2024-04-27 08:00:00,12154.679,15.4,0.8660254037844387,-0.4999999999999998
2024-04-27 09:00:00,12400.429,18.1,0.7071067811865476,-0.7071067811865475
2024-04-27 10:00:00,12794.793,19.2,0.4999999999999999,-0.8660254037844387
2024-04-27 11:00:00,12757.399,20.9,0.258819045102521,-0.9659258262890682
2024-04-27 12:00:00,13031.988,22.7,1.2246467991473532e-16,-1.0
2024-04-27 13:00:00,13093.406,23.8,-0.2588190451025208,-0.9659258262890684
2024-04-27 14:00:00,13340.306,24.3,-0.4999999999999998,-0.8660254037844388
2024-04-27 15:00:00,13471.763,24.2,-0.7071067811865471,-0.7071067811865479
2024-04-27 16:00:00,13604.28,24.6,-0.8660254037844384,-0.5000000000000004
2024-04-27 17:00:00,13720.545,25.0,-0.9659258262890684,-0.2588190451025206
2024-04-27 18:00:00,13624.205,25.0,-1.0,-1.8369701987210294e-16
2024-04-27 19:00:00,13534.879,24.0,-0.9659258262890684,0.2588190451025203
2024-04-27 20:00:00,13572.022,22.4,-0.8660254037844386,0.5000000000000001
2024-04-27 21:00:00,13417.953,20.6,-0.7071067811865477,0.7071067811865474
2024-04-27 22:00:00,12767.975,19.2,-0.5000000000000004,0.8660254037844384
2024-04-27 23:00:00,12068.476,18.5,-0.2588190451025215,0.965925826289068
2024-04-28 00:00:00,11427.408,18.1,0.0,1.0
2024-04-28 01:00:00,11068.574,17.6,0.2588190451025207,0.9659258262890684
2024-04-28 02:00:00,10868.975,17.7,0.4999999999999999,0.8660254037844387
2024-04-28 03:00:00,10674.527,17.8,0.7071067811865475,0.7071067811865476
2024-04-28 04:00:00,10608.625,17.5,0.8660254037844386,0.5000000000000001
2024-04-28 05:00:00,10722.096,16.8,0.9659258262890684,0.2588190451025207
2024-04-28 06:00:00,10869.865000000002,16.5,1.0,6.123233995736766e-17
2024-04-28 07:00:00,11056.367,16.0,0.9659258262890684,-0.2588190451025206
2024-04-28 08:00:00,11556.619,17.2,0.8660254037844387,-0.4999999999999998
2024-04-28 09:00:00,11949.819,19.5,0.7071067811865476,-0.7071067811865475
2024-04-28 10:00:00,12497.092,21.2,0.4999999999999999,-0.8660254037844387
2024-04-28 11:00:00,12890.533,22.6,0.258819045102521,-0.9659258262890682
2024-04-28 12:00:00,13400.337,24.0,1.2246467991473532e-16,-1.0
2024-04-28 13:00:00,13697.464,25.1,-0.2588190451025208,-0.9659258262890684
2024-04-28 14:00:00,14028.188,25.9,-0.4999999999999998,-0.8660254037844388
2024-04-28 15:00:00,14398.419,26.1,-0.7071067811865471,-0.7071067811865479
2024-04-28 16:00:00,14769.049,26.4,-0.8660254037844384,-0.5000000000000004
2024-04-28 17:00:00,15121.58,26.6,-0.9659258262890684,-0.2588190451025206
2024-04-28 18:00:00,15115.691,26.5,-1.0,-1.8369701987210294e-16
2024-04-28 19:00:00,15058.93,25.5,-0.9659258262890684,0.2588190451025203
2024-04-28 20:00:00,14952.580000000002,23.5,-0.8660254037844386,0.5000000000000001
2024-04-28 21:00:00,14643.234,22.1,-0.7071067811865477,0.7071067811865474
2024-04-28 22:00:00,13704.589,20.8,-0.5000000000000004,0.8660254037844384
2024-04-28 23:00:00,12815.259,19.6,-0.2588190451025215,0.965925826289068
2024-04-29 00:00:00,12067.423,18.7,0.0,1.0
2024-04-29 01:00:00,11673.548,17.6,0.2588190451025207,0.9659258262890684
2024-04-29 02:00:00,11261.929,16.6,0.4999999999999999,0.8660254037844387
2024-04-29 03:00:00,11168.513,15.9,0.7071067811865475,0.7071067811865476
2024-04-29 04:00:00,11304.91,15.6,0.8660254037844386,0.5000000000000001
2024-04-29 05:00:00,11867.222000000002,15.4,0.9659258262890684,0.2588190451025207
2024-04-29 06:00:00,12717.420999999998,15.6,1.0,6.123233995736766e-17
2024-04-29 07:00:00,13256.366,15.6,0.9659258262890684,-0.2588190451025206
2024-04-29 08:00:00,13698.33,16.9,0.8660254037844387,-0.4999999999999998
2024-04-29 09:00:00,14106.803,19.6,0.7071067811865476,-0.7071067811865475
2024-04-29 10:00:00,14570.568,21.5,0.4999999999999999,-0.8660254037844387
2024-04-29 11:00:00,14953.931,22.9,0.258819045102521,-0.9659258262890682
2024-04-29 12:00:00,15467.526999999998,24.3,1.2246467991473532e-16,-1.0
2024-04-29 13:00:00,15840.21,25.5,-0.2588190451025208,-0.9659258262890684
2024-04-29 14:00:00,16041.539,25.8,-0.4999999999999998,-0.8660254037844388
2024-04-29 15:00:00,16275.514,26.4,-0.7071067811865471,-0.7071067811865479
2024-04-29 16:00:00,16478.653,26.5,-0.8660254037844384,-0.5000000000000004
2024-04-29 17:00:00,16617.356,26.1,-0.9659258262890684,-0.2588190451025206
2024-04-29 18:00:00,16467.148,26.0,-1.0,-1.8369701987210294e-16
2024-04-29 19:00:00,16131.521,25.4,-0.9659258262890684,0.2588190451025203
2024-04-29 20:00:00,15837.219,23.0,-0.8660254037844386,0.5000000000000001
2024-04-29 21:00:00,15279.921,22.6,-0.7071067811865477,0.7071067811865474
2024-04-29 22:00:00,14222.06,21.9,-0.5000000000000004,0.8660254037844384
2024-04-29 23:00:00,13196.604,20.1,-0.2588190451025215,0.965925826289068
2024-04-30 00:00:00,12317.341,18.4,0.0,1.0
2024-04-30 01:00:00,11825.444,17.4,0.2588190451025207,0.9659258262890684
2024-04-30 02:00:00,11542.456,16.6,0.4999999999999999,0.8660254037844387
2024-04-30 03:00:00,11425.038,16.5,0.7071067811865475,0.7071067811865476
2024-04-30 04:00:00,11505.653,16.5,0.8660254037844386,0.5000000000000001
2024-04-30 05:00:00,11999.997,16.6,0.9659258262890684,0.2588190451025207
2024-04-30 06:00:00,12891.752,16.5,1.0,6.123233995736766e-17
2024-04-30 07:00:00,13372.452,16.4,0.9659258262890684,-0.2588190451025206
2024-04-30 08:00:00,13656.509,16.2,0.8660254037844387,-0.4999999999999998
2024-04-30 09:00:00,13825.854,16.4,0.7071067811865476,-0.7071067811865475
2024-04-30 10:00:00,13981.174,17.2,0.4999999999999999,-0.8660254037844387
2024-04-30 11:00:00,14117.725,18.9,0.258819045102521,-0.9659258262890682
2024-04-30 12:00:00,14348.588,19.9,1.2246467991473532e-16,-1.0
2024-04-30 13:00:00,14384.324,21.0,-0.2588190451025208,-0.9659258262890684
2024-04-30 14:00:00,14493.774,22.4,-0.4999999999999998,-0.8660254037844388
2024-04-30 15:00:00,14607.276,22.8,-0.7071067811865471,-0.7071067811865479
2024-04-30 16:00:00,14744.145,22.9,-0.8660254037844384,-0.5000000000000004
2024-04-30 17:00:00,14903.958,22.9,-0.9659258262890684,-0.2588190451025206
2024-04-30 18:00:00,14892.624,22.2,-1.0,-1.8369701987210294e-16
2024-04-30 19:00:00,14791.374,21.1,-0.9659258262890684,0.2588190451025203
2024-04-30 20:00:00,14689.035,18.4,-0.8660254037844386,0.5000000000000001
2024-04-30 21:00:00,14332.407,15.4,-0.7071067811865477,0.7071067811865474
2024-04-30 22:00:00,13433.675,14.1,-0.5000000000000004,0.8660254037844384
2024-04-30 23:00:00,12560.429,15.1,-0.2588190451025215,0.965925826289068
2024-05-01 00:00:00,11909.293,14.9,0.0,1.0
2024-05-01 01:00:00,11504.12,13.9,0.2588190451025207,0.9659258262890684
2024-05-01 02:00:00,11243.237,13.6,0.4999999999999999,0.8660254037844387
2024-05-01 03:00:00,11283.244,12.7,0.7071067811865475,0.7071067811865476
2024-05-01 04:00:00,11343.215,12.1,0.8660254037844386,0.5000000000000001
2024-05-01 05:00:00,11870.217,10.1,0.9659258262890684,0.2588190451025207
2024-05-01 06:00:00,12675.175,8.9,1.0,6.123233995736766e-17
2024-05-01 07:00:00,13127.182,9.6,0.9659258262890684,-0.2588190451025206
2024-05-01 08:00:00,13391.991,12.0,0.8660254037844387,-0.4999999999999998
2024-05-01 09:00:00,13485.989,14.6,0.7071067811865476,-0.7071067811865475
2024-05-01 10:00:00,13839.764,17.8,0.4999999999999999,-0.8660254037844387
2024-05-01 11:00:00,14007.483,21.0,0.258819045102521,-0.9659258262890682
2024-05-01 12:00:00,14574.048,23.2,1.2246467991473532e-16,-1.0
2024-05-01 13:00:00,14937.055,24.5,-0.2588190451025208,-0.9659258262890684
2024-05-01 14:00:00,15270.348999999998,25.3,-0.4999999999999998,-0.8660254037844388
2024-05-01 15:00:00,15637.888,26.0,-0.7071067811865471,-0.7071067811865479
2024-05-01 16:00:00,15977.877,26.2,-0.8660254037844384,-0.5000000000000004
2024-05-01 17:00:00,16170.295,26.1,-0.9659258262890684,-0.2588190451025206
2024-05-01 18:00:00,16153.018,25.7,-1.0,-1.8369701987210294e-16
2024-05-01 19:00:00,15992.374,24.9,-0.9659258262890684,0.2588190451025203
2024-05-01 20:00:00,15737.598,22.5,-0.8660254037844386,0.5000000000000001
2024-05-01 21:00:00,15302.278,20.9,-0.7071067811865477,0.7071067811865474
2024-05-01 22:00:00,14238.033,19.7,-0.5000000000000004,0.8660254037844384
2024-05-01 23:00:00,13103.655,17.9,-0.2588190451025215,0.965925826289068
2024-05-02 00:00:00,12312.79,16.1,0.0,1.0
2024-05-02 01:00:00,11782.963,16.0,0.2588190451025207,0.9659258262890684
2024-05-02 02:00:00,11556.982,14.9,0.4999999999999999,0.8660254037844387
2024-05-02 03:00:00,11385.828,14.6,0.7071067811865475,0.7071067811865476
2024-05-02 04:00:00,11514.969,12.7,0.8660254037844386,0.5000000000000001
2024-05-02 05:00:00,12006.783,13.1,0.9659258262890684,0.2588190451025207
2024-05-02 06:00:00,12845.476,12.5,1.0,6.123233995736766e-17
2024-05-02 07:00:00,13334.275,12.6,0.9659258262890684,-0.2588190451025206
2024-05-02 08:00:00,13679.888,14.6,0.8660254037844387,-0.4999999999999998
2024-05-02 09:00:00,13922.706,17.7,0.7071067811865476,-0.7071067811865475
2024-05-02 10:00:00,14294.053,20.4,0.4999999999999999,-0.8660254037844387
2024-05-02 11:00:00,14748.274,22.8,0.258819045102521,-0.9659258262890682
2024-05-02 12:00:00,15307.167,24.4,1.2246467991473532e-16,-1.0
2024-05-02 13:00:00,15953.215,25.7,-0.2588190451025208,-0.9659258262890684
2024-05-02 14:00:00,16392.138,27.0,-0.4999999999999998,-0.8660254037844388
2024-05-02 15:00:00,16954.316,27.6,-0.7071067811865471,-0.7071067811865479
2024-05-02 16:00:00,17364.131,27.7,-0.8660254037844384,-0.5000000000000004
2024-05-02 17:00:00,17557.362999999998,27.8,-0.9659258262890684,-0.2588190451025206
2024-05-02 18:00:00,17466.215,27.7,-1.0,-1.8369701987210294e-16
2024-05-02 19:00:00,17081.252,27.0,-0.9659258262890684,0.2588190451025203
2024-05-02 20:00:00,16702.647,23.9,-0.8660254037844386,0.5000000000000001
2024-05-02 21:00:00,16132.083,20.0,-0.7071067811865477,0.7071067811865474
2024-05-02 22:00:00,14928.1,19.4,-0.5000000000000004,0.8660254037844384
2024-05-02 23:00:00,13739.703,19.1,-0.2588190451025215,0.965925826289068
2024-05-03 00:00:00,12895.743,18.6,0.0,1.0
2024-05-03 01:00:00,12292.474,17.7,0.2588190451025207,0.9659258262890684
2024-05-03 02:00:00,11911.047,17.9,0.4999999999999999,0.8660254037844387
2024-05-03 03:00:00,11686.012,17.5,0.7071067811865475,0.7071067811865476
2024-05-03 04:00:00,11753.119,17.2,0.8660254037844386,0.5000000000000001
2024-05-03 05:00:00,12158.178,16.6,0.9659258262890684,0.2588190451025207
2024-05-03 06:00:00,12969.327,16.3,1.0,6.123233995736766e-17
2024-05-03 07:00:00,13486.937,16.1,0.9659258262890684,-0.2588190451025206
2024-05-03 08:00:00,13968.199,17.6,0.8660254037844387,-0.4999999999999998
2024-05-03 09:00:00,14213.873,20.2,0.7071067811865476,-0.7071067811865475
2024-05-03 10:00:00,14588.799,21.8,0.4999999999999999,-0.8660254037844387
2024-05-03 11:00:00,14959.622,22.2,0.258819045102521,-0.9659258262890682
2024-05-03 12:00:00,15264.127,23.2,1.2246467991473532e-16,-1.0
2024-05-03 13:00:00,15622.27,24.6,-0.2588190451025208,-0.9659258262890684
2024-05-03 14:00:00,15686.741,23.8,-0.4999999999999998,-0.8660254037844388
2024-05-03 15:00:00,15529.796,24.1,-0.7071067811865471,-0.7071067811865479
2024-05-03 16:00:00,15581.504,25.2,-0.8660254037844384,-0.5000000000000004
2024-05-03 17:00:00,15499.247,23.9,-0.9659258262890684,-0.2588190451025206
2024-05-03 18:00:00,15240.797,20.5,-1.0,-1.8369701987210294e-16
2024-05-03 19:00:00,14919.044,20.3,-0.9659258262890684,0.2588190451025203
2024-05-03 20:00:00,14815.86,19.9,-0.8660254037844386,0.5000000000000001
2024-05-03 21:00:00,14561.348,19.0,-0.7071067811865477,0.7071067811865474
2024-05-03 22:00:00,13768.652999999998,18.8,-0.5000000000000004,0.8660254037844384
2024-05-03 23:00:00,12969.938,18.1,-0.2588190451025215,0.965925826289068
2024-05-04 00:00:00,12324.982,17.5,0.0,1.0
2024-05-04 01:00:00,11846.169999999998,17.0,0.2588190451025207,0.9659258262890684
2024-05-04 02:00:00,11529.446,16.8,0.4999999999999999,0.8660254037844387
2024-05-04 03:00:00,11275.883,16.7,0.7071067811865475,0.7071067811865476
2024-05-04 04:00:00,11343.594,16.8,0.8660254037844386,0.5000000000000001
2024-05-04 05:00:00,11407.713,16.6,0.9659258262890684,0.2588190451025207
2024-05-04 06:00:00,11664.992,15.9,1.0,6.123233995736766e-17
2024-05-04 07:00:00,11941.575,16.6,0.9659258262890684,-0.2588190451025206
2024-05-04 08:00:00,12441.805,17.9,0.8660254037844387,-0.4999999999999998
2024-05-04 09:00:00,12905.893,18.0,0.7071067811865476,-0.7071067811865475
2024-05-04 10:00:00,13241.246,18.2,0.4999999999999999,-0.8660254037844387
2024-05-04 11:00:00,13490.493,19.7,0.258819045102521,-0.9659258262890682
2024-05-04 12:00:00,13520.627,22.1,1.2246467991473532e-16,-1.0
2024-05-04 13:00:00,13609.649,23.5,-0.2588190451025208,-0.9659258262890684
2024-05-04 14:00:00,13827.918,24.6,-0.4999999999999998,-0.8660254037844388
2024-05-04 15:00:00,14005.864,25.1,-0.7071067811865471,-0.7071067811865479
2024-05-04 16:00:00,14064.009,22.6,-0.8660254037844384,-0.5000000000000004
2024-05-04 17:00:00,14073.127,22.1,-0.9659258262890684,-0.2588190451025206
2024-05-04 18:00:00,14010.127,21.9,-1.0,-1.8369701987210294e-16
2024-05-04 19:00:00,13769.74,20.0,-0.9659258262890684,0.2588190451025203
2024-05-04 20:00:00,13843.881,19.7,-0.8660254037844386,0.5000000000000001
2024-05-04 21:00:00,13596.941,18.2,-0.7071067811865477,0.7071067811865474
2024-05-04 22:00:00,13084.917,18.2,-0.5000000000000004,0.8660254037844384
2024-05-04 23:00:00,12352.027,18.3,-0.2588190451025215,0.965925826289068
2024-05-05 00:00:00,11862.451,18.0,0.0,1.0
2024-05-05 01:00:00,11435.894,17.8,0.2588190451025207,0.9659258262890684
2024-05-05 02:00:00,11171.847000000002,17.5,0.4999999999999999,0.8660254037844387
2024-05-05 03:00:00,10905.182,17.1,0.7071067811865475,0.7071067811865476
2024-05-05 04:00:00,10903.848,17.0,0.8660254037844386,0.5000000000000001
2024-05-05 05:00:00,10892.97,16.8,0.9659258262890684,0.2588190451025207
2024-05-05 06:00:00,11034.947,16.9,1.0,6.123233995736766e-17
2024-05-05 07:00:00,11349.541,17.1,0.9659258262890684,-0.2588190451025206
2024-05-05 08:00:00,12022.622,17.5,0.8660254037844387,-0.4999999999999998
2024-05-05 09:00:00,12531.427,19.1,0.7071067811865476,-0.7071067811865475
2024-05-05 10:00:00,12762.322,20.0,0.4999999999999999,-0.8660254037844387
2024-05-05 11:00:00,13083.617,21.1,0.258819045102521,-0.9659258262890682
2024-05-05 12:00:00,13507.517,22.0,1.2246467991473532e-16,-1.0
2024-05-05 13:00:00,13808.184,22.7,-0.2588190451025208,-0.9659258262890684
2024-05-05 14:00:00,14039.016,24.1,-0.4999999999999998,-0.8660254037844388
2024-05-05 15:00:00,14336.842,22.6,-0.7071067811865471,-0.7071067811865479
2024-05-05 16:00:00,14668.807,23.0,-0.8660254037844384,-0.5000000000000004
2024-05-05 17:00:00,14913.176,24.1,-0.9659258262890684,-0.2588190451025206
2024-05-05 18:00:00,14847.295,22.2,-1.0,-1.8369701987210294e-16
2024-05-05 19:00:00,14730.148,22.5,-0.9659258262890684,0.2588190451025203
2024-05-05 20:00:00,14623.096,21.1,-0.8660254037844386,0.5000000000000001
2024-05-05 21:00:00,14358.829,21.0,-0.7071067811865477,0.7071067811865474
2024-05-05 22:00:00,13537.478,20.6,-0.5000000000000004,0.8660254037844384
2024-05-05 23:00:00,12704.538,18.2,-0.2588190451025215,0.965925826289068
2024-05-06 00:00:00,12095.67,16.8,0.0,1.0
2024-05-06 01:00:00,11779.368,16.6,0.2588190451025207,0.9659258262890684
2024-05-06 02:00:00,11471.045,16.6,0.4999999999999999,0.8660254037844387
2024-05-06 03:00:00,11425.582,16.3,0.7071067811865475,0.7071067811865476
2024-05-06 04:00:00,11694.722,16.1,0.8660254037844386,0.5000000000000001
2024-05-06 05:00:00,12239.727,16.0,0.9659258262890684,0.2588190451025207
2024-05-06 06:00:00,13116.339,15.9,1.0,6.123233995736766e-17
2024-05-06 07:00:00,13667.695,16.1,0.9659258262890684,-0.2588190451025206
2024-05-06 08:00:00,13898.473,17.0,0.8660254037844387,-0.4999999999999998
2024-05-06 09:00:00,14294.658,18.8,0.7071067811865476,-0.7071067811865475
2024-05-06 10:00:00,14427.93,19.6,0.4999999999999999,-0.8660254037844387
2024-05-06 11:00:00,14742.934,19.9,0.258819045102521,-0.9659258262890682
2024-05-06 12:00:00,14936.957,20.0,1.2246467991473532e-16,-1.0
2024-05-06 13:00:00,15101.168,20.5,-0.2588190451025208,-0.9659258262890684
2024-05-06 14:00:00,15076.065,20.0,-0.4999999999999998,-0.8660254037844388
2024-05-06 15:00:00,15027.194,19.7,-0.7071067811865471,-0.7071067811865479
2024-05-06 16:00:00,15136.041,20.5,-0.8660254037844384,-0.5000000000000004
2024-05-06 17:00:00,15053.732,21.0,-0.9659258262890684,-0.2588190451025206
2024-05-06 18:00:00,15077.432,21.2,-1.0,-1.8369701987210294e-16
2024-05-06 19:00:00,14932.549,20.7,-0.9659258262890684,0.2588190451025203
2024-05-06 20:00:00,14928.042,19.8,-0.8660254037844386,0.5000000000000001
2024-05-06 21:00:00,14633.348,18.2,-0.7071067811865477,0.7071067811865474
2024-05-06 22:00:00,13863.557,17.6,-0.5000000000000004,0.8660254037844384
2024-05-06 23:00:00,13045.329,17.1,-0.2588190451025215,0.965925826289068
2024-05-07 00:00:00,12313.371,16.5,0.0,1.0
2024-05-07 01:00:00,11951.111,16.2,0.2588190451025207,0.9659258262890684
2024-05-07 02:00:00,11734.977,16.1,0.4999999999999999,0.8660254037844387
2024-05-07 03:00:00,11652.449,16.1,0.7071067811865475,0.7071067811865476
2024-05-07 04:00:00,11841.164,16.3,0.8660254037844386,0.5000000000000001
2024-05-07 05:00:00,12334.59,16.2,0.9659258262890684,0.2588190451025207
2024-05-07 06:00:00,13212.679,16.3,1.0,6.123233995736766e-17
2024-05-07 07:00:00,13744.938999999998,16.4,0.9659258262890684,-0.2588190451025206
2024-05-07 08:00:00,14029.311,17.0,0.8660254037844387,-0.4999999999999998
2024-05-07 09:00:00,14236.459,18.4,0.7071067811865476,-0.7071067811865475
2024-05-07 10:00:00,14556.665,19.2,0.4999999999999999,-0.8660254037844387
2024-05-07 11:00:00,15043.06,21.5,0.258819045102521,-0.9659258262890682
2024-05-07 12:00:00,15536.631,22.5,1.2246467991473532e-16,-1.0
2024-05-07 13:00:00,15920.081,24.1,-0.2588190451025208,-0.9659258262890684
2024-05-07 14:00:00,16101.269,25.2,-0.4999999999999998,-0.8660254037844388
2024-05-07 15:00:00,15967.499,24.9,-0.7071067811865471,-0.7071067811865479
2024-05-07 16:00:00,15968.736,24.0,-0.8660254037844384,-0.5000000000000004
2024-05-07 17:00:00,16135.25,24.6,-0.9659258262890684,-0.2588190451025206
2024-05-07 18:00:00,16135.63,24.4,-1.0,-1.8369701987210294e-16
2024-05-07 19:00:00,15956.902,23.4,-0.9659258262890684,0.2588190451025203
2024-05-07 20:00:00,15812.358,21.3,-0.8660254037844386,0.5000000000000001
2024-05-07 21:00:00,15535.115,19.2,-0.7071067811865477,0.7071067811865474
2024-05-07 22:00:00,14603.091,19.2,-0.5000000000000004,0.8660254037844384
2024-05-07 23:00:00,13639.144,19.4,-0.2588190451025215,0.965925826289068
2024-05-08 00:00:00,13003.053,19.5,0.0,1.0
2024-05-08 01:00:00,12528.239,19.2,0.2588190451025207,0.9659258262890684
2024-05-08 02:00:00,12231.516,18.2,0.4999999999999999,0.8660254037844387
2024-05-08 03:00:00,12008.006,17.9,0.7071067811865475,0.7071067811865476
2024-05-08 04:00:00,11944.768,17.6,0.8660254037844386,0.5000000000000001
2024-05-08 05:00:00,12559.186,17.1,0.9659258262890684,0.2588190451025207
2024-05-08 06:00:00,13348.454,16.5,1.0,6.123233995736766e-17
2024-05-08 07:00:00,13834.59,16.6,0.9659258262890684,-0.2588190451025206
2024-05-08 08:00:00,14294.953,17.9,0.8660254037844387,-0.4999999999999998
2024-05-08 09:00:00,14517.579000000002,19.1,0.7071067811865476,-0.7071067811865475
2024-05-08 10:00:00,14972.378,21.1,0.4999999999999999,-0.8660254037844387
2024-05-08 11:00:00,15465.933,23.1,0.258819045102521,-0.9659258262890682
2024-05-08 12:00:00,15933.776,24.6,1.2246467991473532e-16,-1.0
2024-05-08 13:00:00,16298.876,25.6,-0.2588190451025208,-0.9659258262890684
2024-05-08 14:00:00,16546.487999999998,26.0,-0.4999999999999998,-0.8660254037844388
2024-05-08 15:00:00,16667.017,26.4,-0.7071067811865471,-0.7071067811865479
2024-05-08 16:00:00,17031.237999999998,26.4,-0.8660254037844384,-0.5000000000000004
2024-05-08 17:00:00,16980.324,26.2,-0.9659258262890684,-0.2588190451025206
2024-05-08 18:00:00,16684.734,25.8,-1.0,-1.8369701987210294e-16
2024-05-08 19:00:00,16275.608,24.8,-0.9659258262890684,0.2588190451025203
2024-05-08 20:00:00,16020.893,22.2,-0.8660254037844386,0.5000000000000001
2024-05-08 21:00:00,15579.667,19.9,-0.7071067811865477,0.7071067811865474
2024-05-08 22:00:00,14628.673,20.0,-0.5000000000000004,0.8660254037844384
2024-05-08 23:00:00,13624.801,18.9,-0.2588190451025215,0.965925826289068
2024-05-09 00:00:00,12823.555,18.0,0.0,1.0
2024-05-09 01:00:00,12326.503,17.8,0.2588190451025207,0.9659258262890684
2024-05-09 02:00:00,12016.65,18.1,0.4999999999999999,0.8660254037844387
2024-05-09 03:00:00,11749.346,16.8,0.7071067811865475,0.7071067811865476
2024-05-09 04:00:00,11886.802,16.6,0.8660254037844386,0.5000000000000001
2024-05-09 05:00:00,12423.595,16.7,0.9659258262890684,0.2588190451025207
2024-05-09 06:00:00,13216.141,16.1,1.0,6.123233995736766e-17
2024-05-09 07:00:00,13718.437,15.9,0.9659258262890684,-0.2588190451025206
2024-05-09 08:00:00,14098.287,16.0,0.8660254037844387,-0.4999999999999998
2024-05-09 09:00:00,14216.322,17.0,0.7071067811865476,-0.7071067811865475
2024-05-09 10:00:00,14545.019,18.7,0.4999999999999999,-0.8660254037844387
2024-05-09 11:00:00,14731.518,19.9,0.258819045102521,-0.9659258262890682
2024-05-09 12:00:00,15042.086,21.0,1.2246467991473532e-16,-1.0
2024-05-09 13:00:00,15310.989,22.3,-0.2588190451025208,-0.9659258262890684
2024-05-09 14:00:00,15272.313,22.6,-0.4999999999999998,-0.8660254037844388
2024-05-09 15:00:00,15321.951,23.5,-0.7071067811865471,-0.7071067811865479
2024-05-09 16:00:00,15275.646,19.9,-0.8660254037844384,-0.5000000000000004
2024-05-09 17:00:00,15298.833,20.5,-0.9659258262890684,-0.2588190451025206
2024-05-09 18:00:00,15057.218,18.9,-1.0,-1.8369701987210294e-16
2024-05-09 19:00:00,14932.468,17.0,-0.9659258262890684,0.2588190451025203
2024-05-09 20:00:00,14699.629,16.4,-0.8660254037844386,0.5000000000000001
2024-05-09 21:00:00,14469.107,14.2,-0.7071067811865477,0.7071067811865474
2024-05-09 22:00:00,13556.55,13.6,-0.5000000000000004,0.8660254037844384
2024-05-09 23:00:00,12724.009,13.0,-0.2588190451025215,0.965925826289068
2024-05-10 00:00:00,12218.199,12.7,0.0,1.0
2024-05-10 01:00:00,11804.997,12.1,0.2588190451025207,0.9659258262890684
2024-05-10 02:00:00,11557.842,11.7,0.4999999999999999,0.8660254037844387
2024-05-10 03:00:00,11405.643,11.6,0.7071067811865475,0.7071067811865476
2024-05-10 04:00:00,11630.132,11.4,0.8660254037844386,0.5000000000000001
2024-05-10 05:00:00,12030.155,11.4,0.9659258262890684,0.2588190451025207
2024-05-10 06:00:00,12780.839,11.3,1.0,6.123233995736766e-17
2024-05-10 07:00:00,13265.554,11.1,0.9659258262890684,-0.2588190451025206
2024-05-10 08:00:00,13538.453,11.5,0.8660254037844387,-0.4999999999999998
2024-05-10 09:00:00,13497.545,12.1,0.7071067811865476,-0.7071067811865475
2024-05-10 10:00:00,13604.836,13.5,0.4999999999999999,-0.8660254037844387
2024-05-10 11:00:00,13760.42,15.4,0.258819045102521,-0.9659258262890682
2024-05-10 12:00:00,13765.612,16.5,1.2246467991473532e-16,-1.0
2024-05-10 13:00:00,13862.914,17.1,-0.2588190451025208,-0.9659258262890684
2024-05-10 14:00:00,13782.039,17.8,-0.4999999999999998,-0.8660254037844388
2024-05-10 15:00:00,13615.631,17.7,-0.7071067811865471,-0.7071067811865479
2024-05-10 16:00:00,13606.015,17.8,-0.8660254037844384,-0.5000000000000004
2024-05-10 17:00:00,13588.16,17.9,-0.9659258262890684,-0.2588190451025206
2024-05-10 18:00:00,13383.744,17.6,-1.0,-1.8369701987210294e-16
2024-05-10 19:00:00,13275.788,16.5,-0.9659258262890684,0.2588190451025203
2024-05-10 20:00:00,13232.858,15.1,-0.8660254037844386,0.5000000000000001
2024-05-10 21:00:00,13208.571,14.0,-0.7071067811865477,0.7071067811865474
2024-05-10 22:00:00,12610.095,13.6,-0.5000000000000004,0.8660254037844384
2024-05-10 23:00:00,12058.315,12.6,-0.2588190451025215,0.965925826289068
2024-05-11 00:00:00,11606.956,9.4,0.0,1.0
2024-05-11 01:00:00,11223.234,8.7,0.2588190451025207,0.9659258262890684
2024-05-11 02:00:00,11011.775,8.4,0.4999999999999999,0.8660254037844387
2024-05-11 03:00:00,10987.672,8.4,0.7071067811865475,0.7071067811865476
2024-05-11 04:00:00,11084.051,8.5,0.8660254037844386,0.5000000000000001
2024-05-11 05:00:00,11186.64,8.9,0.9659258262890684,0.2588190451025207
2024-05-11 06:00:00,11527.723,9.1,1.0,6.123233995736766e-17
2024-05-11 07:00:00,11769.484,9.7,0.9659258262890684,-0.2588190451025206
2024-05-11 08:00:00,12065.551,11.1,0.8660254037844387,-0.4999999999999998
2024-05-11 09:00:00,12401.239,13.6,0.7071067811865476,-0.7071067811865475
2024-05-11 10:00:00,12668.791,12.6,0.4999999999999999,-0.8660254037844387
2024-05-11 11:00:00,12699.444,13.6,0.258819045102521,-0.9659258262890682
2024-05-11 12:00:00,12636.315,16.0,1.2246467991473532e-16,-1.0
2024-05-11 13:00:00,12624.348,17.5,-0.2588190451025208,-0.9659258262890684
2024-05-11 14:00:00,12477.813,18.2,-0.4999999999999998,-0.8660254037844388
2024-05-11 15:00:00,12418.285,18.6,-0.7071067811865471,-0.7071067811865479
2024-05-11 16:00:00,12503.285,19.1,-0.8660254037844384,-0.5000000000000004
2024-05-11 17:00:00,12536.442,18.0,-0.9659258262890684,-0.2588190451025206
2024-05-11 18:00:00,12531.812999999998,17.5,-1.0,-1.8369701987210294e-16
2024-05-11 19:00:00,12407.531,16.7,-0.9659258262890684,0.2588190451025203
2024-05-11 20:00:00,12481.831,15.6,-0.8660254037844386,0.5000000000000001
2024-05-11 21:00:00,12495.467,13.9,-0.7071067811865477,0.7071067811865474
2024-05-11 22:00:00,12066.444,13.1,-0.5000000000000004,0.8660254037844384
2024-05-11 23:00:00,11547.447,12.1,-0.2588190451025215,0.965925826289068
2024-05-12 00:00:00,11206.867,11.2,0.0,1.0
2024-05-12 01:00:00,10897.505,10.2,0.2588190451025207,0.9659258262890684
2024-05-12 02:00:00,10751.137,9.4,0.4999999999999999,0.8660254037844387
2024-05-12 03:00:00,10720.925,8.9,0.7071067811865475,0.7071067811865476
2024-05-12 04:00:00,10791.418,8.4,0.8660254037844386,0.5000000000000001
2024-05-12 05:00:00,10884.048,7.8,0.9659258262890684,0.2588190451025207
2024-05-12 06:00:00,11063.65,7.3,1.0,6.123233995736766e-17
2024-05-12 07:00:00,11400.095,7.5,0.9659258262890684,-0.2588190451025206
2024-05-12 08:00:00,11697.248,9.6,0.8660254037844387,-0.4999999999999998
2024-05-12 09:00:00,11925.289,12.4,0.7071067811865476,-0.7071067811865475
2024-05-12 10:00:00,11952.886,14.4,0.4999999999999999,-0.8660254037844387
2024-05-12 11:00:00,11919.178,16.1,0.258819045102521,-0.9659258262890682
2024-05-12 12:00:00,12070.074,17.6,1.2246467991473532e-16,-1.0
2024-05-12 13:00:00,12113.139,18.9,-0.2588190451025208,-0.9659258262890684
2024-05-12 14:00:00,11992.002,19.5,-0.4999999999999998,-0.8660254037844388
2024-05-12 15:00:00,12189.821,20.1,-0.7071067811865471,-0.7071067811865479
2024-05-12 16:00:00,12489.319,20.5,-0.8660254037844384,-0.5000000000000004
2024-05-12 17:00:00,12962.933,20.5,-0.9659258262890684,-0.2588190451025206
2024-05-12 18:00:00,13170.044,20.5,-1.0,-1.8369701987210294e-16
2024-05-12 19:00:00,13240.658,20.0,-0.9659258262890684,0.2588190451025203
2024-05-12 20:00:00,13374.299,18.1,-0.8660254037844386,0.5000000000000001
2024-05-12 21:00:00,13434.891,15.8,-0.7071067811865477,0.7071067811865474
2024-05-12 22:00:00,12737.769,15.0,-0.5000000000000004,0.8660254037844384
2024-05-12 23:00:00,12113.352,14.1,-0.2588190451025215,0.965925826289068
2024-05-13 00:00:00,11642.115,13.1,0.0,1.0
2024-05-13 01:00:00,11446.275,12.7,0.2588190451025207,0.9659258262890684
2024-05-13 02:00:00,11272.993,12.4,0.4999999999999999,0.8660254037844387
2024-05-13 03:00:00,11216.678,11.8,0.7071067811865475,0.7071067811865476
2024-05-13 04:00:00,11541.477,11.4,0.8660254037844386,0.5000000000000001
2024-05-13 05:00:00,12124.863,11.1,0.9659258262890684,0.2588190451025207
2024-05-13 06:00:00,12891.52,10.6,1.0,6.123233995736766e-17
2024-05-13 07:00:00,13464.82,11.1,0.9659258262890684,-0.2588190451025206
2024-05-13 08:00:00,13651.769,13.1,0.8660254037844387,-0.4999999999999998
2024-05-13 09:00:00,13772.412,16.0,0.7071067811865476,-0.7071067811865475
2024-05-13 10:00:00,14004.755,18.4,0.4999999999999999,-0.8660254037844387
2024-05-13 11:00:00,14263.292,20.9,0.258819045102521,-0.9659258262890682
2024-05-13 12:00:00,14550.197,23.0,1.2246467991473532e-16,-1.0
2024-05-13 13:00:00,14812.194,24.0,-0.2588190451025208,-0.9659258262890684
2024-05-13 14:00:00,15035.182,24.2,-0.4999999999999998,-0.8660254037844388
2024-05-13 15:00:00,15218.53,24.5,-0.7071067811865471,-0.7071067811865479
2024-05-13 16:00:00,15394.698,24.5,-0.8660254037844384,-0.5000000000000004
2024-05-13 17:00:00,15387.001,24.4,-0.9659258262890684,-0.2588190451025206
2024-05-13 18:00:00,15341.031,23.9,-1.0,-1.8369701987210294e-16
2024-05-13 19:00:00,15225.674,23.1,-0.9659258262890684,0.2588190451025203
2024-05-13 20:00:00,15096.699,20.6,-0.8660254037844386,0.5000000000000001
2024-05-13 21:00:00,14953.296,18.1,-0.7071067811865477,0.7071067811865474
2024-05-13 22:00:00,13990.938,17.9,-0.5000000000000004,0.8660254037844384
2024-05-13 23:00:00,13081.69,17.4,-0.2588190451025215,0.965925826289068
2024-05-14 00:00:00,12393.357,15.8,0.0,1.0
2024-05-14 01:00:00,11986.443,15.1,0.2588190451025207,0.9659258262890684
2024-05-14 02:00:00,11730.012,15.0,0.4999999999999999,0.8660254037844387
2024-05-14 03:00:00,11608.124,14.3,0.7071067811865475,0.7071067811865476
2024-05-14 04:00:00,11791.664,14.6,0.8660254037844386,0.5000000000000001
2024-05-14 05:00:00,12228.071,14.9,0.9659258262890684,0.2588190451025207
2024-05-14 06:00:00,13079.192,14.4,1.0,6.123233995736766e-17
2024-05-14 07:00:00,13496.184,14.4,0.9659258262890684,-0.2588190451025206
2024-05-14 08:00:00,13782.402,14.6,0.8660254037844387,-0.4999999999999998
2024-05-14 09:00:00,14172.085,16.0,0.7071067811865476,-0.7071067811865475
2024-05-14 10:00:00,14254.689,17.4,0.4999999999999999,-0.8660254037844387
2024-05-14 11:00:00,14394.65,18.0,0.258819045102521,-0.9659258262890682
2024-05-14 12:00:00,14621.678,19.2,1.2246467991473532e-16,-1.0
2024-05-14 13:00:00,14712.942,20.0,-0.2588190451025208,-0.9659258262890684
2024-05-14 14:00:00,14624.352,20.6,-0.4999999999999998,-0.8660254037844388
2024-05-14 15:00:00,14618.854,21.3,-0.7071067811865471,-0.7071067811865479
2024-05-14 16:00:00,14647.24,21.5,-0.8660254037844384,-0.5000000000000004
2024-05-14 17:00:00,14610.97,21.5,-0.9659258262890684,-0.2588190451025206
2024-05-14 18:00:00,14539.125,21.2,-1.0,-1.8369701987210294e-16
2024-05-14 19:00:00,14435.697,20.9,-0.9659258262890684,0.2588190451025203
2024-05-14 20:00:00,14549.932,19.6,-0.8660254037844386,0.5000000000000001
2024-05-14 21:00:00,14418.465,17.1,-0.7071067811865477,0.7071067811865474
2024-05-14 22:00:00,13727.842,17.0,-0.5000000000000004,0.8660254037844384
2024-05-14 23:00:00,12862.524,16.6,-0.2588190451025215,0.965925826289068
2024-05-15 00:00:00,12287.55,16.4,0.0,1.0
2024-05-15 01:00:00,11844.204,15.6,0.2588190451025207,0.9659258262890684
2024-05-15 02:00:00,11661.127,15.4,0.4999999999999999,0.8660254037844387
2024-05-15 03:00:00,11636.591,15.9,0.7071067811865475,0.7071067811865476
2024-05-15 04:00:00,11817.713,15.9,0.8660254037844386,0.5000000000000001
2024-05-15 05:00:00,12244.972,15.6,0.9659258262890684,0.2588190451025207
2024-05-15 06:00:00,13202.991,15.4,1.0,6.123233995736766e-17
2024-05-15 07:00:00,13760.716,15.6,0.9659258262890684,-0.2588190451025206
2024-05-15 08:00:00,14061.843,16.4,0.8660254037844387,-0.4999999999999998
2024-05-15 09:00:00,14137.118,17.0,0.7071067811865476,-0.7071067811865475
2024-05-15 10:00:00,14381.793,18.0,0.4999999999999999,-0.8660254037844387
2024-05-15 11:00:00,14493.35,18.9,0.258819045102521,-0.9659258262890682
2024-05-15 12:00:00,14618.303,20.8,1.2246467991473532e-16,-1.0
2024-05-15 13:00:00,14730.039,19.0,-0.2588190451025208,-0.9659258262890684
2024-05-15 14:00:00,14686.338,21.1,-0.4999999999999998,-0.8660254037844388
2024-05-15 15:00:00,14857.625,22.7,-0.7071067811865471,-0.7071067811865479
2024-05-15 16:00:00,14864.441,24.3,-0.8660254037844384,-0.5000000000000004
2024-05-15 17:00:00,14979.593,21.6,-0.9659258262890684,-0.2588190451025206
2024-05-15 18:00:00,14899.624,19.9,-1.0,-1.8369701987210294e-16
2024-05-15 19:00:00,14786.327,20.1,-0.9659258262890684,0.2588190451025203
2024-05-15 20:00:00,14683.041,19.2,-0.8660254037844386,0.5000000000000001
2024-05-15 21:00:00,14643.93,16.9,-0.7071067811865477,0.7071067811865474
2024-05-15 22:00:00,13759.276999999998,16.7,-0.5000000000000004,0.8660254037844384
2024-05-15 23:00:00,12820.034,16.7,-0.2588190451025215,0.965925826289068
2024-05-16 00:00:00,12223.954,16.3,0.0,1.0
2024-05-16 01:00:00,11823.367,15.6,0.2588190451025207,0.9659258262890684
2024-05-16 02:00:00,11669.818,15.1,0.4999999999999999,0.8660254037844387
2024-05-16 03:00:00,11479.014,14.5,0.7071067811865475,0.7071067811865476
2024-05-16 04:00:00,11645.961,14.1,0.8660254037844386,0.5000000000000001
2024-05-16 05:00:00,12086.114,13.6,0.9659258262890684,0.2588190451025207
2024-05-16 06:00:00,12815.484,12.9,1.0,6.123233995736766e-17
2024-05-16 07:00:00,13313.787,13.2,0.9659258262890684,-0.2588190451025206
2024-05-16 08:00:00,13552.738,14.5,0.8660254037844387,-0.4999999999999998
2024-05-16 09:00:00,13700.188,16.6,0.7071067811865476,-0.7071067811865475
2024-05-16 10:00:00,14108.557,18.5,0.4999999999999999,-0.8660254037844387
2024-05-16 11:00:00,14439.933,20.5,0.258819045102521,-0.9659258262890682
2024-05-16 12:00:00,14779.584,22.1,1.2246467991473532e-16,-1.0
2024-05-16 13:00:00,15180.189,23.2,-0.2588190451025208,-0.9659258262890684
2024-05-16 14:00:00,15446.702,24.1,-0.4999999999999998,-0.8660254037844388
2024-05-16 15:00:00,15579.547,24.5,-0.7071067811865471,-0.7071067811865479
2024-05-16 16:00:00,15893.502,24.8,-0.8660254037844384,-0.5000000000000004
2024-05-16 17:00:00,16004.51,24.8,-0.9659258262890684,-0.2588190451025206
2024-05-16 18:00:00,15893.199,24.4,-1.0,-1.8369701987210294e-16
2024-05-16 19:00:00,15633.796,23.9,-0.9659258262890684,0.2588190451025203
2024-05-16 20:00:00,15453.401999999998,22.7,-0.8660254037844386,0.5000000000000001
2024-05-16 21:00:00,15232.248,18.5,-0.7071067811865477,0.7071067811865474
2024-05-16 22:00:00,14247.96,16.9,-0.5000000000000004,0.8660254037844384
2024-05-16 23:00:00,13320.674,17.8,-0.2588190451025215,0.965925826289068
2024-05-17 00:00:00,12701.074,17.8,0.0,1.0
2024-05-17 01:00:00,12129.361,17.8,0.2588190451025207,0.9659258262890684
2024-05-17 02:00:00,11996.339,18.0,0.4999999999999999,0.8660254037844387
2024-05-17 03:00:00,11911.931,17.5,0.7071067811865475,0.7071067811865476
2024-05-17 04:00:00,12013.184,16.9,0.8660254037844386,0.5000000000000001
2024-05-17 05:00:00,12377.966,17.0,0.9659258262890684,0.2588190451025207
2024-05-17 06:00:00,13161.418,17.0,1.0,6.123233995736766e-17
2024-05-17 07:00:00,13792.603,16.6,0.9659258262890684,-0.2588190451025206
2024-05-17 08:00:00,14089.213,16.7,0.8660254037844387,-0.4999999999999998
2024-05-17 09:00:00,14315.816,17.9,0.7071067811865476,-0.7071067811865475
2024-05-17 10:00:00,14523.678,18.0,0.4999999999999999,-0.8660254037844387
2024-05-17 11:00:00,14558.246,18.2,0.258819045102521,-0.9659258262890682
2024-05-17 12:00:00,14691.353,19.8,1.2246467991473532e-16,-1.0
2024-05-17 13:00:00,14895.339,21.4,-0.2588190451025208,-0.9659258262890684
2024-05-17 14:00:00,14866.648,22.6,-0.4999999999999998,-0.8660254037844388
2024-05-17 15:00:00,14754.509,21.2,-0.7071067811865471,-0.7071067811865479
2024-05-17 16:00:00,14945.812999999998,22.2,-0.8660254037844384,-0.5000000000000004
2024-05-17 17:00:00,14923.951,22.8,-0.9659258262890684,-0.2588190451025206
2024-05-17 18:00:00,14815.998,22.0,-1.0,-1.8369701987210294e-16
2024-05-17 19:00:00,14605.207,21.2,-0.9659258262890684,0.2588190451025203
2024-05-17 20:00:00,14549.502,20.4,-0.8660254037844386,0.5000000000000001
2024-05-17 21:00:00,14410.524,18.1,-0.7071067811865477,0.7071067811865474
2024-05-17 22:00:00,13792.038,17.5,-0.5000000000000004,0.8660254037844384
2024-05-17 23:00:00,13022.633,16.7,-0.2588190451025215,0.965925826289068
2024-05-18 00:00:00,12350.994,16.5,0.0,1.0
2024-05-18 01:00:00,11851.899,16.1,0.2588190451025207,0.9659258262890684
2024-05-18 02:00:00,11525.414,15.8,0.4999999999999999,0.8660254037844387
2024-05-18 03:00:00,11369.323,15.2,0.7071067811865475,0.7071067811865476
2024-05-18 04:00:00,11317.366,14.6,0.8660254037844386,0.5000000000000001
2024-05-18 05:00:00,11345.096,15.4,0.9659258262890684,0.2588190451025207
2024-05-18 06:00:00,11512.114,14.6,1.0,6.123233995736766e-17
2024-05-18 07:00:00,11910.670999999998,14.5,0.9659258262890684,-0.2588190451025206
2024-05-18 08:00:00,12542.053,15.3,0.8660254037844387,-0.4999999999999998
2024-05-18 09:00:00,12997.873,17.5,0.7071067811865476,-0.7071067811865475
2024-05-18 10:00:00,13512.824,19.6,0.4999999999999999,-0.8660254037844387
2024-05-18 11:00:00,13926.375,21.9,0.258819045102521,-0.9659258262890682
2024-05-18 12:00:00,14314.133000000002,23.4,1.2246467991473532e-16,-1.0
2024-05-18 13:00:00,14593.853,24.5,-0.2588190451025208,-0.9659258262890684
2024-05-18 14:00:00,14967.252,25.0,-0.4999999999999998,-0.8660254037844388
2024-05-18 15:00:00,15320.524,25.6,-0.7071067811865471,-0.7071067811865479
2024-05-18 16:00:00,15567.731,25.9,-0.8660254037844384,-0.5000000000000004
2024-05-18 17:00:00,15771.325,26.0,-0.9659258262890684,-0.2588190451025206
2024-05-18 18:00:00,15749.4,25.6,-1.0,-1.8369701987210294e-16
2024-05-18 19:00:00,15467.375,24.7,-0.9659258262890684,0.2588190451025203
2024-05-18 20:00:00,15009.756,22.8,-0.8660254037844386,0.5000000000000001
2024-05-18 21:00:00,14726.978,20.2,-0.7071067811865477,0.7071067811865474
2024-05-18 22:00:00,13957.925,18.7,-0.5000000000000004,0.8660254037844384
2024-05-18 23:00:00,13090.532,18.6,-0.2588190451025215,0.965925826289068
2024-05-19 00:00:00,12254.694,16.9,0.0,1.0
2024-05-19 01:00:00,11720.081,16.9,0.2588190451025207,0.9659258262890684
2024-05-19 02:00:00,11406.522,15.6,0.4999999999999999,0.8660254037844387
2024-05-19 03:00:00,11155.163,15.6,0.7071067811865475,0.7071067811865476
2024-05-19 04:00:00,10986.771,15.2,0.8660254037844386,0.5000000000000001
2024-05-19 05:00:00,11041.923,14.2,0.9659258262890684,0.2588190451025207
2024-05-19 06:00:00,11060.322,13.4,1.0,6.123233995736766e-17
2024-05-19 07:00:00,11487.447,14.6,0.9659258262890684,-0.2588190451025206
2024-05-19 08:00:00,12193.589,16.7,0.8660254037844387,-0.4999999999999998
2024-05-19 09:00:00,12964.575,20.0,0.7071067811865476,-0.7071067811865475
2024-05-19 10:00:00,13637.987,22.7,0.4999999999999999,-0.8660254037844387
2024-05-19 11:00:00,14322.009,25.1,0.258819045102521,-0.9659258262890682
2024-05-19 12:00:00,14899.695,26.8,1.2246467991473532e-16,-1.0
2024-05-19 13:00:00,15452.246,27.7,-0.2588190451025208,-0.9659258262890684
2024-05-19 14:00:00,15867.195,28.4,-0.4999999999999998,-0.8660254037844388
2024-05-19 15:00:00,16321.422,28.8,-0.7071067811865471,-0.7071067811865479
2024-05-19 16:00:00,16875.273999999998,28.9,-0.8660254037844384,-0.5000000000000004
2024-05-19 17:00:00,17195.34,28.7,-0.9659258262890684,-0.2588190451025206
2024-05-19 18:00:00,17173.153,28.4,-1.0,-1.8369701987210294e-16
2024-05-19 19:00:00,16951.131,27.6,-0.9659258262890684,0.2588190451025203
2024-05-19 20:00:00,16457.127,24.6,-0.8660254037844386,0.5000000000000001
2024-05-19 21:00:00,15977.305,21.4,-0.7071067811865477,0.7071067811865474
2024-05-19 22:00:00,14817.429,19.2,-0.5000000000000004,0.8660254037844384
2024-05-19 23:00:00,13784.35,18.6,-0.2588190451025215,0.965925826289068
2024-05-20 00:00:00,12965.828,17.5,0.0,1.0
2024-05-20 01:00:00,12419.740999999998,17.5,0.2588190451025207,0.9659258262890684
2024-05-20 02:00:00,11926.403,16.4,0.4999999999999999,0.8660254037844387
2024-05-20 03:00:00,11749.568,15.6,0.7071067811865475,0.7071067811865476
2024-05-20 04:00:00,11875.964,16.5,0.8660254037844386,0.5000000000000001
2024-05-20 05:00:00,12380.136,14.9,0.9659258262890684,0.2588190451025207
2024-05-20 06:00:00,13155.386,15.1,1.0,6.123233995736766e-17
2024-05-20 07:00:00,13887.193,15.9,0.9659258262890684,-0.2588190451025206
2024-05-20 08:00:00,14479.653,18.1,0.8660254037844387,-0.4999999999999998
2024-05-20 09:00:00,15077.965,21.0,0.7071067811865476,-0.7071067811865475
2024-05-20 10:00:00,15918.807,23.5,0.4999999999999999,-0.8660254037844387
2024-05-20 11:00:00,16788.72,25.8,0.258819045102521,-0.9659258262890682
2024-05-20 12:00:00,17530.424,27.6,1.2246467991473532e-16,-1.0
2024-05-20 13:00:00,18202.75,28.6,-0.2588190451025208,-0.9659258262890684
2024-05-20 14:00:00,18652.884,29.0,-0.4999999999999998,-0.8660254037844388
2024-05-20 15:00:00,18906.788,29.2,-0.7071067811865471,-0.7071067811865479
2024-05-20 16:00:00,19315.19,28.8,-0.8660254037844384,-0.5000000000000004
2024-05-20 17:00:00,19376.783,28.1,-0.9659258262890684,-0.2588190451025206
2024-05-20 18:00:00,19196.201999999997,28.2,-1.0,-1.8369701987210294e-16
2024-05-20 19:00:00,18609.101,27.4,-0.9659258262890684,0.2588190451025203
2024-05-20 20:00:00,17854.588,25.0,-0.8660254037844386,0.5000000000000001
2024-05-20 21:00:00,17177.493,22.6,-0.7071067811865477,0.7071067811865474
2024-05-20 22:00:00,15963.97,23.1,-0.5000000000000004,0.8660254037844384
2024-05-20 23:00:00,14641.240000000002,21.8,-0.2588190451025215,0.965925826289068
2024-05-21 00:00:00,13758.239,20.4,0.0,1.0
2024-05-21 01:00:00,13072.429,19.1,0.2588190451025207,0.9659258262890684
2024-05-21 02:00:00,12601.793,18.4,0.4999999999999999,0.8660254037844387
2024-05-21 03:00:00,12337.402999999998,17.3,0.7071067811865475,0.7071067811865476
2024-05-21 04:00:00,12406.397,16.5,0.8660254037844386,0.5000000000000001
2024-05-21 05:00:00,12837.913,17.5,0.9659258262890684,0.2588190451025207
2024-05-21 06:00:00,13517.591,16.1,1.0,6.123233995736766e-17
2024-05-21 07:00:00,14171.043,16.9,0.9659258262890684,-0.2588190451025206
2024-05-21 08:00:00,14699.817,18.9,0.8660254037844387,-0.4999999999999998
2024-05-21 09:00:00,15281.002,21.8,0.7071067811865476,-0.7071067811865475
2024-05-21 10:00:00,16340.355,23.9,0.4999999999999999,-0.8660254037844387
2024-05-21 11:00:00,17106.692,25.8,0.258819045102521,-0.9659258262890682
2024-05-21 12:00:00,18031.717,27.7,1.2246467991473532e-16,-1.0
2024-05-21 13:00:00,18637.559,28.5,-0.2588190451025208,-0.9659258262890684
2024-05-21 14:00:00,19141.695,29.0,-0.4999999999999998,-0.8660254037844388
2024-05-21 15:00:00,19524.71,28.9,-0.7071067811865471,-0.7071067811865479
2024-05-21 16:00:00,19746.418,28.6,-0.8660254037844384,-0.5000000000000004
2024-05-21 17:00:00,19970.504,28.2,-0.9659258262890684,-0.2588190451025206
2024-05-21 18:00:00,19812.489,26.6,-1.0,-1.8369701987210294e-16
2024-05-21 19:00:00,19310.708,26.3,-0.9659258262890684,0.2588190451025203
2024-05-21 20:00:00,18717.764000000003,25.0,-0.8660254037844386,0.5000000000000001
2024-05-21 21:00:00,18169.718,23.0,-0.7071067811865477,0.7071067811865474
2024-05-21 22:00:00,16912.671,22.8,-0.5000000000000004,0.8660254037844384
2024-05-21 23:00:00,15610.096,22.4,-0.2588190451025215,0.965925826289068
2024-05-22 00:00:00,14626.372,21.9,0.0,1.0
2024-05-22 01:00:00,13935.85,21.0,0.2588190451025207,0.9659258262890684
2024-05-22 02:00:00,13501.367,20.6,0.4999999999999999,0.8660254037844387
2024-05-22 03:00:00,13162.412,20.1,0.7071067811865475,0.7071067811865476
2024-05-22 04:00:00,13189.259999999998,20.0,0.8660254037844386,0.5000000000000001
2024-05-22 05:00:00,13619.258,19.6,0.9659258262890684,0.2588190451025207
2024-05-22 06:00:00,14260.727,19.4,1.0,6.123233995736766e-17
2024-05-22 07:00:00,15096.247,20.0,0.9659258262890684,-0.2588190451025206
2024-05-22 08:00:00,15577.548,21.2,0.8660254037844387,-0.4999999999999998
2024-05-22 09:00:00,16018.466,21.8,0.7071067811865476,-0.7071067811865475
2024-05-22 10:00:00,16346.704999999998,20.5,0.4999999999999999,-0.8660254037844387
2024-05-22 11:00:00,16889.3,21.1,0.258819045102521,-0.9659258262890682
2024-05-22 12:00:00,17471.995,23.0,1.2246467991473532e-16,-1.0
2024-05-22 13:00:00,17943.217,25.4,-0.2588190451025208,-0.9659258262890684
2024-05-22 14:00:00,18266.798000000003,25.9,-0.4999999999999998,-0.8660254037844388
2024-05-22 15:00:00,18462.638,27.4,-0.7071067811865471,-0.7071067811865479
2024-05-22 16:00:00,18694.164,27.5,-0.8660254037844384,-0.5000000000000004
2024-05-22 17:00:00,18616.178,27.8,-0.9659258262890684,-0.2588190451025206
2024-05-22 18:00:00,18469.787,27.1,-1.0,-1.8369701987210294e-16
2024-05-22 19:00:00,17988.005,25.6,-0.9659258262890684,0.2588190451025203
2024-05-22 20:00:00,17500.411,24.9,-0.8660254037844386,0.5000000000000001
2024-05-22 21:00:00,16897.458,21.0,-0.7071067811865477,0.7071067811865474
2024-05-22 22:00:00,15816.649,21.4,-0.5000000000000004,0.8660254037844384
2024-05-22 23:00:00,14630.657,21.6,-0.2588190451025215,0.965925826289068
2024-05-23 00:00:00,13712.793,21.6,0.0,1.0
2024-05-23 01:00:00,13112.55,20.6,0.2588190451025207,0.9659258262890684
2024-05-23 02:00:00,12683.295,19.2,0.4999999999999999,0.8660254037844387
2024-05-23 03:00:00,12312.677,18.5,0.7071067811865475,0.7071067811865476
2024-05-23 04:00:00,12355.11,17.7,0.8660254037844386,0.5000000000000001
2024-05-23 05:00:00,12668.031,17.0,0.9659258262890684,0.2588190451025207
2024-05-23 06:00:00,13303.558,15.4,1.0,6.123233995736766e-17
2024-05-23 07:00:00,13953.417,16.0,0.9659258262890684,-0.2588190451025206
2024-05-23 08:00:00,14645.813,17.9,0.8660254037844387,-0.4999999999999998
2024-05-23 09:00:00,15041.247,20.2,0.7071067811865476,-0.7071067811865475
2024-05-23 10:00:00,15526.382,22.0,0.4999999999999999,-0.8660254037844387
2024-05-23 11:00:00,15920.218,23.2,0.258819045102521,-0.9659258262890682
2024-05-23 12:00:00,16318.969,23.5,1.2246467991473532e-16,-1.0
2024-05-23 13:00:00,16707.116,24.1,-0.2588190451025208,-0.9659258262890684
2024-05-23 14:00:00,17123.406000000003,25.0,-0.4999999999999998,-0.8660254037844388
2024-05-23 15:00:00,17337.893,25.8,-0.7071067811865471,-0.7071067811865479
2024-05-23 16:00:00,17569.123,25.2,-0.8660254037844384,-0.5000000000000004
2024-05-23 17:00:00,17677.671000000002,23.5,-0.9659258262890684,-0.2588190451025206
2024-05-23 18:00:00,17529.801,24.0,-1.0,-1.8369701987210294e-16
2024-05-23 19:00:00,17091.496,23.5,-0.9659258262890684,0.2588190451025203
2024-05-23 20:00:00,16683.636,22.2,-0.8660254037844386,0.5000000000000001
2024-05-23 21:00:00,16324.299,18.5,-0.7071067811865477,0.7071067811865474
2024-05-23 22:00:00,15339.438000000002,18.3,-0.5000000000000004,0.8660254037844384
2024-05-23 23:00:00,14303.325,17.7,-0.2588190451025215,0.965925826289068
2024-05-24 00:00:00,13509.978,17.4,0.0,1.0
2024-05-24 01:00:00,12871.467,16.4,0.2588190451025207,0.9659258262890684
2024-05-24 02:00:00,12502.028,16.3,0.4999999999999999,0.8660254037844387
2024-05-24 03:00:00,12253.465,16.4,0.7071067811865475,0.7071067811865476
2024-05-24 04:00:00,12174.348,15.6,0.8660254037844386,0.5000000000000001
2024-05-24 05:00:00,12656.273,15.6,0.9659258262890684,0.2588190451025207
2024-05-24 06:00:00,13202.175,15.6,1.0,6.123233995736766e-17
2024-05-24 07:00:00,13920.748,16.0,0.9659258262890684,-0.2588190451025206
2024-05-24 08:00:00,14566.799,17.0,0.8660254037844387,-0.4999999999999998
2024-05-24 09:00:00,15071.035,20.2,0.7071067811865476,-0.7071067811865475
2024-05-24 10:00:00,15645.57,22.0,0.4999999999999999,-0.8660254037844387
2024-05-24 11:00:00,16188.01,23.5,0.258819045102521,-0.9659258262890682
2024-05-24 12:00:00,16846.612999999998,24.4,1.2246467991473532e-16,-1.0
2024-05-24 13:00:00,17406.286,24.9,-0.2588190451025208,-0.9659258262890684
2024-05-24 14:00:00,17951.299,25.7,-0.4999999999999998,-0.8660254037844388
2024-05-24 15:00:00,18045.786,26.2,-0.7071067811865471,-0.7071067811865479
2024-05-24 16:00:00,18382.51,26.8,-0.8660254037844384,-0.5000000000000004
2024-05-24 17:00:00,18278.512,26.8,-0.9659258262890684,-0.2588190451025206
2024-05-24 18:00:00,17868.679,26.9,-1.0,-1.8369701987210294e-16
2024-05-24 19:00:00,17303.792,26.5,-0.9659258262890684,0.2588190451025203
2024-05-24 20:00:00,16554.312,24.8,-0.8660254037844386,0.5000000000000001
2024-05-24 21:00:00,15987.657,23.0,-0.7071067811865477,0.7071067811865474
2024-05-24 22:00:00,14989.984,20.2,-0.5000000000000004,0.8660254037844384
2024-05-24 23:00:00,13805.573,20.1,-0.2588190451025215,0.965925826289068
2024-05-25 00:00:00,12901.177,19.4,0.0,1.0
2024-05-25 01:00:00,12305.862,18.6,0.2588190451025207,0.9659258262890684
2024-05-25 02:00:00,11883.108,18.5,0.4999999999999999,0.8660254037844387
2024-05-25 03:00:00,11673.948,17.8,0.7071067811865475,0.7071067811865476
2024-05-25 04:00:00,11575.239,17.4,0.8660254037844386,0.5000000000000001
2024-05-25 05:00:00,11514.548,17.2,0.9659258262890684,0.2588190451025207
2024-05-25 06:00:00,11591.792,17.2,1.0,6.123233995736766e-17
2024-05-25 07:00:00,11972.573,18.0,0.9659258262890684,-0.2588190451025206
2024-05-25 08:00:00,12577.678,19.5,0.8660254037844387,-0.4999999999999998
2024-05-25 09:00:00,13368.355,22.3,0.7071067811865476,-0.7071067811865475
2024-05-25 10:00:00,14203.807,24.0,0.4999999999999999,-0.8660254037844387
2024-05-25 11:00:00,14962.458,25.2,0.258819045102521,-0.9659258262890682
2024-05-25 12:00:00,15516.891,26.0,1.2246467991473532e-16,-1.0
2024-05-25 13:00:00,15959.201,26.8,-0.2588190451025208,-0.9659258262890684
2024-05-25 14:00:00,16232.723000000002,27.3,-0.4999999999999998,-0.8660254037844388
2024-05-25 15:00:00,16523.96,28.0,-0.7071067811865471,-0.7071067811865479
2024-05-25 16:00:00,16784.008,24.0,-0.8660254037844384,-0.5000000000000004
2024-05-25 17:00:00,16875.483,25.1,-0.9659258262890684,-0.2588190451025206
2024-05-25 18:00:00,16792.129,25.4,-1.0,-1.8369701987210294e-16
2024-05-25 19:00:00,16399.47,25.0,-0.9659258262890684,0.2588190451025203
2024-05-25 20:00:00,15664.104,23.9,-0.8660254037844386,0.5000000000000001
2024-05-25 21:00:00,15187.447,21.3,-0.7071067811865477,0.7071067811865474
2024-05-25 22:00:00,14405.831,20.5,-0.5000000000000004,0.8660254037844384
2024-05-25 23:00:00,13497.534,20.0,-0.2588190451025215,0.965925826289068
2024-05-26 00:00:00,12595.051,19.1,0.0,1.0
2024-05-26 01:00:00,11939.21,18.5,0.2588190451025207,0.9659258262890684
2024-05-26 02:00:00,11506.099,17.4,0.4999999999999999,0.8660254037844387
2024-05-26 03:00:00,11227.577,16.1,0.7071067811865475,0.7071067811865476
2024-05-26 04:00:00,11065.842,15.7,0.8660254037844386,0.5000000000000001
2024-05-26 05:00:00,11109.773,15.1,0.9659258262890684,0.2588190451025207
2024-05-26 06:00:00,11029.975,14.2,1.0,6.123233995736766e-17
2024-05-26 07:00:00,11385.843,15.7,0.9659258262890684,-0.2588190451025206
2024-05-26 08:00:00,12205.897,18.1,0.8660254037844387,-0.4999999999999998
2024-05-26 09:00:00,13121.934,21.5,0.7071067811865476,-0.7071067811865475
2024-05-26 10:00:00,14065.198,23.8,0.4999999999999999,-0.8660254037844387
2024-05-26 11:00:00,14917.566,25.8,0.258819045102521,-0.9659258262890682
2024-05-26 12:00:00,15579.8,26.2,1.2246467991473532e-16,-1.0
2024-05-26 13:00:00,16056.205000000002,25.2,-0.2588190451025208,-0.9659258262890684
2024-05-26 14:00:00,16272.843,26.5,-0.4999999999999998,-0.8660254037844388
2024-05-26 15:00:00,16154.875,26.5,-0.7071067811865471,-0.7071067811865479
2024-05-26 16:00:00,15656.761,21.6,-0.8660254037844384,-0.5000000000000004
2024-05-26 17:00:00,14994.229,20.6,-0.9659258262890684,-0.2588190451025206
2024-05-26 18:00:00,14467.851,20.2,-1.0,-1.8369701987210294e-16
2024-05-26 19:00:00,13921.0,20.5,-0.9659258262890684,0.2588190451025203
2024-05-26 20:00:00,13575.954,20.0,-0.8660254037844386,0.5000000000000001
2024-05-26 21:00:00,13460.395,19.4,-0.7071067811865477,0.7071067811865474
2024-05-26 22:00:00,12925.826,19.1,-0.5000000000000004,0.8660254037844384
2024-05-26 23:00:00,12231.671,19.2,-0.2588190451025215,0.965925826289068
2024-05-27 00:00:00,11689.703,19.4,0.0,1.0
2024-05-27 01:00:00,11385.887,19.0,0.2588190451025207,0.9659258262890684
2024-05-27 02:00:00,11098.638,18.5,0.4999999999999999,0.8660254037844387
2024-05-27 03:00:00,10958.741,18.7,0.7071067811865475,0.7071067811865476
2024-05-27 04:00:00,10958.152999999998,18.6,0.8660254037844386,0.5000000000000001
2024-05-27 05:00:00,10867.343,18.9,0.9659258262890684,0.2588190451025207
2024-05-27 06:00:00,10941.249,19.1,1.0,6.123233995736766e-17
2024-05-27 07:00:00,11198.958,19.8,0.9659258262890684,-0.2588190451025206
2024-05-27 08:00:00,11664.222,20.0,0.8660254037844387,-0.4999999999999998
2024-05-27 09:00:00,12325.305,18.8,0.7071067811865476,-0.7071067811865475
2024-05-27 10:00:00,12825.708,19.8,0.4999999999999999,-0.8660254037844387
2024-05-27 11:00:00,13351.061,21.5,0.258819045102521,-0.9659258262890682
2024-05-27 12:00:00,13745.354,22.8,1.2246467991473532e-16,-1.0
2024-05-27 13:00:00,14012.523,24.2,-0.2588190451025208,-0.9659258262890684
2024-05-27 14:00:00,14302.424,25.2,-0.4999999999999998,-0.8660254037844388
2024-05-27 15:00:00,14566.152,24.8,-0.7071067811865471,-0.7071067811865479
2024-05-27 16:00:00,14832.39,24.8,-0.8660254037844384,-0.5000000000000004
2024-05-27 17:00:00,14989.916,23.5,-0.9659258262890684,-0.2588190451025206
2024-05-27 18:00:00,14859.644,22.3,-1.0,-1.8369701987210294e-16
2024-05-27 19:00:00,14558.678,22.0,-0.9659258262890684,0.2588190451025203
2024-05-27 20:00:00,14249.519,21.1,-0.8660254037844386,0.5000000000000001
2024-05-27 21:00:00,14048.157,19.5,-0.7071067811865477,0.7071067811865474
2024-05-27 22:00:00,13313.696,18.5,-0.5000000000000004,0.8660254037844384
2024-05-27 23:00:00,12505.587,16.0,-0.2588190451025215,0.965925826289068
2024-05-28 00:00:00,11827.698,15.3,0.0,1.0
2024-05-28 01:00:00,11411.329,14.8,0.2588190451025207,0.9659258262890684
2024-05-28 02:00:00,11175.67,14.9,0.4999999999999999,0.8660254037844387
2024-05-28 03:00:00,11072.55,15.1,0.7071067811865475,0.7071067811865476
2024-05-28 04:00:00,11135.637,15.3,0.8660254037844386,0.5000000000000001
2024-05-28 05:00:00,11672.533,14.9,0.9659258262890684,0.2588190451025207
2024-05-28 06:00:00,12347.638,14.2,1.0,6.123233995736766e-17
2024-05-28 07:00:00,13146.172,14.4,0.9659258262890684,-0.2588190451025206
2024-05-28 08:00:00,13663.558,16.0,0.8660254037844387,-0.4999999999999998
2024-05-28 09:00:00,14131.311000000002,18.4,0.7071067811865476,-0.7071067811865475
2024-05-28 10:00:00,14543.054,19.9,0.4999999999999999,-0.8660254037844387
2024-05-28 11:00:00,14977.883,20.9,0.258819045102521,-0.9659258262890682
2024-05-28 12:00:00,15326.851,21.7,1.2246467991473532e-16,-1.0
2024-05-28 13:00:00,15742.615,22.2,-0.2588190451025208,-0.9659258262890684
2024-05-28 14:00:00,15802.269,22.8,-0.4999999999999998,-0.8660254037844388
2024-05-28 15:00:00,15829.866,22.2,-0.7071067811865471,-0.7071067811865479
2024-05-28 16:00:00,15946.864,21.9,-0.8660254037844384,-0.5000000000000004
2024-05-28 17:00:00,15829.389,22.0,-0.9659258262890684,-0.2588190451025206
2024-05-28 18:00:00,15664.569,21.7,-1.0,-1.8369701987210294e-16
2024-05-28 19:00:00,15559.08,21.0,-0.9659258262890684,0.2588190451025203
2024-05-28 20:00:00,15160.091,20.0,-0.8660254037844386,0.5000000000000001
2024-05-28 21:00:00,14921.773,17.1,-0.7071067811865477,0.7071067811865474
2024-05-28 22:00:00,13990.267,15.2,-0.5000000000000004,0.8660254037844384
2024-05-28 23:00:00,13068.296,15.0,-0.2588190451025215,0.965925826289068
2024-05-29 00:00:00,12421.161,13.9,0.0,1.0
2024-05-29 01:00:00,11970.579000000002,14.2,0.2588190451025207,0.9659258262890684
2024-05-29 02:00:00,11542.073,14.0,0.4999999999999999,0.8660254037844387
2024-05-29 03:00:00,11352.594,12.8,0.7071067811865475,0.7071067811865476
2024-05-29 04:00:00,11492.021,12.1,0.8660254037844386,0.5000000000000001
2024-05-29 05:00:00,11940.746,11.6,0.9659258262890684,0.2588190451025207
2024-05-29 06:00:00,12559.518,11.8,1.0,6.123233995736766e-17
2024-05-29 07:00:00,13121.68,12.6,0.9659258262890684,-0.2588190451025206
2024-05-29 08:00:00,13527.515,14.3,0.8660254037844387,-0.4999999999999998
2024-05-29 09:00:00,13733.392,14.6,0.7071067811865476,-0.7071067811865475
2024-05-29 10:00:00,14071.806,15.6,0.4999999999999999,-0.8660254037844387
2024-05-29 11:00:00,14269.974,17.1,0.258819045102521,-0.9659258262890682
2024-05-29 12:00:00,14481.836,17.8,1.2246467991473532e-16,-1.0
2024-05-29 13:00:00,14680.166,17.0,-0.2588190451025208,-0.9659258262890684
2024-05-29 14:00:00,14662.004,18.5,-0.4999999999999998,-0.8660254037844388
2024-05-29 15:00:00,14631.382,19.2,-0.7071067811865471,-0.7071067811865479
2024-05-29 16:00:00,14742.848,18.0,-0.8660254037844384,-0.5000000000000004
2024-05-29 17:00:00,14694.069,19.2,-0.9659258262890684,-0.2588190451025206
2024-05-29 18:00:00,14508.128,18.9,-1.0,-1.8369701987210294e-16
2024-05-29 19:00:00,14417.9,18.8,-0.9659258262890684,0.2588190451025203
2024-05-29 20:00:00,14178.681,17.7,-0.8660254037844386,0.5000000000000001
2024-05-29 21:00:00,14132.348999999998,15.1,-0.7071067811865477,0.7071067811865474
2024-05-29 22:00:00,13518.885,13.9,-0.5000000000000004,0.8660254037844384
2024-05-29 23:00:00,12734.871,13.2,-0.2588190451025215,0.965925826289068
2024-05-30 00:00:00,12187.624,13.1,0.0,1.0
2024-05-30 01:00:00,11782.526000000002,12.9,0.2588190451025207,0.9659258262890684
2024-05-30 02:00:00,11614.617,12.6,0.4999999999999999,0.8660254037844387
2024-05-30 03:00:00,11556.981,12.2,0.7071067811865475,0.7071067811865476
2024-05-30 04:00:00,11646.312,11.8,0.8660254037844386,0.5000000000000001
2024-05-30 05:00:00,12070.773,10.9,0.9659258262890684,0.2588190451025207
2024-05-30 06:00:00,12661.634,10.6,1.0,6.123233995736766e-17
2024-05-30 07:00:00,13247.652,11.1,0.9659258262890684,-0.2588190451025206
2024-05-30 08:00:00,13598.235,12.8,0.8660254037844387,-0.4999999999999998
2024-05-30 09:00:00,13858.855,14.4,0.7071067811865476,-0.7071067811865475
2024-05-30 10:00:00,14096.716,16.1,0.4999999999999999,-0.8660254037844387
2024-05-30 11:00:00,14176.204,17.6,0.258819045102521,-0.9659258262890682
2024-05-30 12:00:00,14446.256,18.6,1.2246467991473532e-16,-1.0
2024-05-30 13:00:00,14589.582,19.5,-0.2588190451025208,-0.9659258262890684
2024-05-30 14:00:00,14722.966,20.4,-0.4999999999999998,-0.8660254037844388
2024-05-30 15:00:00,14836.762,20.5,-0.7071067811865471,-0.7071067811865479
2024-05-30 16:00:00,15069.433,20.5,-0.8660254037844384,-0.5000000000000004
2024-05-30 17:00:00,15092.170999999998,20.5,-0.9659258262890684,-0.2588190451025206
2024-05-30 18:00:00,15038.743,20.0,-1.0,-1.8369701987210294e-16
2024-05-30 19:00:00,14957.446,19.2,-0.9659258262890684,0.2588190451025203
2024-05-30 20:00:00,14600.318,17.5,-0.8660254037844386,0.5000000000000001
2024-05-30 21:00:00,14477.531,15.1,-0.7071067811865477,0.7071067811865474
2024-05-30 22:00:00,13682.447,14.1,-0.5000000000000004,0.8660254037844384
2024-05-30 23:00:00,12817.651,12.6,-0.2588190451025215,0.965925826289068
2024-05-31 00:00:00,12041.81,11.1,0.0,1.0
2024-05-31 01:00:00,11654.138,9.2,0.2588190451025207,0.9659258262890684
2024-05-31 02:00:00,11489.02,8.5,0.4999999999999999,0.8660254037844387
2024-05-31 03:00:00,11392.596,9.1,0.7071067811865475,0.7071067811865476
2024-05-31 04:00:00,11523.409,9.9,0.8660254037844386,0.5000000000000001
2024-05-31 05:00:00,12005.09,7.2,0.9659258262890684,0.2588190451025207
2024-05-31 06:00:00,12571.199,6.7,1.0,6.123233995736766e-17
2024-05-31 07:00:00,13104.281,8.6,0.9659258262890684,-0.2588190451025206
2024-05-31 08:00:00,13420.946,11.8,0.8660254037844387,-0.4999999999999998
2024-05-31 09:00:00,13714.634,14.3,0.7071067811865476,-0.7071067811865475
2024-05-31 10:00:00,13929.955,17.1,0.4999999999999999,-0.8660254037844387
2024-05-31 11:00:00,14061.98,19.0,0.258819045102521,-0.9659258262890682
2024-05-31 12:00:00,14125.803,20.1,1.2246467991473532e-16,-1.0
2024-05-31 13:00:00,14253.205,20.9,-0.2588190451025208,-0.9659258262890684
2024-05-31 14:00:00,14417.197,21.5,-0.4999999999999998,-0.8660254037844388
2024-05-31 15:00:00,14635.673,22.1,-0.7071067811865471,-0.7071067811865479
2024-05-31 16:00:00,14976.832,22.6,-0.8660254037844384,-0.5000000000000004
2024-05-31 17:00:00,15120.718,22.9,-0.9659258262890684,-0.2588190451025206
2024-05-31 18:00:00,15137.424,22.7,-1.0,-1.8369701987210294e-16
2024-05-31 19:00:00,14771.495,21.8,-0.9659258262890684,0.2588190451025203
2024-05-31 20:00:00,14348.594,19.4,-0.8660254037844386,0.5000000000000001
2024-05-31 21:00:00,14015.44,15.6,-0.7071067811865477,0.7071067811865474
2024-05-31 22:00:00,13257.677,14.3,-0.5000000000000004,0.8660254037844384
2024-05-31 23:00:00,12339.918,14.1,-0.2588190451025215,0.965925826289068
2024-06-01 00:00:00,11689.928,12.4,0.0,1.0
2024-06-01 01:00:00,11226.977,11.2,0.2588190451025207,0.9659258262890684
2024-06-01 02:00:00,10926.375,11.2,0.4999999999999999,0.8660254037844387
2024-06-01 03:00:00,10913.422,9.9,0.7071067811865475,0.7071067811865476
2024-06-01 04:00:00,10852.221,9.9,0.8660254037844386,0.5000000000000001
2024-06-01 05:00:00,10874.864,9.2,0.9659258262890684,0.2588190451025207
2024-06-01 06:00:00,11024.857,8.9,1.0,6.123233995736766e-17
2024-06-01 07:00:00,11322.039,10.8,0.9659258262890684,-0.2588190451025206
2024-06-01 08:00:00,11710.966,13.6,0.8660254037844387,-0.4999999999999998
2024-06-01 09:00:00,12165.585,17.1,0.7071067811865476,-0.7071067811865475
2024-06-01 10:00:00,12570.316,19.9,0.4999999999999999,-0.8660254037844387
2024-06-01 11:00:00,12923.062,22.0,0.258819045102521,-0.9659258262890682
2024-06-01 12:00:00,13329.298,23.5,1.2246467991473532e-16,-1.0
2024-06-01 13:00:00,13668.477,24.8,-0.2588190451025208,-0.9659258262890684
2024-06-01 14:00:00,14039.409,25.6,-0.4999999999999998,-0.8660254037844388
2024-06-01 15:00:00,14463.083,26.1,-0.7071067811865471,-0.7071067811865479
2024-06-01 16:00:00,14717.627,26.5,-0.8660254037844384,-0.5000000000000004
2024-06-01 17:00:00,14758.648,26.8,-0.9659258262890684,-0.2588190451025206
2024-06-01 18:00:00,14605.842,26.1,-1.0,-1.8369701987210294e-16
2024-06-01 19:00:00,14306.423,24.5,-0.9659258262890684,0.2588190451025203
2024-06-01 20:00:00,14078.993,23.2,-0.8660254037844386,0.5000000000000001
2024-06-01 21:00:00,13930.904,20.6,-0.7071067811865477,0.7071067811865474
2024-06-01 22:00:00,13359.666,20.1,-0.5000000000000004,0.8660254037844384
2024-06-01 23:00:00,12648.574,19.8,-0.2588190451025215,0.965925826289068
2024-06-02 00:00:00,11988.808,18.8,0.0,1.0
2024-06-02 01:00:00,11536.587,18.2,0.2588190451025207,0.9659258262890684
2024-06-02 02:00:00,11162.982,17.8,0.4999999999999999,0.8660254037844387
2024-06-02 03:00:00,11021.157,17.5,0.7071067811865475,0.7071067811865476
2024-06-02 04:00:00,10979.252,17.3,0.8660254037844386,0.5000000000000001
2024-06-02 05:00:00,10951.534,17.1,0.9659258262890684,0.2588190451025207
2024-06-02 06:00:00,10963.85,17.1,1.0,6.123233995736766e-17
2024-06-02 07:00:00,11350.414,17.0,0.9659258262890684,-0.2588190451025206
2024-06-02 08:00:00,11889.609,17.0,0.8660254037844387,-0.4999999999999998
2024-06-02 09:00:00,12313.124,18.0,0.7071067811865476,-0.7071067811865475
2024-06-02 10:00:00,12568.036,18.5,0.4999999999999999,-0.8660254037844387
2024-06-02 11:00:00,12777.892,20.2,0.258819045102521,-0.9659258262890682
2024-06-02 12:00:00,13086.182,20.9,1.2246467991473532e-16,-1.0
2024-06-02 13:00:00,13244.108,21.9,-0.2588190451025208,-0.9659258262890684
2024-06-02 14:00:00,13404.904,22.2,-0.4999999999999998,-0.8660254037844388
2024-06-02 15:00:00,13637.999,23.1,-0.7071067811865471,-0.7071067811865479
2024-06-02 16:00:00,13862.321,24.2,-0.8660254037844384,-0.5000000000000004
2024-06-02 17:00:00,14172.269,24.9,-0.9659258262890684,-0.2588190451025206
2024-06-02 18:00:00,14222.521,24.8,-1.0,-1.8369701987210294e-16
2024-06-02 19:00:00,14232.584,24.1,-0.9659258262890684,0.2588190451025203
2024-06-02 20:00:00,14145.044,22.6,-0.8660254037844386,0.5000000000000001
2024-06-02 21:00:00,14049.507,19.0,-0.7071067811865477,0.7071067811865474
2024-06-02 22:00:00,13616.16,18.0,-0.5000000000000004,0.8660254037844384
2024-06-02 23:00:00,12814.121,16.9,-0.2588190451025215,0.965925826289068
2024-06-03 00:00:00,12247.007,16.0,0.0,1.0
2024-06-03 01:00:00,11778.498,15.9,0.2588190451025207,0.9659258262890684
2024-06-03 02:00:00,11644.715,15.3,0.4999999999999999,0.8660254037844387
2024-06-03 03:00:00,11573.383,14.9,0.7071067811865475,0.7071067811865476
2024-06-03 04:00:00,11702.24,16.0,0.8660254037844386,0.5000000000000001
2024-06-03 05:00:00,12192.507,14.4,0.9659258262890684,0.2588190451025207
2024-06-03 06:00:00,12757.497,15.4,1.0,6.123233995736766e-17
2024-06-03 07:00:00,13546.148,15.6,0.9659258262890684,-0.2588190451025206
2024-06-03 08:00:00,14140.218,17.5,0.8660254037844387,-0.4999999999999998
2024-06-03 09:00:00,14682.542,20.2,0.7071067811865476,-0.7071067811865475
2024-06-03 10:00:00,15304.263,22.2,0.4999999999999999,-0.8660254037844387
2024-06-03 11:00:00,15907.0,23.5,0.258819045102521,-0.9659258262890682
2024-06-03 12:00:00,16528.650999999998,24.8,1.2246467991473532e-16,-1.0
2024-06-03 13:00:00,17216.783,25.5,-0.2588190451025208,-0.9659258262890684
2024-06-03 14:00:00,17590.722999999998,26.5,-0.4999999999999998,-0.8660254037844388
2024-06-03 15:00:00,17953.128,27.0,-0.7071067811865471,-0.7071067811865479
2024-06-03 16:00:00,18196.051,27.4,-0.8660254037844384,-0.5000000000000004
2024-06-03 17:00:00,18538.636,27.5,-0.9659258262890684,-0.2588190451025206
2024-06-03 18:00:00,18391.364,27.4,-1.0,-1.8369701987210294e-16
2024-06-03 19:00:00,18162.401,26.9,-0.9659258262890684,0.2588190451025203
2024-06-03 20:00:00,17516.745000000003,25.9,-0.8660254037844386,0.5000000000000001
2024-06-03 21:00:00,17094.827,22.5,-0.7071067811865477,0.7071067811865474
2024-06-03 22:00:00,15996.719,21.5,-0.5000000000000004,0.8660254037844384
2024-06-03 23:00:00,14919.681,21.4,-0.2588190451025215,0.965925826289068
2024-06-04 00:00:00,13852.888,20.2,0.0,1.0
2024-06-04 01:00:00,13230.993,18.6,0.2588190451025207,0.9659258262890684
2024-06-04 02:00:00,12727.574,17.6,0.4999999999999999,0.8660254037844387
2024-06-04 03:00:00,12402.962,17.5,0.7071067811865475,0.7071067811865476
2024-06-04 04:00:00,12518.508,16.6,0.8660254037844386,0.5000000000000001
2024-06-04 05:00:00,12921.709,17.4,0.9659258262890684,0.2588190451025207
2024-06-04 06:00:00,13429.177,15.8,1.0,6.123233995736766e-17
2024-06-04 07:00:00,14160.187999999998,17.5,0.9659258262890684,-0.2588190451025206
2024-06-04 08:00:00,14923.878,20.0,0.8660254037844387,-0.4999999999999998
2024-06-04 09:00:00,15710.475,22.8,0.7071067811865476,-0.7071067811865475
2024-06-04 10:00:00,16710.491,25.0,0.4999999999999999,-0.8660254037844387
2024-06-04 11:00:00,17622.604,26.5,0.258819045102521,-0.9659258262890682
2024-06-04 12:00:00,18380.884,27.0,1.2246467991473532e-16,-1.0
2024-06-04 13:00:00,19093.86,28.0,-0.2588190451025208,-0.9659258262890684
2024-06-04 14:00:00,19449.244,28.4,-0.4999999999999998,-0.8660254037844388
2024-06-04 15:00:00,19580.527,28.6,-0.7071067811865471,-0.7071067811865479
2024-06-04 16:00:00,19747.613,29.0,-0.8660254037844384,-0.5000000000000004
2024-06-04 17:00:00,19664.253,28.9,-0.9659258262890684,-0.2588190451025206
2024-06-04 18:00:00,19320.703,28.7,-1.0,-1.8369701987210294e-16
2024-06-04 19:00:00,18856.283,27.9,-0.9659258262890684,0.2588190451025203
2024-06-04 20:00:00,18167.388,26.2,-0.8660254037844386,0.5000000000000001
2024-06-04 21:00:00,17707.391,24.3,-0.7071067811865477,0.7071067811865474
2024-06-04 22:00:00,16675.772,23.5,-0.5000000000000004,0.8660254037844384
2024-06-04 23:00:00,15489.982,22.9,-0.2588190451025215,0.965925826289068
2024-06-05 00:00:00,14454.273,22.0,0.0,1.0
2024-06-05 01:00:00,13756.042,21.6,0.2588190451025207,0.9659258262890684
2024-06-05 02:00:00,13232.757,21.0,0.4999999999999999,0.8660254037844387
2024-06-05 03:00:00,13067.294,20.8,0.7071067811865475,0.7071067811865476
2024-06-05 04:00:00,13034.681,20.6,0.8660254037844386,0.5000000000000001
2024-06-05 05:00:00,13380.863,20.5,0.9659258262890684,0.2588190451025207
2024-06-05 06:00:00,14021.201,20.4,1.0,6.123233995736766e-17
2024-06-05 07:00:00,14678.377,20.5,0.9659258262890684,-0.2588190451025206
2024-06-05 08:00:00,15091.377,20.9,0.8660254037844387,-0.4999999999999998
2024-06-05 09:00:00,15566.937,22.4,0.7071067811865476,-0.7071067811865475
2024-06-05 10:00:00,16158.729,22.5,0.4999999999999999,-0.8660254037844387
2024-06-05 11:00:00,16697.391,23.4,0.258819045102521,-0.9659258262890682
2024-06-05 12:00:00,17485.073,24.6,1.2246467991473532e-16,-1.0
2024-06-05 13:00:00,17789.059999999998,26.2,-0.2588190451025208,-0.9659258262890684
2024-06-05 14:00:00,18076.248,26.5,-0.4999999999999998,-0.8660254037844388
2024-06-05 15:00:00,18170.055,25.2,-0.7071067811865471,-0.7071067811865479
2024-06-05 16:00:00,18157.519,24.6,-0.8660254037844384,-0.5000000000000004
2024-06-05 17:00:00,18011.101,25.9,-0.9659258262890684,-0.2588190451025206
2024-06-05 18:00:00,17579.714,26.0,-1.0,-1.8369701987210294e-16
2024-06-05 19:00:00,17291.985,24.8,-0.9659258262890684,0.2588190451025203
2024-06-05 20:00:00,16835.468,23.3,-0.8660254037844386,0.5000000000000001
2024-06-05 21:00:00,16572.877,22.1,-0.7071067811865477,0.7071067811865474
2024-06-05 22:00:00,15713.126,21.0,-0.5000000000000004,0.8660254037844384
2024-06-05 23:00:00,14700.568,21.3,-0.2588190451025215,0.965925826289068
2024-06-06 00:00:00,13862.742,20.5,0.0,1.0
2024-06-06 01:00:00,13320.096,20.6,0.2588190451025207,0.9659258262890684
2024-06-06 02:00:00,12946.023,20.5,0.4999999999999999,0.8660254037844387
2024-06-06 03:00:00,12746.431,20.0,0.7071067811865475,0.7071067811865476
2024-06-06 04:00:00,12812.12,19.7,0.8660254037844386,0.5000000000000001
2024-06-06 05:00:00,13229.829,19.5,0.9659258262890684,0.2588190451025207
2024-06-06 06:00:00,13851.292,19.0,1.0,6.123233995736766e-17
2024-06-06 07:00:00,14575.101,19.0,0.9659258262890684,-0.2588190451025206
2024-06-06 08:00:00,15141.74,20.0,0.8660254037844387,-0.4999999999999998
2024-06-06 09:00:00,15739.251,21.5,0.7071067811865476,-0.7071067811865475
2024-06-06 10:00:00,16263.724,23.0,0.4999999999999999,-0.8660254037844387
2024-06-06 11:00:00,16789.646,24.6,0.258819045102521,-0.9659258262890682
2024-06-06 12:00:00,17301.559999999998,24.5,1.2246467991473532e-16,-1.0
2024-06-06 13:00:00,17752.802,25.9,-0.2588190451025208,-0.9659258262890684
2024-06-06 14:00:00,17937.188000000002,26.0,-0.4999999999999998,-0.8660254037844388
2024-06-06 15:00:00,17872.657,26.1,-0.7071067811865471,-0.7071067811865479
2024-06-06 16:00:00,17831.235,26.5,-0.8660254037844384,-0.5000000000000004
2024-06-06 17:00:00,17851.006,26.0,-0.9659258262890684,-0.2588190451025206
2024-06-06 18:00:00,17637.331,25.6,-1.0,-1.8369701987210294e-16
2024-06-06 19:00:00,17260.467,24.5,-0.9659258262890684,0.2588190451025203
2024-06-06 20:00:00,16583.922,23.4,-0.8660254037844386,0.5000000000000001
2024-06-06 21:00:00,16154.259999999998,22.1,-0.7071067811865477,0.7071067811865474
2024-06-06 22:00:00,15284.599,20.4,-0.5000000000000004,0.8660254037844384
2024-06-06 23:00:00,14099.115000000002,19.4,-0.2588190451025215,0.965925826289068
2024-06-07 00:00:00,13225.072,18.1,0.0,1.0
2024-06-07 01:00:00,12648.968,17.7,0.2588190451025207,0.9659258262890684
2024-06-07 02:00:00,12319.426,17.5,0.4999999999999999,0.8660254037844387
2024-06-07 03:00:00,12118.984,16.6,0.7071067811865475,0.7071067811865476
2024-06-07 04:00:00,12087.212,15.6,0.8660254037844386,0.5000000000000001
2024-06-07 05:00:00,12336.252,14.9,0.9659258262890684,0.2588190451025207
2024-06-07 06:00:00,12911.341,14.8,1.0,6.123233995736766e-17
2024-06-07 07:00:00,13454.617,15.5,0.9659258262890684,-0.2588190451025206
2024-06-07 08:00:00,14055.15,17.0,0.8660254037844387,-0.4999999999999998
2024-06-07 09:00:00,14542.01,19.0,0.7071067811865476,-0.7071067811865475
2024-06-07 10:00:00,15102.181,20.1,0.4999999999999999,-0.8660254037844387
2024-06-07 11:00:00,15451.751,21.0,0.258819045102521,-0.9659258262890682
2024-06-07 12:00:00,15671.52,22.0,1.2246467991473532e-16,-1.0
2024-06-07 13:00:00,15909.908,22.4,-0.2588190451025208,-0.9659258262890684
2024-06-07 14:00:00,16037.562,22.9,-0.4999999999999998,-0.8660254037844388
2024-06-07 15:00:00,16178.949,22.9,-0.7071067811865471,-0.7071067811865479
2024-06-07 16:00:00,16376.593,22.6,-0.8660254037844384,-0.5000000000000004
2024-06-07 17:00:00,16419.749,22.6,-0.9659258262890684,-0.2588190451025206
2024-06-07 18:00:00,16204.89,23.1,-1.0,-1.8369701987210294e-16
2024-06-07 19:00:00,15720.867,22.5,-0.9659258262890684,0.2588190451025203
2024-06-07 20:00:00,15139.335,21.2,-0.8660254037844386,0.5000000000000001
2024-06-07 21:00:00,14716.023,19.2,-0.7071067811865477,0.7071067811865474
2024-06-07 22:00:00,14036.443,18.8,-0.5000000000000004,0.8660254037844384
2024-06-07 23:00:00,12991.836,18.0,-0.2588190451025215,0.965925826289068
2024-06-08 00:00:00,12090.339,16.6,0.0,1.0
2024-06-08 01:00:00,11612.977,15.2,0.2588190451025207,0.9659258262890684
2024-06-08 02:00:00,11232.525,14.5,0.4999999999999999,0.8660254037844387
2024-06-08 03:00:00,11060.65,13.4,0.7071067811865475,0.7071067811865476
2024-06-08 04:00:00,10954.93,12.2,0.8660254037844386,0.5000000000000001
2024-06-08 05:00:00,10914.585,11.2,0.9659258262890684,0.2588190451025207
2024-06-08 06:00:00,10994.847,10.7,1.0,6.123233995736766e-17
2024-06-08 07:00:00,11404.452,12.6,0.9659258262890684,-0.2588190451025206
2024-06-08 08:00:00,12007.665,14.8,0.8660254037844387,-0.4999999999999998
2024-06-08 09:00:00,12564.232,17.5,0.7071067811865476,-0.7071067811865475
2024-06-08 10:00:00,13030.589,19.8,0.4999999999999999,-0.8660254037844387
2024-06-08 11:00:00,13454.354,21.4,0.258819045102521,-0.9659258262890682
2024-06-08 12:00:00,13826.431,22.6,1.2246467991473532e-16,-1.0
2024-06-08 13:00:00,14240.256,23.6,-0.2588190451025208,-0.9659258262890684
2024-06-08 14:00:00,14556.674,23.2,-0.4999999999999998,-0.8660254037844388
2024-06-08 15:00:00,14887.657,24.5,-0.7071067811865471,-0.7071067811865479
2024-06-08 16:00:00,15218.817,25.3,-0.8660254037844384,-0.5000000000000004
2024-06-08 17:00:00,15492.019,24.8,-0.9659258262890684,-0.2588190451025206
2024-06-08 18:00:00,15506.948,24.4,-1.0,-1.8369701987210294e-16
2024-06-08 19:00:00,15103.049,25.0,-0.9659258262890684,0.2588190451025203
2024-06-08 20:00:00,14786.358,23.2,-0.8660254037844386,0.5000000000000001
2024-06-08 21:00:00,14571.914,21.9,-0.7071067811865477,0.7071067811865474
2024-06-08 22:00:00,13938.011,21.6,-0.5000000000000004,0.8660254037844384
2024-06-08 23:00:00,13151.627,21.4,-0.2588190451025215,0.965925826289068
2024-06-09 00:00:00,12341.287,20.6,0.0,1.0
2024-06-09 01:00:00,11917.933,21.2,0.2588190451025207,0.9659258262890684
2024-06-09 02:00:00,11511.55,20.4,0.4999999999999999,0.8660254037844387
2024-06-09 03:00:00,11179.998,19.7,0.7071067811865475,0.7071067811865476
2024-06-09 04:00:00,11153.837,19.6,0.8660254037844386,0.5000000000000001
2024-06-09 05:00:00,11104.845,18.2,0.9659258262890684,0.2588190451025207
2024-06-09 06:00:00,11061.73,16.3,1.0,6.123233995736766e-17
2024-06-09 07:00:00,11450.051,15.5,0.9659258262890684,-0.2588190451025206
2024-06-09 08:00:00,11970.379,15.9,0.8660254037844387,-0.4999999999999998
2024-06-09 09:00:00,12563.709,17.0,0.7071067811865476,-0.7071067811865475
2024-06-09 10:00:00,13036.976,18.4,0.4999999999999999,-0.8660254037844387
2024-06-09 11:00:00,13458.518,19.8,0.258819045102521,-0.9659258262890682
2024-06-09 12:00:00,13937.512,21.0,1.2246467991473532e-16,-1.0
2024-06-09 13:00:00,14402.358,22.2,-0.2588190451025208,-0.9659258262890684
2024-06-09 14:00:00,14762.33,23.6,-0.4999999999999998,-0.8660254037844388
2024-06-09 15:00:00,15014.16,24.0,-0.7071067811865471,-0.7071067811865479
2024-06-09 16:00:00,15291.579,23.9,-0.8660254037844384,-0.5000000000000004
2024-06-09 17:00:00,15526.956,23.9,-0.9659258262890684,-0.2588190451025206
2024-06-09 18:00:00,15479.525,23.4,-1.0,-1.8369701987210294e-16
2024-06-09 19:00:00,15131.235,22.6,-0.9659258262890684,0.2588190451025203
2024-06-09 20:00:00,14664.279,21.1,-0.8660254037844386,0.5000000000000001
2024-06-09 21:00:00,14297.927,19.5,-0.7071067811865477,0.7071067811865474
2024-06-09 22:00:00,13596.803,16.6,-0.5000000000000004,0.8660254037844384
2024-06-09 23:00:00,12728.625,15.5,-0.2588190451025215,0.965925826289068
2024-06-10 00:00:00,12064.729,14.2,0.0,1.0
2024-06-10 01:00:00,11571.256,14.0,0.2588190451025207,0.9659258262890684
2024-06-10 02:00:00,11353.863,14.1,0.4999999999999999,0.8660254037844387
2024-06-10 03:00:00,11248.899,13.9,0.7071067811865475,0.7071067811865476
2024-06-10 04:00:00,11273.774,14.0,0.8660254037844386,0.5000000000000001
2024-06-10 05:00:00,11760.975,13.6,0.9659258262890684,0.2588190451025207
2024-06-10 06:00:00,12329.659,12.8,1.0,6.123233995736766e-17
2024-06-10 07:00:00,13032.437,13.1,0.9659258262890684,-0.2588190451025206
2024-06-10 08:00:00,13487.158,14.6,0.8660254037844387,-0.4999999999999998
2024-06-10 09:00:00,13888.157,16.8,0.7071067811865476,-0.7071067811865475
2024-06-10 10:00:00,14239.019,17.8,0.4999999999999999,-0.8660254037844387
2024-06-10 11:00:00,14490.605,18.6,0.258819045102521,-0.9659258262890682
2024-06-10 12:00:00,14799.768,18.5,1.2246467991473532e-16,-1.0
2024-06-10 13:00:00,15016.647,17.5,-0.2588190451025208,-0.9659258262890684
2024-06-10 14:00:00,14914.464,16.9,-0.4999999999999998,-0.8660254037844388
2024-06-10 15:00:00,14770.446,17.0,-0.7071067811865471,-0.7071067811865479
2024-06-10 16:00:00,14688.876,16.8,-0.8660254037844384,-0.5000000000000004
2024-06-10 17:00:00,14688.567,16.9,-0.9659258262890684,-0.2588190451025206
2024-06-10 18:00:00,14647.478,16.5,-1.0,-1.8369701987210294e-16
2024-06-10 19:00:00,14488.91,16.2,-0.9659258262890684,0.2588190451025203
2024-06-10 20:00:00,14300.562,16.2,-0.8660254037844386,0.5000000000000001
2024-06-10 21:00:00,14133.587,14.9,-0.7071067811865477,0.7071067811865474
2024-06-10 22:00:00,13459.097,13.9,-0.5000000000000004,0.8660254037844384
2024-06-10 23:00:00,12720.411,11.9,-0.2588190451025215,0.965925826289068
2024-06-11 00:00:00,12067.037,11.1,0.0,1.0
2024-06-11 01:00:00,11602.279,11.4,0.2588190451025207,0.9659258262890684
2024-06-11 02:00:00,11263.182,12.1,0.4999999999999999,0.8660254037844387
2024-06-11 03:00:00,11211.592,11.1,0.7071067811865475,0.7071067811865476
2024-06-11 04:00:00,11310.678,11.8,0.8660254037844386,0.5000000000000001
2024-06-11 05:00:00,11754.115,11.6,0.9659258262890684,0.2588190451025207
2024-06-11 06:00:00,12338.35,11.1,1.0,6.123233995736766e-17
2024-06-11 07:00:00,12994.556,10.8,0.9659258262890684,-0.2588190451025206
2024-06-11 08:00:00,13332.536,13.1,0.8660254037844387,-0.4999999999999998
2024-06-11 09:00:00,13577.197,15.2,0.7071067811865476,-0.7071067811865475
2024-06-11 10:00:00,13968.102,17.4,0.4999999999999999,-0.8660254037844387
2024-06-11 11:00:00,14114.596,18.9,0.258819045102521,-0.9659258262890682
2024-06-11 12:00:00,14327.662,20.0,1.2246467991473532e-16,-1.0
2024-06-11 13:00:00,14658.042,21.1,-0.2588190451025208,-0.9659258262890684
2024-06-11 14:00:00,14815.55,21.6,-0.4999999999999998,-0.8660254037844388
2024-06-11 15:00:00,15119.544,22.5,-0.7071067811865471,-0.7071067811865479
2024-06-11 16:00:00,15443.982,22.9,-0.8660254037844384,-0.5000000000000004
2024-06-11 17:00:00,15608.554,22.9,-0.9659258262890684,-0.2588190451025206
2024-06-11 18:00:00,15734.098999999998,22.8,-1.0,-1.8369701987210294e-16
2024-06-11 19:00:00,15545.837,22.1,-0.9659258262890684,0.2588190451025203
2024-06-11 20:00:00,15162.251,20.5,-0.8660254037844386,0.5000000000000001
2024-06-11 21:00:00,14844.873,18.5,-0.7071067811865477,0.7071067811865474
2024-06-11 22:00:00,14013.086,17.6,-0.5000000000000004,0.8660254037844384
2024-06-11 23:00:00,13087.445,16.9,-0.2588190451025215,0.965925826289068
2024-06-12 00:00:00,12323.935,16.1,0.0,1.0
2024-06-12 01:00:00,11905.09,15.0,0.2588190451025207,0.9659258262890684
2024-06-12 02:00:00,11629.215,14.4,0.4999999999999999,0.8660254037844387
2024-06-12 03:00:00,11426.809,13.8,0.7071067811865475,0.7071067811865476
2024-06-12 04:00:00,11571.911,12.6,0.8660254037844386,0.5000000000000001
2024-06-12 05:00:00,12048.96,12.2,0.9659258262890684,0.2588190451025207
2024-06-12 06:00:00,12534.151,11.9,1.0,6.123233995736766e-17
2024-06-12 07:00:00,13210.376,13.4,0.9659258262890684,-0.2588190451025206
2024-06-12 08:00:00,13556.886,15.2,0.8660254037844387,-0.4999999999999998
2024-06-12 09:00:00,14077.001,17.6,0.7071067811865476,-0.7071067811865475
2024-06-12 10:00:00,14553.647,20.2,0.4999999999999999,-0.8660254037844387
2024-06-12 11:00:00,15057.44,22.5,0.258819045102521,-0.9659258262890682
2024-06-12 12:00:00,15652.811999999998,23.9,1.2246467991473532e-16,-1.0
2024-06-12 13:00:00,16209.990000000002,24.8,-0.2588190451025208,-0.9659258262890684
2024-06-12 14:00:00,16784.832000000002,25.4,-0.4999999999999998,-0.8660254037844388
2024-06-12 15:00:00,17193.299,25.9,-0.7071067811865471,-0.7071067811865479
2024-06-12 16:00:00,17615.903,26.3,-0.8660254037844384,-0.5000000000000004
2024-06-12 17:00:00,17941.72,26.3,-0.9659258262890684,-0.2588190451025206
2024-06-12 18:00:00,17926.811,26.0,-1.0,-1.8369701987210294e-16
2024-06-12 19:00:00,17669.058,25.4,-0.9659258262890684,0.2588190451025203
2024-06-12 20:00:00,17051.756,23.5,-0.8660254037844386,0.5000000000000001
2024-06-12 21:00:00,16498.259,21.7,-0.7071067811865477,0.7071067811865474
2024-06-12 22:00:00,15485.972000000002,20.2,-0.5000000000000004,0.8660254037844384
2024-06-12 23:00:00,14332.096,20.0,-0.2588190451025215,0.965925826289068
2024-06-13 00:00:00,13401.282,19.0,0.0,1.0
2024-06-13 01:00:00,12777.457,17.9,0.2588190451025207,0.9659258262890684
2024-06-13 02:00:00,12315.715,16.6,0.4999999999999999,0.8660254037844387
2024-06-13 03:00:00,12066.132,15.1,0.7071067811865475,0.7071067811865476
2024-06-13 04:00:00,12102.426,15.1,0.8660254037844386,0.5000000000000001
2024-06-13 05:00:00,12383.159,14.4,0.9659258262890684,0.2588190451025207
2024-06-13 06:00:00,12831.029,13.8,1.0,6.123233995736766e-17
2024-06-13 07:00:00,13576.514,15.1,0.9659258262890684,-0.2588190451025206
2024-06-13 08:00:00,14197.724,17.3,0.8660254037844387,-0.4999999999999998
2024-06-13 09:00:00,14860.486,19.5,0.7071067811865476,-0.7071067811865475
2024-06-13 10:00:00,15645.148,22.4,0.4999999999999999,-0.8660254037844387
2024-06-13 11:00:00,16419.864999999998,25.1,0.258819045102521,-0.9659258262890682
2024-06-13 12:00:00,17199.885000000002,26.6,1.2246467991473532e-16,-1.0
2024-06-13 13:00:00,17894.604,28.0,-0.2588190451025208,-0.9659258262890684
2024-06-13 14:00:00,18531.094,28.9,-0.4999999999999998,-0.8660254037844388
2024-06-13 15:00:00,19002.973,29.5,-0.7071067811865471,-0.7071067811865479
2024-06-13 16:00:00,19313.231,30.0,-0.8660254037844384,-0.5000000000000004
2024-06-13 17:00:00,19481.293,30.0,-0.9659258262890684,-0.2588190451025206
2024-06-13 18:00:00,19225.526,29.6,-1.0,-1.8369701987210294e-16
2024-06-13 19:00:00,18791.062,29.0,-0.9659258262890684,0.2588190451025203
2024-06-13 20:00:00,18046.543,27.0,-0.8660254037844386,0.5000000000000001
2024-06-13 21:00:00,17531.19,24.3,-0.7071067811865477,0.7071067811865474
2024-06-13 22:00:00,16355.28,22.5,-0.5000000000000004,0.8660254037844384
2024-06-13 23:00:00,15129.262,22.1,-0.2588190451025215,0.965925826289068
2024-06-14 00:00:00,14103.41,22.2,0.0,1.0
2024-06-14 01:00:00,13397.379,21.5,0.2588190451025207,0.9659258262890684
2024-06-14 02:00:00,12993.737,20.9,0.4999999999999999,0.8660254037844387
2024-06-14 03:00:00,12714.919,20.0,0.7071067811865475,0.7071067811865476
2024-06-14 04:00:00,12745.624,20.1,0.8660254037844386,0.5000000000000001
2024-06-14 05:00:00,13060.436,20.4,0.9659258262890684,0.2588190451025207
2024-06-14 06:00:00,13379.183,18.8,1.0,6.123233995736766e-17
2024-06-14 07:00:00,14110.092,18.5,0.9659258262890684,-0.2588190451025206
2024-06-14 08:00:00,14873.472,19.5,0.8660254037844387,-0.4999999999999998
2024-06-14 09:00:00,15644.534,23.2,0.7071067811865476,-0.7071067811865475
2024-06-14 10:00:00,16474.359,24.0,0.4999999999999999,-0.8660254037844387
2024-06-14 11:00:00,17320.275,24.2,0.258819045102521,-0.9659258262890682
2024-06-14 12:00:00,18117.17,25.5,1.2246467991473532e-16,-1.0
2024-06-14 13:00:00,18600.065,26.1,-0.2588190451025208,-0.9659258262890684
2024-06-14 14:00:00,18929.434,26.8,-0.4999999999999998,-0.8660254037844388
2024-06-14 15:00:00,19150.794,27.6,-0.7071067811865471,-0.7071067811865479
2024-06-14 16:00:00,19305.513,28.0,-0.8660254037844384,-0.5000000000000004
2024-06-14 17:00:00,19088.491,27.7,-0.9659258262890684,-0.2588190451025206
2024-06-14 18:00:00,18800.12,26.2,-1.0,-1.8369701987210294e-16
2024-06-14 19:00:00,18366.599,25.6,-0.9659258262890684,0.2588190451025203
2024-06-14 20:00:00,17536.333,25.1,-0.8660254037844386,0.5000000000000001
2024-06-14 21:00:00,16676.155,23.6,-0.7071067811865477,0.7071067811865474
2024-06-14 22:00:00,15747.203,22.0,-0.5000000000000004,0.8660254037844384
2024-06-14 23:00:00,14578.415,20.5,-0.2588190451025215,0.965925826289068
2024-06-15 00:00:00,13518.786,19.2,0.0,1.0
2024-06-15 01:00:00,12793.323,18.1,0.2588190451025207,0.9659258262890684
2024-06-15 02:00:00,12188.098,17.6,0.4999999999999999,0.8660254037844387
2024-06-15 03:00:00,11843.035,16.9,0.7071067811865475,0.7071067811865476
2024-06-15 04:00:00,11618.415,15.9,0.8660254037844386,0.5000000000000001
2024-06-15 05:00:00,11578.337,15.0,0.9659258262890684,0.2588190451025207
2024-06-15 06:00:00,11427.345,13.1,1.0,6.123233995736766e-17
2024-06-15 07:00:00,12007.29,14.7,0.9659258262890684,-0.2588190451025206
2024-06-15 08:00:00,12705.053,16.6,0.8660254037844387,-0.4999999999999998
2024-06-15 09:00:00,13396.773,19.0,0.7071067811865476,-0.7071067811865475
2024-06-15 10:00:00,14127.82,21.1,0.4999999999999999,-0.8660254037844387
2024-06-15 11:00:00,14648.061,23.0,0.258819045102521,-0.9659258262890682
2024-06-15 12:00:00,15237.159,24.4,1.2246467991473532e-16,-1.0
2024-06-15 13:00:00,15702.088,25.5,-0.2588190451025208,-0.9659258262890684
2024-06-15 14:00:00,16216.519,26.5,-0.4999999999999998,-0.8660254037844388
2024-06-15 15:00:00,16744.068,27.1,-0.7071067811865471,-0.7071067811865479
2024-06-15 16:00:00,17149.68,27.4,-0.8660254037844384,-0.5000000000000004
2024-06-15 17:00:00,17383.823,27.5,-0.9659258262890684,-0.2588190451025206
2024-06-15 18:00:00,17281.055,27.2,-1.0,-1.8369701987210294e-16
2024-06-15 19:00:00,16949.752,26.5,-0.9659258262890684,0.2588190451025203
2024-06-15 20:00:00,16052.567,24.5,-0.8660254037844386,0.5000000000000001
2024-06-15 21:00:00,15418.703,20.0,-0.7071067811865477,0.7071067811865474
2024-06-15 22:00:00,14492.038,18.7,-0.5000000000000004,0.8660254037844384
2024-06-15 23:00:00,13439.98,18.2,-0.2588190451025215,0.965925826289068
2024-06-16 00:00:00,12557.039,17.5,0.0,1.0
2024-06-16 01:00:00,11841.708,16.4,0.2588190451025207,0.9659258262890684
2024-06-16 02:00:00,11536.19,15.7,0.4999999999999999,0.8660254037844387
2024-06-16 03:00:00,11146.266,14.6,0.7071067811865475,0.7071067811865476
2024-06-16 04:00:00,11003.91,14.0,0.8660254037844386,0.5000000000000001
2024-06-16 05:00:00,11003.909,14.4,0.9659258262890684,0.2588190451025207
2024-06-16 06:00:00,10959.553,13.9,1.0,6.123233995736766e-17
2024-06-16 07:00:00,11351.609,15.3,0.9659258262890684,-0.2588190451025206
2024-06-16 08:00:00,12126.134,17.5,0.8660254037844387,-0.4999999999999998
2024-06-16 09:00:00,12917.055,20.1,0.7071067811865476,-0.7071067811865475
2024-06-16 10:00:00,13651.072,22.9,0.4999999999999999,-0.8660254037844387
2024-06-16 11:00:00,14607.475,25.1,0.258819045102521,-0.9659258262890682
2024-06-16 12:00:00,15529.883,26.7,1.2246467991473532e-16,-1.0
2024-06-16 13:00:00,16308.517,27.8,-0.2588190451025208,-0.9659258262890684
2024-06-16 14:00:00,17137.825,28.6,-0.4999999999999998,-0.8660254037844388
2024-06-16 15:00:00,17921.464,29.1,-0.7071067811865471,-0.7071067811865479
2024-06-16 16:00:00,18439.159,29.5,-0.8660254037844384,-0.5000000000000004
2024-06-16 17:00:00,18956.278,29.6,-0.9659258262890684,-0.2588190451025206
2024-06-16 18:00:00,18943.379,29.5,-1.0,-1.8369701987210294e-16
2024-06-16 19:00:00,18623.465,29.0,-0.9659258262890684,0.2588190451025203
2024-06-16 20:00:00,18132.149,26.8,-0.8660254037844386,0.5000000000000001
2024-06-16 21:00:00,17566.074,24.2,-0.7071067811865477,0.7071067811865474
2024-06-16 22:00:00,16546.144,23.8,-0.5000000000000004,0.8660254037844384
2024-06-16 23:00:00,15391.715,23.0,-0.2588190451025215,0.965925826289068
2024-06-17 00:00:00,14379.008000000002,21.9,0.0,1.0
2024-06-17 01:00:00,13782.112,20.5,0.2588190451025207,0.9659258262890684
2024-06-17 02:00:00,13407.82,19.1,0.4999999999999999,0.8660254037844387
2024-06-17 03:00:00,13196.565,19.0,0.7071067811865475,0.7071067811865476
2024-06-17 04:00:00,13232.645,19.5,0.8660254037844386,0.5000000000000001
2024-06-17 05:00:00,13661.351,19.9,0.9659258262890684,0.2588190451025207
2024-06-17 06:00:00,14263.687000000002,19.3,1.0,6.123233995736766e-17
2024-06-17 07:00:00,15150.214,20.4,0.9659258262890684,-0.2588190451025206
2024-06-17 08:00:00,16257.33,22.6,0.8660254037844387,-0.4999999999999998
2024-06-17 09:00:00,17399.578,22.2,0.7071067811865476,-0.7071067811865475
2024-06-17 10:00:00,18756.241,22.5,0.4999999999999999,-0.8660254037844387
2024-06-17 11:00:00,19906.817000000003,22.9,0.258819045102521,-0.9659258262890682
2024-06-17 12:00:00,21015.589,25.0,1.2246467991473532e-16,-1.0
2024-06-17 13:00:00,21536.085,26.9,-0.2588190451025208,-0.9659258262890684
2024-06-17 14:00:00,21625.451999999997,27.7,-0.4999999999999998,-0.8660254037844388
2024-06-17 15:00:00,21366.331,29.1,-0.7071067811865471,-0.7071067811865479
2024-06-17 16:00:00,21113.601,29.5,-0.8660254037844384,-0.5000000000000004
2024-06-17 17:00:00,20828.078,29.5,-0.9659258262890684,-0.2588190451025206
2024-06-17 18:00:00,20691.748,29.2,-1.0,-1.8369701987210294e-16
2024-06-17 19:00:00,20386.758,28.8,-0.9659258262890684,0.2588190451025203
2024-06-17 20:00:00,19848.959,27.9,-0.8660254037844386,0.5000000000000001
2024-06-17 21:00:00,19404.392,26.1,-0.7071067811865477,0.7071067811865474
2024-06-17 22:00:00,18435.49,25.2,-0.5000000000000004,0.8660254037844384
2024-06-17 23:00:00,17229.152000000002,24.0,-0.2588190451025215,0.965925826289068
2024-06-18 00:00:00,16140.281,23.2,0.0,1.0
2024-06-18 01:00:00,15306.956,22.8,0.2588190451025207,0.9659258262890684
2024-06-18 02:00:00,14788.762,22.4,0.4999999999999999,0.8660254037844387
2024-06-18 03:00:00,14378.876,22.1,0.7071067811865475,0.7071067811865476
2024-06-18 04:00:00,14325.466,22.0,0.8660254037844386,0.5000000000000001
2024-06-18 05:00:00,14655.351,21.7,0.9659258262890684,0.2588190451025207
2024-06-18 06:00:00,15188.377,21.5,1.0,6.123233995736766e-17
2024-06-18 07:00:00,15971.002,22.2,0.9659258262890684,-0.2588190451025206
2024-06-18 08:00:00,16871.629,23.9,0.8660254037844387,-0.4999999999999998
2024-06-18 09:00:00,17824.468,25.9,0.7071067811865476,-0.7071067811865475
2024-06-18 10:00:00,18874.57,28.0,0.4999999999999999,-0.8660254037844387
2024-06-18 11:00:00,19787.252,29.5,0.258819045102521,-0.9659258262890682
2024-06-18 12:00:00,20590.012,30.6,1.2246467991473532e-16,-1.0
2024-06-18 13:00:00,21018.398,31.6,-0.2588190451025208,-0.9659258262890684
2024-06-18 14:00:00,21321.019,32.1,-0.4999999999999998,-0.8660254037844388
2024-06-18 15:00:00,21511.977,32.4,-0.7071067811865471,-0.7071067811865479
2024-06-18 16:00:00,21257.828,32.8,-0.8660254037844384,-0.5000000000000004
2024-06-18 17:00:00,21170.338,33.1,-0.9659258262890684,-0.2588190451025206
2024-06-18 18:00:00,21234.983,32.4,-1.0,-1.8369701987210294e-16
2024-06-18 19:00:00,20853.214,31.6,-0.9659258262890684,0.2588190451025203
2024-06-18 20:00:00,20219.683,30.2,-0.8660254037844386,0.5000000000000001
2024-06-18 21:00:00,19658.53,27.5,-0.7071067811865477,0.7071067811865474
2024-06-18 22:00:00,18535.782,26.8,-0.5000000000000004,0.8660254037844384
2024-06-18 23:00:00,17204.367,25.5,-0.2588190451025215,0.965925826289068
2024-06-19 00:00:00,15988.093,24.7,0.0,1.0
2024-06-19 01:00:00,15323.246,24.0,0.2588190451025207,0.9659258262890684
2024-06-19 02:00:00,14742.841,23.4,0.4999999999999999,0.8660254037844387
2024-06-19 03:00:00,14434.435,23.0,0.7071067811865475,0.7071067811865476
2024-06-19 04:00:00,14282.267,23.0,0.8660254037844386,0.5000000000000001
2024-06-19 05:00:00,14583.9,22.5,0.9659258262890684,0.2588190451025207
2024-06-19 06:00:00,15094.941,22.6,1.0,6.123233995736766e-17
2024-06-19 07:00:00,15767.491,23.4,0.9659258262890684,-0.2588190451025206
2024-06-19 08:00:00,16493.034,24.6,0.8660254037844387,-0.4999999999999998
2024-06-19 09:00:00,17282.571,25.8,0.7071067811865476,-0.7071067811865475
2024-06-19 10:00:00,18256.265,26.8,0.4999999999999999,-0.8660254037844387
2024-06-19 11:00:00,19135.666,28.1,0.258819045102521,-0.9659258262890682
2024-06-19 12:00:00,20069.085,29.5,1.2246467991473532e-16,-1.0
2024-06-19 13:00:00,20712.967,30.5,-0.2588190451025208,-0.9659258262890684
2024-06-19 14:00:00,21022.618,30.8,-0.4999999999999998,-0.8660254037844388
2024-06-19 15:00:00,20865.933999999997,31.0,-0.7071067811865471,-0.7071067811865479
2024-06-19 16:00:00,20888.54,31.4,-0.8660254037844384,-0.5000000000000004
2024-06-19 17:00:00,20847.389,31.1,-0.9659258262890684,-0.2588190451025206
2024-06-19 18:00:00,20991.932,30.7,-1.0,-1.8369701987210294e-16
2024-06-19 19:00:00,20728.726,30.4,-0.9659258262890684,0.2588190451025203
2024-06-19 20:00:00,20103.627,30.0,-0.8660254037844386,0.5000000000000001
2024-06-19 21:00:00,19487.646,25.9,-0.7071067811865477,0.7071067811865474
2024-06-19 22:00:00,18340.265,25.2,-0.5000000000000004,0.8660254037844384
2024-06-19 23:00:00,16985.553,24.0,-0.2588190451025215,0.965925826289068
2024-06-20 00:00:00,15971.858,22.2,0.0,1.0
2024-06-20 01:00:00,15040.072,21.7,0.2588190451025207,0.9659258262890684
2024-06-20 02:00:00,14489.774,21.0,0.4999999999999999,0.8660254037844387
2024-06-20 03:00:00,14042.152,21.1,0.7071067811865475,0.7071067811865476
2024-06-20 04:00:00,13956.061000000002,20.9,0.8660254037844386,0.5000000000000001
2024-06-20 05:00:00,14293.765,20.9,0.9659258262890684,0.2588190451025207
2024-06-20 06:00:00,14688.058,20.9,1.0,6.123233995736766e-17
2024-06-20 07:00:00,15533.29,20.6,0.9659258262890684,-0.2588190451025206
2024-06-20 08:00:00,16511.614999999998,22.6,0.8660254037844387,-0.4999999999999998
2024-06-20 09:00:00,17393.932,25.0,0.7071067811865476,-0.7071067811865475
2024-06-20 10:00:00,18586.279,27.3,0.4999999999999999,-0.8660254037844387
2024-06-20 11:00:00,19687.089,28.8,0.258819045102521,-0.9659258262890682
2024-06-20 12:00:00,20589.681,29.7,1.2246467991473532e-16,-1.0
2024-06-20 13:00:00,21104.606,30.5,-0.2588190451025208,-0.9659258262890684
2024-06-20 14:00:00,21352.142,31.2,-0.4999999999999998,-0.8660254037844388
2024-06-20 15:00:00,21408.431,31.7,-0.7071067811865471,-0.7071067811865479
2024-06-20 16:00:00,21276.184,31.9,-0.8660254037844384,-0.5000000000000004
2024-06-20 17:00:00,21243.856,31.5,-0.9659258262890684,-0.2588190451025206
2024-06-20 18:00:00,21322.708,31.6,-1.0,-1.8369701987210294e-16
2024-06-20 19:00:00,21269.436,30.5,-0.9659258262890684,0.2588190451025203
2024-06-20 20:00:00,20510.639,28.7,-0.8660254037844386,0.5000000000000001
2024-06-20 21:00:00,19971.61,27.5,-0.7071067811865477,0.7071067811865474
2024-06-20 22:00:00,18847.653,26.8,-0.5000000000000004,0.8660254037844384
2024-06-20 23:00:00,17356.134,25.5,-0.2588190451025215,0.965925826289068
2024-06-21 00:00:00,16242.232,25.0,0.0,1.0
2024-06-21 01:00:00,15347.854,24.2,0.2588190451025207,0.9659258262890684
2024-06-21 02:00:00,14676.527,23.5,0.4999999999999999,0.8660254037844387
2024-06-21 03:00:00,14284.505,23.0,0.7071067811865475,0.7071067811865476
2024-06-21 04:00:00,14117.403,21.9,0.8660254037844386,0.5000000000000001
2024-06-21 05:00:00,14304.463,21.6,0.9659258262890684,0.2588190451025207
2024-06-21 06:00:00,14742.551,22.7,1.0,6.123233995736766e-17
2024-06-21 07:00:00,15531.36,22.5,0.9659258262890684,-0.2588190451025206
2024-06-21 08:00:00,16614.804,24.1,0.8660254037844387,-0.4999999999999998
2024-06-21 09:00:00,17718.555,26.0,0.7071067811865476,-0.7071067811865475
2024-06-21 10:00:00,19059.085,28.1,0.4999999999999999,-0.8660254037844387
2024-06-21 11:00:00,20148.271,30.2,0.258819045102521,-0.9659258262890682
2024-06-21 12:00:00,20909.679,31.9,1.2246467991473532e-16,-1.0
2024-06-21 13:00:00,21450.553,32.7,-0.2588190451025208,-0.9659258262890684
2024-06-21 14:00:00,21555.572999999997,33.3,-0.4999999999999998,-0.8660254037844388
2024-06-21 15:00:00,21542.83,34.0,-0.7071067811865471,-0.7071067811865479
2024-06-21 16:00:00,21594.739,34.0,-0.8660254037844384,-0.5000000000000004
2024-06-21 17:00:00,21538.136,33.8,-0.9659258262890684,-0.2588190451025206
2024-06-21 18:00:00,21613.154,33.5,-1.0,-1.8369701987210294e-16
2024-06-21 19:00:00,21331.057,32.8,-0.9659258262890684,0.2588190451025203
2024-06-21 20:00:00,20733.392,31.3,-0.8660254037844386,0.5000000000000001
2024-06-21 21:00:00,20097.615,28.8,-0.7071067811865477,0.7071067811865474
2024-06-21 22:00:00,18990.319,27.7,-0.5000000000000004,0.8660254037844384
2024-06-21 23:00:00,17633.595,26.0,-0.2588190451025215,0.965925826289068
2024-06-22 00:00:00,16458.081,24.9,0.0,1.0
2024-06-22 01:00:00,15452.303,23.9,0.2588190451025207,0.9659258262890684
2024-06-22 02:00:00,14719.805,22.8,0.4999999999999999,0.8660254037844387
2024-06-22 03:00:00,14232.347,22.1,0.7071067811865475,0.7071067811865476
2024-06-22 04:00:00,13835.963,21.6,0.8660254037844386,0.5000000000000001
2024-06-22 05:00:00,13709.146,21.1,0.9659258262890684,0.2588190451025207
2024-06-22 06:00:00,13723.404,21.3,1.0,6.123233995736766e-17
2024-06-22 07:00:00,14222.258,22.4,0.9659258262890684,-0.2588190451025206
2024-06-22 08:00:00,15317.482,24.2,0.8660254037844387,-0.4999999999999998
2024-06-22 09:00:00,16615.141,26.1,0.7071067811865476,-0.7071067811865475
2024-06-22 10:00:00,18068.426,28.5,0.4999999999999999,-0.8660254037844387
2024-06-22 11:00:00,19197.41,30.4,0.258819045102521,-0.9659258262890682
2024-06-22 12:00:00,19944.545,31.2,1.2246467991473532e-16,-1.0
2024-06-22 13:00:00,20492.040999999997,32.4,-0.2588190451025208,-0.9659258262890684
2024-06-22 14:00:00,20794.104,32.9,-0.4999999999999998,-0.8660254037844388
2024-06-22 15:00:00,21091.819000000003,33.4,-0.7071067811865471,-0.7071067811865479
2024-06-22 16:00:00,21330.886,33.5,-0.8660254037844384,-0.5000000000000004
2024-06-22 17:00:00,21368.875,33.2,-0.9659258262890684,-0.2588190451025206
2024-06-22 18:00:00,21166.142,32.8,-1.0,-1.8369701987210294e-16
2024-06-22 19:00:00,20748.027,31.9,-0.9659258262890684,0.2588190451025203
2024-06-22 20:00:00,19980.829,30.5,-0.8660254037844386,0.5000000000000001
2024-06-22 21:00:00,19345.726,28.4,-0.7071067811865477,0.7071067811865474
2024-06-22 22:00:00,18310.971,28.0,-0.5000000000000004,0.8660254037844384
2024-06-22 23:00:00,17285.728000000003,27.0,-0.2588190451025215,0.965925826289068
2024-06-23 00:00:00,16169.509,26.3,0.0,1.0
2024-06-23 01:00:00,15530.17,26.5,0.2588190451025207,0.9659258262890684
2024-06-23 02:00:00,15025.476,26.5,0.4999999999999999,0.8660254037844387
2024-06-23 03:00:00,14584.512,26.4,0.7071067811865475,0.7071067811865476
2024-06-23 04:00:00,14243.814,26.0,0.8660254037844386,0.5000000000000001
2024-06-23 05:00:00,14127.219,26.2,0.9659258262890684,0.2588190451025207
2024-06-23 06:00:00,13999.920999999998,25.6,1.0,6.123233995736766e-17
2024-06-23 07:00:00,14271.599,25.6,0.9659258262890684,-0.2588190451025206
2024-06-23 08:00:00,15012.085,26.1,0.8660254037844387,-0.4999999999999998
2024-06-23 09:00:00,15750.175,24.6,0.7071067811865476,-0.7071067811865475
2024-06-23 10:00:00,16414.487,23.5,0.4999999999999999,-0.8660254037844387
2024-06-23 11:00:00,17027.87,24.5,0.258819045102521,-0.9659258262890682
2024-06-23 12:00:00,17516.064,25.1,1.2246467991473532e-16,-1.0
2024-06-23 13:00:00,17899.845,27.7,-0.2588190451025208,-0.9659258262890684
2024-06-23 14:00:00,18222.326,27.8,-0.4999999999999998,-0.8660254037844388
2024-06-23 15:00:00,18518.046,27.0,-0.7071067811865471,-0.7071067811865479
2024-06-23 16:00:00,18951.983,28.5,-0.8660254037844384,-0.5000000000000004
2024-06-23 17:00:00,19159.514,29.3,-0.9659258262890684,-0.2588190451025206
2024-06-23 18:00:00,18960.419,29.5,-1.0,-1.8369701987210294e-16
2024-06-23 19:00:00,18609.197,29.1,-0.9659258262890684,0.2588190451025203
2024-06-23 20:00:00,18011.547,28.0,-0.8660254037844386,0.5000000000000001
2024-06-23 21:00:00,17325.237999999998,26.0,-0.7071067811865477,0.7071067811865474
2024-06-23 22:00:00,16574.414,24.9,-0.5000000000000004,0.8660254037844384
2024-06-23 23:00:00,15395.364,23.9,-0.2588190451025215,0.965925826289068
2024-06-24 00:00:00,14580.579999999998,22.9,0.0,1.0
2024-06-24 01:00:00,13835.457,21.8,0.2588190451025207,0.9659258262890684
2024-06-24 02:00:00,13366.328,21.0,0.4999999999999999,0.8660254037844387
2024-06-24 03:00:00,13134.152999999998,20.4,0.7071067811865475,0.7071067811865476
2024-06-24 04:00:00,13188.27,19.6,0.8660254037844386,0.5000000000000001
2024-06-24 05:00:00,13490.715,19.0,0.9659258262890684,0.2588190451025207
2024-06-24 06:00:00,14100.816,18.5,1.0,6.123233995736766e-17
2024-06-24 07:00:00,14892.517,18.8,0.9659258262890684,-0.2588190451025206
2024-06-24 08:00:00,15691.575,20.1,0.8660254037844387,-0.4999999999999998
2024-06-24 09:00:00,16327.965,21.5,0.7071067811865476,-0.7071067811865475
2024-06-24 10:00:00,17129.398999999998,23.1,0.4999999999999999,-0.8660254037844387
2024-06-24 11:00:00,17732.472999999998,24.3,0.258819045102521,-0.9659258262890682
2024-06-24 12:00:00,18473.783000000003,25.5,1.2246467991473532e-16,-1.0
2024-06-24 13:00:00,19045.910000000003,26.4,-0.2588190451025208,-0.9659258262890684
2024-06-24 14:00:00,19388.575,27.1,-0.4999999999999998,-0.8660254037844388
2024-06-24 15:00:00,19658.454,27.4,-0.7071067811865471,-0.7071067811865479
2024-06-24 16:00:00,19933.75,27.8,-0.8660254037844384,-0.5000000000000004
2024-06-24 17:00:00,20016.584000000003,28.3,-0.9659258262890684,-0.2588190451025206
2024-06-24 18:00:00,19862.258,28.3,-1.0,-1.8369701987210294e-16
2024-06-24 19:00:00,19532.807999999997,27.5,-0.9659258262890684,0.2588190451025203
2024-06-24 20:00:00,18631.904,26.1,-0.8660254037844386,0.5000000000000001
2024-06-24 21:00:00,17836.513,22.8,-0.7071067811865477,0.7071067811865474
2024-06-24 22:00:00,16716.658,21.4,-0.5000000000000004,0.8660254037844384
2024-06-24 23:00:00,15432.151999999998,20.8,-0.2588190451025215,0.965925826289068
2024-06-25 00:00:00,14317.143,19.3,0.0,1.0
2024-06-25 01:00:00,13543.236,18.7,0.2588190451025207,0.9659258262890684
2024-06-25 02:00:00,13051.744,18.6,0.4999999999999999,0.8660254037844387
2024-06-25 03:00:00,12836.391,18.1,0.7071067811865475,0.7071067811865476
2024-06-25 04:00:00,12797.781,17.6,0.8660254037844386,0.5000000000000001
2024-06-25 05:00:00,13228.864,17.5,0.9659258262890684,0.2588190451025207
2024-06-25 06:00:00,13717.892,17.2,1.0,6.123233995736766e-17
2024-06-25 07:00:00,14457.1,17.9,0.9659258262890684,-0.2588190451025206
2024-06-25 08:00:00,15139.782,19.9,0.8660254037844387,-0.4999999999999998
2024-06-25 09:00:00,15874.889,23.5,0.7071067811865476,-0.7071067811865475
2024-06-25 10:00:00,16708.103,26.0,0.4999999999999999,-0.8660254037844387
2024-06-25 11:00:00,17327.118000000002,28.0,0.258819045102521,-0.9659258262890682
2024-06-25 12:00:00,17778.54,29.2,1.2246467991473532e-16,-1.0
2024-06-25 13:00:00,17868.159,29.8,-0.2588190451025208,-0.9659258262890684
2024-06-25 14:00:00,18109.493,27.6,-0.4999999999999998,-0.8660254037844388
2024-06-25 15:00:00,18367.642,27.8,-0.7071067811865471,-0.7071067811865479
2024-06-25 16:00:00,18696.686,28.2,-0.8660254037844384,-0.5000000000000004
2024-06-25 17:00:00,19044.025,28.0,-0.9659258262890684,-0.2588190451025206
2024-06-25 18:00:00,19102.959000000003,28.1,-1.0,-1.8369701987210294e-16
2024-06-25 19:00:00,18765.606,28.2,-0.9659258262890684,0.2588190451025203
2024-06-25 20:00:00,18238.459,27.5,-0.8660254037844386,0.5000000000000001
2024-06-25 21:00:00,17802.009,25.7,-0.7071067811865477,0.7071067811865474
2024-06-25 22:00:00,16831.346,24.7,-0.5000000000000004,0.8660254037844384
2024-06-25 23:00:00,15732.202,24.4,-0.2588190451025215,0.965925826289068
2024-06-26 00:00:00,14751.807,24.3,0.0,1.0
2024-06-26 01:00:00,14087.299,23.9,0.2588190451025207,0.9659258262890684
2024-06-26 02:00:00,13529.856,23.2,0.4999999999999999,0.8660254037844387
2024-06-26 03:00:00,13380.696,22.4,0.7071067811865475,0.7071067811865476
2024-06-26 04:00:00,13306.512,21.5,0.8660254037844386,0.5000000000000001
2024-06-26 05:00:00,13551.397,21.1,0.9659258262890684,0.2588190451025207
2024-06-26 06:00:00,14129.408,20.9,1.0,6.123233995736766e-17
2024-06-26 07:00:00,14913.122,21.5,0.9659258262890684,-0.2588190451025206
2024-06-26 08:00:00,15687.815,23.2,0.8660254037844387,-0.4999999999999998
2024-06-26 09:00:00,16530.606,24.1,0.7071067811865476,-0.7071067811865475
2024-06-26 10:00:00,17310.347,25.5,0.4999999999999999,-0.8660254037844387
2024-06-26 11:00:00,17874.673000000003,24.7,0.258819045102521,-0.9659258262890682
2024-06-26 12:00:00,18283.296,23.3,1.2246467991473532e-16,-1.0
2024-06-26 13:00:00,18730.158,23.4,-0.2588190451025208,-0.9659258262890684
2024-06-26 14:00:00,19012.13,24.1,-0.4999999999999998,-0.8660254037844388
2024-06-26 15:00:00,18937.157,24.1,-0.7071067811865471,-0.7071067811865479
2024-06-26 16:00:00,18755.853,23.9,-0.8660254037844384,-0.5000000000000004
2024-06-26 17:00:00,18459.508,23.5,-0.9659258262890684,-0.2588190451025206
2024-06-26 18:00:00,18212.048,21.8,-1.0,-1.8369701987210294e-16
2024-06-26 19:00:00,17814.325,21.5,-0.9659258262890684,0.2588190451025203
2024-06-26 20:00:00,17249.308,21.3,-0.8660254037844386,0.5000000000000001
2024-06-26 21:00:00,16885.575,21.2,-0.7071067811865477,0.7071067811865474
2024-06-26 22:00:00,16038.149,20.4,-0.5000000000000004,0.8660254037844384
2024-06-26 23:00:00,15012.658,19.5,-0.2588190451025215,0.965925826289068
2024-06-27 00:00:00,14145.346,18.0,0.0,1.0
2024-06-27 01:00:00,13592.515,17.4,0.2588190451025207,0.9659258262890684
2024-06-27 02:00:00,13030.925,16.9,0.4999999999999999,0.8660254037844387
2024-06-27 03:00:00,12793.004,16.5,0.7071067811865475,0.7071067811865476
2024-06-27 04:00:00,12836.307,16.6,0.8660254037844386,0.5000000000000001
2024-06-27 05:00:00,13229.493,16.0,0.9659258262890684,0.2588190451025207
2024-06-27 06:00:00,13705.095,16.9,1.0,6.123233995736766e-17
2024-06-27 07:00:00,14301.904,17.1,0.9659258262890684,-0.2588190451025206
2024-06-27 08:00:00,14812.152999999998,18.5,0.8660254037844387,-0.4999999999999998
2024-06-27 09:00:00,15386.704,20.2,0.7071067811865476,-0.7071067811865475
2024-06-27 10:00:00,15941.354,21.9,0.4999999999999999,-0.8660254037844387
2024-06-27 11:00:00,16447.116,23.5,0.258819045102521,-0.9659258262890682
2024-06-27 12:00:00,17059.561,24.7,1.2246467991473532e-16,-1.0
2024-06-27 13:00:00,17671.261,25.5,-0.2588190451025208,-0.9659258262890684
2024-06-27 14:00:00,18112.256,26.1,-0.4999999999999998,-0.8660254037844388
2024-06-27 15:00:00,18237.267,26.4,-0.7071067811865471,-0.7071067811865479
2024-06-27 16:00:00,18581.787,26.5,-0.8660254037844384,-0.5000000000000004
2024-06-27 17:00:00,18830.523,26.4,-0.9659258262890684,-0.2588190451025206
2024-06-27 18:00:00,18745.946,26.1,-1.0,-1.8369701987210294e-16
2024-06-27 19:00:00,18383.680999999997,25.4,-0.9659258262890684,0.2588190451025203
2024-06-27 20:00:00,17622.36,23.9,-0.8660254037844386,0.5000000000000001
2024-06-27 21:00:00,16905.638,21.8,-0.7071067811865477,0.7071067811865474
2024-06-27 22:00:00,15895.080000000002,20.5,-0.5000000000000004,0.8660254037844384
2024-06-27 23:00:00,14765.893,19.5,-0.2588190451025215,0.965925826289068
2024-06-28 00:00:00,13802.77,18.6,0.0,1.0
2024-06-28 01:00:00,13082.489,18.1,0.2588190451025207,0.9659258262890684
2024-06-28 02:00:00,12575.726,17.5,0.4999999999999999,0.8660254037844387
2024-06-28 03:00:00,12362.688,16.9,0.7071067811865475,0.7071067811865476
2024-06-28 04:00:00,12441.244,16.7,0.8660254037844386,0.5000000000000001
2024-06-28 05:00:00,12811.095,16.6,0.9659258262890684,0.2588190451025207
2024-06-28 06:00:00,13159.441,16.0,1.0,6.123233995736766e-17
2024-06-28 07:00:00,13753.009,16.4,0.9659258262890684,-0.2588190451025206
2024-06-28 08:00:00,14441.529,18.1,0.8660254037844387,-0.4999999999999998
2024-06-28 09:00:00,15067.081000000002,20.2,0.7071067811865476,-0.7071067811865475
2024-06-28 10:00:00,15804.037,22.8,0.4999999999999999,-0.8660254037844387
2024-06-28 11:00:00,16665.249,25.0,0.258819045102521,-0.9659258262890682
2024-06-28 12:00:00,17594.636,26.7,1.2246467991473532e-16,-1.0
2024-06-28 13:00:00,18254.101,28.0,-0.2588190451025208,-0.9659258262890684
2024-06-28 14:00:00,18908.622000000003,29.2,-0.4999999999999998,-0.8660254037844388
2024-06-28 15:00:00,19333.967,30.2,-0.7071067811865471,-0.7071067811865479
2024-06-28 16:00:00,19699.513,31.3,-0.8660254037844384,-0.5000000000000004
2024-06-28 17:00:00,19745.063,32.2,-0.9659258262890684,-0.2588190451025206
2024-06-28 18:00:00,19539.729,32.1,-1.0,-1.8369701987210294e-16
2024-06-28 19:00:00,19072.467,31.6,-0.9659258262890684,0.2588190451025203
2024-06-28 20:00:00,18534.458,29.1,-0.8660254037844386,0.5000000000000001
2024-06-28 21:00:00,18132.281000000003,26.8,-0.7071067811865477,0.7071067811865474
2024-06-28 22:00:00,17225.379,26.2,-0.5000000000000004,0.8660254037844384
2024-06-28 23:00:00,16165.177,26.0,-0.2588190451025215,0.965925826289068
2024-06-29 00:00:00,15160.229,26.0,0.0,1.0
2024-06-29 01:00:00,14648.129,25.9,0.2588190451025207,0.9659258262890684
2024-06-29 02:00:00,14151.697,25.8,0.4999999999999999,0.8660254037844387
2024-06-29 03:00:00,13809.64,25.5,0.7071067811865475,0.7071067811865476
2024-06-29 04:00:00,13730.821,24.9,0.8660254037844386,0.5000000000000001
2024-06-29 05:00:00,13739.424,24.5,0.9659258262890684,0.2588190451025207
2024-06-29 06:00:00,13901.133,24.4,1.0,6.123233995736766e-17
2024-06-29 07:00:00,14189.239,25.0,0.9659258262890684,-0.2588190451025206
2024-06-29 08:00:00,15027.657,26.3,0.8660254037844387,-0.4999999999999998
2024-06-29 09:00:00,16000.073,27.0,0.7071067811865476,-0.7071067811865475
2024-06-29 10:00:00,16782.612,28.6,0.4999999999999999,-0.8660254037844387
2024-06-29 11:00:00,17517.294,29.2,0.258819045102521,-0.9659258262890682
2024-06-29 12:00:00,18090.82,28.6,1.2246467991473532e-16,-1.0
2024-06-29 13:00:00,18597.566,26.6,-0.2588190451025208,-0.9659258262890684
2024-06-29 14:00:00,18994.422,28.8,-0.4999999999999998,-0.8660254037844388
2024-06-29 15:00:00,19400.049,30.0,-0.7071067811865471,-0.7071067811865479
2024-06-29 16:00:00,19662.999,31.0,-0.8660254037844384,-0.5000000000000004
2024-06-29 17:00:00,19579.091,30.9,-0.9659258262890684,-0.2588190451025206
2024-06-29 18:00:00,19409.576999999997,31.0,-1.0,-1.8369701987210294e-16
2024-06-29 19:00:00,19061.351,30.5,-0.9659258262890684,0.2588190451025203
2024-06-29 20:00:00,18523.479,29.3,-0.8660254037844386,0.5000000000000001
2024-06-29 21:00:00,18038.786,27.2,-0.7071067811865477,0.7071067811865474
2024-06-29 22:00:00,17159.587,26.1,-0.5000000000000004,0.8660254037844384
2024-06-29 23:00:00,16213.02,25.2,-0.2588190451025215,0.965925826289068
2024-06-30 00:00:00,15220.012,24.5,0.0,1.0
2024-06-30 01:00:00,14507.57,24.5,0.2588190451025207,0.9659258262890684
2024-06-30 02:00:00,13975.093,24.2,0.4999999999999999,0.8660254037844387
2024-06-30 03:00:00,13573.414,23.9,0.7071067811865475,0.7071067811865476
2024-06-30 04:00:00,13401.364,21.9,0.8660254037844386,0.5000000000000001
2024-06-30 05:00:00,13234.381,21.9,0.9659258262890684,0.2588190451025207
2024-06-30 06:00:00,13223.423,22.1,1.0,6.123233995736766e-17
2024-06-30 07:00:00,13554.98,22.8,0.9659258262890684,-0.2588190451025206
2024-06-30 08:00:00,14421.464,24.0,0.8660254037844387,-0.4999999999999998
2024-06-30 09:00:00,15235.441,25.2,0.7071067811865476,-0.7071067811865475
2024-06-30 10:00:00,15899.101,25.8,0.4999999999999999,-0.8660254037844387
2024-06-30 11:00:00,16541.612,26.5,0.258819045102521,-0.9659258262890682
2024-06-30 12:00:00,17130.432,27.0,1.2246467991473532e-16,-1.0
2024-06-30 13:00:00,17388.283,27.2,-0.2588190451025208,-0.9659258262890684
2024-06-30 14:00:00,17711.646999999997,27.2,-0.4999999999999998,-0.8660254037844388
2024-06-30 15:00:00,17944.785,26.9,-0.7071067811865471,-0.7071067811865479
2024-06-30 16:00:00,18103.502,26.4,-0.8660254037844384,-0.5000000000000004
2024-06-30 17:00:00,18080.112,25.5,-0.9659258262890684,-0.2588190451025206
2024-06-30 18:00:00,17671.345999999998,24.1,-1.0,-1.8369701987210294e-16
2024-06-30 19:00:00,17141.16,22.9,-0.9659258262890684,0.2588190451025203
2024-06-30 20:00:00,16299.907,21.6,-0.8660254037844386,0.5000000000000001
2024-06-30 21:00:00,15789.487,19.9,-0.7071067811865477,0.7071067811865474
2024-06-30 22:00:00,15003.868,18.6,-0.5000000000000004,0.8660254037844384
2024-06-30 23:00:00,13927.685,17.8,-0.2588190451025215,0.965925826289068
2024-07-01 00:00:00,13115.963,17.0,0.0,1.0
2024-07-01 01:00:00,12524.502,16.1,0.2588190451025207,0.9659258262890684
2024-07-01 02:00:00,12053.345,15.2,0.4999999999999999,0.8660254037844387
2024-07-01 03:00:00,11907.834,14.4,0.7071067811865475,0.7071067811865476
2024-07-01 04:00:00,11965.36,14.2,0.8660254037844386,0.5000000000000001
2024-07-01 05:00:00,12237.64,14.0,0.9659258262890684,0.2588190451025207
2024-07-01 06:00:00,12671.807,13.6,1.0,6.123233995736766e-17
2024-07-01 07:00:00,13257.812999999998,13.9,0.9659258262890684,-0.2588190451025206
2024-07-01 08:00:00,13706.985,15.1,0.8660254037844387,-0.4999999999999998
2024-07-01 09:00:00,14157.407,16.5,0.7071067811865476,-0.7071067811865475
2024-07-01 10:00:00,14511.455,18.3,0.4999999999999999,-0.8660254037844387
2024-07-01 11:00:00,14817.855,19.9,0.258819045102521,-0.9659258262890682
2024-07-01 12:00:00,15285.988,21.1,1.2246467991473532e-16,-1.0
2024-07-01 13:00:00,15596.36,22.4,-0.2588190451025208,-0.9659258262890684
2024-07-01 14:00:00,15953.171,23.5,-0.4999999999999998,-0.8660254037844388
2024-07-01 15:00:00,16263.347000000002,24.5,-0.7071067811865471,-0.7071067811865479
2024-07-01 16:00:00,16648.686,25.1,-0.8660254037844384,-0.5000000000000004
2024-07-01 17:00:00,17008.426,25.4,-0.9659258262890684,-0.2588190451025206
2024-07-01 18:00:00,16947.628,25.3,-1.0,-1.8369701987210294e-16
2024-07-01 19:00:00,16684.116,24.9,-0.9659258262890684,0.2588190451025203
2024-07-01 20:00:00,15927.755,23.6,-0.8660254037844386,0.5000000000000001
2024-07-01 21:00:00,15349.973,20.0,-0.7071067811865477,0.7071067811865474
2024-07-01 22:00:00,14463.059,18.6,-0.5000000000000004,0.8660254037844384
2024-07-01 23:00:00,13444.81,17.7,-0.2588190451025215,0.965925826289068
2024-07-02 00:00:00,12600.184,17.1,0.0,1.0
2024-07-02 01:00:00,12037.3,16.8,0.2588190451025207,0.9659258262890684
2024-07-02 02:00:00,11781.78,16.0,0.4999999999999999,0.8660254037844387
2024-07-02 03:00:00,11582.125,15.6,0.7071067811865475,0.7071067811865476
2024-07-02 04:00:00,11618.42,15.3,0.8660254037844386,0.5000000000000001
2024-07-02 05:00:00,11863.513,14.9,0.9659258262890684,0.2588190451025207
2024-07-02 06:00:00,12320.072,14.4,1.0,6.123233995736766e-17
2024-07-02 07:00:00,12871.45,15.1,0.9659258262890684,-0.2588190451025206
2024-07-02 08:00:00,13288.862,17.1,0.8660254037844387,-0.4999999999999998
2024-07-02 09:00:00,13838.823,19.5,0.7071067811865476,-0.7071067811865475
2024-07-02 10:00:00,14431.244,21.8,0.4999999999999999,-0.8660254037844387
2024-07-02 11:00:00,15104.145,24.0,0.258819045102521,-0.9659258262890682
2024-07-02 12:00:00,15730.834,26.1,1.2246467991473532e-16,-1.0
2024-07-02 13:00:00,16499.522,27.9,-0.2588190451025208,-0.9659258262890684
2024-07-02 14:00:00,17244.597999999998,29.2,-0.4999999999999998,-0.8660254037844388
2024-07-02 15:00:00,17944.103000000003,30.2,-0.7071067811865471,-0.7071067811865479
2024-07-02 16:00:00,18530.549,30.8,-0.8660254037844384,-0.5000000000000004
2024-07-02 17:00:00,18854.693,31.0,-0.9659258262890684,-0.2588190451025206
2024-07-02 18:00:00,18831.455,31.0,-1.0,-1.8369701987210294e-16
2024-07-02 19:00:00,18548.801,30.4,-0.9659258262890684,0.2588190451025203
2024-07-02 20:00:00,17894.249,29.0,-0.8660254037844386,0.5000000000000001
2024-07-02 21:00:00,17398.381999999998,26.8,-0.7071067811865477,0.7071067811865474
2024-07-02 22:00:00,16476.701999999997,26.0,-0.5000000000000004,0.8660254037844384
2024-07-02 23:00:00,15295.916,25.1,-0.2588190451025215,0.965925826289068
2024-07-03 00:00:00,14375.875,24.0,0.0,1.0
2024-07-03 01:00:00,13589.998,23.6,0.2588190451025207,0.9659258262890684
2024-07-03 02:00:00,13259.732,23.0,0.4999999999999999,0.8660254037844387
2024-07-03 03:00:00,12967.11,22.6,0.7071067811865475,0.7071067811865476
2024-07-03 04:00:00,13027.012,22.3,0.8660254037844386,0.5000000000000001
2024-07-03 05:00:00,13297.639,22.1,0.9659258262890684,0.2588190451025207
2024-07-03 06:00:00,13805.57,21.8,1.0,6.123233995736766e-17
2024-07-03 07:00:00,14627.687,22.1,0.9659258262890684,-0.2588190451025206
2024-07-03 08:00:00,15468.007,23.6,0.8660254037844387,-0.4999999999999998
2024-07-03 09:00:00,16482.192,26.6,0.7071067811865476,-0.7071067811865475
2024-07-03 10:00:00,17524.876,28.5,0.4999999999999999,-0.8660254037844387
2024-07-03 11:00:00,18483.987,30.0,0.258819045102521,-0.9659258262890682
2024-07-03 12:00:00,19340.918,31.5,1.2246467991473532e-16,-1.0
2024-07-03 13:00:00,19856.977,32.5,-0.2588190451025208,-0.9659258262890684
2024-07-03 14:00:00,20271.855,33.7,-0.4999999999999998,-0.8660254037844388
2024-07-03 15:00:00,20509.532,33.9,-0.7071067811865471,-0.7071067811865479
2024-07-03 16:00:00,20608.798,33.2,-0.8660254037844384,-0.5000000000000004
2024-07-03 17:00:00,20455.468999999997,27.5,-0.9659258262890684,-0.2588190451025206
2024-07-03 18:00:00,19940.089,29.0,-1.0,-1.8369701987210294e-16
2024-07-03 19:00:00,19113.164,29.4,-0.9659258262890684,0.2588190451025203
2024-07-03 20:00:00,18481.076999999997,28.8,-0.8660254037844386,0.5000000000000001
2024-07-03 21:00:00,17847.78,25.0,-0.7071067811865477,0.7071067811865474
2024-07-03 22:00:00,16790.208,24.5,-0.5000000000000004,0.8660254037844384
2024-07-03 23:00:00,15738.331,23.5,-0.2588190451025215,0.965925826289068
2024-07-04 00:00:00,14950.614999999998,23.5,0.0,1.0
2024-07-04 01:00:00,14194.926,23.5,0.2588190451025207,0.9659258262890684
2024-07-04 02:00:00,13593.122,23.4,0.4999999999999999,0.8660254037844387
2024-07-04 03:00:00,13187.25,23.3,0.7071067811865475,0.7071067811865476
2024-07-04 04:00:00,13082.342,22.9,0.8660254037844386,0.5000000000000001
2024-07-04 05:00:00,13020.327,22.5,0.9659258262890684,0.2588190451025207
2024-07-04 06:00:00,13069.514,21.5,1.0,6.123233995736766e-17
2024-07-04 07:00:00,13386.845,22.4,0.9659258262890684,-0.2588190451025206
2024-07-04 08:00:00,14194.331,23.6,0.8660254037844387,-0.4999999999999998
2024-07-04 09:00:00,15337.336,24.5,0.7071067811865476,-0.7071067811865475
2024-07-04 10:00:00,16430.773,26.1,0.4999999999999999,-0.8660254037844387
2024-07-04 11:00:00,17355.501,27.5,0.258819045102521,-0.9659258262890682
2024-07-04 12:00:00,18027.673000000003,28.4,1.2246467991473532e-16,-1.0
2024-07-04 13:00:00,18234.047,29.8,-0.2588190451025208,-0.9659258262890684
2024-07-04 14:00:00,17972.301,27.1,-0.4999999999999998,-0.8660254037844388
2024-07-04 15:00:00,17712.279000000002,26.6,-0.7071067811865471,-0.7071067811865479
2024-07-04 16:00:00,17552.804,26.5,-0.8660254037844384,-0.5000000000000004
2024-07-04 17:00:00,17376.544,26.9,-0.9659258262890684,-0.2588190451025206
2024-07-04 18:00:00,16986.016000000003,28.2,-1.0,-1.8369701987210294e-16
2024-07-04 19:00:00,16553.444,28.2,-0.9659258262890684,0.2588190451025203
2024-07-04 20:00:00,16042.176,26.0,-0.8660254037844386,0.5000000000000001
2024-07-04 21:00:00,15719.077,24.2,-0.7071067811865477,0.7071067811865474
2024-07-04 22:00:00,15186.595,23.0,-0.5000000000000004,0.8660254037844384
2024-07-04 23:00:00,14673.805,23.4,-0.2588190451025215,0.965925826289068
2024-07-05 00:00:00,13842.406,23.4,0.0,1.0
2024-07-05 01:00:00,13193.578,23.1,0.2588190451025207,0.9659258262890684
2024-07-05 02:00:00,12634.724000000002,22.6,0.4999999999999999,0.8660254037844387
2024-07-05 03:00:00,12454.314,22.2,0.7071067811865475,0.7071067811865476
2024-07-05 04:00:00,12397.71,21.5,0.8660254037844386,0.5000000000000001
2024-07-05 05:00:00,12587.792,21.4,0.9659258262890684,0.2588190451025207
2024-07-05 06:00:00,12791.047,20.7,1.0,6.123233995736766e-17
2024-07-05 07:00:00,13304.663,21.0,0.9659258262890684,-0.2588190451025206
2024-07-05 08:00:00,14103.145,22.0,0.8660254037844387,-0.4999999999999998
2024-07-05 09:00:00,15039.928,22.2,0.7071067811865476,-0.7071067811865475
2024-07-05 10:00:00,16139.772,23.7,0.4999999999999999,-0.8660254037844387
2024-07-05 11:00:00,16972.731,25.4,0.258819045102521,-0.9659258262890682
2024-07-05 12:00:00,17523.141,26.5,1.2246467991473532e-16,-1.0
2024-07-05 13:00:00,17821.404,27.5,-0.2588190451025208,-0.9659258262890684
2024-07-05 14:00:00,17760.835,27.5,-0.4999999999999998,-0.8660254037844388
2024-07-05 15:00:00,17846.779000000002,26.7,-0.7071067811865471,-0.7071067811865479
2024-07-05 16:00:00,17795.396,27.9,-0.8660254037844384,-0.5000000000000004
2024-07-05 17:00:00,17636.853,26.0,-0.9659258262890684,-0.2588190451025206
2024-07-05 18:00:00,17390.691,24.9,-1.0,-1.8369701987210294e-16
2024-07-05 19:00:00,17271.881,24.5,-0.9659258262890684,0.2588190451025203
2024-07-05 20:00:00,16767.06,24.1,-0.8660254037844386,0.5000000000000001
2024-07-05 21:00:00,16322.639,22.9,-0.7071067811865477,0.7071067811865474
2024-07-05 22:00:00,15594.798,21.0,-0.5000000000000004,0.8660254037844384
2024-07-05 23:00:00,14752.722,20.9,-0.2588190451025215,0.965925826289068
2024-07-06 00:00:00,13864.741,21.0,0.0,1.0
2024-07-06 01:00:00,13211.048,20.9,0.2588190451025207,0.9659258262890684
2024-07-06 02:00:00,12759.334,20.8,0.4999999999999999,0.8660254037844387
2024-07-06 03:00:00,12362.481,20.8,0.7071067811865475,0.7071067811865476
2024-07-06 04:00:00,12166.824,20.4,0.8660254037844386,0.5000000000000001
2024-07-06 05:00:00,12170.485,19.5,0.9659258262890684,0.2588190451025207
2024-07-06 06:00:00,12042.439,18.6,1.0,6.123233995736766e-17
2024-07-06 07:00:00,12549.305,18.9,0.9659258262890684,-0.2588190451025206
2024-07-06 08:00:00,13393.534,20.1,0.8660254037844387,-0.4999999999999998
2024-07-06 09:00:00,14354.429,22.5,0.7071067811865476,-0.7071067811865475
2024-07-06 10:00:00,15404.218,24.1,0.4999999999999999,-0.8660254037844387
2024-07-06 11:00:00,16199.39,25.3,0.258819045102521,-0.9659258262890682
2024-07-06 12:00:00,16769.564,26.4,1.2246467991473532e-16,-1.0
2024-07-06 13:00:00,17177.953,26.7,-0.2588190451025208,-0.9659258262890684
2024-07-06 14:00:00,17552.732,27.0,-0.4999999999999998,-0.8660254037844388
2024-07-06 15:00:00,17769.443,28.2,-0.7071067811865471,-0.7071067811865479
2024-07-06 16:00:00,18148.728000000003,28.4,-0.8660254037844384,-0.5000000000000004
2024-07-06 17:00:00,18355.341,28.5,-0.9659258262890684,-0.2588190451025206
2024-07-06 18:00:00,18140.854,28.4,-1.0,-1.8369701987210294e-16
2024-07-06 19:00:00,17782.044,27.8,-0.9659258262890684,0.2588190451025203
2024-07-06 20:00:00,17002.964,26.5,-0.8660254037844386,0.5000000000000001
2024-07-06 21:00:00,16283.625,23.6,-0.7071067811865477,0.7071067811865474
2024-07-06 22:00:00,15407.545000000002,22.8,-0.5000000000000004,0.8660254037844384
2024-07-06 23:00:00,14567.387,21.3,-0.2588190451025215,0.965925826289068
2024-07-07 00:00:00,13562.702,20.5,0.0,1.0
2024-07-07 01:00:00,12930.225,20.1,0.2588190451025207,0.9659258262890684
2024-07-07 02:00:00,12305.698,20.2,0.4999999999999999,0.8660254037844387
2024-07-07 03:00:00,11942.542,19.5,0.7071067811865475,0.7071067811865476
2024-07-07 04:00:00,11716.177,18.0,0.8660254037844386,0.5000000000000001
2024-07-07 05:00:00,11649.775,17.3,0.9659258262890684,0.2588190451025207
2024-07-07 06:00:00,11642.016,17.2,1.0,6.123233995736766e-17
2024-07-07 07:00:00,12043.313,18.0,0.9659258262890684,-0.2588190451025206
2024-07-07 08:00:00,12962.349,20.0,0.8660254037844387,-0.4999999999999998
2024-07-07 09:00:00,13908.983,22.9,0.7071067811865476,-0.7071067811865475
2024-07-07 10:00:00,15088.18,25.1,0.4999999999999999,-0.8660254037844387
2024-07-07 11:00:00,16019.153,26.7,0.258819045102521,-0.9659258262890682
2024-07-07 12:00:00,16919.957000000002,27.8,1.2246467991473532e-16,-1.0
2024-07-07 13:00:00,17608.138,28.5,-0.2588190451025208,-0.9659258262890684
2024-07-07 14:00:00,18204.283,29.5,-0.4999999999999998,-0.8660254037844388
2024-07-07 15:00:00,18703.237,30.0,-0.7071067811865471,-0.7071067811865479
2024-07-07 16:00:00,19163.586,30.4,-0.8660254037844384,-0.5000000000000004
2024-07-07 17:00:00,19393.016,30.4,-0.9659258262890684,-0.2588190451025206
2024-07-07 18:00:00,19277.761,30.2,-1.0,-1.8369701987210294e-16
2024-07-07 19:00:00,18954.0,29.6,-0.9659258262890684,0.2588190451025203
2024-07-07 20:00:00,18257.93,27.6,-0.8660254037844386,0.5000000000000001
2024-07-07 21:00:00,17637.282,24.2,-0.7071067811865477,0.7071067811865474
2024-07-07 22:00:00,16441.845,25.6,-0.5000000000000004,0.8660254037844384
2024-07-07 23:00:00,15333.723,21.6,-0.2588190451025215,0.965925826289068
2024-07-08 00:00:00,14409.665,20.7,0.0,1.0
2024-07-08 01:00:00,13748.478,20.1,0.2588190451025207,0.9659258262890684
2024-07-08 02:00:00,13190.603,20.0,0.4999999999999999,0.8660254037844387
2024-07-08 03:00:00,12911.848000000002,19.9,0.7071067811865475,0.7071067811865476
2024-07-08 04:00:00,12942.548,20.4,0.8660254037844386,0.5000000000000001
2024-07-08 05:00:00,13339.347,18.9,0.9659258262890684,0.2588190451025207
2024-07-08 06:00:00,13872.655,18.0,1.0,6.123233995736766e-17
2024-07-08 07:00:00,14738.286,18.5,0.9659258262890684,-0.2588190451025206
2024-07-08 08:00:00,15758.661,21.4,0.8660254037844387,-0.4999999999999998
2024-07-08 09:00:00,16809.645,24.4,0.7071067811865476,-0.7071067811865475
2024-07-08 10:00:00,18098.331,26.7,0.4999999999999999,-0.8660254037844387
2024-07-08 11:00:00,19090.724,28.4,0.258819045102521,-0.9659258262890682
2024-07-08 12:00:00,19912.081,29.5,1.2246467991473532e-16,-1.0
2024-07-08 13:00:00,20652.933,30.3,-0.2588190451025208,-0.9659258262890684
2024-07-08 14:00:00,20885.176,30.8,-0.4999999999999998,-0.8660254037844388
2024-07-08 15:00:00,20926.695,31.3,-0.7071067811865471,-0.7071067811865479
2024-07-08 16:00:00,20968.216,31.7,-0.8660254037844384,-0.5000000000000004
2024-07-08 17:00:00,21018.69,31.5,-0.9659258262890684,-0.2588190451025206
2024-07-08 18:00:00,21050.337,31.1,-1.0,-1.8369701987210294e-16
2024-07-08 19:00:00,20791.699,30.2,-0.9659258262890684,0.2588190451025203
2024-07-08 20:00:00,20132.33,28.8,-0.8660254037844386,0.5000000000000001
2024-07-08 21:00:00,19475.567000000003,25.9,-0.7071067811865477,0.7071067811865474
2024-07-08 22:00:00,18319.26,25.2,-0.5000000000000004,0.8660254037844384
2024-07-08 23:00:00,16985.837,24.4,-0.2588190451025215,0.965925826289068
2024-07-09 00:00:00,15800.697,24.3,0.0,1.0
2024-07-09 01:00:00,14963.762,23.0,0.2588190451025207,0.9659258262890684
2024-07-09 02:00:00,14341.932,22.4,0.4999999999999999,0.8660254037844387
2024-07-09 03:00:00,14065.097000000002,22.5,0.7071067811865475,0.7071067811865476
2024-07-09 04:00:00,13958.328,21.1,0.8660254037844386,0.5000000000000001
2024-07-09 05:00:00,14267.009,21.8,0.9659258262890684,0.2588190451025207
2024-07-09 06:00:00,14865.829,22.6,1.0,6.123233995736766e-17
2024-07-09 07:00:00,15515.294,22.5,0.9659258262890684,-0.2588190451025206
2024-07-09 08:00:00,16317.254,23.4,0.8660254037844387,-0.4999999999999998
2024-07-09 09:00:00,17115.966,24.6,0.7071067811865476,-0.7071067811865475
2024-07-09 10:00:00,18201.062,26.0,0.4999999999999999,-0.8660254037844387
2024-07-09 11:00:00,19176.998,27.8,0.258819045102521,-0.9659258262890682
2024-07-09 12:00:00,19935.371,28.5,1.2246467991473532e-16,-1.0
2024-07-09 13:00:00,20532.656000000003,29.1,-0.2588190451025208,-0.9659258262890684
2024-07-09 14:00:00,20746.178,29.8,-0.4999999999999998,-0.8660254037844388
2024-07-09 15:00:00,20625.035,30.5,-0.7071067811865471,-0.7071067811865479
2024-07-09 16:00:00,20456.472,31.1,-0.8660254037844384,-0.5000000000000004
2024-07-09 17:00:00,20419.05,32.0,-0.9659258262890684,-0.2588190451025206
2024-07-09 18:00:00,20645.649,32.2,-1.0,-1.8369701987210294e-16
2024-07-09 19:00:00,20481.908000000003,31.9,-0.9659258262890684,0.2588190451025203
2024-07-09 20:00:00,19904.345,30.3,-0.8660254037844386,0.5000000000000001
2024-07-09 21:00:00,19524.816,28.0,-0.7071067811865477,0.7071067811865474
2024-07-09 22:00:00,18597.157,27.3,-0.5000000000000004,0.8660254037844384
2024-07-09 23:00:00,17451.316,25.8,-0.2588190451025215,0.965925826289068
2024-07-10 00:00:00,16470.355,25.7,0.0,1.0
2024-07-10 01:00:00,15797.73,26.8,0.2588190451025207,0.9659258262890684
2024-07-10 02:00:00,14992.308,27.0,0.4999999999999999,0.8660254037844387
2024-07-10 03:00:00,14666.083,27.0,0.7071067811865475,0.7071067811865476
2024-07-10 04:00:00,14613.223999999998,26.6,0.8660254037844386,0.5000000000000001
2024-07-10 05:00:00,15036.506,24.5,0.9659258262890684,0.2588190451025207
2024-07-10 06:00:00,15746.174,23.5,1.0,6.123233995736766e-17
2024-07-10 07:00:00,16436.717,23.6,0.9659258262890684,-0.2588190451025206
2024-07-10 08:00:00,17038.095,23.8,0.8660254037844387,-0.4999999999999998
2024-07-10 09:00:00,17546.451,24.0,0.7071067811865476,-0.7071067811865475
2024-07-10 10:00:00,17902.612999999998,23.5,0.4999999999999999,-0.8660254037844387
2024-07-10 11:00:00,18035.916,23.1,0.258819045102521,-0.9659258262890682
2024-07-10 12:00:00,18201.267,22.6,1.2246467991473532e-16,-1.0
2024-07-10 13:00:00,18347.029,23.0,-0.2588190451025208,-0.9659258262890684
2024-07-10 14:00:00,18211.037,23.0,-0.4999999999999998,-0.8660254037844388
2024-07-10 15:00:00,18071.938,22.2,-0.7071067811865471,-0.7071067811865479
2024-07-10 16:00:00,18036.988,22.6,-0.8660254037844384,-0.5000000000000004
2024-07-10 17:00:00,17884.96,23.0,-0.9659258262890684,-0.2588190451025206
2024-07-10 18:00:00,17853.79,23.6,-1.0,-1.8369701987210294e-16
2024-07-10 19:00:00,17583.379999999997,24.1,-0.9659258262890684,0.2588190451025203
2024-07-10 20:00:00,17093.408,23.6,-0.8660254037844386,0.5000000000000001
2024-07-10 21:00:00,16717.174,22.4,-0.7071067811865477,0.7071067811865474
2024-07-10 22:00:00,15848.438,21.6,-0.5000000000000004,0.8660254037844384
2024-07-10 23:00:00,14768.17,21.0,-0.2588190451025215,0.965925826289068
2024-07-11 00:00:00,13838.041,20.5,0.0,1.0
2024-07-11 01:00:00,13201.035,19.9,0.2588190451025207,0.9659258262890684
2024-07-11 02:00:00,12800.509,19.3,0.4999999999999999,0.8660254037844387
2024-07-11 03:00:00,12487.384,18.2,0.7071067811865475,0.7071067811865476
2024-07-11 04:00:00,12592.282,17.4,0.8660254037844386,0.5000000000000001
2024-07-11 05:00:00,12893.42,16.8,0.9659258262890684,0.2588190451025207
2024-07-11 06:00:00,13392.573,16.0,1.0,6.123233995736766e-17
2024-07-11 07:00:00,14057.957,17.0,0.9659258262890684,-0.2588190451025206
2024-07-11 08:00:00,14828.382,19.1,0.8660254037844387,-0.4999999999999998
2024-07-11 09:00:00,15398.13,21.0,0.7071067811865476,-0.7071067811865475
2024-07-11 10:00:00,16240.075,23.1,0.4999999999999999,-0.8660254037844387
2024-07-11 11:00:00,17072.393,24.8,0.258819045102521,-0.9659258262890682
2024-07-11 12:00:00,17763.747000000003,26.0,1.2246467991473532e-16,-1.0
2024-07-11 13:00:00,18621.114,27.0,-0.2588190451025208,-0.9659258262890684
2024-07-11 14:00:00,19191.618,27.9,-0.4999999999999998,-0.8660254037844388
2024-07-11 15:00:00,19554.91,28.9,-0.7071067811865471,-0.7071067811865479
2024-07-11 16:00:00,19963.85,29.3,-0.8660254037844384,-0.5000000000000004
2024-07-11 17:00:00,20151.314,29.5,-0.9659258262890684,-0.2588190451025206
2024-07-11 18:00:00,19889.15,29.1,-1.0,-1.8369701987210294e-16
2024-07-11 19:00:00,19536.364,28.0,-0.9659258262890684,0.2588190451025203
2024-07-11 20:00:00,18691.438,26.5,-0.8660254037844386,0.5000000000000001
2024-07-11 21:00:00,17998.41,24.4,-0.7071067811865477,0.7071067811865474
2024-07-11 22:00:00,16990.367,23.0,-0.5000000000000004,0.8660254037844384
2024-07-11 23:00:00,15619.28,21.0,-0.2588190451025215,0.965925826289068
2024-07-12 00:00:00,14493.261,20.9,0.0,1.0
2024-07-12 01:00:00,13913.412,20.0,0.2588190451025207,0.9659258262890684
2024-07-12 02:00:00,13345.363,19.6,0.4999999999999999,0.8660254037844387
2024-07-12 03:00:00,13012.672,19.0,0.7071067811865475,0.7071067811865476
2024-07-12 04:00:00,13051.201,19.0,0.8660254037844386,0.5000000000000001
2024-07-12 05:00:00,13306.619,19.0,0.9659258262890684,0.2588190451025207
2024-07-12 06:00:00,13840.886,18.7,1.0,6.123233995736766e-17
2024-07-12 07:00:00,14381.862,19.2,0.9659258262890684,-0.2588190451025206
2024-07-12 08:00:00,15079.403,21.0,0.8660254037844387,-0.4999999999999998
2024-07-12 09:00:00,15993.779,23.2,0.7071067811865476,-0.7071067811865475
2024-07-12 10:00:00,17150.331,25.0,0.4999999999999999,-0.8660254037844387
2024-07-12 11:00:00,18081.923,27.4,0.258819045102521,-0.9659258262890682
2024-07-12 12:00:00,18918.444,28.8,1.2246467991473532e-16,-1.0
2024-07-12 13:00:00,19613.773,29.4,-0.2588190451025208,-0.9659258262890684
2024-07-12 14:00:00,19991.575,29.6,-0.4999999999999998,-0.8660254037844388
2024-07-12 15:00:00,20274.082,26.5,-0.7071067811865471,-0.7071067811865479
2024-07-12 16:00:00,20396.941,28.5,-0.8660254037844384,-0.5000000000000004
2024-07-12 17:00:00,20314.573,29.4,-0.9659258262890684,-0.2588190451025206
2024-07-12 18:00:00,20115.188,29.5,-1.0,-1.8369701987210294e-16
2024-07-12 19:00:00,19644.329,29.2,-0.9659258262890684,0.2588190451025203
2024-07-12 20:00:00,18880.865,28.1,-0.8660254037844386,0.5000000000000001
2024-07-12 21:00:00,18245.444,24.9,-0.7071067811865477,0.7071067811865474
2024-07-12 22:00:00,17159.095,26.4,-0.5000000000000004,0.8660254037844384
2024-07-12 23:00:00,15898.362,23.4,-0.2588190451025215,0.965925826289068
2024-07-13 00:00:00,14900.301,22.0,0.0,1.0
2024-07-13 01:00:00,14076.866,21.2,0.2588190451025207,0.9659258262890684
2024-07-13 02:00:00,13490.461,20.8,0.4999999999999999,0.8660254037844387
2024-07-13 03:00:00,13143.472,20.3,0.7071067811865475,0.7071067811865476
2024-07-13 04:00:00,12911.266,19.8,0.8660254037844386,0.5000000000000001
2024-07-13 05:00:00,12863.527999999998,19.2,0.9659258262890684,0.2588190451025207
2024-07-13 06:00:00,12828.194,19.4,1.0,6.123233995736766e-17
2024-07-13 07:00:00,13341.417,20.0,0.9659258262890684,-0.2588190451025206
2024-07-13 08:00:00,14374.946,22.0,0.8660254037844387,-0.4999999999999998
2024-07-13 09:00:00,15563.942,25.1,0.7071067811865476,-0.7071067811865475
2024-07-13 10:00:00,16846.849000000002,26.9,0.4999999999999999,-0.8660254037844387
2024-07-13 11:00:00,18015.931,27.9,0.258819045102521,-0.9659258262890682
2024-07-13 12:00:00,19025.687,28.6,1.2246467991473532e-16,-1.0
2024-07-13 13:00:00,19618.949,29.5,-0.2588190451025208,-0.9659258262890684
2024-07-13 14:00:00,20171.396,30.0,-0.4999999999999998,-0.8660254037844388
2024-07-13 15:00:00,20489.323,30.2,-0.7071067811865471,-0.7071067811865479
2024-07-13 16:00:00,20794.084000000003,30.6,-0.8660254037844384,-0.5000000000000004
2024-07-13 17:00:00,20860.702,30.5,-0.9659258262890684,-0.2588190451025206
2024-07-13 18:00:00,20612.747000000003,30.3,-1.0,-1.8369701987210294e-16
2024-07-13 19:00:00,20163.018,29.8,-0.9659258262890684,0.2588190451025203
2024-07-13 20:00:00,19386.209,28.8,-0.8660254037844386,0.5000000000000001
2024-07-13 21:00:00,18674.504999999997,24.4,-0.7071067811865477,0.7071067811865474
2024-07-13 22:00:00,17563.163999999997,23.7,-0.5000000000000004,0.8660254037844384
2024-07-13 23:00:00,16390.851000000002,23.0,-0.2588190451025215,0.965925826289068
2024-07-14 00:00:00,15387.905,22.1,0.0,1.0
2024-07-14 01:00:00,14464.748,22.0,0.2588190451025207,0.9659258262890684
2024-07-14 02:00:00,13778.012,21.5,0.4999999999999999,0.8660254037844387
2024-07-14 03:00:00,13346.537,20.9,0.7071067811865475,0.7071067811865476
2024-07-14 04:00:00,13038.413,19.9,0.8660254037844386,0.5000000000000001
2024-07-14 05:00:00,12871.975,21.3,0.9659258262890684,0.2588190451025207
2024-07-14 06:00:00,12707.54,20.9,1.0,6.123233995736766e-17
2024-07-14 07:00:00,13108.06,20.2,0.9659258262890684,-0.2588190451025206
2024-07-14 08:00:00,13980.1,22.0,0.8660254037844387,-0.4999999999999998
2024-07-14 09:00:00,15248.305,24.5,0.7071067811865476,-0.7071067811865475
2024-07-14 10:00:00,16461.137000000002,27.0,0.4999999999999999,-0.8660254037844387
2024-07-14 11:00:00,17756.609,28.9,0.258819045102521,-0.9659258262890682
2024-07-14 12:00:00,18745.247,30.0,1.2246467991473532e-16,-1.0
2024-07-14 13:00:00,19366.851,29.9,-0.2588190451025208,-0.9659258262890684
2024-07-14 14:00:00,19635.063,30.8,-0.4999999999999998,-0.8660254037844388
2024-07-14 15:00:00,19866.271,29.6,-0.7071067811865471,-0.7071067811865479
2024-07-14 16:00:00,19701.480000000003,30.2,-0.8660254037844384,-0.5000000000000004
2024-07-14 17:00:00,19434.138,30.9,-0.9659258262890684,-0.2588190451025206
2024-07-14 18:00:00,18976.394,30.5,-1.0,-1.8369701987210294e-16
2024-07-14 19:00:00,18399.438,30.3,-0.9659258262890684,0.2588190451025203
2024-07-14 20:00:00,17832.182,29.2,-0.8660254037844386,0.5000000000000001
2024-07-14 21:00:00,17376.908,25.1,-0.7071067811865477,0.7071067811865474
2024-07-14 22:00:00,16606.806,24.2,-0.5000000000000004,0.8660254037844384
2024-07-14 23:00:00,15490.769,23.7,-0.2588190451025215,0.965925826289068
2024-07-15 00:00:00,14794.21,23.2,0.0,1.0
2024-07-15 01:00:00,14222.02,23.0,0.2588190451025207,0.9659258262890684
2024-07-15 02:00:00,13698.519,22.1,0.4999999999999999,0.8660254037844387
2024-07-15 03:00:00,13458.817,22.2,0.7071067811865475,0.7071067811865476
2024-07-15 04:00:00,13510.521,22.2,0.8660254037844386,0.5000000000000001
2024-07-15 05:00:00,13866.67,23.0,0.9659258262890684,0.2588190451025207
2024-07-15 06:00:00,14389.93,22.4,1.0,6.123233995736766e-17
2024-07-15 07:00:00,15118.388,22.5,0.9659258262890684,-0.2588190451025206
2024-07-15 08:00:00,16018.289,24.0,0.8660254037844387,-0.4999999999999998
2024-07-15 09:00:00,17082.127,26.9,0.7071067811865476,-0.7071067811865475
2024-07-15 10:00:00,18069.546,26.5,0.4999999999999999,-0.8660254037844387
2024-07-15 11:00:00,18980.227,28.2,0.258819045102521,-0.9659258262890682
2024-07-15 12:00:00,20151.665,30.3,1.2246467991473532e-16,-1.0
2024-07-15 13:00:00,20892.833,31.1,-0.2588190451025208,-0.9659258262890684
2024-07-15 14:00:00,21311.56,31.9,-0.4999999999999998,-0.8660254037844388
2024-07-15 15:00:00,21460.726,25.3,-0.7071067811865471,-0.7071067811865479
2024-07-15 16:00:00,21517.203,23.8,-0.8660254037844384,-0.5000000000000004
2024-07-15 17:00:00,21207.871,25.8,-0.9659258262890684,-0.2588190451025206
2024-07-15 18:00:00,21150.002,28.1,-1.0,-1.8369701987210294e-16
2024-07-15 19:00:00,21000.543,28.5,-0.9659258262890684,0.2588190451025203
2024-07-15 20:00:00,20411.807,27.8,-0.8660254037844386,0.5000000000000001
2024-07-15 21:00:00,19821.024,24.2,-0.7071067811865477,0.7071067811865474
2024-07-15 22:00:00,18574.532,24.3,-0.5000000000000004,0.8660254037844384
2024-07-15 23:00:00,17374.033,24.0,-0.2588190451025215,0.965925826289068
2024-07-16 00:00:00,16478.222999999998,25.1,0.0,1.0
2024-07-16 01:00:00,15585.823,26.0,0.2588190451025207,0.9659258262890684
2024-07-16 02:00:00,14884.701,26.1,0.4999999999999999,0.8660254037844387
2024-07-16 03:00:00,14510.619,25.3,0.7071067811865475,0.7071067811865476
2024-07-16 04:00:00,14554.818,24.6,0.8660254037844386,0.5000000000000001
2024-07-16 05:00:00,14839.34,24.1,0.9659258262890684,0.2588190451025207
2024-07-16 06:00:00,15281.384,23.7,1.0,6.123233995736766e-17
2024-07-16 07:00:00,15967.068,23.6,0.9659258262890684,-0.2588190451025206
2024-07-16 08:00:00,16906.201,25.2,0.8660254037844387,-0.4999999999999998
2024-07-16 09:00:00,17927.944,26.4,0.7071067811865476,-0.7071067811865475
2024-07-16 10:00:00,18872.783,27.1,0.4999999999999999,-0.8660254037844387
2024-07-16 11:00:00,19804.157,28.0,0.258819045102521,-0.9659258262890682
2024-07-16 12:00:00,20536.44,28.2,1.2246467991473532e-16,-1.0
2024-07-16 13:00:00,21081.561,29.5,-0.2588190451025208,-0.9659258262890684
2024-07-16 14:00:00,21389.5,30.8,-0.4999999999999998,-0.8660254037844388
2024-07-16 15:00:00,21375.537,31.5,-0.7071067811865471,-0.7071067811865479
2024-07-16 16:00:00,21326.055,31.2,-0.8660254037844384,-0.5000000000000004
2024-07-16 17:00:00,21183.319,31.5,-0.9659258262890684,-0.2588190451025206
2024-07-16 18:00:00,20982.713000000003,30.5,-1.0,-1.8369701987210294e-16
2024-07-16 19:00:00,20645.168,29.0,-0.9659258262890684,0.2588190451025203
2024-07-16 20:00:00,19943.165,28.6,-0.8660254037844386,0.5000000000000001
2024-07-16 21:00:00,19342.083,26.4,-0.7071067811865477,0.7071067811865474
2024-07-16 22:00:00,18272.419,24.9,-0.5000000000000004,0.8660254037844384
2024-07-16 23:00:00,17045.065,24.6,-0.2588190451025215,0.965925826289068
2024-07-17 00:00:00,16037.68,24.8,0.0,1.0
2024-07-17 01:00:00,15262.875,25.1,0.2588190451025207,0.9659258262890684
2024-07-17 02:00:00,14652.747,24.4,0.4999999999999999,0.8660254037844387
2024-07-17 03:00:00,14293.781,22.6,0.7071067811865475,0.7071067811865476
2024-07-17 04:00:00,14301.65,22.4,0.8660254037844386,0.5000000000000001
2024-07-17 05:00:00,14537.543,21.8,0.9659258262890684,0.2588190451025207
2024-07-17 06:00:00,15070.308,21.9,1.0,6.123233995736766e-17
2024-07-17 07:00:00,15726.722,21.5,0.9659258262890684,-0.2588190451025206
2024-07-17 08:00:00,16173.819,22.8,0.8660254037844387,-0.4999999999999998
2024-07-17 09:00:00,16854.95,22.4,0.7071067811865476,-0.7071067811865475
2024-07-17 10:00:00,17666.145,23.7,0.4999999999999999,-0.8660254037844387
2024-07-17 11:00:00,18410.701999999997,25.7,0.258819045102521,-0.9659258262890682
2024-07-17 12:00:00,19272.422,27.3,1.2246467991473532e-16,-1.0
2024-07-17 13:00:00,19930.004999999997,29.0,-0.2588190451025208,-0.9659258262890684
2024-07-17 14:00:00,20234.854,26.9,-0.4999999999999998,-0.8660254037844388
2024-07-17 15:00:00,20266.965,25.9,-0.7071067811865471,-0.7071067811865479
2024-07-17 16:00:00,19907.85,27.6,-0.8660254037844384,-0.5000000000000004
2024-07-17 17:00:00,19765.540999999997,27.0,-0.9659258262890684,-0.2588190451025206
2024-07-17 18:00:00,19444.620000000003,26.0,-1.0,-1.8369701987210294e-16
2024-07-17 19:00:00,19097.266,25.7,-0.9659258262890684,0.2588190451025203
2024-07-17 20:00:00,18030.75,25.0,-0.8660254037844386,0.5000000000000001
2024-07-17 21:00:00,17383.629,22.4,-0.7071067811865477,0.7071067811865474
2024-07-17 22:00:00,16486.565000000002,21.0,-0.5000000000000004,0.8660254037844384
2024-07-17 23:00:00,15622.967,21.0,-0.2588190451025215,0.965925826289068
2024-07-18 00:00:00,14580.393,21.0,0.0,1.0
2024-07-18 01:00:00,13829.852,21.0,0.2588190451025207,0.9659258262890684
2024-07-18 02:00:00,13306.238,19.8,0.4999999999999999,0.8660254037844387
2024-07-18 03:00:00,13114.803,19.0,0.7071067811865475,0.7071067811865476
2024-07-18 04:00:00,13086.065,18.5,0.8660254037844386,0.5000000000000001
2024-07-18 05:00:00,13406.346,18.0,0.9659258262890684,0.2588190451025207
2024-07-18 06:00:00,13874.373,17.6,1.0,6.123233995736766e-17
2024-07-18 07:00:00,14414.471,17.6,0.9659258262890684,-0.2588190451025206
2024-07-18 08:00:00,14832.142,18.6,0.8660254037844387,-0.4999999999999998
2024-07-18 09:00:00,15245.381,20.0,0.7071067811865476,-0.7071067811865475
2024-07-18 10:00:00,15774.443,22.3,0.4999999999999999,-0.8660254037844387
2024-07-18 11:00:00,16295.998,23.1,0.258819045102521,-0.9659258262890682
2024-07-18 12:00:00,16753.542,24.0,1.2246467991473532e-16,-1.0
2024-07-18 13:00:00,17161.307,25.0,-0.2588190451025208,-0.9659258262890684
2024-07-18 14:00:00,17630.678,25.5,-0.4999999999999998,-0.8660254037844388
2024-07-18 15:00:00,17907.796000000002,25.8,-0.7071067811865471,-0.7071067811865479
2024-07-18 16:00:00,18163.455,25.9,-0.8660254037844384,-0.5000000000000004
2024-07-18 17:00:00,18319.533,25.6,-0.9659258262890684,-0.2588190451025206
2024-07-18 18:00:00,18160.677,24.8,-1.0,-1.8369701987210294e-16
2024-07-18 19:00:00,17634.448,23.5,-0.9659258262890684,0.2588190451025203
2024-07-18 20:00:00,17020.406,22.1,-0.8660254037844386,0.5000000000000001
2024-07-18 21:00:00,16500.335,20.9,-0.7071067811865477,0.7071067811865474
2024-07-18 22:00:00,15407.078,19.7,-0.5000000000000004,0.8660254037844384
2024-07-18 23:00:00,14357.686,18.9,-0.2588190451025215,0.965925826289068
2024-07-19 00:00:00,13528.84,18.0,0.0,1.0
2024-07-19 01:00:00,12845.915,17.5,0.2588190451025207,0.9659258262890684
2024-07-19 02:00:00,12467.7,16.8,0.4999999999999999,0.8660254037844387
2024-07-19 03:00:00,12208.861,16.2,0.7071067811865475,0.7071067811865476
2024-07-19 04:00:00,12238.435,15.7,0.8660254037844386,0.5000000000000001
2024-07-19 05:00:00,12537.387,15.2,0.9659258262890684,0.2588190451025207
2024-07-19 06:00:00,12953.212,14.4,1.0,6.123233995736766e-17
2024-07-19 07:00:00,13598.455,14.8,0.9659258262890684,-0.2588190451025206
2024-07-19 08:00:00,14211.788,16.6,0.8660254037844387,-0.4999999999999998
2024-07-19 09:00:00,14822.016,18.9,0.7071067811865476,-0.7071067811865475
2024-07-19 10:00:00,15494.927,20.8,0.4999999999999999,-0.8660254037844387
2024-07-19 11:00:00,16036.107,22.1,0.258819045102521,-0.9659258262890682
2024-07-19 12:00:00,16654.292,23.4,1.2246467991473532e-16,-1.0
2024-07-19 13:00:00,17297.525,24.4,-0.2588190451025208,-0.9659258262890684
2024-07-19 14:00:00,17687.324,25.1,-0.4999999999999998,-0.8660254037844388
2024-07-19 15:00:00,17967.271999999997,25.7,-0.7071067811865471,-0.7071067811865479
2024-07-19 16:00:00,18393.403,26.1,-0.8660254037844384,-0.5000000000000004
2024-07-19 17:00:00,18468.047,26.2,-0.9659258262890684,-0.2588190451025206
2024-07-19 18:00:00,18310.878,26.1,-1.0,-1.8369701987210294e-16
2024-07-19 19:00:00,17817.843999999997,25.4,-0.9659258262890684,0.2588190451025203
2024-07-19 20:00:00,17053.667,23.9,-0.8660254037844386,0.5000000000000001
2024-07-19 21:00:00,16521.727,21.0,-0.7071067811865477,0.7071067811865474
2024-07-19 22:00:00,15545.08,20.5,-0.5000000000000004,0.8660254037844384
2024-07-19 23:00:00,14429.29,20.1,-0.2588190451025215,0.965925826289068
2024-07-20 00:00:00,13458.914,19.5,0.0,1.0
2024-07-20 01:00:00,12812.274,18.4,0.2588190451025207,0.9659258262890684
2024-07-20 02:00:00,12270.864,17.6,0.4999999999999999,0.8660254037844387
2024-07-20 03:00:00,11933.123,16.6,0.7071067811865475,0.7071067811865476
2024-07-20 04:00:00,11911.596,15.9,0.8660254037844386,0.5000000000000001
2024-07-20 05:00:00,11883.745,15.8,0.9659258262890684,0.2588190451025207
2024-07-20 06:00:00,11899.312,15.4,1.0,6.123233995736766e-17
2024-07-20 07:00:00,12175.132,15.6,0.9659258262890684,-0.2588190451025206
2024-07-20 08:00:00,12892.82,17.5,0.8660254037844387,-0.4999999999999998
2024-07-20 09:00:00,13668.769,20.0,0.7071067811865476,-0.7071067811865475
2024-07-20 10:00:00,14434.622,22.8,0.4999999999999999,-0.8660254037844387
2024-07-20 11:00:00,15127.934,25.0,0.258819045102521,-0.9659258262890682
2024-07-20 12:00:00,15768.975,26.2,1.2246467991473532e-16,-1.0
2024-07-20 13:00:00,16225.566,27.0,-0.2588190451025208,-0.9659258262890684
2024-07-20 14:00:00,16660.061999999998,27.5,-0.4999999999999998,-0.8660254037844388
2024-07-20 15:00:00,17086.144,28.0,-0.7071067811865471,-0.7071067811865479
2024-07-20 16:00:00,17403.152,28.0,-0.8660254037844384,-0.5000000000000004
2024-07-20 17:00:00,17584.247,27.9,-0.9659258262890684,-0.2588190451025206
2024-07-20 18:00:00,17446.441,27.5,-1.0,-1.8369701987210294e-16
2024-07-20 19:00:00,16992.492,26.5,-0.9659258262890684,0.2588190451025203
2024-07-20 20:00:00,16288.036,24.8,-0.8660254037844386,0.5000000000000001
2024-07-20 21:00:00,15798.101,23.1,-0.7071067811865477,0.7071067811865474
2024-07-20 22:00:00,14936.688,21.6,-0.5000000000000004,0.8660254037844384
2024-07-20 23:00:00,13980.767,20.5,-0.2588190451025215,0.965925826289068
2024-07-21 00:00:00,13066.073,19.9,0.0,1.0
2024-07-21 01:00:00,12432.763,19.0,0.2588190451025207,0.9659258262890684
2024-07-21 02:00:00,12025.114,18.3,0.4999999999999999,0.8660254037844387
2024-07-21 03:00:00,11744.234,17.3,0.7071067811865475,0.7071067811865476
2024-07-21 04:00:00,11505.69,17.0,0.8660254037844386,0.5000000000000001
2024-07-21 05:00:00,11484.128,16.4,0.9659258262890684,0.2588190451025207
2024-07-21 06:00:00,11447.573,16.1,1.0,6.123233995736766e-17
2024-07-21 07:00:00,11780.748,17.0,0.9659258262890684,-0.2588190451025206
2024-07-21 08:00:00,12460.932,19.2,0.8660254037844387,-0.4999999999999998
2024-07-21 09:00:00,13334.003,21.2,0.7071067811865476,-0.7071067811865475
2024-07-21 10:00:00,14117.58,23.5,0.4999999999999999,-0.8660254037844387
2024-07-21 11:00:00,14995.164,25.0,0.258819045102521,-0.9659258262890682
2024-07-21 12:00:00,15809.938,26.1,1.2246467991473532e-16,-1.0
2024-07-21 13:00:00,16600.056,26.9,-0.2588190451025208,-0.9659258262890684
2024-07-21 14:00:00,17197.24,27.3,-0.4999999999999998,-0.8660254037844388
2024-07-21 15:00:00,17608.228,27.5,-0.7071067811865471,-0.7071067811865479
2024-07-21 16:00:00,17951.896,28.3,-0.8660254037844384,-0.5000000000000004
2024-07-21 17:00:00,18133.889000000003,27.8,-0.9659258262890684,-0.2588190451025206
2024-07-21 18:00:00,17958.332000000002,27.5,-1.0,-1.8369701987210294e-16
2024-07-21 19:00:00,17714.554,26.5,-0.9659258262890684,0.2588190451025203
2024-07-21 20:00:00,17067.527000000002,24.9,-0.8660254037844386,0.5000000000000001
2024-07-21 21:00:00,16646.551,22.9,-0.7071067811865477,0.7071067811865474
2024-07-21 22:00:00,15807.849,21.8,-0.5000000000000004,0.8660254037844384
2024-07-21 23:00:00,14738.001,20.9,-0.2588190451025215,0.965925826289068
2024-07-22 00:00:00,14012.605,20.3,0.0,1.0
2024-07-22 01:00:00,13385.92,21.0,0.2588190451025207,0.9659258262890684
2024-07-22 02:00:00,13022.408,20.7,0.4999999999999999,0.8660254037844387
2024-07-22 03:00:00,12847.962,20.4,0.7071067811865475,0.7071067811865476
2024-07-22 04:00:00,12889.683,20.5,0.8660254037844386,0.5000000000000001
2024-07-22 05:00:00,13403.083,20.5,0.9659258262890684,0.2588190451025207
2024-07-22 06:00:00,13972.176,20.0,1.0,6.123233995736766e-17
2024-07-22 07:00:00,14577.476,19.4,0.9659258262890684,-0.2588190451025206
2024-07-22 08:00:00,15218.39,20.2,0.8660254037844387,-0.4999999999999998
2024-07-22 09:00:00,15601.333,19.5,0.7071067811865476,-0.7071067811865475
2024-07-22 10:00:00,16052.691,19.9,0.4999999999999999,-0.8660254037844387
2024-07-22 11:00:00,16571.59,21.0,0.258819045102521,-0.9659258262890682
2024-07-22 12:00:00,17178.025,21.6,1.2246467991473532e-16,-1.0
2024-07-22 13:00:00,17832.621,22.9,-0.2588190451025208,-0.9659258262890684
2024-07-22 14:00:00,18117.848,24.5,-0.4999999999999998,-0.8660254037844388
2024-07-22 15:00:00,18146.790999999997,26.3,-0.7071067811865471,-0.7071067811865479
2024-07-22 16:00:00,18385.598,26.9,-0.8660254037844384,-0.5000000000000004
2024-07-22 17:00:00,18572.584000000003,27.2,-0.9659258262890684,-0.2588190451025206
2024-07-22 18:00:00,18555.422,26.7,-1.0,-1.8369701987210294e-16
2024-07-22 19:00:00,18169.399,26.4,-0.9659258262890684,0.2588190451025203
2024-07-22 20:00:00,17630.905,25.5,-0.8660254037844386,0.5000000000000001
2024-07-22 21:00:00,17215.675000000003,22.9,-0.7071067811865477,0.7071067811865474
2024-07-22 22:00:00,16055.464,22.2,-0.5000000000000004,0.8660254037844384
2024-07-22 23:00:00,14994.384999999998,21.0,-0.2588190451025215,0.965925826289068
2024-07-23 00:00:00,14095.615000000002,19.8,0.0,1.0
2024-07-23 01:00:00,13411.769,19.5,0.2588190451025207,0.9659258262890684
2024-07-23 02:00:00,12990.605,20.3,0.4999999999999999,0.8660254037844387
2024-07-23 03:00:00,12733.167,20.0,0.7071067811865475,0.7071067811865476
2024-07-23 04:00:00,12745.262,19.7,0.8660254037844386,0.5000000000000001
2024-07-23 05:00:00,13248.098,19.5,0.9659258262890684,0.2588190451025207
2024-07-23 06:00:00,13809.521,19.0,1.0,6.123233995736766e-17
2024-07-23 07:00:00,14523.312,18.2,0.9659258262890684,-0.2588190451025206
2024-07-23 08:00:00,15145.818,20.1,0.8660254037844387,-0.4999999999999998
2024-07-23 09:00:00,15904.14,21.0,0.7071067811865476,-0.7071067811865475
2024-07-23 10:00:00,16897.828,22.8,0.4999999999999999,-0.8660254037844387
2024-07-23 11:00:00,17801.125,25.4,0.258819045102521,-0.9659258262890682
2024-07-23 12:00:00,18651.985,26.6,1.2246467991473532e-16,-1.0
2024-07-23 13:00:00,19223.601,28.3,-0.2588190451025208,-0.9659258262890684
2024-07-23 14:00:00,19405.638,25.5,-0.4999999999999998,-0.8660254037844388
2024-07-23 15:00:00,19601.836000000003,25.7,-0.7071067811865471,-0.7071067811865479
2024-07-23 16:00:00,19686.343,27.9,-0.8660254037844384,-0.5000000000000004
2024-07-23 17:00:00,19808.787,27.9,-0.9659258262890684,-0.2588190451025206
2024-07-23 18:00:00,19592.116,27.8,-1.0,-1.8369701987210294e-16
2024-07-23 19:00:00,19060.932,27.4,-0.9659258262890684,0.2588190451025203
2024-07-23 20:00:00,18439.408,26.2,-0.8660254037844386,0.5000000000000001
2024-07-23 21:00:00,17837.491,24.5,-0.7071067811865477,0.7071067811865474
2024-07-23 22:00:00,16885.605,22.8,-0.5000000000000004,0.8660254037844384
2024-07-23 23:00:00,15700.465,22.3,-0.2588190451025215,0.965925826289068
2024-07-24 00:00:00,14848.766,22.0,0.0,1.0
2024-07-24 01:00:00,14199.309,21.2,0.2588190451025207,0.9659258262890684
2024-07-24 02:00:00,13755.303,20.5,0.4999999999999999,0.8660254037844387
2024-07-24 03:00:00,13472.197,19.9,0.7071067811865475,0.7071067811865476
2024-07-24 04:00:00,13451.736,19.2,0.8660254037844386,0.5000000000000001
2024-07-24 05:00:00,13810.159,18.9,0.9659258262890684,0.2588190451025207
2024-07-24 06:00:00,14435.481,18.4,1.0,6.123233995736766e-17
2024-07-24 07:00:00,15025.836,19.1,0.9659258262890684,-0.2588190451025206
2024-07-24 08:00:00,15658.267,21.2,0.8660254037844387,-0.4999999999999998
2024-07-24 09:00:00,16230.901,21.5,0.7071067811865476,-0.7071067811865475
2024-07-24 10:00:00,17106.616,20.4,0.4999999999999999,-0.8660254037844387
2024-07-24 11:00:00,17766.341,23.4,0.258819045102521,-0.9659258262890682
2024-07-24 12:00:00,18524.939,26.6,1.2246467991473532e-16,-1.0
2024-07-24 13:00:00,18986.476,28.4,-0.2588190451025208,-0.9659258262890684
2024-07-24 14:00:00,19307.696,29.0,-0.4999999999999998,-0.8660254037844388
2024-07-24 15:00:00,19495.024,29.0,-0.7071067811865471,-0.7071067811865479
2024-07-24 16:00:00,19604.934,28.7,-0.8660254037844384,-0.5000000000000004
2024-07-24 17:00:00,19648.093,27.0,-0.9659258262890684,-0.2588190451025206
2024-07-24 18:00:00,19359.035000000003,28.2,-1.0,-1.8369701987210294e-16
2024-07-24 19:00:00,18759.421,27.0,-0.9659258262890684,0.2588190451025203
2024-07-24 20:00:00,17973.337,24.3,-0.8660254037844386,0.5000000000000001
2024-07-24 21:00:00,17505.366,24.7,-0.7071067811865477,0.7071067811865474
2024-07-24 22:00:00,16597.983,23.4,-0.5000000000000004,0.8660254037844384
2024-07-24 23:00:00,15556.605,22.4,-0.2588190451025215,0.965925826289068
2024-07-25 00:00:00,14635.888,21.0,0.0,1.0
2024-07-25 01:00:00,14049.375,21.4,0.2588190451025207,0.9659258262890684
2024-07-25 02:00:00,13554.447,20.6,0.4999999999999999,0.8660254037844387
2024-07-25 03:00:00,13293.952,19.3,0.7071067811865475,0.7071067811865476
2024-07-25 04:00:00,13297.318,18.9,0.8660254037844386,0.5000000000000001
2024-07-25 05:00:00,13649.493,19.0,0.9659258262890684,0.2588190451025207
2024-07-25 06:00:00,14321.082,19.1,1.0,6.123233995736766e-17
2024-07-25 07:00:00,14927.86,18.9,0.9659258262890684,-0.2588190451025206
2024-07-25 08:00:00,15532.364,20.2,0.8660254037844387,-0.4999999999999998
2024-07-25 09:00:00,16154.984,22.6,0.7071067811865476,-0.7071067811865475
2024-07-25 10:00:00,16895.14,24.4,0.4999999999999999,-0.8660254037844387
2024-07-25 11:00:00,17653.66,25.4,0.258819045102521,-0.9659258262890682
2024-07-25 12:00:00,18270.981,25.9,1.2246467991473532e-16,-1.0
2024-07-25 13:00:00,18840.519,27.0,-0.2588190451025208,-0.9659258262890684
2024-07-25 14:00:00,19215.223,27.9,-0.4999999999999998,-0.8660254037844388
2024-07-25 15:00:00,19377.553,28.3,-0.7071067811865471,-0.7071067811865479
2024-07-25 16:00:00,19582.318,28.4,-0.8660254037844384,-0.5000000000000004
2024-07-25 17:00:00,19591.236,28.2,-0.9659258262890684,-0.2588190451025206
2024-07-25 18:00:00,19366.941,27.6,-1.0,-1.8369701987210294e-16
2024-07-25 19:00:00,18865.535000000003,26.9,-0.9659258262890684,0.2588190451025203
2024-07-25 20:00:00,18036.882,25.2,-0.8660254037844386,0.5000000000000001
2024-07-25 21:00:00,17486.705,23.0,-0.7071067811865477,0.7071067811865474
2024-07-25 22:00:00,16451.985,21.5,-0.5000000000000004,0.8660254037844384
2024-07-25 23:00:00,15219.179,20.7,-0.2588190451025215,0.965925826289068
2024-07-26 00:00:00,14323.827,19.8,0.0,1.0
2024-07-26 01:00:00,13593.835,19.3,0.2588190451025207,0.9659258262890684
2024-07-26 02:00:00,13133.817,18.4,0.4999999999999999,0.8660254037844387
2024-07-26 03:00:00,12834.441,17.6,0.7071067811865475,0.7071067811865476
2024-07-26 04:00:00,12762.56,17.5,0.8660254037844386,0.5000000000000001
2024-07-26 05:00:00,13139.286,17.1,0.9659258262890684,0.2588190451025207
2024-07-26 06:00:00,13473.564,16.8,1.0,6.123233995736766e-17
2024-07-26 07:00:00,14097.836,17.0,0.9659258262890684,-0.2588190451025206
2024-07-26 08:00:00,14724.368,18.8,0.8660254037844387,-0.4999999999999998
2024-07-26 09:00:00,15444.303,20.9,0.7071067811865476,-0.7071067811865475
2024-07-26 10:00:00,16210.505,23.0,0.4999999999999999,-0.8660254037844387
2024-07-26 11:00:00,16870.464,24.5,0.258819045102521,-0.9659258262890682
2024-07-26 12:00:00,17535.254,25.6,1.2246467991473532e-16,-1.0
2024-07-26 13:00:00,18102.705,26.4,-0.2588190451025208,-0.9659258262890684
2024-07-26 14:00:00,18415.786,26.9,-0.4999999999999998,-0.8660254037844388
2024-07-26 15:00:00,18652.771999999997,27.3,-0.7071067811865471,-0.7071067811865479
2024-07-26 16:00:00,18825.304,27.6,-0.8660254037844384,-0.5000000000000004
2024-07-26 17:00:00,18855.71,27.8,-0.9659258262890684,-0.2588190451025206
2024-07-26 18:00:00,18643.947,27.8,-1.0,-1.8369701987210294e-16
2024-07-26 19:00:00,18072.23,27.1,-0.9659258262890684,0.2588190451025203
2024-07-26 20:00:00,17217.881,25.0,-0.8660254037844386,0.5000000000000001
2024-07-26 21:00:00,16475.765,22.2,-0.7071067811865477,0.7071067811865474
2024-07-26 22:00:00,15431.309,20.9,-0.5000000000000004,0.8660254037844384
2024-07-26 23:00:00,14366.896,19.8,-0.2588190451025215,0.965925826289068
2024-07-27 00:00:00,13423.519,18.6,0.0,1.0
2024-07-27 01:00:00,12765.121,17.7,0.2588190451025207,0.9659258262890684
2024-07-27 02:00:00,12366.244,16.9,0.4999999999999999,0.8660254037844387
2024-07-27 03:00:00,12067.81,16.1,0.7071067811865475,0.7071067811865476
2024-07-27 04:00:00,11949.659,15.0,0.8660254037844386,0.5000000000000001
2024-07-27 05:00:00,11961.529,14.6,0.9659258262890684,0.2588190451025207
2024-07-27 06:00:00,11963.713,14.4,1.0,6.123233995736766e-17
2024-07-27 07:00:00,12173.275,14.6,0.9659258262890684,-0.2588190451025206
2024-07-27 08:00:00,12794.915,17.4,0.8660254037844387,-0.4999999999999998
2024-07-27 09:00:00,13602.464,20.1,0.7071067811865476,-0.7071067811865475
2024-07-27 10:00:00,14439.549,22.9,0.4999999999999999,-0.8660254037844387
2024-07-27 11:00:00,15344.296,25.2,0.258819045102521,-0.9659258262890682
2024-07-27 12:00:00,16110.881,26.8,1.2246467991473532e-16,-1.0
2024-07-27 13:00:00,16874.02,27.7,-0.2588190451025208,-0.9659258262890684
2024-07-27 14:00:00,17479.541,28.5,-0.4999999999999998,-0.8660254037844388
2024-07-27 15:00:00,18073.186,29.3,-0.7071067811865471,-0.7071067811865479
2024-07-27 16:00:00,18667.424,29.8,-0.8660254037844384,-0.5000000000000004
2024-07-27 17:00:00,18902.474,30.0,-0.9659258262890684,-0.2588190451025206
2024-07-27 18:00:00,18731.306,30.0,-1.0,-1.8369701987210294e-16
2024-07-27 19:00:00,18297.873,29.6,-0.9659258262890684,0.2588190451025203
2024-07-27 20:00:00,17318.07,27.4,-0.8660254037844386,0.5000000000000001
2024-07-27 21:00:00,16575.478,23.1,-0.7071067811865477,0.7071067811865474
2024-07-27 22:00:00,15494.417,25.4,-0.5000000000000004,0.8660254037844384
2024-07-27 23:00:00,14336.794,24.8,-0.2588190451025215,0.965925826289068
2024-07-28 00:00:00,13368.776,21.2,0.0,1.0
2024-07-28 01:00:00,12605.95,18.5,0.2588190451025207,0.9659258262890684
2024-07-28 02:00:00,12221.362,17.7,0.4999999999999999,0.8660254037844387
2024-07-28 03:00:00,11854.642,17.3,0.7071067811865475,0.7071067811865476
2024-07-28 04:00:00,11714.027,18.1,0.8660254037844386,0.5000000000000001
2024-07-28 05:00:00,11593.569,16.8,0.9659258262890684,0.2588190451025207
2024-07-28 06:00:00,11498.049,16.1,1.0,6.123233995736766e-17
2024-07-28 07:00:00,11766.025,16.5,0.9659258262890684,-0.2588190451025206
2024-07-28 08:00:00,12609.888,19.5,0.8660254037844387,-0.4999999999999998
2024-07-28 09:00:00,13583.68,22.5,0.7071067811865476,-0.7071067811865475
2024-07-28 10:00:00,14706.563,25.3,0.4999999999999999,-0.8660254037844387
2024-07-28 11:00:00,15908.365,27.9,0.258819045102521,-0.9659258262890682
2024-07-28 12:00:00,17085.510000000002,29.7,1.2246467991473532e-16,-1.0
2024-07-28 13:00:00,18088.212,30.9,-0.2588190451025208,-0.9659258262890684
2024-07-28 14:00:00,18651.83,31.6,-0.4999999999999998,-0.8660254037844388
2024-07-28 15:00:00,19053.192000000003,32.2,-0.7071067811865471,-0.7071067811865479
2024-07-28 16:00:00,19579.507,32.6,-0.8660254037844384,-0.5000000000000004
2024-07-28 17:00:00,19727.597,32.7,-0.9659258262890684,-0.2588190451025206
2024-07-28 18:00:00,19566.023,32.6,-1.0,-1.8369701987210294e-16
2024-07-28 19:00:00,19034.696,32.0,-0.9659258262890684,0.2588190451025203
2024-07-28 20:00:00,18314.733,29.8,-0.8660254037844386,0.5000000000000001
2024-07-28 21:00:00,17771.692000000003,26.5,-0.7071067811865477,0.7071067811865474
2024-07-28 22:00:00,16852.86,25.5,-0.5000000000000004,0.8660254037844384
2024-07-28 23:00:00,15793.097,24.6,-0.2588190451025215,0.965925826289068
2024-07-29 00:00:00,15037.495,24.0,0.0,1.0
2024-07-29 01:00:00,14423.059,23.6,0.2588190451025207,0.9659258262890684
2024-07-29 02:00:00,14026.759,23.4,0.4999999999999999,0.8660254037844387
2024-07-29 03:00:00,13837.758000000002,23.0,0.7071067811865475,0.7071067811865476
2024-07-29 04:00:00,13818.114,22.9,0.8660254037844386,0.5000000000000001
2024-07-29 05:00:00,14237.406,22.5,0.9659258262890684,0.2588190451025207
2024-07-29 06:00:00,15004.453,22.7,1.0,6.123233995736766e-17
2024-07-29 07:00:00,15547.347999999998,22.4,0.9659258262890684,-0.2588190451025206
2024-07-29 08:00:00,16133.169,21.6,0.8660254037844387,-0.4999999999999998
2024-07-29 09:00:00,16735.759,22.0,0.7071067811865476,-0.7071067811865475
2024-07-29 10:00:00,17421.322999999997,23.5,0.4999999999999999,-0.8660254037844387
2024-07-29 11:00:00,18021.603,25.1,0.258819045102521,-0.9659258262890682
2024-07-29 12:00:00,18677.003,26.6,1.2246467991473532e-16,-1.0
2024-07-29 13:00:00,19227.791,28.2,-0.2588190451025208,-0.9659258262890684
2024-07-29 14:00:00,19597.276,28.6,-0.4999999999999998,-0.8660254037844388
2024-07-29 15:00:00,19758.31,28.8,-0.7071067811865471,-0.7071067811865479
2024-07-29 16:00:00,19942.572,27.6,-0.8660254037844384,-0.5000000000000004
2024-07-29 17:00:00,20142.246,29.5,-0.9659258262890684,-0.2588190451025206
2024-07-29 18:00:00,20027.881,28.5,-1.0,-1.8369701987210294e-16
2024-07-29 19:00:00,19529.178,28.6,-0.9659258262890684,0.2588190451025203
2024-07-29 20:00:00,18838.231,27.8,-0.8660254037844386,0.5000000000000001
2024-07-29 21:00:00,18342.146,23.5,-0.7071067811865477,0.7071067811865474
2024-07-29 22:00:00,17340.689,21.5,-0.5000000000000004,0.8660254037844384
2024-07-29 23:00:00,16166.256,21.4,-0.2588190451025215,0.965925826289068
2024-07-30 00:00:00,15398.131,21.5,0.0,1.0
2024-07-30 01:00:00,14682.085,21.5,0.2588190451025207,0.9659258262890684
2024-07-30 02:00:00,14270.838,21.8,0.4999999999999999,0.8660254037844387
2024-07-30 03:00:00,14027.82,21.5,0.7071067811865475,0.7071067811865476
2024-07-30 04:00:00,14052.037,21.1,0.8660254037844386,0.5000000000000001
2024-07-30 05:00:00,14360.263,21.4,0.9659258262890684,0.2588190451025207
2024-07-30 06:00:00,14981.054,21.2,1.0,6.123233995736766e-17
2024-07-30 07:00:00,15402.716,21.5,0.9659258262890684,-0.2588190451025206
2024-07-30 08:00:00,16001.279,22.0,0.8660254037844387,-0.4999999999999998
2024-07-30 09:00:00,16571.826,24.0,0.7071067811865476,-0.7071067811865475
2024-07-30 10:00:00,17362.388,25.3,0.4999999999999999,-0.8660254037844387
2024-07-30 11:00:00,17986.557999999997,26.5,0.258819045102521,-0.9659258262890682
2024-07-30 12:00:00,18863.636,27.3,1.2246467991473532e-16,-1.0
2024-07-30 13:00:00,19326.526,28.4,-0.2588190451025208,-0.9659258262890684
2024-07-30 14:00:00,19887.059,29.4,-0.4999999999999998,-0.8660254037844388
2024-07-30 15:00:00,20221.877999999997,29.9,-0.7071067811865471,-0.7071067811865479
2024-07-30 16:00:00,20647.899,30.2,-0.8660254037844384,-0.5000000000000004
2024-07-30 17:00:00,20782.257,30.7,-0.9659258262890684,-0.2588190451025206
2024-07-30 18:00:00,20774.954,30.5,-1.0,-1.8369701987210294e-16
2024-07-30 19:00:00,20327.565,29.9,-0.9659258262890684,0.2588190451025203
2024-07-30 20:00:00,19597.901,28.7,-0.8660254037844386,0.5000000000000001
2024-07-30 21:00:00,18904.855000000003,26.6,-0.7071067811865477,0.7071067811865474
2024-07-30 22:00:00,17663.316,25.8,-0.5000000000000004,0.8660254037844384
2024-07-30 23:00:00,16480.855,25.2,-0.2588190451025215,0.965925826289068
2024-07-31 00:00:00,15434.878,24.4,0.0,1.0
2024-07-31 01:00:00,14693.784,24.0,0.2588190451025207,0.9659258262890684
2024-07-31 02:00:00,14223.806,23.3,0.4999999999999999,0.8660254037844387
2024-07-31 03:00:00,13857.47,22.5,0.7071067811865475,0.7071067811865476
2024-07-31 04:00:00,13918.414,21.3,0.8660254037844386,0.5000000000000001
2024-07-31 05:00:00,14217.408,21.5,0.9659258262890684,0.2588190451025207
2024-07-31 06:00:00,14727.615,21.2,1.0,6.123233995736766e-17
2024-07-31 07:00:00,15364.473,21.3,0.9659258262890684,-0.2588190451025206
2024-07-31 08:00:00,16156.848,23.1,0.8660254037844387,-0.4999999999999998
2024-07-31 09:00:00,17135.977,24.6,0.7071067811865476,-0.7071067811865475
2024-07-31 10:00:00,18203.414,26.9,0.4999999999999999,-0.8660254037844387
2024-07-31 11:00:00,19306.418,28.5,0.258819045102521,-0.9659258262890682
2024-07-31 12:00:00,20217.143000000004,29.9,1.2246467991473532e-16,-1.0
2024-07-31 13:00:00,20842.417,30.9,-0.2588190451025208,-0.9659258262890684
2024-07-31 14:00:00,21145.826,31.9,-0.4999999999999998,-0.8660254037844388
2024-07-31 15:00:00,21232.163,32.5,-0.7071067811865471,-0.7071067811865479
2024-07-31 16:00:00,21189.677,32.6,-0.8660254037844384,-0.5000000000000004
2024-07-31 17:00:00,21180.613,32.7,-0.9659258262890684,-0.2588190451025206
2024-07-31 18:00:00,21345.108,31.6,-1.0,-1.8369701987210294e-16
2024-07-31 19:00:00,20867.093,30.4,-0.9659258262890684,0.2588190451025203
2024-07-31 20:00:00,20128.893000000004,29.3,-0.8660254037844386,0.5000000000000001
2024-07-31 21:00:00,19377.403,24.7,-0.7071067811865477,0.7071067811865474
2024-07-31 22:00:00,18208.582,24.6,-0.5000000000000004,0.8660254037844384
2024-07-31 23:00:00,16975.79,24.1,-0.2588190451025215,0.965925826289068
2024-08-01 00:00:00,15914.096,23.8,0.0,1.0
2024-08-01 01:00:00,15191.585,23.5,0.2588190451025207,0.9659258262890684
2024-08-01 02:00:00,14535.598,23.0,0.4999999999999999,0.8660254037844387
2024-08-01 03:00:00,14139.659,22.5,0.7071067811865475,0.7071067811865476
2024-08-01 04:00:00,14068.687000000002,21.5,0.8660254037844386,0.5000000000000001
2024-08-01 05:00:00,14302.983,21.3,0.9659258262890684,0.2588190451025207
2024-08-01 06:00:00,14862.594,21.2,1.0,6.123233995736766e-17
2024-08-01 07:00:00,15455.338,21.5,0.9659258262890684,-0.2588190451025206
2024-08-01 08:00:00,16262.351,22.9,0.8660254037844387,-0.4999999999999998
2024-08-01 09:00:00,17115.295,24.2,0.7071067811865476,-0.7071067811865475
2024-08-01 10:00:00,18055.992,26.0,0.4999999999999999,-0.8660254037844387
2024-08-01 11:00:00,18875.724,27.7,0.258819045102521,-0.9659258262890682
2024-08-01 12:00:00,19730.212,28.5,1.2246467991473532e-16,-1.0
2024-08-01 13:00:00,20387.314,29.3,-0.2588190451025208,-0.9659258262890684
2024-08-01 14:00:00,20649.604,30.1,-0.4999999999999998,-0.8660254037844388
2024-08-01 15:00:00,20754.485999999997,31.0,-0.7071067811865471,-0.7071067811865479
2024-08-01 16:00:00,20851.945,31.6,-0.8660254037844384,-0.5000000000000004
2024-08-01 17:00:00,20896.558,32.3,-0.9659258262890684,-0.2588190451025206
2024-08-01 18:00:00,21107.843,32.3,-1.0,-1.8369701987210294e-16
2024-08-01 19:00:00,20707.288,31.1,-0.9659258262890684,0.2588190451025203
2024-08-01 20:00:00,20196.615,30.1,-0.8660254037844386,0.5000000000000001
2024-08-01 21:00:00,19308.624,24.9,-0.7071067811865477,0.7071067811865474
2024-08-01 22:00:00,18017.852,24.2,-0.5000000000000004,0.8660254037844384
2024-08-01 23:00:00,16815.318,24.0,-0.2588190451025215,0.965925826289068
2024-08-02 00:00:00,15756.643,23.8,0.0,1.0
2024-08-02 01:00:00,15117.419,23.2,0.2588190451025207,0.9659258262890684
2024-08-02 02:00:00,14552.076,22.9,0.4999999999999999,0.8660254037844387
2024-08-02 03:00:00,14107.426,22.9,0.7071067811865475,0.7071067811865476
2024-08-02 04:00:00,14190.881,22.9,0.8660254037844386,0.5000000000000001
2024-08-02 05:00:00,14509.554,22.0,0.9659258262890684,0.2588190451025207
2024-08-02 06:00:00,15037.72,21.8,1.0,6.123233995736766e-17
2024-08-02 07:00:00,15485.393,22.0,0.9659258262890684,-0.2588190451025206
2024-08-02 08:00:00,16148.178,22.6,0.8660254037844387,-0.4999999999999998
2024-08-02 09:00:00,16813.818,22.9,0.7071067811865476,-0.7071067811865475
2024-08-02 10:00:00,17567.058,24.2,0.4999999999999999,-0.8660254037844387
2024-08-02 11:00:00,18262.447,25.6,0.258819045102521,-0.9659258262890682
2024-08-02 12:00:00,18878.459000000003,26.6,1.2246467991473532e-16,-1.0
2024-08-02 13:00:00,19398.602,27.1,-0.2588190451025208,-0.9659258262890684
2024-08-02 14:00:00,19576.848,26.4,-0.4999999999999998,-0.8660254037844388
2024-08-02 15:00:00,19548.829,27.1,-0.7071067811865471,-0.7071067811865479
2024-08-02 16:00:00,19419.054,27.5,-0.8660254037844384,-0.5000000000000004
2024-08-02 17:00:00,19195.004,25.9,-0.9659258262890684,-0.2588190451025206
2024-08-02 18:00:00,18652.913,26.9,-1.0,-1.8369701987210294e-16
2024-08-02 19:00:00,17937.215,27.0,-0.9659258262890684,0.2588190451025203
2024-08-02 20:00:00,17348.759,23.0,-0.8660254037844386,0.5000000000000001
2024-08-02 21:00:00,16902.188000000002,23.0,-0.7071067811865477,0.7071067811865474
2024-08-02 22:00:00,16021.442,21.9,-0.5000000000000004,0.8660254037844384
2024-08-02 23:00:00,15020.605,21.4,-0.2588190451025215,0.965925826289068
2024-08-03 00:00:00,14163.621,20.7,0.0,1.0
2024-08-03 01:00:00,13527.22,19.9,0.2588190451025207,0.9659258262890684
2024-08-03 02:00:00,13223.942,19.9,0.4999999999999999,0.8660254037844387
2024-08-03 03:00:00,12862.113,19.7,0.7071067811865475,0.7071067811865476
2024-08-03 04:00:00,12746.733,19.0,0.8660254037844386,0.5000000000000001
2024-08-03 05:00:00,12888.581,19.5,0.9659258262890684,0.2588190451025207
2024-08-03 06:00:00,12970.472,19.4,1.0,6.123233995736766e-17
2024-08-03 07:00:00,13244.728,19.7,0.9659258262890684,-0.2588190451025206
2024-08-03 08:00:00,13833.217,20.9,0.8660254037844387,-0.4999999999999998
2024-08-03 09:00:00,14552.43,21.9,0.7071067811865476,-0.7071067811865475
2024-08-03 10:00:00,15463.457,23.6,0.4999999999999999,-0.8660254037844387
2024-08-03 11:00:00,16129.086,25.1,0.258819045102521,-0.9659258262890682
2024-08-03 12:00:00,16976.124,26.8,1.2246467991473532e-16,-1.0
2024-08-03 13:00:00,17610.035,27.7,-0.2588190451025208,-0.9659258262890684
2024-08-03 14:00:00,18033.02,28.0,-0.4999999999999998,-0.8660254037844388
2024-08-03 15:00:00,18259.899,27.5,-0.7071067811865471,-0.7071067811865479
2024-08-03 16:00:00,18381.397,28.5,-0.8660254037844384,-0.5000000000000004
2024-08-03 17:00:00,18524.066,28.6,-0.9659258262890684,-0.2588190451025206
2024-08-03 18:00:00,18388.536,28.5,-1.0,-1.8369701987210294e-16
2024-08-03 19:00:00,17931.85,27.6,-0.9659258262890684,0.2588190451025203
2024-08-03 20:00:00,17327.940000000002,26.4,-0.8660254037844386,0.5000000000000001
2024-08-03 21:00:00,16835.861,23.5,-0.7071067811865477,0.7071067811865474
2024-08-03 22:00:00,15787.982,22.8,-0.5000000000000004,0.8660254037844384
2024-08-03 23:00:00,14783.027,22.3,-0.2588190451025215,0.965925826289068
2024-08-04 00:00:00,13963.558,21.8,0.0,1.0
2024-08-04 01:00:00,13292.052,21.0,0.2588190451025207,0.9659258262890684
2024-08-04 02:00:00,12786.673,20.2,0.4999999999999999,0.8660254037844387
2024-08-04 03:00:00,12511.46,19.7,0.7071067811865475,0.7071067811865476
2024-08-04 04:00:00,12295.787,19.2,0.8660254037844386,0.5000000000000001
2024-08-04 05:00:00,12204.537,19.2,0.9659258262890684,0.2588190451025207
2024-08-04 06:00:00,12158.646,19.2,1.0,6.123233995736766e-17
2024-08-04 07:00:00,12455.56,19.0,0.9659258262890684,-0.2588190451025206
2024-08-04 08:00:00,13342.155,20.6,0.8660254037844387,-0.4999999999999998
2024-08-04 09:00:00,14385.117,22.3,0.7071067811865476,-0.7071067811865475
2024-08-04 10:00:00,15530.141,24.8,0.4999999999999999,-0.8660254037844387
2024-08-04 11:00:00,16523.95,27.1,0.258819045102521,-0.9659258262890682
2024-08-04 12:00:00,17489.394,28.5,1.2246467991473532e-16,-1.0
2024-08-04 13:00:00,18238.618,29.2,-0.2588190451025208,-0.9659258262890684
2024-08-04 14:00:00,18896.509,29.7,-0.4999999999999998,-0.8660254037844388
2024-08-04 15:00:00,19401.746,30.1,-0.7071067811865471,-0.7071067811865479
2024-08-04 16:00:00,19757.108,30.1,-0.8660254037844384,-0.5000000000000004
2024-08-04 17:00:00,20046.175,30.2,-0.9659258262890684,-0.2588190451025206
2024-08-04 18:00:00,19881.546,29.9,-1.0,-1.8369701987210294e-16
2024-08-04 19:00:00,19358.962,29.2,-0.9659258262890684,0.2588190451025203
2024-08-04 20:00:00,18736.514,27.4,-0.8660254037844386,0.5000000000000001
2024-08-04 21:00:00,18184.941,24.0,-0.7071067811865477,0.7071067811865474
2024-08-04 22:00:00,16918.328,23.3,-0.5000000000000004,0.8660254037844384
2024-08-04 23:00:00,15927.339,24.1,-0.2588190451025215,0.965925826289068
2024-08-05 00:00:00,14958.529,22.2,0.0,1.0
2024-08-05 01:00:00,14225.056,21.7,0.2588190451025207,0.9659258262890684
2024-08-05 02:00:00,13716.374,21.2,0.4999999999999999,0.8660254037844387
2024-08-05 03:00:00,13505.683,21.0,0.7071067811865475,0.7071067811865476
2024-08-05 04:00:00,13533.332,20.2,0.8660254037844386,0.5000000000000001
2024-08-05 05:00:00,13870.387,20.5,0.9659258262890684,0.2588190451025207
2024-08-05 06:00:00,14482.328,20.1,1.0,6.123233995736766e-17
2024-08-05 07:00:00,15137.267,20.5,0.9659258262890684,-0.2588190451025206
2024-08-05 08:00:00,15980.759,22.1,0.8660254037844387,-0.4999999999999998
2024-08-05 09:00:00,16870.383,23.9,0.7071067811865476,-0.7071067811865475
2024-08-05 10:00:00,18105.587,26.0,0.4999999999999999,-0.8660254037844387
2024-08-05 11:00:00,19255.038,28.5,0.258819045102521,-0.9659258262890682
2024-08-05 12:00:00,20044.779,30.2,1.2246467991473532e-16,-1.0
2024-08-05 13:00:00,20728.258,31.1,-0.2588190451025208,-0.9659258262890684
2024-08-05 14:00:00,21061.899,31.6,-0.4999999999999998,-0.8660254037844388
2024-08-05 15:00:00,21200.451999999997,31.9,-0.7071067811865471,-0.7071067811865479
2024-08-05 16:00:00,21290.384,32.0,-0.8660254037844384,-0.5000000000000004
2024-08-05 17:00:00,21363.076,32.0,-0.9659258262890684,-0.2588190451025206
2024-08-05 18:00:00,21528.872,31.6,-1.0,-1.8369701987210294e-16
2024-08-05 19:00:00,21267.916,31.0,-0.9659258262890684,0.2588190451025203
2024-08-05 20:00:00,20660.19,29.0,-0.8660254037844386,0.5000000000000001
2024-08-05 21:00:00,19896.521999999997,26.7,-0.7071067811865477,0.7071067811865474
2024-08-05 22:00:00,18576.972,25.2,-0.5000000000000004,0.8660254037844384
2024-08-05 23:00:00,17361.584000000003,24.6,-0.2588190451025215,0.965925826289068
2024-08-06 00:00:00,16190.27,23.9,0.0,1.0
2024-08-06 01:00:00,15421.598,23.6,0.2588190451025207,0.9659258262890684
2024-08-06 02:00:00,14726.194,23.1,0.4999999999999999,0.8660254037844387
2024-08-06 03:00:00,14462.735,22.9,0.7071067811865475,0.7071067811865476
2024-08-06 04:00:00,14336.962,22.1,0.8660254037844386,0.5000000000000001
2024-08-06 05:00:00,14651.252,22.0,0.9659258262890684,0.2588190451025207
2024-08-06 06:00:00,15291.516,21.6,1.0,6.123233995736766e-17
2024-08-06 07:00:00,15847.023,21.6,0.9659258262890684,-0.2588190451025206
2024-08-06 08:00:00,16725.551,23.5,0.8660254037844387,-0.4999999999999998
2024-08-06 09:00:00,17687.404000000002,24.5,0.7071067811865476,-0.7071067811865475
2024-08-06 10:00:00,18886.941,26.5,0.4999999999999999,-0.8660254037844387
2024-08-06 11:00:00,19935.116,28.8,0.258819045102521,-0.9659258262890682
2024-08-06 12:00:00,20790.965,29.9,1.2246467991473532e-16,-1.0
2024-08-06 13:00:00,21563.856,30.8,-0.2588190451025208,-0.9659258262890684
2024-08-06 14:00:00,21930.907,31.8,-0.4999999999999998,-0.8660254037844388
2024-08-06 15:00:00,21957.145,32.0,-0.7071067811865471,-0.7071067811865479
2024-08-06 16:00:00,21808.411,32.2,-0.8660254037844384,-0.5000000000000004
2024-08-06 17:00:00,21630.634,31.8,-0.9659258262890684,-0.2588190451025206
2024-08-06 18:00:00,21108.423000000003,26.6,-1.0,-1.8369701987210294e-16
2024-08-06 19:00:00,20483.976,24.9,-0.9659258262890684,0.2588190451025203
2024-08-06 20:00:00,19701.271,24.5,-0.8660254037844386,0.5000000000000001
2024-08-06 21:00:00,18861.865,24.4,-0.7071067811865477,0.7071067811865474
2024-08-06 22:00:00,17617.362999999998,23.1,-0.5000000000000004,0.8660254037844384
2024-08-06 23:00:00,16387.858,23.1,-0.2588190451025215,0.965925826289068
2024-08-07 00:00:00,15313.336,22.8,0.0,1.0
2024-08-07 01:00:00,14589.256,22.9,0.2588190451025207,0.9659258262890684
2024-08-07 02:00:00,14087.662,22.4,0.4999999999999999,0.8660254037844387
2024-08-07 03:00:00,13832.223,22.2,0.7071067811865475,0.7071067811865476
2024-08-07 04:00:00,13788.887,21.6,0.8660254037844386,0.5000000000000001
2024-08-07 05:00:00,14239.131,21.8,0.9659258262890684,0.2588190451025207
2024-08-07 06:00:00,14906.744,21.4,1.0,6.123233995736766e-17
2024-08-07 07:00:00,15313.751,21.0,0.9659258262890684,-0.2588190451025206
2024-08-07 08:00:00,15902.693,21.5,0.8660254037844387,-0.4999999999999998
2024-08-07 09:00:00,16359.649,22.0,0.7071067811865476,-0.7071067811865475
2024-08-07 10:00:00,17048.420000000002,23.4,0.4999999999999999,-0.8660254037844387
2024-08-07 11:00:00,17797.692,24.7,0.258819045102521,-0.9659258262890682
2024-08-07 12:00:00,18650.248,26.7,1.2246467991473532e-16,-1.0
2024-08-07 13:00:00,19375.987,27.9,-0.2588190451025208,-0.9659258262890684
2024-08-07 14:00:00,19778.61,28.0,-0.4999999999999998,-0.8660254037844388
2024-08-07 15:00:00,19944.425,28.6,-0.7071067811865471,-0.7071067811865479
2024-08-07 16:00:00,20111.063,29.2,-0.8660254037844384,-0.5000000000000004
2024-08-07 17:00:00,20014.632,29.0,-0.9659258262890684,-0.2588190451025206
2024-08-07 18:00:00,19683.02,28.4,-1.0,-1.8369701987210294e-16
2024-08-07 19:00:00,19085.196,26.4,-0.9659258262890684,0.2588190451025203
2024-08-07 20:00:00,18536.103000000003,25.9,-0.8660254037844386,0.5000000000000001
2024-08-07 21:00:00,18053.048000000003,23.5,-0.7071067811865477,0.7071067811865474
2024-08-07 22:00:00,17005.387,22.8,-0.5000000000000004,0.8660254037844384
2024-08-07 23:00:00,15830.208,22.0,-0.2588190451025215,0.965925826289068
2024-08-08 00:00:00,14999.159,21.4,0.0,1.0
2024-08-08 01:00:00,14359.969,21.0,0.2588190451025207,0.9659258262890684
2024-08-08 02:00:00,13809.808,20.6,0.4999999999999999,0.8660254037844387
2024-08-08 03:00:00,13432.651,20.3,0.7071067811865475,0.7071067811865476
2024-08-08 04:00:00,13523.821,20.0,0.8660254037844386,0.5000000000000001
2024-08-08 05:00:00,13794.181,20.0,0.9659258262890684,0.2588190451025207
2024-08-08 06:00:00,14459.627,19.9,1.0,6.123233995736766e-17
2024-08-08 07:00:00,15103.936000000002,19.9,0.9659258262890684,-0.2588190451025206
2024-08-08 08:00:00,15535.817,21.2,0.8660254037844387,-0.4999999999999998
2024-08-08 09:00:00,16240.709,23.4,0.7071067811865476,-0.7071067811865475
2024-08-08 10:00:00,17057.297,25.4,0.4999999999999999,-0.8660254037844387
2024-08-08 11:00:00,17905.667999999998,27.1,0.258819045102521,-0.9659258262890682
2024-08-08 12:00:00,18669.316,27.5,1.2246467991473532e-16,-1.0
2024-08-08 13:00:00,19200.321,28.9,-0.2588190451025208,-0.9659258262890684
2024-08-08 14:00:00,19483.516,30.1,-0.4999999999999998,-0.8660254037844388
2024-08-08 15:00:00,19646.602,30.5,-0.7071067811865471,-0.7071067811865479
2024-08-08 16:00:00,19780.143,30.0,-0.8660254037844384,-0.5000000000000004
2024-08-08 17:00:00,19606.754999999997,28.6,-0.9659258262890684,-0.2588190451025206
2024-08-08 18:00:00,19276.055,29.0,-1.0,-1.8369701987210294e-16
2024-08-08 19:00:00,18909.729,28.3,-0.9659258262890684,0.2588190451025203
2024-08-08 20:00:00,18458.829,27.4,-0.8660254037844386,0.5000000000000001
2024-08-08 21:00:00,17897.434,23.4,-0.7071067811865477,0.7071067811865474
2024-08-08 22:00:00,16897.148999999998,22.8,-0.5000000000000004,0.8660254037844384
2024-08-08 23:00:00,15898.949,23.0,-0.2588190451025215,0.965925826289068
2024-08-09 00:00:00,15147.83,23.0,0.0,1.0
2024-08-09 01:00:00,14500.936,22.6,0.2588190451025207,0.9659258262890684
2024-08-09 02:00:00,14098.294,22.5,0.4999999999999999,0.8660254037844387
2024-08-09 03:00:00,13758.296,22.4,0.7071067811865475,0.7071067811865476
2024-08-09 04:00:00,13793.86,22.2,0.8660254037844386,0.5000000000000001
2024-08-09 05:00:00,14053.138,21.6,0.9659258262890684,0.2588190451025207
2024-08-09 06:00:00,14619.588,21.4,1.0,6.123233995736766e-17
2024-08-09 07:00:00,15099.499,20.9,0.9659258262890684,-0.2588190451025206
2024-08-09 08:00:00,15798.959,21.1,0.8660254037844387,-0.4999999999999998
2024-08-09 09:00:00,16417.903,22.3,0.7071067811865476,-0.7071067811865475
2024-08-09 10:00:00,17060.372,23.8,0.4999999999999999,-0.8660254037844387
2024-08-09 11:00:00,17705.976,25.2,0.258819045102521,-0.9659258262890682
2024-08-09 12:00:00,18339.0,26.3,1.2246467991473532e-16,-1.0
2024-08-09 13:00:00,19045.967,27.8,-0.2588190451025208,-0.9659258262890684
2024-08-09 14:00:00,19344.416,26.8,-0.4999999999999998,-0.8660254037844388
2024-08-09 15:00:00,19420.223,27.3,-0.7071067811865471,-0.7071067811865479
2024-08-09 16:00:00,19519.457,27.6,-0.8660254037844384,-0.5000000000000004
2024-08-09 17:00:00,19455.494,27.6,-0.9659258262890684,-0.2588190451025206
2024-08-09 18:00:00,19046.674,26.6,-1.0,-1.8369701987210294e-16
2024-08-09 19:00:00,18296.898,26.3,-0.9659258262890684,0.2588190451025203
2024-08-09 20:00:00,17494.559,24.7,-0.8660254037844386,0.5000000000000001
2024-08-09 21:00:00,16817.927,23.2,-0.7071067811865477,0.7071067811865474
2024-08-09 22:00:00,15767.408,21.5,-0.5000000000000004,0.8660254037844384
2024-08-09 23:00:00,14703.801,20.6,-0.2588190451025215,0.965925826289068
2024-08-10 00:00:00,13709.346,20.0,0.0,1.0
2024-08-10 01:00:00,12935.706,18.6,0.2588190451025207,0.9659258262890684
2024-08-10 02:00:00,12498.685,17.6,0.4999999999999999,0.8660254037844387
2024-08-10 03:00:00,12077.629,16.7,0.7071067811865475,0.7071067811865476
2024-08-10 04:00:00,11843.118,16.1,0.8660254037844386,0.5000000000000001
2024-08-10 05:00:00,11887.309,15.6,0.9659258262890684,0.2588190451025207
2024-08-10 06:00:00,12009.784,14.8,1.0,6.123233995736766e-17
2024-08-10 07:00:00,12306.958,14.6,0.9659258262890684,-0.2588190451025206
2024-08-10 08:00:00,12965.542,16.0,0.8660254037844387,-0.4999999999999998
2024-08-10 09:00:00,13587.01,18.1,0.7071067811865476,-0.7071067811865475
2024-08-10 10:00:00,14269.852,19.8,0.4999999999999999,-0.8660254037844387
2024-08-10 11:00:00,14871.999,21.3,0.258819045102521,-0.9659258262890682
2024-08-10 12:00:00,15422.047,22.5,1.2246467991473532e-16,-1.0
2024-08-10 13:00:00,15836.054,23.2,-0.2588190451025208,-0.9659258262890684
2024-08-10 14:00:00,16146.771,24.0,-0.4999999999999998,-0.8660254037844388
2024-08-10 15:00:00,16488.039,24.5,-0.7071067811865471,-0.7071067811865479
2024-08-10 16:00:00,16818.636,24.9,-0.8660254037844384,-0.5000000000000004
2024-08-10 17:00:00,17031.551,24.5,-0.9659258262890684,-0.2588190451025206
2024-08-10 18:00:00,16838.943,24.5,-1.0,-1.8369701987210294e-16
2024-08-10 19:00:00,16249.606,23.4,-0.9659258262890684,0.2588190451025203
2024-08-10 20:00:00,15565.937,22.0,-0.8660254037844386,0.5000000000000001
2024-08-10 21:00:00,14885.405,20.0,-0.7071067811865477,0.7071067811865474
2024-08-10 22:00:00,14128.041,18.9,-0.5000000000000004,0.8660254037844384
2024-08-10 23:00:00,13222.698,17.6,-0.2588190451025215,0.965925826289068
2024-08-11 00:00:00,12447.11,16.4,0.0,1.0
2024-08-11 01:00:00,11910.667,15.9,0.2588190451025207,0.9659258262890684
2024-08-11 02:00:00,11423.638,16.1,0.4999999999999999,0.8660254037844387
2024-08-11 03:00:00,11307.626,15.4,0.7071067811865475,0.7071067811865476
2024-08-11 04:00:00,11167.768,14.4,0.8660254037844386,0.5000000000000001
2024-08-11 05:00:00,11133.072,14.1,0.9659258262890684,0.2588190451025207
2024-08-11 06:00:00,11087.205,13.5,1.0,6.123233995736766e-17
2024-08-11 07:00:00,11248.97,13.1,0.9659258262890684,-0.2588190451025206
2024-08-11 08:00:00,11842.36,15.6,0.8660254037844387,-0.4999999999999998
2024-08-11 09:00:00,12480.813,17.8,0.7071067811865476,-0.7071067811865475
2024-08-11 10:00:00,13065.409,20.2,0.4999999999999999,-0.8660254037844387
2024-08-11 11:00:00,13653.45,22.1,0.258819045102521,-0.9659258262890682
2024-08-11 12:00:00,14340.315,22.9,1.2246467991473532e-16,-1.0
2024-08-11 13:00:00,14692.102,23.8,-0.2588190451025208,-0.9659258262890684
2024-08-11 14:00:00,15256.121,24.1,-0.4999999999999998,-0.8660254037844388
2024-08-11 15:00:00,15742.919000000002,24.5,-0.7071067811865471,-0.7071067811865479
2024-08-11 16:00:00,16184.75,24.5,-0.8660254037844384,-0.5000000000000004
2024-08-11 17:00:00,16398.998,24.3,-0.9659258262890684,-0.2588190451025206
2024-08-11 18:00:00,16361.746,24.0,-1.0,-1.8369701987210294e-16
2024-08-11 19:00:00,16053.664,23.6,-0.9659258262890684,0.2588190451025203
2024-08-11 20:00:00,15470.733,22.0,-0.8660254037844386,0.5000000000000001
2024-08-11 21:00:00,15041.512,19.9,-0.7071067811865477,0.7071067811865474
2024-08-11 22:00:00,14096.706,19.2,-0.5000000000000004,0.8660254037844384
2024-08-11 23:00:00,13170.352,18.1,-0.2588190451025215,0.965925826289068
2024-08-12 00:00:00,12488.048,17.5,0.0,1.0
2024-08-12 01:00:00,12167.517,16.5,0.2588190451025207,0.9659258262890684
2024-08-12 02:00:00,11854.345,16.0,0.4999999999999999,0.8660254037844387
2024-08-12 03:00:00,11789.507,15.4,0.7071067811865475,0.7071067811865476
2024-08-12 04:00:00,11915.633,14.6,0.8660254037844386,0.5000000000000001
2024-08-12 05:00:00,12384.442,13.9,0.9659258262890684,0.2588190451025207
2024-08-12 06:00:00,12970.217,13.3,1.0,6.123233995736766e-17
2024-08-12 07:00:00,13397.076,12.7,0.9659258262890684,-0.2588190451025206
2024-08-12 08:00:00,13970.354,15.1,0.8660254037844387,-0.4999999999999998
2024-08-12 09:00:00,14529.926,17.5,0.7071067811865476,-0.7071067811865475
2024-08-12 10:00:00,15166.762,20.2,0.4999999999999999,-0.8660254037844387
2024-08-12 11:00:00,15787.157,22.6,0.258819045102521,-0.9659258262890682
2024-08-12 12:00:00,16320.093,24.3,1.2246467991473532e-16,-1.0
2024-08-12 13:00:00,16975.496,26.0,-0.2588190451025208,-0.9659258262890684
2024-08-12 14:00:00,17523.271,26.8,-0.4999999999999998,-0.8660254037844388
2024-08-12 15:00:00,17864.086000000003,27.0,-0.7071067811865471,-0.7071067811865479
2024-08-12 16:00:00,18078.472,27.2,-0.8660254037844384,-0.5000000000000004
2024-08-12 17:00:00,18211.468999999997,26.9,-0.9659258262890684,-0.2588190451025206
2024-08-12 18:00:00,18196.113,26.4,-1.0,-1.8369701987210294e-16
2024-08-12 19:00:00,17703.784,25.6,-0.9659258262890684,0.2588190451025203
2024-08-12 20:00:00,16961.873,23.8,-0.8660254037844386,0.5000000000000001
2024-08-12 21:00:00,16298.038,21.5,-0.7071067811865477,0.7071067811865474
2024-08-12 22:00:00,15193.294,20.0,-0.5000000000000004,0.8660254037844384
2024-08-12 23:00:00,14107.19,18.6,-0.2588190451025215,0.965925826289068
2024-08-13 00:00:00,13371.122,20.1,0.0,1.0
2024-08-13 01:00:00,12782.441,17.8,0.2588190451025207,0.9659258262890684
2024-08-13 02:00:00,12431.76,17.2,0.4999999999999999,0.8660254037844387
2024-08-13 03:00:00,12201.188999999998,17.4,0.7071067811865475,0.7071067811865476
2024-08-13 04:00:00,12243.716,16.6,0.8660254037844386,0.5000000000000001
2024-08-13 05:00:00,12730.967,17.0,0.9659258262890684,0.2588190451025207
2024-08-13 06:00:00,13365.388,17.5,1.0,6.123233995736766e-17
2024-08-13 07:00:00,13835.365,15.4,0.9659258262890684,-0.2588190451025206
2024-08-13 08:00:00,14344.464,17.6,0.8660254037844387,-0.4999999999999998
2024-08-13 09:00:00,14893.195,20.1,0.7071067811865476,-0.7071067811865475
2024-08-13 10:00:00,15516.861,22.8,0.4999999999999999,-0.8660254037844387
2024-08-13 11:00:00,16176.632,24.9,0.258819045102521,-0.9659258262890682
2024-08-13 12:00:00,16928.328999999998,25.6,1.2246467991473532e-16,-1.0
2024-08-13 13:00:00,17627.497,26.3,-0.2588190451025208,-0.9659258262890684
2024-08-13 14:00:00,18103.475,26.9,-0.4999999999999998,-0.8660254037844388
2024-08-13 15:00:00,18411.474,27.4,-0.7071067811865471,-0.7071067811865479
2024-08-13 16:00:00,18564.454,27.4,-0.8660254037844384,-0.5000000000000004
2024-08-13 17:00:00,18738.534,27.0,-0.9659258262890684,-0.2588190451025206
2024-08-13 18:00:00,18632.364,26.5,-1.0,-1.8369701987210294e-16
2024-08-13 19:00:00,18128.608,26.0,-0.9659258262890684,0.2588190451025203
2024-08-13 20:00:00,17570.936999999998,24.2,-0.8660254037844386,0.5000000000000001
2024-08-13 21:00:00,16964.23,22.7,-0.7071067811865477,0.7071067811865474
2024-08-13 22:00:00,15597.24,21.5,-0.5000000000000004,0.8660254037844384
2024-08-13 23:00:00,14506.711,20.3,-0.2588190451025215,0.965925826289068
2024-08-14 00:00:00,13548.297,19.4,0.0,1.0
2024-08-14 01:00:00,12979.125,18.7,0.2588190451025207,0.9659258262890684
2024-08-14 02:00:00,12543.157,18.4,0.4999999999999999,0.8660254037844387
2024-08-14 03:00:00,12234.596,18.0,0.7071067811865475,0.7071067811865476
2024-08-14 04:00:00,12319.603,17.5,0.8660254037844386,0.5000000000000001
2024-08-14 05:00:00,12670.788,16.8,0.9659258262890684,0.2588190451025207
2024-08-14 06:00:00,13325.325,15.6,1.0,6.123233995736766e-17
2024-08-14 07:00:00,13799.827,15.2,0.9659258262890684,-0.2588190451025206
2024-08-14 08:00:00,14273.633,18.0,0.8660254037844387,-0.4999999999999998
2024-08-14 09:00:00,14918.098,20.0,0.7071067811865476,-0.7071067811865475
2024-08-14 10:00:00,15615.139,22.9,0.4999999999999999,-0.8660254037844387
2024-08-14 11:00:00,16425.003,25.2,0.258819045102521,-0.9659258262890682
2024-08-14 12:00:00,17391.25,26.8,1.2246467991473532e-16,-1.0
2024-08-14 13:00:00,18196.284,27.9,-0.2588190451025208,-0.9659258262890684
2024-08-14 14:00:00,18804.05,28.6,-0.4999999999999998,-0.8660254037844388
2024-08-14 15:00:00,19199.64,29.0,-0.7071067811865471,-0.7071067811865479
2024-08-14 16:00:00,19568.817,29.2,-0.8660254037844384,-0.5000000000000004
2024-08-14 17:00:00,19568.593,29.1,-0.9659258262890684,-0.2588190451025206
2024-08-14 18:00:00,19396.04,28.9,-1.0,-1.8369701987210294e-16
2024-08-14 19:00:00,18941.249,28.2,-0.9659258262890684,0.2588190451025203
2024-08-14 20:00:00,18200.235999999997,25.6,-0.8660254037844386,0.5000000000000001
2024-08-14 21:00:00,17309.339,23.2,-0.7071067811865477,0.7071067811865474
2024-08-14 22:00:00,15991.715,21.4,-0.5000000000000004,0.8660254037844384
2024-08-14 23:00:00,14719.226,20.3,-0.2588190451025215,0.965925826289068
2024-08-15 00:00:00,13767.069,19.6,0.0,1.0
2024-08-15 01:00:00,13115.141,19.4,0.2588190451025207,0.9659258262890684
2024-08-15 02:00:00,12665.74,19.0,0.4999999999999999,0.8660254037844387
2024-08-15 03:00:00,12399.011,17.8,0.7071067811865475,0.7071067811865476
2024-08-15 04:00:00,12362.528,17.2,0.8660254037844386,0.5000000000000001
2024-08-15 05:00:00,12881.278,16.6,0.9659258262890684,0.2588190451025207
2024-08-15 06:00:00,13613.715,16.5,1.0,6.123233995736766e-17
2024-08-15 07:00:00,14188.158,16.6,0.9659258262890684,-0.2588190451025206
2024-08-15 08:00:00,14581.67,18.7,0.8660254037844387,-0.4999999999999998
2024-08-15 09:00:00,15256.973,20.8,0.7071067811865476,-0.7071067811865475
2024-08-15 10:00:00,16003.5,23.4,0.4999999999999999,-0.8660254037844387
2024-08-15 11:00:00,16750.514,26.0,0.258819045102521,-0.9659258262890682
2024-08-15 12:00:00,17612.873,28.1,1.2246467991473532e-16,-1.0
2024-08-15 13:00:00,18287.047,29.4,-0.2588190451025208,-0.9659258262890684
2024-08-15 14:00:00,18723.545,30.0,-0.4999999999999998,-0.8660254037844388
2024-08-15 15:00:00,18744.807,30.0,-0.7071067811865471,-0.7071067811865479
2024-08-15 16:00:00,18827.104,28.2,-0.8660254037844384,-0.5000000000000004
2024-08-15 17:00:00,18765.882,26.6,-0.9659258262890684,-0.2588190451025206
2024-08-15 18:00:00,18407.188,26.5,-1.0,-1.8369701987210294e-16
2024-08-15 19:00:00,17989.951999999997,25.6,-0.9659258262890684,0.2588190451025203
2024-08-15 20:00:00,17587.012,24.1,-0.8660254037844386,0.5000000000000001
2024-08-15 21:00:00,16982.111,22.4,-0.7071067811865477,0.7071067811865474
2024-08-15 22:00:00,15859.308,22.4,-0.5000000000000004,0.8660254037844384
2024-08-15 23:00:00,14902.134999999998,21.8,-0.2588190451025215,0.965925826289068
2024-08-16 00:00:00,14022.513,22.5,0.0,1.0
2024-08-16 01:00:00,13446.198,21.5,0.2588190451025207,0.9659258262890684
2024-08-16 02:00:00,13108.507,21.6,0.4999999999999999,0.8660254037844387
2024-08-16 03:00:00,12910.134,21.5,0.7071067811865475,0.7071067811865476
2024-08-16 04:00:00,12958.725,21.5,0.8660254037844386,0.5000000000000001
2024-08-16 05:00:00,13422.911,21.5,0.9659258262890684,0.2588190451025207
2024-08-16 06:00:00,14204.889,20.3,1.0,6.123233995736766e-17
2024-08-16 07:00:00,14611.558,20.0,0.9659258262890684,-0.2588190451025206
2024-08-16 08:00:00,15066.208,20.6,0.8660254037844387,-0.4999999999999998
2024-08-16 09:00:00,15555.187,22.6,0.7071067811865476,-0.7071067811865475
2024-08-16 10:00:00,16012.556,21.5,0.4999999999999999,-0.8660254037844387
2024-08-16 11:00:00,16577.78,21.1,0.258819045102521,-0.9659258262890682
2024-08-16 12:00:00,17055.294,21.8,1.2246467991473532e-16,-1.0
2024-08-16 13:00:00,17505.643,22.9,-0.2588190451025208,-0.9659258262890684
2024-08-16 14:00:00,18011.482,25.2,-0.4999999999999998,-0.8660254037844388
2024-08-16 15:00:00,18469.135,27.4,-0.7071067811865471,-0.7071067811865479
2024-08-16 16:00:00,18710.266,28.4,-0.8660254037844384,-0.5000000000000004
2024-08-16 17:00:00,18803.826999999997,29.2,-0.9659258262890684,-0.2588190451025206
2024-08-16 18:00:00,18604.061,29.0,-1.0,-1.8369701987210294e-16
2024-08-16 19:00:00,18223.473,22.3,-0.9659258262890684,0.2588190451025203
2024-08-16 20:00:00,17764.377,22.6,-0.8660254037844386,0.5000000000000001
2024-08-16 21:00:00,17133.64,22.0,-0.7071067811865477,0.7071067811865474
2024-08-16 22:00:00,16284.722,21.7,-0.5000000000000004,0.8660254037844384
2024-08-16 23:00:00,15258.505,21.0,-0.2588190451025215,0.965925826289068
2024-08-17 00:00:00,14162.419,21.1,0.0,1.0
2024-08-17 01:00:00,13450.457,21.2,0.2588190451025207,0.9659258262890684
2024-08-17 02:00:00,12983.749,21.2,0.4999999999999999,0.8660254037844387
2024-08-17 03:00:00,12824.022,21.0,0.7071067811865475,0.7071067811865476
2024-08-17 04:00:00,12740.723,20.9,0.8660254037844386,0.5000000000000001
2024-08-17 05:00:00,12741.403,20.6,0.9659258262890684,0.2588190451025207
2024-08-17 06:00:00,12914.62,20.4,1.0,6.123233995736766e-17
2024-08-17 07:00:00,13167.743,20.2,0.9659258262890684,-0.2588190451025206
2024-08-17 08:00:00,14022.836,20.9,0.8660254037844387,-0.4999999999999998
2024-08-17 09:00:00,14880.583,22.9,0.7071067811865476,-0.7071067811865475
2024-08-17 10:00:00,15872.58,24.8,0.4999999999999999,-0.8660254037844387
2024-08-17 11:00:00,16834.972,26.5,0.258819045102521,-0.9659258262890682
2024-08-17 12:00:00,17648.077,27.7,1.2246467991473532e-16,-1.0
2024-08-17 13:00:00,18298.832,28.7,-0.2588190451025208,-0.9659258262890684
2024-08-17 14:00:00,18631.53,26.1,-0.4999999999999998,-0.8660254037844388
2024-08-17 15:00:00,18788.322,27.0,-0.7071067811865471,-0.7071067811865479
2024-08-17 16:00:00,18740.639,28.4,-0.8660254037844384,-0.5000000000000004
2024-08-17 17:00:00,18406.449999999997,28.1,-0.9659258262890684,-0.2588190451025206
2024-08-17 18:00:00,17944.972,23.5,-1.0,-1.8369701987210294e-16
2024-08-17 19:00:00,17283.558,22.4,-0.9659258262890684,0.2588190451025203
2024-08-17 20:00:00,16515.195,22.1,-0.8660254037844386,0.5000000000000001
2024-08-17 21:00:00,15872.426,20.8,-0.7071067811865477,0.7071067811865474
2024-08-17 22:00:00,15050.422,20.2,-0.5000000000000004,0.8660254037844384
2024-08-17 23:00:00,14165.74,20.0,-0.2588190451025215,0.965925826289068
2024-08-18 00:00:00,13388.669,20.0,0.0,1.0
2024-08-18 01:00:00,12878.844,19.7,0.2588190451025207,0.9659258262890684
2024-08-18 02:00:00,12370.025,19.3,0.4999999999999999,0.8660254037844387
2024-08-18 03:00:00,12194.813,19.1,0.7071067811865475,0.7071067811865476
2024-08-18 04:00:00,11993.83,19.3,0.8660254037844386,0.5000000000000001
2024-08-18 05:00:00,12058.678,19.0,0.9659258262890684,0.2588190451025207
2024-08-18 06:00:00,12106.039,18.6,1.0,6.123233995736766e-17
2024-08-18 07:00:00,12350.639,18.4,0.9659258262890684,-0.2588190451025206
2024-08-18 08:00:00,13013.786,19.5,0.8660254037844387,-0.4999999999999998
2024-08-18 09:00:00,13559.375,20.8,0.7071067811865476,-0.7071067811865475
2024-08-18 10:00:00,14101.595,22.2,0.4999999999999999,-0.8660254037844387
2024-08-18 11:00:00,14752.256,23.6,0.258819045102521,-0.9659258262890682
2024-08-18 12:00:00,15441.255,25.2,1.2246467991473532e-16,-1.0
2024-08-18 13:00:00,15960.39,26.0,-0.2588190451025208,-0.9659258262890684
2024-08-18 14:00:00,16474.434999999998,26.6,-0.4999999999999998,-0.8660254037844388
2024-08-18 15:00:00,16985.798,26.4,-0.7071067811865471,-0.7071067811865479
2024-08-18 16:00:00,17399.913,27.0,-0.8660254037844384,-0.5000000000000004
2024-08-18 17:00:00,17654.004,27.4,-0.9659258262890684,-0.2588190451025206
2024-08-18 18:00:00,17469.795,22.9,-1.0,-1.8369701987210294e-16
2024-08-18 19:00:00,17025.712,22.9,-0.9659258262890684,0.2588190451025203
2024-08-18 20:00:00,16699.767,22.0,-0.8660254037844386,0.5000000000000001
2024-08-18 21:00:00,16121.014,21.9,-0.7071067811865477,0.7071067811865474
2024-08-18 22:00:00,15184.502,20.9,-0.5000000000000004,0.8660254037844384
2024-08-18 23:00:00,14228.117,20.5,-0.2588190451025215,0.965925826289068
2024-08-19 00:00:00,13461.523,20.1,0.0,1.0
2024-08-19 01:00:00,12980.37,19.8,0.2588190451025207,0.9659258262890684
2024-08-19 02:00:00,12602.171,19.5,0.4999999999999999,0.8660254037844387
2024-08-19 03:00:00,12408.898,19.0,0.7071067811865475,0.7071067811865476
2024-08-19 04:00:00,12598.894,19.1,0.8660254037844386,0.5000000000000001
2024-08-19 05:00:00,13060.807,19.1,0.9659258262890684,0.2588190451025207
2024-08-19 06:00:00,13884.936,18.5,1.0,6.123233995736766e-17
2024-08-19 07:00:00,14361.073,18.0,0.9659258262890684,-0.2588190451025206
2024-08-19 08:00:00,14753.878,18.5,0.8660254037844387,-0.4999999999999998
2024-08-19 09:00:00,15225.712,20.1,0.7071067811865476,-0.7071067811865475
2024-08-19 10:00:00,15711.651,20.5,0.4999999999999999,-0.8660254037844387
2024-08-19 11:00:00,15999.349,20.8,0.258819045102521,-0.9659258262890682
2024-08-19 12:00:00,16387.847999999998,22.1,1.2246467991473532e-16,-1.0
2024-08-19 13:00:00,16645.985,22.1,-0.2588190451025208,-0.9659258262890684
2024-08-19 14:00:00,16712.237,22.7,-0.4999999999999998,-0.8660254037844388
2024-08-19 15:00:00,16667.014,22.8,-0.7071067811865471,-0.7071067811865479
2024-08-19 16:00:00,16648.033,23.8,-0.8660254037844384,-0.5000000000000004
2024-08-19 17:00:00,16636.265,23.5,-0.9659258262890684,-0.2588190451025206
2024-08-19 18:00:00,16499.45,22.9,-1.0,-1.8369701987210294e-16
2024-08-19 19:00:00,16101.908,22.0,-0.9659258262890684,0.2588190451025203
2024-08-19 20:00:00,15888.428,20.4,-0.8660254037844386,0.5000000000000001
2024-08-19 21:00:00,15332.033,18.9,-0.7071067811865477,0.7071067811865474
2024-08-19 22:00:00,14409.566,18.1,-0.5000000000000004,0.8660254037844384
2024-08-19 23:00:00,13469.102,17.5,-0.2588190451025215,0.965925826289068
2024-08-20 00:00:00,12804.46,17.7,0.0,1.0
2024-08-20 01:00:00,12208.419,16.1,0.2588190451025207,0.9659258262890684
2024-08-20 02:00:00,11912.294000000002,15.4,0.4999999999999999,0.8660254037844387
2024-08-20 03:00:00,11733.271,14.7,0.7071067811865475,0.7071067811865476
2024-08-20 04:00:00,11772.523,14.1,0.8660254037844386,0.5000000000000001
2024-08-20 05:00:00,12271.424,13.7,0.9659258262890684,0.2588190451025207
2024-08-20 06:00:00,13037.065,13.1,1.0,6.123233995736766e-17
2024-08-20 07:00:00,13387.264,13.0,0.9659258262890684,-0.2588190451025206
2024-08-20 08:00:00,13622.739,14.5,0.8660254037844387,-0.4999999999999998
2024-08-20 09:00:00,13905.335,15.6,0.7071067811865476,-0.7071067811865475
2024-08-20 10:00:00,14278.235,17.0,0.4999999999999999,-0.8660254037844387
2024-08-20 11:00:00,14519.828,18.2,0.258819045102521,-0.9659258262890682
2024-08-20 12:00:00,14845.375,19.5,1.2246467991473532e-16,-1.0
2024-08-20 13:00:00,15060.062999999998,20.5,-0.2588190451025208,-0.9659258262890684
2024-08-20 14:00:00,15113.420999999998,21.5,-0.4999999999999998,-0.8660254037844388
2024-08-20 15:00:00,15175.936,22.1,-0.7071067811865471,-0.7071067811865479
2024-08-20 16:00:00,15245.217,22.5,-0.8660254037844384,-0.5000000000000004
2024-08-20 17:00:00,15332.961,21.2,-0.9659258262890684,-0.2588190451025206
2024-08-20 18:00:00,15234.187,20.6,-1.0,-1.8369701987210294e-16
2024-08-20 19:00:00,15012.909,20.1,-0.9659258262890684,0.2588190451025203
2024-08-20 20:00:00,14871.936000000002,18.1,-0.8660254037844386,0.5000000000000001
2024-08-20 21:00:00,14493.37,16.6,-0.7071067811865477,0.7071067811865474
2024-08-20 22:00:00,13628.768,16.0,-0.5000000000000004,0.8660254037844384
2024-08-20 23:00:00,12726.6,14.8,-0.2588190451025215,0.965925826289068
2024-08-21 00:00:00,12152.628,13.6,0.0,1.0
2024-08-21 01:00:00,11742.768,12.6,0.2588190451025207,0.9659258262890684
2024-08-21 02:00:00,11577.043,12.1,0.4999999999999999,0.8660254037844387
2024-08-21 03:00:00,11425.977,11.8,0.7071067811865475,0.7071067811865476
2024-08-21 04:00:00,11457.383,12.1,0.8660254037844386,0.5000000000000001
2024-08-21 05:00:00,11860.979,11.4,0.9659258262890684,0.2588190451025207
2024-08-21 06:00:00,12668.242,11.4,1.0,6.123233995736766e-17
2024-08-21 07:00:00,13107.738,11.1,0.9659258262890684,-0.2588190451025206
2024-08-21 08:00:00,13345.489,12.7,0.8660254037844387,-0.4999999999999998
2024-08-21 09:00:00,13484.025,14.8,0.7071067811865476,-0.7071067811865475
2024-08-21 10:00:00,13827.397,17.1,0.4999999999999999,-0.8660254037844387
2024-08-21 11:00:00,14061.248,18.8,0.258819045102521,-0.9659258262890682
2024-08-21 12:00:00,14309.031,20.4,1.2246467991473532e-16,-1.0
2024-08-21 13:00:00,14614.268,20.7,-0.2588190451025208,-0.9659258262890684
2024-08-21 14:00:00,14728.393,21.3,-0.4999999999999998,-0.8660254037844388
2024-08-21 15:00:00,14862.456,22.0,-0.7071067811865471,-0.7071067811865479
2024-08-21 16:00:00,15203.033,21.4,-0.8660254037844384,-0.5000000000000004
2024-08-21 17:00:00,15347.659,22.1,-0.9659258262890684,-0.2588190451025206
2024-08-21 18:00:00,15392.088,21.6,-1.0,-1.8369701987210294e-16
2024-08-21 19:00:00,15158.668,21.0,-0.9659258262890684,0.2588190451025203
2024-08-21 20:00:00,15056.557,19.0,-0.8660254037844386,0.5000000000000001
2024-08-21 21:00:00,14643.707,17.1,-0.7071067811865477,0.7071067811865474
2024-08-21 22:00:00,13503.698,16.2,-0.5000000000000004,0.8660254037844384
2024-08-21 23:00:00,12818.684,14.9,-0.2588190451025215,0.965925826289068
2024-08-22 00:00:00,12198.355,13.6,0.0,1.0
2024-08-22 01:00:00,11775.891,12.5,0.2588190451025207,0.9659258262890684
2024-08-22 02:00:00,11452.935,13.3,0.4999999999999999,0.8660254037844387
2024-08-22 03:00:00,11399.042,13.7,0.7071067811865475,0.7071067811865476
2024-08-22 04:00:00,11525.424,13.4,0.8660254037844386,0.5000000000000001
2024-08-22 05:00:00,12075.262,11.0,0.9659258262890684,0.2588190451025207
2024-08-22 06:00:00,12902.691,10.5,1.0,6.123233995736766e-17
2024-08-22 07:00:00,13285.855,10.8,0.9659258262890684,-0.2588190451025206
2024-08-22 08:00:00,13501.289,12.9,0.8660254037844387,-0.4999999999999998
2024-08-22 09:00:00,13766.126,15.3,0.7071067811865476,-0.7071067811865475
2024-08-22 10:00:00,14138.069,18.5,0.4999999999999999,-0.8660254037844387
2024-08-22 11:00:00,14392.215,20.6,0.258819045102521,-0.9659258262890682
2024-08-22 12:00:00,14765.006,22.0,1.2246467991473532e-16,-1.0
2024-08-22 13:00:00,15167.468,23.0,-0.2588190451025208,-0.9659258262890684
2024-08-22 14:00:00,15486.168,23.6,-0.4999999999999998,-0.8660254037844388
2024-08-22 15:00:00,15812.771,24.1,-0.7071067811865471,-0.7071067811865479
2024-08-22 16:00:00,16275.903,24.3,-0.8660254037844384,-0.5000000000000004
2024-08-22 17:00:00,16549.207000000002,24.4,-0.9659258262890684,-0.2588190451025206
2024-08-22 18:00:00,16526.06,24.0,-1.0,-1.8369701987210294e-16
2024-08-22 19:00:00,16180.028,23.2,-0.9659258262890684,0.2588190451025203
2024-08-22 20:00:00,15800.819,20.7,-0.8660254037844386,0.5000000000000001
2024-08-22 21:00:00,15224.369,19.2,-0.7071067811865477,0.7071067811865474
2024-08-22 22:00:00,14114.669,18.0,-0.5000000000000004,0.8660254037844384
2024-08-22 23:00:00,13195.556,17.0,-0.2588190451025215,0.965925826289068
2024-08-23 00:00:00,12511.178,16.2,0.0,1.0
2024-08-23 01:00:00,12018.602,15.6,0.2588190451025207,0.9659258262890684
2024-08-23 02:00:00,11692.811999999998,14.9,0.4999999999999999,0.8660254037844387
2024-08-23 03:00:00,11541.931,13.7,0.7071067811865475,0.7071067811865476
2024-08-23 04:00:00,11623.797,12.9,0.8660254037844386,0.5000000000000001
2024-08-23 05:00:00,12105.993,12.8,0.9659258262890684,0.2588190451025207
2024-08-23 06:00:00,12860.897,12.9,1.0,6.123233995736766e-17
2024-08-23 07:00:00,13147.784,12.9,0.9659258262890684,-0.2588190451025206
2024-08-23 08:00:00,13608.159,14.1,0.8660254037844387,-0.4999999999999998
2024-08-23 09:00:00,13957.244,16.6,0.7071067811865476,-0.7071067811865475
2024-08-23 10:00:00,14452.71,20.0,0.4999999999999999,-0.8660254037844387
2024-08-23 11:00:00,14817.459,22.8,0.258819045102521,-0.9659258262890682
2024-08-23 12:00:00,15348.331000000002,24.6,1.2246467991473532e-16,-1.0
2024-08-23 13:00:00,15947.67,25.6,-0.2588190451025208,-0.9659258262890684
2024-08-23 14:00:00,16529.645,26.4,-0.4999999999999998,-0.8660254037844388
2024-08-23 15:00:00,17046.046000000002,27.0,-0.7071067811865471,-0.7071067811865479
2024-08-23 16:00:00,17544.328,27.3,-0.8660254037844384,-0.5000000000000004
2024-08-23 17:00:00,17890.015,27.3,-0.9659258262890684,-0.2588190451025206
2024-08-23 18:00:00,17601.489,27.0,-1.0,-1.8369701987210294e-16
2024-08-23 19:00:00,16821.713,25.9,-0.9659258262890684,0.2588190451025203
2024-08-23 20:00:00,16147.443,24.1,-0.8660254037844386,0.5000000000000001
2024-08-23 21:00:00,15403.276,20.5,-0.7071067811865477,0.7071067811865474
2024-08-23 22:00:00,14408.358,20.2,-0.5000000000000004,0.8660254037844384
2024-08-23 23:00:00,13370.853,21.2,-0.2588190451025215,0.965925826289068
2024-08-24 00:00:00,12556.218,17.1,0.0,1.0
2024-08-24 01:00:00,11965.761,16.1,0.2588190451025207,0.9659258262890684
2024-08-24 02:00:00,11452.262,15.6,0.4999999999999999,0.8660254037844387
2024-08-24 03:00:00,11312.054,16.6,0.7071067811865475,0.7071067811865476
2024-08-24 04:00:00,11177.676,16.8,0.8660254037844386,0.5000000000000001
2024-08-24 05:00:00,11364.914,14.6,0.9659258262890684,0.2588190451025207
2024-08-24 06:00:00,11449.625,14.0,1.0,6.123233995736766e-17
2024-08-24 07:00:00,11681.177,13.6,0.9659258262890684,-0.2588190451025206
2024-08-24 08:00:00,12236.158,15.8,0.8660254037844387,-0.4999999999999998
2024-08-24 09:00:00,12911.445,18.0,0.7071067811865476,-0.7071067811865475
2024-08-24 10:00:00,13675.594,21.2,0.4999999999999999,-0.8660254037844387
2024-08-24 11:00:00,14542.557,24.5,0.258819045102521,-0.9659258262890682
2024-08-24 12:00:00,15516.602,26.8,1.2246467991473532e-16,-1.0
2024-08-24 13:00:00,16484.116,28.4,-0.2588190451025208,-0.9659258262890684
2024-08-24 14:00:00,17239.477,29.5,-0.4999999999999998,-0.8660254037844388
2024-08-24 15:00:00,17879.692,30.5,-0.7071067811865471,-0.7071067811865479
2024-08-24 16:00:00,18489.024,30.9,-0.8660254037844384,-0.5000000000000004
2024-08-24 17:00:00,18801.835,30.5,-0.9659258262890684,-0.2588190451025206
2024-08-24 18:00:00,18646.663,30.0,-1.0,-1.8369701987210294e-16
2024-08-24 19:00:00,18034.343999999997,29.0,-0.9659258262890684,0.2588190451025203
2024-08-24 20:00:00,17183.402000000002,27.6,-0.8660254037844386,0.5000000000000001
2024-08-24 21:00:00,16530.614999999998,25.5,-0.7071067811865477,0.7071067811865474
2024-08-24 22:00:00,15435.364,26.0,-0.5000000000000004,0.8660254037844384
2024-08-24 23:00:00,14407.698,23.8,-0.2588190451025215,0.965925826289068
2024-08-25 00:00:00,13453.094,21.4,0.0,1.0
2024-08-25 01:00:00,12783.45,20.5,0.2588190451025207,0.9659258262890684
2024-08-25 02:00:00,12262.968,21.1,0.4999999999999999,0.8660254037844387
2024-08-25 03:00:00,12024.189,20.8,0.7071067811865475,0.7071067811865476
2024-08-25 04:00:00,11725.781,19.1,0.8660254037844386,0.5000000000000001
2024-08-25 05:00:00,11734.75,18.6,0.9659258262890684,0.2588190451025207
2024-08-25 06:00:00,11805.103,19.9,1.0,6.123233995736766e-17
2024-08-25 07:00:00,11953.14,19.5,0.9659258262890684,-0.2588190451025206
2024-08-25 08:00:00,12673.234,19.5,0.8660254037844387,-0.4999999999999998
2024-08-25 09:00:00,13767.767,22.0,0.7071067811865476,-0.7071067811865475
2024-08-25 10:00:00,14753.97,25.0,0.4999999999999999,-0.8660254037844387
2024-08-25 11:00:00,16102.79,28.0,0.258819045102521,-0.9659258262890682
2024-08-25 12:00:00,17256.467,30.2,1.2246467991473532e-16,-1.0
2024-08-25 13:00:00,18248.396,31.1,-0.2588190451025208,-0.9659258262890684
2024-08-25 14:00:00,18931.58,32.0,-0.4999999999999998,-0.8660254037844388
2024-08-25 15:00:00,19537.67,32.4,-0.7071067811865471,-0.7071067811865479
2024-08-25 16:00:00,19985.939,32.8,-0.8660254037844384,-0.5000000000000004
2024-08-25 17:00:00,20176.569,32.5,-0.9659258262890684,-0.2588190451025206
2024-08-25 18:00:00,20029.605,31.8,-1.0,-1.8369701987210294e-16
2024-08-25 19:00:00,19574.276,30.6,-0.9659258262890684,0.2588190451025203
2024-08-25 20:00:00,18921.669,28.0,-0.8660254037844386,0.5000000000000001
2024-08-25 21:00:00,17925.484,26.6,-0.7071067811865477,0.7071067811865474
2024-08-25 22:00:00,16611.345,25.1,-0.5000000000000004,0.8660254037844384
2024-08-25 23:00:00,15418.491,24.0,-0.2588190451025215,0.965925826289068
2024-08-26 00:00:00,14468.67,23.2,0.0,1.0
2024-08-26 01:00:00,13809.551,22.5,0.2588190451025207,0.9659258262890684
2024-08-26 02:00:00,13344.997,22.8,0.4999999999999999,0.8660254037844387
2024-08-26 03:00:00,13051.251,21.0,0.7071067811865475,0.7071067811865476
2024-08-26 04:00:00,13137.129,21.5,0.8660254037844386,0.5000000000000001
2024-08-26 05:00:00,13502.396,19.9,0.9659258262890684,0.2588190451025207
2024-08-26 06:00:00,14504.627,20.3,1.0,6.123233995736766e-17
2024-08-26 07:00:00,14951.721,19.5,0.9659258262890684,-0.2588190451025206
2024-08-26 08:00:00,15618.386,21.0,0.8660254037844387,-0.4999999999999998
2024-08-26 09:00:00,16466.43,24.0,0.7071067811865476,-0.7071067811865475
2024-08-26 10:00:00,17585.874,26.9,0.4999999999999999,-0.8660254037844387
2024-08-26 11:00:00,18774.932,29.5,0.258819045102521,-0.9659258262890682
2024-08-26 12:00:00,19932.559,31.3,1.2246467991473532e-16,-1.0
2024-08-26 13:00:00,20841.487,32.2,-0.2588190451025208,-0.9659258262890684
2024-08-26 14:00:00,21198.158,33.0,-0.4999999999999998,-0.8660254037844388
2024-08-26 15:00:00,21538.154,33.4,-0.7071067811865471,-0.7071067811865479
2024-08-26 16:00:00,21750.088,33.5,-0.8660254037844384,-0.5000000000000004
2024-08-26 17:00:00,21815.765,33.2,-0.9659258262890684,-0.2588190451025206
2024-08-26 18:00:00,21695.784,32.5,-1.0,-1.8369701987210294e-16
2024-08-26 19:00:00,21166.362,31.2,-0.9659258262890684,0.2588190451025203
2024-08-26 20:00:00,20400.381,28.1,-0.8660254037844386,0.5000000000000001
2024-08-26 21:00:00,19392.447,28.6,-0.7071067811865477,0.7071067811865474
2024-08-26 22:00:00,17879.38,26.6,-0.5000000000000004,0.8660254037844384
2024-08-26 23:00:00,16576.411,25.2,-0.2588190451025215,0.965925826289068
2024-08-27 00:00:00,15560.108,25.6,0.0,1.0
2024-08-27 01:00:00,14797.385,25.0,0.2588190451025207,0.9659258262890684
2024-08-27 02:00:00,14189.572,23.4,0.4999999999999999,0.8660254037844387
2024-08-27 03:00:00,13789.719,22.7,0.7071067811865475,0.7071067811865476
2024-08-27 04:00:00,13784.953,22.8,0.8660254037844386,0.5000000000000001
2024-08-27 05:00:00,14233.481,21.0,0.9659258262890684,0.2588190451025207
2024-08-27 06:00:00,15000.721,20.6,1.0,6.123233995736766e-17
2024-08-27 07:00:00,15504.692,20.4,0.9659258262890684,-0.2588190451025206
2024-08-27 08:00:00,16016.277,22.0,0.8660254037844387,-0.4999999999999998
2024-08-27 09:00:00,16766.503,23.8,0.7071067811865476,-0.7071067811865475
2024-08-27 10:00:00,18015.839,26.2,0.4999999999999999,-0.8660254037844387
2024-08-27 11:00:00,19250.038,28.8,0.258819045102521,-0.9659258262890682
2024-08-27 12:00:00,20482.667,31.0,1.2246467991473532e-16,-1.0
2024-08-27 13:00:00,21360.648,32.2,-0.2588190451025208,-0.9659258262890684
2024-08-27 14:00:00,21898.346,33.0,-0.4999999999999998,-0.8660254037844388
2024-08-27 15:00:00,22019.321,33.5,-0.7071067811865471,-0.7071067811865479
2024-08-27 16:00:00,22099.061,33.8,-0.8660254037844384,-0.5000000000000004
2024-08-27 17:00:00,22031.642,33.8,-0.9659258262890684,-0.2588190451025206
2024-08-27 18:00:00,21901.152,33.5,-1.0,-1.8369701987210294e-16
2024-08-27 19:00:00,21557.543,32.5,-0.9659258262890684,0.2588190451025203
2024-08-27 20:00:00,20978.759,29.6,-0.8660254037844386,0.5000000000000001
2024-08-27 21:00:00,19878.578,28.5,-0.7071067811865477,0.7071067811865474
2024-08-27 22:00:00,18389.731,27.5,-0.5000000000000004,0.8660254037844384
2024-08-27 23:00:00,17013.661999999997,26.9,-0.2588190451025215,0.965925826289068
2024-08-28 00:00:00,15934.238,26.7,0.0,1.0
2024-08-28 01:00:00,15182.523,26.7,0.2588190451025207,0.9659258262890684
2024-08-28 02:00:00,14547.92,26.2,0.4999999999999999,0.8660254037844387
2024-08-28 03:00:00,14172.225,24.9,0.7071067811865475,0.7071067811865476
2024-08-28 04:00:00,14091.003,23.5,0.8660254037844386,0.5000000000000001
2024-08-28 05:00:00,14449.348,23.1,0.9659258262890684,0.2588190451025207
2024-08-28 06:00:00,15287.839,22.6,1.0,6.123233995736766e-17
2024-08-28 07:00:00,15702.57,23.0,0.9659258262890684,-0.2588190451025206
2024-08-28 08:00:00,16235.806,23.8,0.8660254037844387,-0.4999999999999998
2024-08-28 09:00:00,17086.557,24.7,0.7071067811865476,-0.7071067811865475
2024-08-28 10:00:00,18153.059,26.5,0.4999999999999999,-0.8660254037844387
2024-08-28 11:00:00,19237.789,28.5,0.258819045102521,-0.9659258262890682
2024-08-28 12:00:00,20299.129999999997,30.2,1.2246467991473532e-16,-1.0
2024-08-28 13:00:00,21080.515,31.5,-0.2588190451025208,-0.9659258262890684
2024-08-28 14:00:00,21531.327,32.5,-0.4999999999999998,-0.8660254037844388
2024-08-28 15:00:00,21580.347,32.9,-0.7071067811865471,-0.7071067811865479
2024-08-28 16:00:00,21766.478,33.6,-0.8660254037844384,-0.5000000000000004
2024-08-28 17:00:00,21780.4,32.8,-0.9659258262890684,-0.2588190451025206
2024-08-28 18:00:00,21748.549,32.2,-1.0,-1.8369701987210294e-16
2024-08-28 19:00:00,21216.103,31.3,-0.9659258262890684,0.2588190451025203
2024-08-28 20:00:00,20782.234,29.5,-0.8660254037844386,0.5000000000000001
2024-08-28 21:00:00,19857.915,27.4,-0.7071067811865477,0.7071067811865474
2024-08-28 22:00:00,18425.585,26.6,-0.5000000000000004,0.8660254037844384
2024-08-28 23:00:00,17124.046,26.1,-0.2588190451025215,0.965925826289068
2024-08-29 00:00:00,15993.797,24.3,0.0,1.0
2024-08-29 01:00:00,15173.89,23.9,0.2588190451025207,0.9659258262890684
2024-08-29 02:00:00,14637.038,24.5,0.4999999999999999,0.8660254037844387
2024-08-29 03:00:00,14274.809,23.9,0.7071067811865475,0.7071067811865476
2024-08-29 04:00:00,14159.167,23.5,0.8660254037844386,0.5000000000000001
2024-08-29 05:00:00,14652.916,22.9,0.9659258262890684,0.2588190451025207
2024-08-29 06:00:00,15509.392,22.5,1.0,6.123233995736766e-17
2024-08-29 07:00:00,15827.82,22.1,0.9659258262890684,-0.2588190451025206
2024-08-29 08:00:00,16415.78,23.1,0.8660254037844387,-0.4999999999999998
2024-08-29 09:00:00,17149.759,24.5,0.7071067811865476,-0.7071067811865475
2024-08-29 10:00:00,18283.114,27.0,0.4999999999999999,-0.8660254037844387
2024-08-29 11:00:00,19298.537,28.5,0.258819045102521,-0.9659258262890682
2024-08-29 12:00:00,20317.149,29.6,1.2246467991473532e-16,-1.0
2024-08-29 13:00:00,21240.342,30.8,-0.2588190451025208,-0.9659258262890684
2024-08-29 14:00:00,21670.214,31.8,-0.4999999999999998,-0.8660254037844388
2024-08-29 15:00:00,21939.797,32.3,-0.7071067811865471,-0.7071067811865479
2024-08-29 16:00:00,21968.98,32.5,-0.8660254037844384,-0.5000000000000004
2024-08-29 17:00:00,21756.509,32.0,-0.9659258262890684,-0.2588190451025206
2024-08-29 18:00:00,21540.842,31.0,-1.0,-1.8369701987210294e-16
2024-08-29 19:00:00,20858.519,30.1,-0.9659258262890684,0.2588190451025203
2024-08-29 20:00:00,20378.563,28.5,-0.8660254037844386,0.5000000000000001
2024-08-29 21:00:00,19335.97,27.6,-0.7071067811865477,0.7071067811865474
2024-08-29 22:00:00,17937.938000000002,26.5,-0.5000000000000004,0.8660254037844384
2024-08-29 23:00:00,16728.152,25.5,-0.2588190451025215,0.965925826289068
2024-08-30 00:00:00,15614.604,25.0,0.0,1.0
2024-08-30 01:00:00,14924.843,24.2,0.2588190451025207,0.9659258262890684
2024-08-30 02:00:00,14328.002,23.7,0.4999999999999999,0.8660254037844387
2024-08-30 03:00:00,13863.329,22.9,0.7071067811865475,0.7071067811865476
2024-08-30 04:00:00,13866.198,22.4,0.8660254037844386,0.5000000000000001
2024-08-30 05:00:00,14186.599,22.2,0.9659258262890684,0.2588190451025207
2024-08-30 06:00:00,14838.395,22.0,1.0,6.123233995736766e-17
2024-08-30 07:00:00,15254.899,21.8,0.9659258262890684,-0.2588190451025206
2024-08-30 08:00:00,15837.88,22.6,0.8660254037844387,-0.4999999999999998
2024-08-30 09:00:00,16856.075,24.6,0.7071067811865476,-0.7071067811865475
2024-08-30 10:00:00,17991.229,27.2,0.4999999999999999,-0.8660254037844387
2024-08-30 11:00:00,19322.317,29.9,0.258819045102521,-0.9659258262890682
2024-08-30 12:00:00,20537.564,32.0,1.2246467991473532e-16,-1.0
2024-08-30 13:00:00,21296.016,33.7,-0.2588190451025208,-0.9659258262890684
2024-08-30 14:00:00,21710.137,34.5,-0.4999999999999998,-0.8660254037844388
2024-08-30 15:00:00,21717.915999999997,34.7,-0.7071067811865471,-0.7071067811865479
2024-08-30 16:00:00,21498.158000000003,35.0,-0.8660254037844384,-0.5000000000000004
2024-08-30 17:00:00,21422.117,35.0,-0.9659258262890684,-0.2588190451025206
2024-08-30 18:00:00,20963.693,34.5,-1.0,-1.8369701987210294e-16
2024-08-30 19:00:00,20164.549,33.4,-0.9659258262890684,0.2588190451025203
2024-08-30 20:00:00,19615.979,31.0,-0.8660254037844386,0.5000000000000001
2024-08-30 21:00:00,18737.061,29.0,-0.7071067811865477,0.7071067811865474
2024-08-30 22:00:00,17615.703,27.9,-0.5000000000000004,0.8660254037844384
2024-08-30 23:00:00,16407.891,26.5,-0.2588190451025215,0.965925826289068
2024-08-31 00:00:00,15369.716,26.4,0.0,1.0
2024-08-31 01:00:00,14632.242,24.9,0.2588190451025207,0.9659258262890684
2024-08-31 02:00:00,14113.582,25.0,0.4999999999999999,0.8660254037844387
2024-08-31 03:00:00,13679.341,24.4,0.7071067811865475,0.7071067811865476
2024-08-31 04:00:00,13472.04,24.1,0.8660254037844386,0.5000000000000001
2024-08-31 05:00:00,13405.037,23.8,0.9659258262890684,0.2588190451025207
2024-08-31 06:00:00,13456.326,22.8,1.0,6.123233995736766e-17
2024-08-31 07:00:00,13536.506,22.1,0.9659258262890684,-0.2588190451025206
2024-08-31 08:00:00,14198.907,23.3,0.8660254037844387,-0.4999999999999998
2024-08-31 09:00:00,15076.592,22.4,0.7071067811865476,-0.7071067811865475
2024-08-31 10:00:00,16028.713,24.5,0.4999999999999999,-0.8660254037844387
2024-08-31 11:00:00,16764.847999999998,26.9,0.258819045102521,-0.9659258262890682
2024-08-31 12:00:00,17311.803,28.2,1.2246467991473532e-16,-1.0
2024-08-31 13:00:00,17780.213000000003,27.9,-0.2588190451025208,-0.9659258262890684
2024-08-31 14:00:00,18222.81,29.2,-0.4999999999999998,-0.8660254037844388
2024-08-31 15:00:00,18478.985,30.2,-0.7071067811865471,-0.7071067811865479
2024-08-31 16:00:00,18436.752,26.0,-0.8660254037844384,-0.5000000000000004
2024-08-31 17:00:00,18115.618,26.1,-0.9659258262890684,-0.2588190451025206
2024-08-31 18:00:00,17646.537,27.7,-1.0,-1.8369701987210294e-16
2024-08-31 19:00:00,17100.097,27.0,-0.9659258262890684,0.2588190451025203
2024-08-31 20:00:00,16606.573,25.6,-0.8660254037844386,0.5000000000000001
2024-08-31 21:00:00,15882.374,23.3,-0.7071067811865477,0.7071067811865474
2024-08-31 22:00:00,14951.674,23.0,-0.5000000000000004,0.8660254037844384
2024-08-31 23:00:00,14036.56,22.8,-0.2588190451025215,0.965925826289068
2024-09-01 00:00:00,13424.904,22.2,0.0,1.0
2024-09-01 01:00:00,12856.757,21.5,0.2588190451025207,0.9659258262890684
2024-09-01 02:00:00,12508.567,21.2,0.4999999999999999,0.8660254037844387
2024-09-01 03:00:00,12283.706,20.9,0.7071067811865475,0.7071067811865476
2024-09-01 04:00:00,12095.222,20.5,0.8660254037844386,0.5000000000000001
2024-09-01 05:00:00,12120.121,20.5,0.9659258262890684,0.2588190451025207
2024-09-01 06:00:00,12264.507,20.6,1.0,6.123233995736766e-17
2024-09-01 07:00:00,12403.324,20.0,0.9659258262890684,-0.2588190451025206
2024-09-01 08:00:00,13054.761,20.7,0.8660254037844387,-0.4999999999999998
2024-09-01 09:00:00,13809.451,22.6,0.7071067811865476,-0.7071067811865475
2024-09-01 10:00:00,14530.587,24.0,0.4999999999999999,-0.8660254037844387
2024-09-01 11:00:00,15222.416,25.6,0.258819045102521,-0.9659258262890682
2024-09-01 12:00:00,15887.34,27.0,1.2246467991473532e-16,-1.0
2024-09-01 13:00:00,16424.367,28.0,-0.2588190451025208,-0.9659258262890684
2024-09-01 14:00:00,16927.506999999998,28.6,-0.4999999999999998,-0.8660254037844388
2024-09-01 15:00:00,17336.641,29.1,-0.7071067811865471,-0.7071067811865479
2024-09-01 16:00:00,17609.062,29.4,-0.8660254037844384,-0.5000000000000004
2024-09-01 17:00:00,17698.23,30.0,-0.9659258262890684,-0.2588190451025206
2024-09-01 18:00:00,17368.722,28.3,-1.0,-1.8369701987210294e-16
2024-09-01 19:00:00,16726.773,26.6,-0.9659258262890684,0.2588190451025203
2024-09-01 20:00:00,16032.15,22.6,-0.8660254037844386,0.5000000000000001
2024-09-01 21:00:00,15323.299,22.6,-0.7071067811865477,0.7071067811865474
2024-09-01 22:00:00,14478.105,21.7,-0.5000000000000004,0.8660254037844384
2024-09-01 23:00:00,13550.666,20.9,-0.2588190451025215,0.965925826289068
2024-09-02 00:00:00,12811.21,20.0,0.0,1.0
2024-09-02 01:00:00,12212.583,19.2,0.2588190451025207,0.9659258262890684
2024-09-02 02:00:00,11783.771,18.2,0.4999999999999999,0.8660254037844387
2024-09-02 03:00:00,11581.567,17.2,0.7071067811865475,0.7071067811865476
2024-09-02 04:00:00,11374.773,16.8,0.8660254037844386,0.5000000000000001
2024-09-02 05:00:00,11380.612,16.4,0.9659258262890684,0.2588190451025207
2024-09-02 06:00:00,11453.46,16.1,1.0,6.123233995736766e-17
2024-09-02 07:00:00,11530.526,15.9,0.9659258262890684,-0.2588190451025206
2024-09-02 08:00:00,12018.292,16.3,0.8660254037844387,-0.4999999999999998
2024-09-02 09:00:00,12613.161,18.0,0.7071067811865476,-0.7071067811865475
2024-09-02 10:00:00,13228.472,19.7,0.4999999999999999,-0.8660254037844387
2024-09-02 11:00:00,13780.569,20.4,0.258819045102521,-0.9659258262890682
2024-09-02 12:00:00,14219.768,21.6,1.2246467991473532e-16,-1.0
2024-09-02 13:00:00,14572.147,22.2,-0.2588190451025208,-0.9659258262890684
2024-09-02 14:00:00,14868.849,23.3,-0.4999999999999998,-0.8660254037844388
2024-09-02 15:00:00,15164.888,23.8,-0.7071067811865471,-0.7071067811865479
2024-09-02 16:00:00,15483.871,23.8,-0.8660254037844384,-0.5000000000000004
2024-09-02 17:00:00,15663.531,23.6,-0.9659258262890684,-0.2588190451025206
2024-09-02 18:00:00,15472.614,22.8,-1.0,-1.8369701987210294e-16
2024-09-02 19:00:00,15057.918,21.5,-0.9659258262890684,0.2588190451025203
2024-09-02 20:00:00,14654.223,19.4,-0.8660254037844386,0.5000000000000001
2024-09-02 21:00:00,13938.126,18.2,-0.7071067811865477,0.7071067811865474
2024-09-02 22:00:00,13034.715,17.4,-0.5000000000000004,0.8660254037844384
2024-09-02 23:00:00,12257.338,16.5,-0.2588190451025215,0.965925826289068
2024-09-03 00:00:00,11675.619,15.6,0.0,1.0
2024-09-03 01:00:00,11267.112,14.9,0.2588190451025207,0.9659258262890684
2024-09-03 02:00:00,11034.205,14.4,0.4999999999999999,0.8660254037844387
2024-09-03 03:00:00,10983.146,13.8,0.7071067811865475,0.7071067811865476
2024-09-03 04:00:00,11171.757,13.2,0.8660254037844386,0.5000000000000001
2024-09-03 05:00:00,11693.173,12.8,0.9659258262890684,0.2588190451025207
2024-09-03 06:00:00,12754.673,12.4,1.0,6.123233995736766e-17
2024-09-03 07:00:00,13232.36,12.1,0.9659258262890684,-0.2588190451025206
2024-09-03 08:00:00,13527.908,13.2,0.8660254037844387,-0.4999999999999998
2024-09-03 09:00:00,13785.662,14.9,0.7071067811865476,-0.7071067811865475
2024-09-03 10:00:00,14083.085,17.4,0.4999999999999999,-0.8660254037844387
2024-09-03 11:00:00,14421.751,19.6,0.258819045102521,-0.9659258262890682
2024-09-03 12:00:00,14765.022,21.3,1.2246467991473532e-16,-1.0
2024-09-03 13:00:00,15175.245,22.9,-0.2588190451025208,-0.9659258262890684
2024-09-03 14:00:00,15491.577,24.0,-0.4999999999999998,-0.8660254037844388
2024-09-03 15:00:00,15818.283,25.0,-0.7071067811865471,-0.7071067811865479
2024-09-03 16:00:00,16109.8,25.5,-0.8660254037844384,-0.5000000000000004
2024-09-03 17:00:00,16234.973999999998,25.8,-0.9659258262890684,-0.2588190451025206
2024-09-03 18:00:00,16119.88,25.5,-1.0,-1.8369701987210294e-16
2024-09-03 19:00:00,15707.162,24.0,-0.9659258262890684,0.2588190451025203
2024-09-03 20:00:00,15440.375,20.9,-0.8660254037844386,0.5000000000000001
2024-09-03 21:00:00,14776.161,19.4,-0.7071067811865477,0.7071067811865474
2024-09-03 22:00:00,13773.603,18.4,-0.5000000000000004,0.8660254037844384
2024-09-03 23:00:00,12932.019,17.6,-0.2588190451025215,0.965925826289068
2024-09-04 00:00:00,12274.849,16.9,0.0,1.0
2024-09-04 01:00:00,11857.502,16.1,0.2588190451025207,0.9659258262890684
2024-09-04 02:00:00,11612.019,15.6,0.4999999999999999,0.8660254037844387
2024-09-04 03:00:00,11518.767,15.1,0.7071067811865475,0.7071067811865476
2024-09-04 04:00:00,11504.952,14.4,0.8660254037844386,0.5000000000000001
2024-09-04 05:00:00,12038.39,13.6,0.9659258262890684,0.2588190451025207
2024-09-04 06:00:00,12913.447,13.1,1.0,6.123233995736766e-17
2024-09-04 07:00:00,13411.683,12.7,0.9659258262890684,-0.2588190451025206
2024-09-04 08:00:00,13567.188,13.9,0.8660254037844387,-0.4999999999999998
2024-09-04 09:00:00,13791.241,15.9,0.7071067811865476,-0.7071067811865475
2024-09-04 10:00:00,14148.397,19.0,0.4999999999999999,-0.8660254037844387
2024-09-04 11:00:00,14401.645,21.5,0.258819045102521,-0.9659258262890682
2024-09-04 12:00:00,14731.892,23.9,1.2246467991473532e-16,-1.0
2024-09-04 13:00:00,15489.208,26.0,-0.2588190451025208,-0.9659258262890684
2024-09-04 14:00:00,15787.252,27.2,-0.4999999999999998,-0.8660254037844388
2024-09-04 15:00:00,16348.928,28.0,-0.7071067811865471,-0.7071067811865479
2024-09-04 16:00:00,16759.992,28.5,-0.8660254037844384,-0.5000000000000004
2024-09-04 17:00:00,17090.468999999997,28.6,-0.9659258262890684,-0.2588190451025206
2024-09-04 18:00:00,17139.453999999998,28.5,-1.0,-1.8369701987210294e-16
2024-09-04 19:00:00,16679.661,26.6,-0.9659258262890684,0.2588190451025203
2024-09-04 20:00:00,16262.207,23.5,-0.8660254037844386,0.5000000000000001
2024-09-04 21:00:00,15370.931,21.6,-0.7071067811865477,0.7071067811865474
2024-09-04 22:00:00,14223.238,19.6,-0.5000000000000004,0.8660254037844384
2024-09-04 23:00:00,13258.001,18.6,-0.2588190451025215,0.965925826289068
2024-09-05 00:00:00,12513.521,17.4,0.0,1.0
2024-09-05 01:00:00,11977.741,16.5,0.2588190451025207,0.9659258262890684
2024-09-05 02:00:00,11650.144,16.7,0.4999999999999999,0.8660254037844387
2024-09-05 03:00:00,11469.772,15.8,0.7071067811865475,0.7071067811865476
2024-09-05 04:00:00,11639.729,14.2,0.8660254037844386,0.5000000000000001
2024-09-05 05:00:00,12063.18,14.1,0.9659258262890684,0.2588190451025207
2024-09-05 06:00:00,13095.316,13.8,1.0,6.123233995736766e-17
2024-09-05 07:00:00,13523.57,13.1,0.9659258262890684,-0.2588190451025206
2024-09-05 08:00:00,13825.23,14.6,0.8660254037844387,-0.4999999999999998
2024-09-05 09:00:00,14261.486,16.5,0.7071067811865476,-0.7071067811865475
2024-09-05 10:00:00,14712.357,19.2,0.4999999999999999,-0.8660254037844387
2024-09-05 11:00:00,15288.456,22.0,0.258819045102521,-0.9659258262890682
2024-09-05 12:00:00,16064.116,24.5,1.2246467991473532e-16,-1.0
2024-09-05 13:00:00,16791.406,26.4,-0.2588190451025208,-0.9659258262890684
2024-09-05 14:00:00,17350.232,27.6,-0.4999999999999998,-0.8660254037844388
2024-09-05 15:00:00,18031.915999999997,28.5,-0.7071067811865471,-0.7071067811865479
2024-09-05 16:00:00,18499.945,28.9,-0.8660254037844384,-0.5000000000000004
2024-09-05 17:00:00,18649.466,28.9,-0.9659258262890684,-0.2588190451025206
2024-09-05 18:00:00,18513.298,28.5,-1.0,-1.8369701987210294e-16
2024-09-05 19:00:00,17850.891,26.6,-0.9659258262890684,0.2588190451025203
2024-09-05 20:00:00,17406.842,24.0,-0.8660254037844386,0.5000000000000001
2024-09-05 21:00:00,16430.947,23.7,-0.7071067811865477,0.7071067811865474
2024-09-05 22:00:00,15196.753,22.8,-0.5000000000000004,0.8660254037844384
2024-09-05 23:00:00,13978.888,21.6,-0.2588190451025215,0.965925826289068
2024-09-06 00:00:00,13218.194,20.6,0.0,1.0
2024-09-06 01:00:00,12601.114,20.1,0.2588190451025207,0.9659258262890684
2024-09-06 02:00:00,12111.829,18.8,0.4999999999999999,0.8660254037844387
2024-09-06 03:00:00,12013.887,18.4,0.7071067811865475,0.7071067811865476
2024-09-06 04:00:00,12158.37,17.8,0.8660254037844386,0.5000000000000001
2024-09-06 05:00:00,12620.349,17.2,0.9659258262890684,0.2588190451025207
2024-09-06 06:00:00,13388.132,17.9,1.0,6.123233995736766e-17
2024-09-06 07:00:00,13788.268,17.9,0.9659258262890684,-0.2588190451025206
2024-09-06 08:00:00,14114.72,18.5,0.8660254037844387,-0.4999999999999998
2024-09-06 09:00:00,14460.099,20.6,0.7071067811865476,-0.7071067811865475
2024-09-06 10:00:00,15078.914,22.7,0.4999999999999999,-0.8660254037844387
2024-09-06 11:00:00,15795.696,24.2,0.258819045102521,-0.9659258262890682
2024-09-06 12:00:00,16521.684,27.1,1.2246467991473532e-16,-1.0
2024-09-06 13:00:00,17156.016000000003,28.6,-0.2588190451025208,-0.9659258262890684
2024-09-06 14:00:00,17595.406000000003,29.1,-0.4999999999999998,-0.8660254037844388
2024-09-06 15:00:00,17798.749,26.6,-0.7071067811865471,-0.7071067811865479
2024-09-06 16:00:00,17735.053,26.4,-0.8660254037844384,-0.5000000000000004
2024-09-06 17:00:00,17445.654000000002,23.2,-0.9659258262890684,-0.2588190451025206
2024-09-06 18:00:00,16705.001,22.5,-1.0,-1.8369701987210294e-16
2024-09-06 19:00:00,15890.3,20.9,-0.9659258262890684,0.2588190451025203
2024-09-06 20:00:00,15410.55,20.2,-0.8660254037844386,0.5000000000000001
2024-09-06 21:00:00,14802.322,19.0,-0.7071067811865477,0.7071067811865474
2024-09-06 22:00:00,13881.21,18.1,-0.5000000000000004,0.8660254037844384
2024-09-06 23:00:00,12951.424,17.6,-0.2588190451025215,0.965925826289068
2024-09-07 00:00:00,12196.38,17.6,0.0,1.0
2024-09-07 01:00:00,11581.01,17.4,0.2588190451025207,0.9659258262890684
2024-09-07 02:00:00,11254.453,15.9,0.4999999999999999,0.8660254037844387
2024-09-07 03:00:00,11006.778,14.4,0.7071067811865475,0.7071067811865476
2024-09-07 04:00:00,10904.519,13.6,0.8660254037844386,0.5000000000000001
2024-09-07 05:00:00,10942.391,12.9,0.9659258262890684,0.2588190451025207
2024-09-07 06:00:00,11165.811,12.2,1.0,6.123233995736766e-17
2024-09-07 07:00:00,11368.317,11.6,0.9659258262890684,-0.2588190451025206
2024-09-07 08:00:00,11747.5,11.8,0.8660254037844387,-0.4999999999999998
2024-09-07 09:00:00,12184.777999999998,12.9,0.7071067811865476,-0.7071067811865475
2024-09-07 10:00:00,12466.37,14.4,0.4999999999999999,-0.8660254037844387
2024-09-07 11:00:00,12656.024,15.8,0.258819045102521,-0.9659258262890682
2024-09-07 12:00:00,12711.47,17.2,1.2246467991473532e-16,-1.0
2024-09-07 13:00:00,12762.141,17.9,-0.2588190451025208,-0.9659258262890684
2024-09-07 14:00:00,12880.515,18.8,-0.4999999999999998,-0.8660254037844388
2024-09-07 15:00:00,13150.233,19.5,-0.7071067811865471,-0.7071067811865479
2024-09-07 16:00:00,13274.102,19.5,-0.8660254037844384,-0.5000000000000004
2024-09-07 17:00:00,13291.811000000002,19.6,-0.9659258262890684,-0.2588190451025206
2024-09-07 18:00:00,13257.01,18.8,-1.0,-1.8369701987210294e-16
2024-09-07 19:00:00,12923.469,18.0,-0.9659258262890684,0.2588190451025203
2024-09-07 20:00:00,12858.228,16.0,-0.8660254037844386,0.5000000000000001
2024-09-07 21:00:00,12480.023,13.6,-0.7071067811865477,0.7071067811865474
2024-09-07 22:00:00,11897.053,11.9,-0.5000000000000004,0.8660254037844384
2024-09-07 23:00:00,11328.455999999998,11.4,-0.2588190451025215,0.965925826289068
2024-09-08 00:00:00,10679.675,10.6,0.0,1.0
2024-09-08 01:00:00,10354.181,9.6,0.2588190451025207,0.9659258262890684
2024-09-08 02:00:00,10138.395,9.4,0.4999999999999999,0.8660254037844387
2024-09-08 03:00:00,10052.674,9.1,0.7071067811865475,0.7071067811865476
2024-09-08 04:00:00,10047.126,8.7,0.8660254037844386,0.5000000000000001
2024-09-08 05:00:00,10168.913,8.4,0.9659258262890684,0.2588190451025207
2024-09-08 06:00:00,10480.784,8.1,1.0,6.123233995736766e-17
2024-09-08 07:00:00,10645.758,7.4,0.9659258262890684,-0.2588190451025206
2024-09-08 08:00:00,10981.348,8.5,0.8660254037844387,-0.4999999999999998
2024-09-08 09:00:00,11357.751,10.5,0.7071067811865476,-0.7071067811865475
2024-09-08 10:00:00,11578.894,13.2,0.4999999999999999,-0.8660254037844387
2024-09-08 11:00:00,11747.068,15.6,0.258819045102521,-0.9659258262890682
2024-09-08 12:00:00,11901.004,17.2,1.2246467991473532e-16,-1.0
2024-09-08 13:00:00,11985.776,18.5,-0.2588190451025208,-0.9659258262890684
2024-09-08 14:00:00,12191.162,19.5,-0.4999999999999998,-0.8660254037844388
2024-09-08 15:00:00,12482.56,20.1,-0.7071067811865471,-0.7071067811865479
2024-09-08 16:00:00,12841.877,20.4,-0.8660254037844384,-0.5000000000000004
2024-09-08 17:00:00,13078.721,20.4,-0.9659258262890684,-0.2588190451025206
2024-09-08 18:00:00,13129.157,20.0,-1.0,-1.8369701987210294e-16
2024-09-08 19:00:00,13114.753,19.0,-0.9659258262890684,0.2588190451025203
2024-09-08 20:00:00,13225.894,16.7,-0.8660254037844386,0.5000000000000001
2024-09-08 21:00:00,12639.479,16.0,-0.7071067811865477,0.7071067811865474
2024-09-08 22:00:00,11970.927,14.9,-0.5000000000000004,0.8660254037844384
2024-09-08 23:00:00,11429.855,13.7,-0.2588190451025215,0.965925826289068
2024-09-09 00:00:00,11024.181,12.9,0.0,1.0
2024-09-09 01:00:00,10729.525,12.1,0.2588190451025207,0.9659258262890684
2024-09-09 02:00:00,10638.519,10.9,0.4999999999999999,0.8660254037844387
2024-09-09 03:00:00,10765.261,11.1,0.7071067811865475,0.7071067811865476
2024-09-09 04:00:00,10969.913,11.6,0.8660254037844386,0.5000000000000001
2024-09-09 05:00:00,11636.578,11.1,0.9659258262890684,0.2588190451025207
2024-09-09 06:00:00,12673.01,10.1,1.0,6.123233995736766e-17
2024-09-09 07:00:00,13032.444,9.1,0.9659258262890684,-0.2588190451025206
2024-09-09 08:00:00,13326.973,10.3,0.8660254037844387,-0.4999999999999998
2024-09-09 09:00:00,13374.323,12.6,0.7071067811865476,-0.7071067811865475
2024-09-09 10:00:00,13603.102,15.9,0.4999999999999999,-0.8660254037844387
2024-09-09 11:00:00,13745.042,19.1,0.258819045102521,-0.9659258262890682
2024-09-09 12:00:00,13961.326,21.1,1.2246467991473532e-16,-1.0
2024-09-09 13:00:00,14257.455,22.2,-0.2588190451025208,-0.9659258262890684
2024-09-09 14:00:00,14383.997,23.0,-0.4999999999999998,-0.8660254037844388
2024-09-09 15:00:00,14570.866,23.6,-0.7071067811865471,-0.7071067811865479
2024-09-09 16:00:00,14931.241,23.9,-0.8660254037844384,-0.5000000000000004
2024-09-09 17:00:00,15142.594,24.0,-0.9659258262890684,-0.2588190451025206
2024-09-09 18:00:00,15204.588,23.6,-1.0,-1.8369701987210294e-16
2024-09-09 19:00:00,14953.917,22.5,-0.9659258262890684,0.2588190451025203
2024-09-09 20:00:00,14855.471,19.5,-0.8660254037844386,0.5000000000000001
2024-09-09 21:00:00,14153.213,19.3,-0.7071067811865477,0.7071067811865474
2024-09-09 22:00:00,13266.16,18.4,-0.5000000000000004,0.8660254037844384
2024-09-09 23:00:00,12367.902999999998,17.5,-0.2588190451025215,0.965925826289068
2024-09-10 00:00:00,11816.351,16.6,0.0,1.0
2024-09-10 01:00:00,11395.36,15.6,0.2588190451025207,0.9659258262890684
2024-09-10 02:00:00,11225.044000000002,14.1,0.4999999999999999,0.8660254037844387
2024-09-10 03:00:00,11107.936,13.2,0.7071067811865475,0.7071067811865476
2024-09-10 04:00:00,11282.447,13.6,0.8660254037844386,0.5000000000000001
2024-09-10 05:00:00,11764.444,12.6,0.9659258262890684,0.2588190451025207
2024-09-10 06:00:00,12753.328,11.6,1.0,6.123233995736766e-17
2024-09-10 07:00:00,13133.391,11.4,0.9659258262890684,-0.2588190451025206
2024-09-10 08:00:00,13362.303,12.6,0.8660254037844387,-0.4999999999999998
2024-09-10 09:00:00,13554.197,15.6,0.7071067811865476,-0.7071067811865475
2024-09-10 10:00:00,13788.466,19.1,0.4999999999999999,-0.8660254037844387
2024-09-10 11:00:00,14262.378,21.9,0.258819045102521,-0.9659258262890682
2024-09-10 12:00:00,14658.624,24.1,1.2246467991473532e-16,-1.0
2024-09-10 13:00:00,15067.659,25.5,-0.2588190451025208,-0.9659258262890684
2024-09-10 14:00:00,15550.181,26.4,-0.4999999999999998,-0.8660254037844388
2024-09-10 15:00:00,15908.474,26.9,-0.7071067811865471,-0.7071067811865479
2024-09-10 16:00:00,16460.338,27.1,-0.8660254037844384,-0.5000000000000004
2024-09-10 17:00:00,16768.549,27.0,-0.9659258262890684,-0.2588190451025206
2024-09-10 18:00:00,16730.847,26.5,-1.0,-1.8369701987210294e-16
2024-09-10 19:00:00,16303.759,25.0,-0.9659258262890684,0.2588190451025203
2024-09-10 20:00:00,15938.009,22.1,-0.8660254037844386,0.5000000000000001
2024-09-10 21:00:00,15018.246,20.4,-0.7071067811865477,0.7071067811865474
2024-09-10 22:00:00,13963.976,19.2,-0.5000000000000004,0.8660254037844384
2024-09-10 23:00:00,13086.415,20.1,-0.2588190451025215,0.965925826289068
2024-09-11 00:00:00,12368.334,16.7,0.0,1.0
2024-09-11 01:00:00,11897.106,15.9,0.2588190451025207,0.9659258262890684
2024-09-11 02:00:00,11666.013,14.9,0.4999999999999999,0.8660254037844387
2024-09-11 03:00:00,11476.194,14.6,0.7071067811865475,0.7071067811865476
2024-09-11 04:00:00,11636.454,14.4,0.8660254037844386,0.5000000000000001
2024-09-11 05:00:00,12045.462,14.1,0.9659258262890684,0.2588190451025207
2024-09-11 06:00:00,12818.536,13.1,1.0,6.123233995736766e-17
2024-09-11 07:00:00,13291.944,13.3,0.9659258262890684,-0.2588190451025206
2024-09-11 08:00:00,13541.818,14.9,0.8660254037844387,-0.4999999999999998
2024-09-11 09:00:00,13867.963,17.0,0.7071067811865476,-0.7071067811865475
2024-09-11 10:00:00,14268.093,20.4,0.4999999999999999,-0.8660254037844387
2024-09-11 11:00:00,14830.396,23.9,0.258819045102521,-0.9659258262890682
2024-09-11 12:00:00,15604.491999999998,26.5,1.2246467991473532e-16,-1.0
2024-09-11 13:00:00,16274.365,27.7,-0.2588190451025208,-0.9659258262890684
2024-09-11 14:00:00,17071.349000000002,28.5,-0.4999999999999998,-0.8660254037844388
2024-09-11 15:00:00,17717.828999999998,29.1,-0.7071067811865471,-0.7071067811865479
2024-09-11 16:00:00,18179.051,29.4,-0.8660254037844384,-0.5000000000000004
2024-09-11 17:00:00,18516.211000000003,29.5,-0.9659258262890684,-0.2588190451025206
2024-09-11 18:00:00,18195.055,29.2,-1.0,-1.8369701987210294e-16
2024-09-11 19:00:00,17493.484,28.5,-0.9659258262890684,0.2588190451025203
2024-09-11 20:00:00,17040.107,23.9,-0.8660254037844386,0.5000000000000001
2024-09-11 21:00:00,15991.854,22.9,-0.7071067811865477,0.7071067811865474
2024-09-11 22:00:00,14797.173,21.6,-0.5000000000000004,0.8660254037844384
2024-09-11 23:00:00,13723.231,20.4,-0.2588190451025215,0.965925826289068
2024-09-12 00:00:00,12961.661,19.5,0.0,1.0
2024-09-12 01:00:00,12409.553,18.8,0.2588190451025207,0.9659258262890684
2024-09-12 02:00:00,12034.391,18.2,0.4999999999999999,0.8660254037844387
2024-09-12 03:00:00,11875.719,18.5,0.7071067811865475,0.7071067811865476
2024-09-12 04:00:00,11793.35,18.0,0.8660254037844386,0.5000000000000001
2024-09-12 05:00:00,12314.345,17.0,0.9659258262890684,0.2588190451025207
2024-09-12 06:00:00,13234.712,16.0,1.0,6.123233995736766e-17
2024-09-12 07:00:00,13649.616,15.4,0.9659258262890684,-0.2588190451025206
2024-09-12 08:00:00,13897.867,16.5,0.8660254037844387,-0.4999999999999998
2024-09-12 09:00:00,14315.5,19.0,0.7071067811865476,-0.7071067811865475
2024-09-12 10:00:00,14856.005,21.5,0.4999999999999999,-0.8660254037844387
2024-09-12 11:00:00,15388.933,24.0,0.258819045102521,-0.9659258262890682
2024-09-12 12:00:00,16043.179,26.5,1.2246467991473532e-16,-1.0
2024-09-12 13:00:00,16872.162,28.1,-0.2588190451025208,-0.9659258262890684
2024-09-12 14:00:00,17505.614,29.2,-0.4999999999999998,-0.8660254037844388
2024-09-12 15:00:00,17950.4,30.0,-0.7071067811865471,-0.7071067811865479
2024-09-12 16:00:00,18316.172,30.5,-0.8660254037844384,-0.5000000000000004
2024-09-12 17:00:00,18313.895,30.4,-0.9659258262890684,-0.2588190451025206
2024-09-12 18:00:00,17903.373,29.9,-1.0,-1.8369701987210294e-16
2024-09-12 19:00:00,17342.811999999998,28.1,-0.9659258262890684,0.2588190451025203
2024-09-12 20:00:00,16961.085,25.6,-0.8660254037844386,0.5000000000000001
2024-09-12 21:00:00,16116.089,23.0,-0.7071067811865477,0.7071067811865474
2024-09-12 22:00:00,14933.863,22.0,-0.5000000000000004,0.8660254037844384
2024-09-12 23:00:00,13912.058,21.5,-0.2588190451025215,0.965925826289068
2024-09-13 00:00:00,13175.192,21.1,0.0,1.0
2024-09-13 01:00:00,12609.511,20.5,0.2588190451025207,0.9659258262890684
2024-09-13 02:00:00,12282.379,19.6,0.4999999999999999,0.8660254037844387
2024-09-13 03:00:00,12137.762,18.9,0.7071067811865475,0.7071067811865476
2024-09-13 04:00:00,12153.671,17.9,0.8660254037844386,0.5000000000000001
2024-09-13 05:00:00,12570.207,17.0,0.9659258262890684,0.2588190451025207
2024-09-13 06:00:00,13354.171,16.5,1.0,6.123233995736766e-17
2024-09-13 07:00:00,13801.866,16.3,0.9659258262890684,-0.2588190451025206
2024-09-13 08:00:00,14083.873,17.1,0.8660254037844387,-0.4999999999999998
2024-09-13 09:00:00,14515.958,19.5,0.7071067811865476,-0.7071067811865475
2024-09-13 10:00:00,15013.383999999998,22.1,0.4999999999999999,-0.8660254037844387
2024-09-13 11:00:00,15624.884,24.5,0.258819045102521,-0.9659258262890682
2024-09-13 12:00:00,16251.268,26.5,1.2246467991473532e-16,-1.0
2024-09-13 13:00:00,16947.603,27.9,-0.2588190451025208,-0.9659258262890684
2024-09-13 14:00:00,17392.601000000002,28.8,-0.4999999999999998,-0.8660254037844388
2024-09-13 15:00:00,17719.087,29.6,-0.7071067811865471,-0.7071067811865479
2024-09-13 16:00:00,18020.018,30.0,-0.8660254037844384,-0.5000000000000004
2024-09-13 17:00:00,18024.709000000003,30.1,-0.9659258262890684,-0.2588190451025206
2024-09-13 18:00:00,17655.465,29.5,-1.0,-1.8369701987210294e-16
2024-09-13 19:00:00,16958.837,28.0,-0.9659258262890684,0.2588190451025203
2024-09-13 20:00:00,16448.568,25.9,-0.8660254037844386,0.5000000000000001
2024-09-13 21:00:00,15552.168,22.8,-0.7071067811865477,0.7071067811865474
2024-09-13 22:00:00,14670.623,21.9,-0.5000000000000004,0.8660254037844384
2024-09-13 23:00:00,13787.772,21.2,-0.2588190451025215,0.965925826289068
2024-09-14 00:00:00,12939.906,20.6,0.0,1.0
2024-09-14 01:00:00,12426.502,19.9,0.2588190451025207,0.9659258262890684
2024-09-14 02:00:00,11929.585,19.2,0.4999999999999999,0.8660254037844387
2024-09-14 03:00:00,11750.675,18.4,0.7071067811865475,0.7071067811865476
2024-09-14 04:00:00,11624.438,18.0,0.8660254037844386,0.5000000000000001
2024-09-14 05:00:00,11660.172,17.6,0.9659258262890684,0.2588190451025207
2024-09-14 06:00:00,11920.302,17.2,1.0,6.123233995736766e-17
2024-09-14 07:00:00,12133.709,16.9,0.9659258262890684,-0.2588190451025206
2024-09-14 08:00:00,12696.941,17.5,0.8660254037844387,-0.4999999999999998
2024-09-14 09:00:00,13282.938999999998,20.1,0.7071067811865476,-0.7071067811865475
2024-09-14 10:00:00,14077.272,22.5,0.4999999999999999,-0.8660254037844387
2024-09-14 11:00:00,14951.311,24.9,0.258819045102521,-0.9659258262890682
2024-09-14 12:00:00,15735.39,27.0,1.2246467991473532e-16,-1.0
2024-09-14 13:00:00,16576.375,28.4,-0.2588190451025208,-0.9659258262890684
2024-09-14 14:00:00,17256.886,29.1,-0.4999999999999998,-0.8660254037844388
2024-09-14 15:00:00,17682.395,29.8,-0.7071067811865471,-0.7071067811865479
2024-09-14 16:00:00,18058.208,30.2,-0.8660254037844384,-0.5000000000000004
2024-09-14 17:00:00,18095.203,30.4,-0.9659258262890684,-0.2588190451025206
2024-09-14 18:00:00,17681.804,30.0,-1.0,-1.8369701987210294e-16
2024-09-14 19:00:00,16932.395,28.5,-0.9659258262890684,0.2588190451025203
2024-09-14 20:00:00,16363.963,25.9,-0.8660254037844386,0.5000000000000001
2024-09-14 21:00:00,15396.112,23.6,-0.7071067811865477,0.7071067811865474
2024-09-14 22:00:00,14385.307,22.6,-0.5000000000000004,0.8660254037844384
2024-09-14 23:00:00,13542.811,22.1,-0.2588190451025215,0.965925826289068
2024-09-15 00:00:00,12771.638,22.1,0.0,1.0
2024-09-15 01:00:00,12153.357,21.9,0.2588190451025207,0.9659258262890684
2024-09-15 02:00:00,11784.686000000002,21.2,0.4999999999999999,0.8660254037844387
2024-09-15 03:00:00,11462.042,20.2,0.7071067811865475,0.7071067811865476
2024-09-15 04:00:00,11335.437,19.5,0.8660254037844386,0.5000000000000001
2024-09-15 05:00:00,11244.575,18.6,0.9659258262890684,0.2588190451025207
2024-09-15 06:00:00,11438.646,17.5,1.0,6.123233995736766e-17
2024-09-15 07:00:00,11594.624,16.3,0.9659258262890684,-0.2588190451025206
2024-09-15 08:00:00,12105.933,17.5,0.8660254037844387,-0.4999999999999998
2024-09-15 09:00:00,12937.099,19.8,0.7071067811865476,-0.7071067811865475
2024-09-15 10:00:00,13657.148,22.3,0.4999999999999999,-0.8660254037844387
2024-09-15 11:00:00,14345.021,24.3,0.258819045102521,-0.9659258262890682
2024-09-15 12:00:00,15287.576,26.0,1.2246467991473532e-16,-1.0
2024-09-15 13:00:00,16059.455999999998,27.6,-0.2588190451025208,-0.9659258262890684
2024-09-15 14:00:00,16791.15,28.8,-0.4999999999999998,-0.8660254037844388
2024-09-15 15:00:00,17319.958,29.6,-0.7071067811865471,-0.7071067811865479
2024-09-15 16:00:00,17748.194,30.1,-0.8660254037844384,-0.5000000000000004
2024-09-15 17:00:00,17947.461,30.2,-0.9659258262890684,-0.2588190451025206
2024-09-15 18:00:00,17674.164,29.8,-1.0,-1.8369701987210294e-16
2024-09-15 19:00:00,17054.414,27.6,-0.9659258262890684,0.2588190451025203
2024-09-15 20:00:00,16546.86,25.8,-0.8660254037844386,0.5000000000000001
2024-09-15 21:00:00,15501.479,24.4,-0.7071067811865477,0.7071067811865474
2024-09-15 22:00:00,14423.827,22.8,-0.5000000000000004,0.8660254037844384
2024-09-15 23:00:00,13369.047,21.7,-0.2588190451025215,0.965925826289068
2024-09-16 00:00:00,12706.702,21.5,0.0,1.0
2024-09-16 01:00:00,12227.552,20.9,0.2588190451025207,0.9659258262890684
2024-09-16 02:00:00,11938.65,20.4,0.4999999999999999,0.8660254037844387
2024-09-16 03:00:00,11889.713,19.5,0.7071067811865475,0.7071067811865476
2024-09-16 04:00:00,11994.969,18.5,0.8660254037844386,0.5000000000000001
2024-09-16 05:00:00,12434.516,17.7,0.9659258262890684,0.2588190451025207
2024-09-16 06:00:00,13319.723,17.0,1.0,6.123233995736766e-17
2024-09-16 07:00:00,13712.344,16.1,0.9659258262890684,-0.2588190451025206
2024-09-16 08:00:00,14028.359,16.7,0.8660254037844387,-0.4999999999999998
2024-09-16 09:00:00,14364.87,18.9,0.7071067811865476,-0.7071067811865475
2024-09-16 10:00:00,14891.888,21.4,0.4999999999999999,-0.8660254037844387
2024-09-16 11:00:00,15425.032,23.4,0.258819045102521,-0.9659258262890682
2024-09-16 12:00:00,16119.166,25.1,1.2246467991473532e-16,-1.0
2024-09-16 13:00:00,16744.382,26.6,-0.2588190451025208,-0.9659258262890684
2024-09-16 14:00:00,17077.251,27.6,-0.4999999999999998,-0.8660254037844388
2024-09-16 15:00:00,17406.174,28.2,-0.7071067811865471,-0.7071067811865479
2024-09-16 16:00:00,17524.546000000002,28.5,-0.8660254037844384,-0.5000000000000004
2024-09-16 17:00:00,17535.226000000002,28.5,-0.9659258262890684,-0.2588190451025206
2024-09-16 18:00:00,17303.126,28.0,-1.0,-1.8369701987210294e-16
2024-09-16 19:00:00,16824.236,26.2,-0.9659258262890684,0.2588190451025203
2024-09-16 20:00:00,16441.641,23.7,-0.8660254037844386,0.5000000000000001
2024-09-16 21:00:00,15473.356,22.6,-0.7071067811865477,0.7071067811865474
2024-09-16 22:00:00,14319.852,20.6,-0.5000000000000004,0.8660254037844384
2024-09-16 23:00:00,13386.245,18.9,-0.2588190451025215,0.965925826289068
2024-09-17 00:00:00,12682.968,18.6,0.0,1.0
2024-09-17 01:00:00,12273.591,17.8,0.2588190451025207,0.9659258262890684
2024-09-17 02:00:00,12024.251,17.8,0.4999999999999999,0.8660254037844387
2024-09-17 03:00:00,11844.787,17.3,0.7071067811865475,0.7071067811865476
2024-09-17 04:00:00,12000.977,17.2,0.8660254037844386,0.5000000000000001
2024-09-17 05:00:00,12457.924,16.5,0.9659258262890684,0.2588190451025207
2024-09-17 06:00:00,13326.812,16.3,1.0,6.123233995736766e-17
2024-09-17 07:00:00,13902.7,16.5,0.9659258262890684,-0.2588190451025206
2024-09-17 08:00:00,14154.757,16.9,0.8660254037844387,-0.4999999999999998
2024-09-17 09:00:00,14339.067,17.9,0.7071067811865476,-0.7071067811865475
2024-09-17 10:00:00,14605.119,19.6,0.4999999999999999,-0.8660254037844387
2024-09-17 11:00:00,14919.241,20.5,0.258819045102521,-0.9659258262890682
2024-09-17 12:00:00,15363.173,22.2,1.2246467991473532e-16,-1.0
2024-09-17 13:00:00,15882.237,24.0,-0.2588190451025208,-0.9659258262890684
2024-09-17 14:00:00,16232.733,26.0,-0.4999999999999998,-0.8660254037844388
2024-09-17 15:00:00,16487.302,27.2,-0.7071067811865471,-0.7071067811865479
2024-09-17 16:00:00,16598.628,27.5,-0.8660254037844384,-0.5000000000000004
2024-09-17 17:00:00,16760.328999999998,27.6,-0.9659258262890684,-0.2588190451025206
2024-09-17 18:00:00,16799.905,26.9,-1.0,-1.8369701987210294e-16
2024-09-17 19:00:00,16659.741,26.0,-0.9659258262890684,0.2588190451025203
2024-09-17 20:00:00,16507.156,23.8,-0.8660254037844386,0.5000000000000001
2024-09-17 21:00:00,15686.696,23.0,-0.7071067811865477,0.7071067811865474
2024-09-17 22:00:00,14753.557,22.4,-0.5000000000000004,0.8660254037844384
2024-09-17 23:00:00,13844.032,21.1,-0.2588190451025215,0.965925826289068
2024-09-18 00:00:00,13136.715,21.2,0.0,1.0
2024-09-18 01:00:00,12703.984,21.4,0.2588190451025207,0.9659258262890684
2024-09-18 02:00:00,12390.357,20.6,0.4999999999999999,0.8660254037844387
2024-09-18 03:00:00,12191.72,20.0,0.7071067811865475,0.7071067811865476
2024-09-18 04:00:00,12297.575,19.5,0.8660254037844386,0.5000000000000001
2024-09-18 05:00:00,12700.444,19.0,0.9659258262890684,0.2588190451025207
2024-09-18 06:00:00,13592.939,18.7,1.0,6.123233995736766e-17
2024-09-18 07:00:00,14092.246,18.0,0.9659258262890684,-0.2588190451025206
2024-09-18 08:00:00,14293.091,18.6,0.8660254037844387,-0.4999999999999998
2024-09-18 09:00:00,14576.092,20.2,0.7071067811865476,-0.7071067811865475
2024-09-18 10:00:00,15108.713,22.2,0.4999999999999999,-0.8660254037844387
2024-09-18 11:00:00,15703.771,24.4,0.258819045102521,-0.9659258262890682
2024-09-18 12:00:00,16084.659,26.2,1.2246467991473532e-16,-1.0
2024-09-18 13:00:00,16138.57,27.7,-0.2588190451025208,-0.9659258262890684
2024-09-18 14:00:00,16708.254999999997,28.7,-0.4999999999999998,-0.8660254037844388
2024-09-18 15:00:00,17708.512000000002,29.2,-0.7071067811865471,-0.7071067811865479
2024-09-18 16:00:00,18374.368,29.3,-0.8660254037844384,-0.5000000000000004
2024-09-18 17:00:00,18484.773,29.1,-0.9659258262890684,-0.2588190451025206
2024-09-18 18:00:00,18270.344,28.3,-1.0,-1.8369701987210294e-16
2024-09-18 19:00:00,17807.978000000003,27.2,-0.9659258262890684,0.2588190451025203
2024-09-18 20:00:00,17421.174,24.7,-0.8660254037844386,0.5000000000000001
2024-09-18 21:00:00,16474.118,24.7,-0.7071067811865477,0.7071067811865474
2024-09-18 22:00:00,15361.948,24.2,-0.5000000000000004,0.8660254037844384
2024-09-18 23:00:00,14213.703,23.4,-0.2588190451025215,0.965925826289068
2024-09-19 00:00:00,13433.708,22.0,0.0,1.0
2024-09-19 01:00:00,12910.233,21.1,0.2588190451025207,0.9659258262890684
2024-09-19 02:00:00,12596.106,20.2,0.4999999999999999,0.8660254037844387
2024-09-19 03:00:00,12388.009,19.3,0.7071067811865475,0.7071067811865476
2024-09-19 04:00:00,12424.212,18.7,0.8660254037844386,0.5000000000000001
2024-09-19 05:00:00,12897.185,18.2,0.9659258262890684,0.2588190451025207
2024-09-19 06:00:00,13800.896,17.6,1.0,6.123233995736766e-17
2024-09-19 07:00:00,14354.614,17.4,0.9659258262890684,-0.2588190451025206
2024-09-19 08:00:00,14689.574,18.0,0.8660254037844387,-0.4999999999999998
2024-09-19 09:00:00,15198.856,20.1,0.7071067811865476,-0.7071067811865475
2024-09-19 10:00:00,15791.727,23.0,0.4999999999999999,-0.8660254037844387
2024-09-19 11:00:00,16567.431,25.6,0.258819045102521,-0.9659258262890682
2024-09-19 12:00:00,17494.086,27.5,1.2246467991473532e-16,-1.0
2024-09-19 13:00:00,18303.765,28.7,-0.2588190451025208,-0.9659258262890684
2024-09-19 14:00:00,18759.645,29.5,-0.4999999999999998,-0.8660254037844388
2024-09-19 15:00:00,19043.352,29.8,-0.7071067811865471,-0.7071067811865479
2024-09-19 16:00:00,19213.196,30.0,-0.8660254037844384,-0.5000000000000004
2024-09-19 17:00:00,19228.383,30.1,-0.9659258262890684,-0.2588190451025206
2024-09-19 18:00:00,18810.303,29.9,-1.0,-1.8369701987210294e-16
2024-09-19 19:00:00,18127.731,28.1,-0.9659258262890684,0.2588190451025203
2024-09-19 20:00:00,17608.337,25.1,-0.8660254037844386,0.5000000000000001
2024-09-19 21:00:00,16599.614,24.6,-0.7071067811865477,0.7071067811865474
2024-09-19 22:00:00,15375.292,23.1,-0.5000000000000004,0.8660254037844384
2024-09-19 23:00:00,14270.161,21.9,-0.2588190451025215,0.965925826289068
2024-09-20 00:00:00,13463.788,21.0,0.0,1.0
2024-09-20 01:00:00,12932.784,20.2,0.2588190451025207,0.9659258262890684
2024-09-20 02:00:00,12536.603,19.0,0.4999999999999999,0.8660254037844387
2024-09-20 03:00:00,12202.531,20.4,0.7071067811865475,0.7071067811865476
2024-09-20 04:00:00,12322.861,19.1,0.8660254037844386,0.5000000000000001
2024-09-20 05:00:00,12679.382,17.5,0.9659258262890684,0.2588190451025207
2024-09-20 06:00:00,13460.201,16.7,1.0,6.123233995736766e-17
2024-09-20 07:00:00,14000.912,16.1,0.9659258262890684,-0.2588190451025206
2024-09-20 08:00:00,14331.525,17.5,0.8660254037844387,-0.4999999999999998
2024-09-20 09:00:00,14730.666,20.2,0.7071067811865476,-0.7071067811865475
2024-09-20 10:00:00,15553.327,23.5,0.4999999999999999,-0.8660254037844387
2024-09-20 11:00:00,16455.777000000002,26.5,0.258819045102521,-0.9659258262890682
2024-09-20 12:00:00,17377.019,28.6,1.2246467991473532e-16,-1.0
2024-09-20 13:00:00,18002.773,29.8,-0.2588190451025208,-0.9659258262890684
2024-09-20 14:00:00,18577.295,30.4,-0.4999999999999998,-0.8660254037844388
2024-09-20 15:00:00,19004.014000000003,31.4,-0.7071067811865471,-0.7071067811865479
2024-09-20 16:00:00,19249.733,32.2,-0.8660254037844384,-0.5000000000000004
2024-09-20 17:00:00,19109.793,31.9,-0.9659258262890684,-0.2588190451025206
2024-09-20 18:00:00,18437.219,31.5,-1.0,-1.8369701987210294e-16
2024-09-20 19:00:00,17685.608999999997,29.8,-0.9659258262890684,0.2588190451025203
2024-09-20 20:00:00,17087.586,27.1,-0.8660254037844386,0.5000000000000001
2024-09-20 21:00:00,16114.672,26.3,-0.7071067811865477,0.7071067811865474
2024-09-20 22:00:00,15194.716,25.5,-0.5000000000000004,0.8660254037844384
2024-09-20 23:00:00,14157.732,24.5,-0.2588190451025215,0.965925826289068
2024-09-21 00:00:00,13273.943,23.4,0.0,1.0
2024-09-21 01:00:00,12579.0,22.5,0.2588190451025207,0.9659258262890684
2024-09-21 02:00:00,12146.139,21.4,0.4999999999999999,0.8660254037844387
2024-09-21 03:00:00,11872.537,21.1,0.7071067811865475,0.7071067811865476
2024-09-21 04:00:00,11657.317,21.3,0.8660254037844386,0.5000000000000001
2024-09-21 05:00:00,11926.364,21.3,0.9659258262890684,0.2588190451025207
2024-09-21 06:00:00,12133.339,20.1,1.0,6.123233995736766e-17
2024-09-21 07:00:00,12395.54,19.6,0.9659258262890684,-0.2588190451025206
2024-09-21 08:00:00,12973.183,20.3,0.8660254037844387,-0.4999999999999998
2024-09-21 09:00:00,13663.231,21.1,0.7071067811865476,-0.7071067811865475
2024-09-21 10:00:00,14471.906,23.0,0.4999999999999999,-0.8660254037844387
2024-09-21 11:00:00,15421.094,25.4,0.258819045102521,-0.9659258262890682
2024-09-21 12:00:00,16446.64,27.8,1.2246467991473532e-16,-1.0
2024-09-21 13:00:00,17252.525,29.6,-0.2588190451025208,-0.9659258262890684
2024-09-21 14:00:00,17894.621,30.5,-0.4999999999999998,-0.8660254037844388
2024-09-21 15:00:00,18393.005,31.1,-0.7071067811865471,-0.7071067811865479
2024-09-21 16:00:00,18695.621,31.4,-0.8660254037844384,-0.5000000000000004
2024-09-21 17:00:00,18686.276,31.1,-0.9659258262890684,-0.2588190451025206
2024-09-21 18:00:00,18198.29,30.2,-1.0,-1.8369701987210294e-16
2024-09-21 19:00:00,17341.523,27.1,-0.9659258262890684,0.2588190451025203
2024-09-21 20:00:00,16648.759,24.0,-0.8660254037844386,0.5000000000000001
2024-09-21 21:00:00,15606.806,22.6,-0.7071067811865477,0.7071067811865474
2024-09-21 22:00:00,14642.386,21.1,-0.5000000000000004,0.8660254037844384
2024-09-21 23:00:00,13631.434,20.7,-0.2588190451025215,0.965925826289068
2024-09-22 00:00:00,12761.566,20.1,0.0,1.0
2024-09-22 01:00:00,12271.859,18.9,0.2588190451025207,0.9659258262890684
2024-09-22 02:00:00,11799.862,17.9,0.4999999999999999,0.8660254037844387
2024-09-22 03:00:00,11487.262,17.5,0.7071067811865475,0.7071067811865476
2024-09-22 04:00:00,11331.437000000002,17.1,0.8660254037844386,0.5000000000000001
2024-09-22 05:00:00,11337.944,16.5,0.9659258262890684,0.2588190451025207
2024-09-22 06:00:00,11527.299,16.3,1.0,6.123233995736766e-17
2024-09-22 07:00:00,11711.395,16.2,0.9659258262890684,-0.2588190451025206
2024-09-22 08:00:00,12209.621,17.1,0.8660254037844387,-0.4999999999999998
2024-09-22 09:00:00,12896.249,19.0,0.7071067811865476,-0.7071067811865475
2024-09-22 10:00:00,13707.382,22.1,0.4999999999999999,-0.8660254037844387
2024-09-22 11:00:00,14639.517,26.2,0.258819045102521,-0.9659258262890682
2024-09-22 12:00:00,15657.403,28.8,1.2246467991473532e-16,-1.0
2024-09-22 13:00:00,16523.608,30.4,-0.2588190451025208,-0.9659258262890684
2024-09-22 14:00:00,17188.376,31.4,-0.4999999999999998,-0.8660254037844388
2024-09-22 15:00:00,17562.896999999997,31.8,-0.7071067811865471,-0.7071067811865479
2024-09-22 16:00:00,17553.398999999998,26.9,-0.8660254037844384,-0.5000000000000004
2024-09-22 17:00:00,17322.068,25.8,-0.9659258262890684,-0.2588190451025206
2024-09-22 18:00:00,16883.924,25.4,-1.0,-1.8369701987210294e-16
2024-09-22 19:00:00,16684.958,25.1,-0.9659258262890684,0.2588190451025203
2024-09-22 20:00:00,16363.503,23.7,-0.8660254037844386,0.5000000000000001
2024-09-22 21:00:00,15630.898,22.4,-0.7071067811865477,0.7071067811865474
2024-09-22 22:00:00,14655.849,21.7,-0.5000000000000004,0.8660254037844384
2024-09-22 23:00:00,13919.198,21.5,-0.2588190451025215,0.965925826289068
2024-09-23 00:00:00,13352.497,20.8,0.0,1.0
2024-09-23 01:00:00,12851.204000000002,20.5,0.2588190451025207,0.9659258262890684
2024-09-23 02:00:00,12575.096,20.0,0.4999999999999999,0.8660254037844387
2024-09-23 03:00:00,12434.972000000002,20.1,0.7071067811865475,0.7071067811865476
2024-09-23 04:00:00,12580.196,20.1,0.8660254037844386,0.5000000000000001
2024-09-23 05:00:00,13175.3,20.0,0.9659258262890684,0.2588190451025207
2024-09-23 06:00:00,14135.862,19.7,1.0,6.123233995736766e-17
2024-09-23 07:00:00,14747.527000000002,20.0,0.9659258262890684,-0.2588190451025206
2024-09-23 08:00:00,14963.229,20.0,0.8660254037844387,-0.4999999999999998
2024-09-23 09:00:00,15267.740000000002,20.0,0.7071067811865476,-0.7071067811865475
2024-09-23 10:00:00,15628.427,20.9,0.4999999999999999,-0.8660254037844387
2024-09-23 11:00:00,15910.98,21.9,0.258819045102521,-0.9659258262890682
2024-09-23 12:00:00,16288.932,23.2,1.2246467991473532e-16,-1.0
2024-09-23 13:00:00,16658.747,24.4,-0.2588190451025208,-0.9659258262890684
2024-09-23 14:00:00,16901.963,25.1,-0.4999999999999998,-0.8660254037844388
2024-09-23 15:00:00,16986.73,25.8,-0.7071067811865471,-0.7071067811865479
2024-09-23 16:00:00,16968.524999999998,26.0,-0.8660254037844384,-0.5000000000000004
2024-09-23 17:00:00,16946.145,25.6,-0.9659258262890684,-0.2588190451025206
2024-09-23 18:00:00,16708.984,24.8,-1.0,-1.8369701987210294e-16
2024-09-23 19:00:00,16540.182,23.2,-0.9659258262890684,0.2588190451025203
2024-09-23 20:00:00,16315.249,21.7,-0.8660254037844386,0.5000000000000001
2024-09-23 21:00:00,15560.249,20.4,-0.7071067811865477,0.7071067811865474
2024-09-23 22:00:00,14517.920999999998,20.0,-0.5000000000000004,0.8660254037844384
2024-09-23 23:00:00,13753.941,19.7,-0.2588190451025215,0.965925826289068
2024-09-24 00:00:00,13102.982,19.5,0.0,1.0
2024-09-24 01:00:00,12668.634,19.0,0.2588190451025207,0.9659258262890684
2024-09-24 02:00:00,12390.223,18.6,0.4999999999999999,0.8660254037844387
2024-09-24 03:00:00,12290.664,18.6,0.7071067811865475,0.7071067811865476
2024-09-24 04:00:00,12467.053,18.4,0.8660254037844386,0.5000000000000001
2024-09-24 05:00:00,12923.931,18.0,0.9659258262890684,0.2588190451025207
2024-09-24 06:00:00,13879.168,17.6,1.0,6.123233995736766e-17
2024-09-24 07:00:00,14335.456,17.8,0.9659258262890684,-0.2588190451025206
2024-09-24 08:00:00,14641.211,18.0,0.8660254037844387,-0.4999999999999998
2024-09-24 09:00:00,14823.101,19.5,0.7071067811865476,-0.7071067811865475
2024-09-24 10:00:00,15250.193,21.2,0.4999999999999999,-0.8660254037844387
2024-09-24 11:00:00,15638.319,23.2,0.258819045102521,-0.9659258262890682
2024-09-24 12:00:00,15856.823,24.8,1.2246467991473532e-16,-1.0
2024-09-24 13:00:00,16023.058,25.7,-0.2588190451025208,-0.9659258262890684
2024-09-24 14:00:00,16012.427,25.9,-0.4999999999999998,-0.8660254037844388
2024-09-24 15:00:00,16006.953,26.5,-0.7071067811865471,-0.7071067811865479
2024-09-24 16:00:00,16133.057,25.9,-0.8660254037844384,-0.5000000000000004
2024-09-24 17:00:00,16050.951,25.5,-0.9659258262890684,-0.2588190451025206
2024-09-24 18:00:00,16050.465,25.5,-1.0,-1.8369701987210294e-16
2024-09-24 19:00:00,16065.576,22.8,-0.9659258262890684,0.2588190451025203
2024-09-24 20:00:00,15814.421,19.5,-0.8660254037844386,0.5000000000000001
2024-09-24 21:00:00,15175.672,21.1,-0.7071067811865477,0.7071067811865474
2024-09-24 22:00:00,14263.759,20.5,-0.5000000000000004,0.8660254037844384
2024-09-24 23:00:00,13553.483,20.0,-0.2588190451025215,0.965925826289068
2024-09-25 00:00:00,12945.131,19.6,0.0,1.0
2024-09-25 01:00:00,12537.783,19.4,0.2588190451025207,0.9659258262890684
2024-09-25 02:00:00,12275.544000000002,18.9,0.4999999999999999,0.8660254037844387
2024-09-25 03:00:00,12128.426,18.5,0.7071067811865475,0.7071067811865476
2024-09-25 04:00:00,12289.545,18.4,0.8660254037844386,0.5000000000000001
2024-09-25 05:00:00,12746.8,18.5,0.9659258262890684,0.2588190451025207
2024-09-25 06:00:00,13675.474,18.5,1.0,6.123233995736766e-17
2024-09-25 07:00:00,14307.972,19.0,0.9659258262890684,-0.2588190451025206
2024-09-25 08:00:00,14575.186000000002,18.9,0.8660254037844387,-0.4999999999999998
2024-09-25 09:00:00,14702.401,18.9,0.7071067811865476,-0.7071067811865475
2024-09-25 10:00:00,14918.779,19.5,0.4999999999999999,-0.8660254037844387
2024-09-25 11:00:00,15093.086,20.0,0.258819045102521,-0.9659258262890682
2024-09-25 12:00:00,15333.124,20.8,1.2246467991473532e-16,-1.0
2024-09-25 13:00:00,15694.749,22.7,-0.2588190451025208,-0.9659258262890684
2024-09-25 14:00:00,15793.579999999998,24.1,-0.4999999999999998,-0.8660254037844388
2024-09-25 15:00:00,15883.302,24.6,-0.7071067811865471,-0.7071067811865479
2024-09-25 16:00:00,15962.11,23.7,-0.8660254037844384,-0.5000000000000004
2024-09-25 17:00:00,15905.271,23.8,-0.9659258262890684,-0.2588190451025206
2024-09-25 18:00:00,15827.046,23.4,-1.0,-1.8369701987210294e-16
2024-09-25 19:00:00,15741.293,22.6,-0.9659258262890684,0.2588190451025203
2024-09-25 20:00:00,15737.934,22.4,-0.8660254037844386,0.5000000000000001
2024-09-25 21:00:00,15248.088,19.2,-0.7071067811865477,0.7071067811865474
2024-09-25 22:00:00,14493.434,19.4,-0.5000000000000004,0.8660254037844384
2024-09-25 23:00:00,13665.029,19.3,-0.2588190451025215,0.965925826289068
2024-09-26 00:00:00,13030.292,19.1,0.0,1.0
2024-09-26 01:00:00,12636.502,19.1,0.2588190451025207,0.9659258262890684
2024-09-26 02:00:00,12281.971,18.9,0.4999999999999999,0.8660254037844387
2024-09-26 03:00:00,12216.987,18.6,0.7071067811865475,0.7071067811865476
2024-09-26 04:00:00,12438.021,18.6,0.8660254037844386,0.5000000000000001
2024-09-26 05:00:00,12897.119,18.2,0.9659258262890684,0.2588190451025207
2024-09-26 06:00:00,13892.57,18.4,1.0,6.123233995736766e-17
2024-09-26 07:00:00,14547.413,18.2,0.9659258262890684,-0.2588190451025206
2024-09-26 08:00:00,14716.083,18.5,0.8660254037844387,-0.4999999999999998
2024-09-26 09:00:00,15021.625,19.2,0.7071067811865476,-0.7071067811865475
2024-09-26 10:00:00,15189.802,20.0,0.4999999999999999,-0.8660254037844387
2024-09-26 11:00:00,15435.202,20.8,0.258819045102521,-0.9659258262890682
2024-09-26 12:00:00,15655.198,21.8,1.2246467991473532e-16,-1.0
2024-09-26 13:00:00,15789.292,23.0,-0.2588190451025208,-0.9659258262890684
2024-09-26 14:00:00,15787.147,23.2,-0.4999999999999998,-0.8660254037844388
2024-09-26 15:00:00,15686.799,23.6,-0.7071067811865471,-0.7071067811865479
2024-09-26 16:00:00,15624.174,23.8,-0.8660254037844384,-0.5000000000000004
2024-09-26 17:00:00,15661.75,23.9,-0.9659258262890684,-0.2588190451025206
2024-09-26 18:00:00,15571.023,23.2,-1.0,-1.8369701987210294e-16
2024-09-26 19:00:00,15724.411,22.0,-0.9659258262890684,0.2588190451025203
2024-09-26 20:00:00,15652.147,21.1,-0.8660254037844386,0.5000000000000001
2024-09-26 21:00:00,15185.759,20.1,-0.7071067811865477,0.7071067811865474
2024-09-26 22:00:00,14455.372,19.9,-0.5000000000000004,0.8660254037844384
2024-09-26 23:00:00,13684.592,19.7,-0.2588190451025215,0.965925826289068
2024-09-27 00:00:00,13164.561,19.6,0.0,1.0
2024-09-27 01:00:00,12744.156,19.5,0.2588190451025207,0.9659258262890684
2024-09-27 02:00:00,12611.465,19.5,0.4999999999999999,0.8660254037844387
2024-09-27 03:00:00,12469.544,19.5,0.7071067811865475,0.7071067811865476
2024-09-27 04:00:00,12591.965,19.6,0.8660254037844386,0.5000000000000001
2024-09-27 05:00:00,13017.244,19.7,0.9659258262890684,0.2588190451025207
2024-09-27 06:00:00,13814.941,19.8,1.0,6.123233995736766e-17
2024-09-27 07:00:00,14466.416,19.8,0.9659258262890684,-0.2588190451025206
2024-09-27 08:00:00,14770.485,19.8,0.8660254037844387,-0.4999999999999998
2024-09-27 09:00:00,14933.019,20.0,0.7071067811865476,-0.7071067811865475
2024-09-27 10:00:00,15078.628,20.5,0.4999999999999999,-0.8660254037844387
2024-09-27 11:00:00,14983.562,21.0,0.258819045102521,-0.9659258262890682
2024-09-27 12:00:00,14926.311,21.0,1.2246467991473532e-16,-1.0
2024-09-27 13:00:00,14935.194,21.4,-0.2588190451025208,-0.9659258262890684
2024-09-27 14:00:00,14726.067,21.5,-0.4999999999999998,-0.8660254037844388
2024-09-27 15:00:00,14591.813,21.8,-0.7071067811865471,-0.7071067811865479
2024-09-27 16:00:00,14601.63,21.5,-0.8660254037844384,-0.5000000000000004
2024-09-27 17:00:00,14629.903,21.5,-0.9659258262890684,-0.2588190451025206
2024-09-27 18:00:00,14527.903,21.8,-1.0,-1.8369701987210294e-16
2024-09-27 19:00:00,14531.257,22.1,-0.9659258262890684,0.2588190451025203
2024-09-27 20:00:00,14337.582,22.1,-0.8660254037844386,0.5000000000000001
2024-09-27 21:00:00,13915.129,20.9,-0.7071067811865477,0.7071067811865474
2024-09-27 22:00:00,13207.826,20.9,-0.5000000000000004,0.8660254037844384
2024-09-27 23:00:00,12509.484,20.4,-0.2588190451025215,0.965925826289068
2024-09-28 00:00:00,11912.994,20.0,0.0,1.0
2024-09-28 01:00:00,11475.754,20.0,0.2588190451025207,0.9659258262890684
2024-09-28 02:00:00,11221.728,19.4,0.4999999999999999,0.8660254037844387
2024-09-28 03:00:00,11109.304,18.9,0.7071067811865475,0.7071067811865476
2024-09-28 04:00:00,11025.293,18.8,0.8660254037844386,0.5000000000000001
2024-09-28 05:00:00,11163.428,18.9,0.9659258262890684,0.2588190451025207
2024-09-28 06:00:00,11404.146,18.5,1.0,6.123233995736766e-17
2024-09-28 07:00:00,11731.885,18.1,0.9659258262890684,-0.2588190451025206
2024-09-28 08:00:00,12153.022,17.9,0.8660254037844387,-0.4999999999999998
2024-09-28 09:00:00,12620.153,19.2,0.7071067811865476,-0.7071067811865475
2024-09-28 10:00:00,12913.775,19.6,0.4999999999999999,-0.8660254037844387
2024-09-28 11:00:00,13285.396,20.4,0.258819045102521,-0.9659258262890682
2024-09-28 12:00:00,13557.622,21.1,1.2246467991473532e-16,-1.0
2024-09-28 13:00:00,13802.975,21.2,-0.2588190451025208,-0.9659258262890684
2024-09-28 14:00:00,13922.172,21.0,-0.4999999999999998,-0.8660254037844388
2024-09-28 15:00:00,13980.05,20.3,-0.7071067811865471,-0.7071067811865479
2024-09-28 16:00:00,14007.05,20.0,-0.8660254037844384,-0.5000000000000004
2024-09-28 17:00:00,14032.961,20.0,-0.9659258262890684,-0.2588190451025206
2024-09-28 18:00:00,13962.914,19.6,-1.0,-1.8369701987210294e-16
2024-09-28 19:00:00,14039.149,19.4,-0.9659258262890684,0.2588190451025203
2024-09-28 20:00:00,13872.318,19.1,-0.8660254037844386,0.5000000000000001
2024-09-28 21:00:00,13328.679,19.0,-0.7071067811865477,0.7071067811865474
2024-09-28 22:00:00,12948.528,18.9,-0.5000000000000004,0.8660254037844384
2024-09-28 23:00:00,12386.409,18.8,-0.2588190451025215,0.965925826289068
2024-09-29 00:00:00,11955.246,18.6,0.0,1.0
2024-09-29 01:00:00,11447.848,18.4,0.2588190451025207,0.9659258262890684
2024-09-29 02:00:00,11168.08,18.2,0.4999999999999999,0.8660254037844387
2024-09-29 03:00:00,11059.098,18.2,0.7071067811865475,0.7071067811865476
2024-09-29 04:00:00,11063.431,18.1,0.8660254037844386,0.5000000000000001
2024-09-29 05:00:00,11167.736,18.2,0.9659258262890684,0.2588190451025207
2024-09-29 06:00:00,11365.59,18.2,1.0,6.123233995736766e-17
2024-09-29 07:00:00,11657.568,18.3,0.9659258262890684,-0.2588190451025206
2024-09-29 08:00:00,12049.478,18.5,0.8660254037844387,-0.4999999999999998
2024-09-29 09:00:00,12578.921,18.8,0.7071067811865476,-0.7071067811865475
2024-09-29 10:00:00,12922.62,19.0,0.4999999999999999,-0.8660254037844387
2024-09-29 11:00:00,13199.809,19.4,0.258819045102521,-0.9659258262890682
2024-09-29 12:00:00,13476.692,20.1,1.2246467991473532e-16,-1.0
2024-09-29 13:00:00,13674.014,20.5,-0.2588190451025208,-0.9659258262890684
2024-09-29 14:00:00,13746.958,20.6,-0.4999999999999998,-0.8660254037844388
2024-09-29 15:00:00,13854.783,20.6,-0.7071067811865471,-0.7071067811865479
2024-09-29 16:00:00,14007.642,20.4,-0.8660254037844384,-0.5000000000000004
2024-09-29 17:00:00,14143.37,20.7,-0.9659258262890684,-0.2588190451025206
2024-09-29 18:00:00,14179.944,20.8,-1.0,-1.8369701987210294e-16
2024-09-29 19:00:00,14301.341,20.1,-0.9659258262890684,0.2588190451025203
2024-09-29 20:00:00,14337.632,19.6,-0.8660254037844386,0.5000000000000001
2024-09-29 21:00:00,13813.069,19.2,-0.7071067811865477,0.7071067811865474
2024-09-29 22:00:00,13223.917,18.9,-0.5000000000000004,0.8660254037844384
2024-09-29 23:00:00,12559.553,18.6,-0.2588190451025215,0.965925826289068
2024-09-30 00:00:00,12140.861,18.6,0.0,1.0
2024-09-30 01:00:00,11757.518,18.8,0.2588190451025207,0.9659258262890684
2024-09-30 02:00:00,11628.922,19.0,0.4999999999999999,0.8660254037844387
2024-09-30 03:00:00,11604.104,19.0,0.7071067811865475,0.7071067811865476
2024-09-30 04:00:00,11782.334,18.9,0.8660254037844386,0.5000000000000001
2024-09-30 05:00:00,12288.21,18.8,0.9659258262890684,0.2588190451025207
2024-09-30 06:00:00,13243.585,18.9,1.0,6.123233995736766e-17
2024-09-30 07:00:00,13987.181,18.9,0.9659258262890684,-0.2588190451025206
2024-09-30 08:00:00,14240.225,19.0,0.8660254037844387,-0.4999999999999998
2024-09-30 09:00:00,14499.083,19.1,0.7071067811865476,-0.7071067811865475
2024-09-30 10:00:00,14806.6,19.5,0.4999999999999999,-0.8660254037844387
2024-09-30 11:00:00,15013.366999999998,20.2,0.258819045102521,-0.9659258262890682
2024-09-30 12:00:00,15246.854,21.2,1.2246467991473532e-16,-1.0
2024-09-30 13:00:00,15407.548,22.9,-0.2588190451025208,-0.9659258262890684
2024-09-30 14:00:00,15425.093,22.8,-0.4999999999999998,-0.8660254037844388
2024-09-30 15:00:00,15385.87,21.3,-0.7071067811865471,-0.7071067811865479
2024-09-30 16:00:00,15488.563999999998,21.5,-0.8660254037844384,-0.5000000000000004
2024-09-30 17:00:00,15545.56,22.0,-0.9659258262890684,-0.2588190451025206
2024-09-30 18:00:00,15461.183,21.6,-1.0,-1.8369701987210294e-16
2024-09-30 19:00:00,15678.013,20.8,-0.9659258262890684,0.2588190451025203
2024-09-30 20:00:00,15467.577,20.0,-0.8660254037844386,0.5000000000000001
2024-09-30 21:00:00,14886.274,19.4,-0.7071067811865477,0.7071067811865474
2024-09-30 22:00:00,14194.431,19.2,-0.5000000000000004,0.8660254037844384
2024-09-30 23:00:00,13295.948,18.2,-0.2588190451025215,0.965925826289068
2024-10-01 00:00:00,12688.73,17.1,0.0,1.0
2024-10-01 01:00:00,12398.56,17.0,0.2588190451025207,0.9659258262890684
2024-10-01 02:00:00,12156.746,16.6,0.4999999999999999,0.8660254037844387
2024-10-01 03:00:00,12002.421,16.0,0.7071067811865475,0.7071067811865476
2024-10-01 04:00:00,12069.487,16.0,0.8660254037844386,0.5000000000000001
2024-10-01 05:00:00,12528.973,16.2,0.9659258262890684,0.2588190451025207
2024-10-01 06:00:00,13581.769,16.9,1.0,6.123233995736766e-17
2024-10-01 07:00:00,14253.199,17.0,0.9659258262890684,-0.2588190451025206
2024-10-01 08:00:00,14426.304,17.1,0.8660254037844387,-0.4999999999999998
2024-10-01 09:00:00,14591.626,18.0,0.7071067811865476,-0.7071067811865475
2024-10-01 10:00:00,14899.939,18.6,0.4999999999999999,-0.8660254037844387
2024-10-01 11:00:00,15134.251,20.3,0.258819045102521,-0.9659258262890682
2024-10-01 12:00:00,15366.744,21.7,1.2246467991473532e-16,-1.0
2024-10-01 13:00:00,15555.608,23.1,-0.2588190451025208,-0.9659258262890684
2024-10-01 14:00:00,15597.871,23.9,-0.4999999999999998,-0.8660254037844388
2024-10-01 15:00:00,15606.217,24.5,-0.7071067811865471,-0.7071067811865479
2024-10-01 16:00:00,15665.41,24.8,-0.8660254037844384,-0.5000000000000004
2024-10-01 17:00:00,15606.494,24.7,-0.9659258262890684,-0.2588190451025206
2024-10-01 18:00:00,15489.047,24.1,-1.0,-1.8369701987210294e-16
2024-10-01 19:00:00,15609.77,21.9,-0.9659258262890684,0.2588190451025203
2024-10-01 20:00:00,15468.776,21.2,-0.8660254037844386,0.5000000000000001
2024-10-01 21:00:00,14796.503,18.9,-0.7071067811865477,0.7071067811865474
2024-10-01 22:00:00,13837.714,19.0,-0.5000000000000004,0.8660254037844384
2024-10-01 23:00:00,13021.076,17.7,-0.2588190451025215,0.965925826289068
2024-10-02 00:00:00,12402.868,16.4,0.0,1.0
2024-10-02 01:00:00,11995.169,15.2,0.2588190451025207,0.9659258262890684
2024-10-02 02:00:00,11642.287,14.4,0.4999999999999999,0.8660254037844387
2024-10-02 03:00:00,11608.645,14.3,0.7071067811865475,0.7071067811865476
2024-10-02 04:00:00,11759.355,13.4,0.8660254037844386,0.5000000000000001
2024-10-02 05:00:00,12249.171,12.6,0.9659258262890684,0.2588190451025207
2024-10-02 06:00:00,13086.565,11.9,1.0,6.123233995736766e-17
2024-10-02 07:00:00,13626.139,11.4,0.9659258262890684,-0.2588190451025206
2024-10-02 08:00:00,13817.374,11.5,0.8660254037844387,-0.4999999999999998
2024-10-02 09:00:00,13878.589,12.9,0.7071067811865476,-0.7071067811865475
2024-10-02 10:00:00,14111.580000000002,14.9,0.4999999999999999,-0.8660254037844387
2024-10-02 11:00:00,14331.628,16.9,0.258819045102521,-0.9659258262890682
2024-10-02 12:00:00,14562.876,17.9,1.2246467991473532e-16,-1.0
2024-10-02 13:00:00,14782.484,18.5,-0.2588190451025208,-0.9659258262890684
2024-10-02 14:00:00,14930.811,19.0,-0.4999999999999998,-0.8660254037844388
2024-10-02 15:00:00,15023.083,19.5,-0.7071067811865471,-0.7071067811865479
2024-10-02 16:00:00,15224.259,19.8,-0.8660254037844384,-0.5000000000000004
2024-10-02 17:00:00,15223.343,19.6,-0.9659258262890684,-0.2588190451025206
2024-10-02 18:00:00,15034.943,19.0,-1.0,-1.8369701987210294e-16
2024-10-02 19:00:00,15048.713,16.2,-0.9659258262890684,0.2588190451025203
2024-10-02 20:00:00,14934.82,14.6,-0.8660254037844386,0.5000000000000001
2024-10-02 21:00:00,14255.455,14.2,-0.7071067811865477,0.7071067811865474
2024-10-02 22:00:00,13446.821,13.4,-0.5000000000000004,0.8660254037844384
2024-10-02 23:00:00,12683.573,12.4,-0.2588190451025215,0.965925826289068
2024-10-03 00:00:00,12200.973,11.9,0.0,1.0
2024-10-03 01:00:00,11836.302,12.1,0.2588190451025207,0.9659258262890684
2024-10-03 02:00:00,11583.124,12.2,0.4999999999999999,0.8660254037844387
2024-10-03 03:00:00,11489.241,13.1,0.7071067811865475,0.7071067811865476
2024-10-03 04:00:00,11602.054,10.8,0.8660254037844386,0.5000000000000001
2024-10-03 05:00:00,12013.105,10.1,0.9659258262890684,0.2588190451025207
2024-10-03 06:00:00,12949.328,10.2,1.0,6.123233995736766e-17
2024-10-03 07:00:00,13432.486,9.8,0.9659258262890684,-0.2588190451025206
2024-10-03 08:00:00,13658.351,10.4,0.8660254037844387,-0.4999999999999998
2024-10-03 09:00:00,13669.561,12.4,0.7071067811865476,-0.7071067811865475
2024-10-03 10:00:00,13957.074,15.2,0.4999999999999999,-0.8660254037844387
2024-10-03 11:00:00,14147.584,17.8,0.258819045102521,-0.9659258262890682
2024-10-03 12:00:00,14466.21,19.8,1.2246467991473532e-16,-1.0
2024-10-03 13:00:00,14818.01,21.0,-0.2588190451025208,-0.9659258262890684
2024-10-03 14:00:00,15016.874,21.8,-0.4999999999999998,-0.8660254037844388
2024-10-03 15:00:00,15304.482,22.2,-0.7071067811865471,-0.7071067811865479
2024-10-03 16:00:00,15460.883999999998,22.5,-0.8660254037844384,-0.5000000000000004
2024-10-03 17:00:00,15662.892,22.4,-0.9659258262890684,-0.2588190451025206
2024-10-03 18:00:00,15519.93,21.6,-1.0,-1.8369701987210294e-16
2024-10-03 19:00:00,15410.094,21.2,-0.9659258262890684,0.2588190451025203
2024-10-03 20:00:00,15183.414,19.6,-0.8660254037844386,0.5000000000000001
2024-10-03 21:00:00,14508.866,17.2,-0.7071067811865477,0.7071067811865474
2024-10-03 22:00:00,13618.778,15.6,-0.5000000000000004,0.8660254037844384
2024-10-03 23:00:00,12719.863,13.8,-0.2588190451025215,0.965925826289068
2024-10-04 00:00:00,12128.656,13.6,0.0,1.0
2024-10-04 01:00:00,11785.014,15.2,0.2588190451025207,0.9659258262890684
2024-10-04 02:00:00,11659.203,14.8,0.4999999999999999,0.8660254037844387
2024-10-04 03:00:00,11584.366,12.7,0.7071067811865475,0.7071067811865476
2024-10-04 04:00:00,11641.182,11.4,0.8660254037844386,0.5000000000000001
2024-10-04 05:00:00,12210.317,12.6,0.9659258262890684,0.2588190451025207
2024-10-04 06:00:00,12947.442,12.4,1.0,6.123233995736766e-17
2024-10-04 07:00:00,13558.236,12.1,0.9659258262890684,-0.2588190451025206
2024-10-04 08:00:00,13565.406,11.9,0.8660254037844387,-0.4999999999999998
2024-10-04 09:00:00,13907.298,12.8,0.7071067811865476,-0.7071067811865475
2024-10-04 10:00:00,14189.897,15.8,0.4999999999999999,-0.8660254037844387
2024-10-04 11:00:00,14483.856,18.8,0.258819045102521,-0.9659258262890682
2024-10-04 12:00:00,14837.341,21.5,1.2246467991473532e-16,-1.0
2024-10-04 13:00:00,15050.618,23.4,-0.2588190451025208,-0.9659258262890684
2024-10-04 14:00:00,15317.076,24.5,-0.4999999999999998,-0.8660254037844388
2024-10-04 15:00:00,15524.054,24.8,-0.7071067811865471,-0.7071067811865479
2024-10-04 16:00:00,15588.146,24.9,-0.8660254037844384,-0.5000000000000004
2024-10-04 17:00:00,15599.541,24.2,-0.9659258262890684,-0.2588190451025206
2024-10-04 18:00:00,15158.146,23.2,-1.0,-1.8369701987210294e-16
2024-10-04 19:00:00,14868.018,19.6,-0.9659258262890684,0.2588190451025203
2024-10-04 20:00:00,14415.52,19.0,-0.8660254037844386,0.5000000000000001
2024-10-04 21:00:00,13755.612,19.2,-0.7071067811865477,0.7071067811865474
2024-10-04 22:00:00,13036.953,18.2,-0.5000000000000004,0.8660254037844384
2024-10-04 23:00:00,12294.909,17.2,-0.2588190451025215,0.965925826289068
2024-10-05 00:00:00,11651.771,16.3,0.0,1.0
2024-10-05 01:00:00,11264.665,15.7,0.2588190451025207,0.9659258262890684
2024-10-05 02:00:00,11000.791,15.0,0.4999999999999999,0.8660254037844387
2024-10-05 03:00:00,10899.227,14.4,0.7071067811865475,0.7071067811865476
2024-10-05 04:00:00,10909.897,14.2,0.8660254037844386,0.5000000000000001
2024-10-05 05:00:00,11053.531,14.2,0.9659258262890684,0.2588190451025207
2024-10-05 06:00:00,11235.982,14.2,1.0,6.123233995736766e-17
2024-10-05 07:00:00,11512.12,14.0,0.9659258262890684,-0.2588190451025206
2024-10-05 08:00:00,11831.949,14.1,0.8660254037844387,-0.4999999999999998
2024-10-05 09:00:00,12202.905,15.4,0.7071067811865476,-0.7071067811865475
2024-10-05 10:00:00,12526.245,17.6,0.4999999999999999,-0.8660254037844387
2024-10-05 11:00:00,12739.658,19.1,0.258819045102521,-0.9659258262890682
2024-10-05 12:00:00,13057.309,20.6,1.2246467991473532e-16,-1.0
2024-10-05 13:00:00,13522.734,22.0,-0.2588190451025208,-0.9659258262890684
2024-10-05 14:00:00,13945.311,22.9,-0.4999999999999998,-0.8660254037844388
2024-10-05 15:00:00,14372.226,23.4,-0.7071067811865471,-0.7071067811865479
2024-10-05 16:00:00,14677.418,23.5,-0.8660254037844384,-0.5000000000000004
2024-10-05 17:00:00,14740.305,23.4,-0.9659258262890684,-0.2588190451025206
2024-10-05 18:00:00,14355.655,22.5,-1.0,-1.8369701987210294e-16
2024-10-05 19:00:00,14118.899,19.3,-0.9659258262890684,0.2588190451025203
2024-10-05 20:00:00,13773.836,17.5,-0.8660254037844386,0.5000000000000001
2024-10-05 21:00:00,13185.185,17.7,-0.7071067811865477,0.7071067811865474
2024-10-05 22:00:00,12474.023,17.0,-0.5000000000000004,0.8660254037844384
2024-10-05 23:00:00,11871.173,16.5,-0.2588190451025215,0.965925826289068
2024-10-06 00:00:00,11361.056,15.9,0.0,1.0
2024-10-06 01:00:00,10999.756,15.1,0.2588190451025207,0.9659258262890684
2024-10-06 02:00:00,10669.266,14.8,0.4999999999999999,0.8660254037844387
2024-10-06 03:00:00,10587.347,14.9,0.7071067811865475,0.7071067811865476
2024-10-06 04:00:00,10580.534,14.6,0.8660254037844386,0.5000000000000001
2024-10-06 05:00:00,10595.671,14.4,0.9659258262890684,0.2588190451025207
2024-10-06 06:00:00,10774.108,14.3,1.0,6.123233995736766e-17
2024-10-06 07:00:00,11005.126,14.2,0.9659258262890684,-0.2588190451025206
2024-10-06 08:00:00,11434.503,14.3,0.8660254037844387,-0.4999999999999998
2024-10-06 09:00:00,11924.034,16.7,0.7071067811865476,-0.7071067811865475
2024-10-06 10:00:00,12317.413,19.2,0.4999999999999999,-0.8660254037844387
2024-10-06 11:00:00,12694.334,21.8,0.258819045102521,-0.9659258262890682
2024-10-06 12:00:00,13416.094,24.1,1.2246467991473532e-16,-1.0
2024-10-06 13:00:00,14114.897,26.0,-0.2588190451025208,-0.9659258262890684
2024-10-06 14:00:00,14650.561,27.2,-0.4999999999999998,-0.8660254037844388
2024-10-06 15:00:00,15158.964,27.5,-0.7071067811865471,-0.7071067811865479
2024-10-06 16:00:00,15589.583,27.4,-0.8660254037844384,-0.5000000000000004
2024-10-06 17:00:00,15769.343,27.0,-0.9659258262890684,-0.2588190451025206
2024-10-06 18:00:00,15386.607,25.9,-1.0,-1.8369701987210294e-16
2024-10-06 19:00:00,15300.722,24.3,-0.9659258262890684,0.2588190451025203
2024-10-06 20:00:00,14866.4,22.8,-0.8660254037844386,0.5000000000000001
2024-10-06 21:00:00,13980.308,21.9,-0.7071067811865477,0.7071067811865474
2024-10-06 22:00:00,13065.993,20.6,-0.5000000000000004,0.8660254037844384
2024-10-06 23:00:00,12308.24,19.4,-0.2588190451025215,0.965925826289068
2024-10-07 00:00:00,11728.036,17.5,0.0,1.0
2024-10-07 01:00:00,11344.674,15.8,0.2588190451025207,0.9659258262890684
2024-10-07 02:00:00,11050.495,14.4,0.4999999999999999,0.8660254037844387
2024-10-07 03:00:00,10944.33,13.4,0.7071067811865475,0.7071067811865476
2024-10-07 04:00:00,11021.457,12.4,0.8660254037844386,0.5000000000000001
2024-10-07 05:00:00,11606.576,11.6,0.9659258262890684,0.2588190451025207
2024-10-07 06:00:00,12528.0,10.8,1.0,6.123233995736766e-17
2024-10-07 07:00:00,13110.692,10.2,0.9659258262890684,-0.2588190451025206
2024-10-07 08:00:00,13299.091,10.1,0.8660254037844387,-0.4999999999999998
2024-10-07 09:00:00,13467.211,11.8,0.7071067811865476,-0.7071067811865475
2024-10-07 10:00:00,13671.849,13.5,0.4999999999999999,-0.8660254037844387
2024-10-07 11:00:00,13849.332,14.9,0.258819045102521,-0.9659258262890682
2024-10-07 12:00:00,14065.165,15.9,1.2246467991473532e-16,-1.0
2024-10-07 13:00:00,14158.373,16.7,-0.2588190451025208,-0.9659258262890684
2024-10-07 14:00:00,14241.798,17.3,-0.4999999999999998,-0.8660254037844388
2024-10-07 15:00:00,14256.947,17.8,-0.7071067811865471,-0.7071067811865479
2024-10-07 16:00:00,14356.004,18.0,-0.8660254037844384,-0.5000000000000004
2024-10-07 17:00:00,14383.01,17.8,-0.9659258262890684,-0.2588190451025206
2024-10-07 18:00:00,14368.149,17.1,-1.0,-1.8369701987210294e-16
2024-10-07 19:00:00,14314.191,14.5,-0.9659258262890684,0.2588190451025203
2024-10-07 20:00:00,14075.088,13.2,-0.8660254037844386,0.5000000000000001
2024-10-07 21:00:00,13398.485,12.3,-0.7071067811865477,0.7071067811865474
2024-10-07 22:00:00,12749.25,11.5,-0.5000000000000004,0.8660254037844384
2024-10-07 23:00:00,12059.258,10.4,-0.2588190451025215,0.965925826289068
2024-10-08 00:00:00,11547.777,10.9,0.0,1.0
2024-10-08 01:00:00,11201.278,9.8,0.2588190451025207,0.9659258262890684
2024-10-08 02:00:00,11049.104,9.4,0.4999999999999999,0.8660254037844387
2024-10-08 03:00:00,11026.851,9.6,0.7071067811865475,0.7071067811865476
2024-10-08 04:00:00,11225.831,9.1,0.8660254037844386,0.5000000000000001
2024-10-08 05:00:00,11773.4,8.5,0.9659258262890684,0.2588190451025207
2024-10-08 06:00:00,12830.829,7.9,1.0,6.123233995736766e-17
2024-10-08 07:00:00,13368.045,7.4,0.9659258262890684,-0.2588190451025206
2024-10-08 08:00:00,13444.043,7.1,0.8660254037844387,-0.4999999999999998
2024-10-08 09:00:00,13373.71,8.8,0.7071067811865476,-0.7071067811865475
2024-10-08 10:00:00,13476.912,11.6,0.4999999999999999,-0.8660254037844387
2024-10-08 11:00:00,13488.701,14.6,0.258819045102521,-0.9659258262890682
2024-10-08 12:00:00,13567.822,17.0,1.2246467991473532e-16,-1.0
2024-10-08 13:00:00,13650.815,18.1,-0.2588190451025208,-0.9659258262890684
2024-10-08 14:00:00,13568.631,18.8,-0.4999999999999998,-0.8660254037844388
2024-10-08 15:00:00,13563.536,19.2,-0.7071067811865471,-0.7071067811865479
2024-10-08 16:00:00,13665.643,19.3,-0.8660254037844384,-0.5000000000000004
2024-10-08 17:00:00,13741.874,19.0,-0.9659258262890684,-0.2588190451025206
2024-10-08 18:00:00,13824.465,18.2,-1.0,-1.8369701987210294e-16
2024-10-08 19:00:00,13980.61,15.3,-0.9659258262890684,0.2588190451025203
2024-10-08 20:00:00,13908.146,14.4,-0.8660254037844386,0.5000000000000001
2024-10-08 21:00:00,13304.755,14.1,-0.7071067811865477,0.7071067811865474
2024-10-08 22:00:00,12632.502,13.7,-0.5000000000000004,0.8660254037844384
2024-10-08 23:00:00,11990.949,13.4,-0.2588190451025215,0.965925826289068
2024-10-09 00:00:00,11526.714,12.8,0.0,1.0
2024-10-09 01:00:00,11309.267,11.8,0.2588190451025207,0.9659258262890684
2024-10-09 02:00:00,11217.942,11.3,0.4999999999999999,0.8660254037844387
2024-10-09 03:00:00,11147.035,10.8,0.7071067811865475,0.7071067811865476
2024-10-09 04:00:00,11262.584,10.2,0.8660254037844386,0.5000000000000001
2024-10-09 05:00:00,11833.033,9.9,0.9659258262890684,0.2588190451025207
2024-10-09 06:00:00,12865.36,9.3,1.0,6.123233995736766e-17
2024-10-09 07:00:00,13421.285,8.6,0.9659258262890684,-0.2588190451025206
2024-10-09 08:00:00,13531.117,8.2,0.8660254037844387,-0.4999999999999998
2024-10-09 09:00:00,13374.163,9.8,0.7071067811865476,-0.7071067811865475
2024-10-09 10:00:00,13431.473,12.1,0.4999999999999999,-0.8660254037844387
2024-10-09 11:00:00,13400.341,14.8,0.258819045102521,-0.9659258262890682
2024-10-09 12:00:00,13409.983,16.5,1.2246467991473532e-16,-1.0
2024-10-09 13:00:00,13488.698,17.5,-0.2588190451025208,-0.9659258262890684
2024-10-09 14:00:00,13512.823,18.1,-0.4999999999999998,-0.8660254037844388
2024-10-09 15:00:00,13507.967,18.5,-0.7071067811865471,-0.7071067811865479
2024-10-09 16:00:00,13723.801,18.7,-0.8660254037844384,-0.5000000000000004
2024-10-09 17:00:00,13811.281,18.5,-0.9659258262890684,-0.2588190451025206
2024-10-09 18:00:00,13847.28,17.5,-1.0,-1.8369701987210294e-16
2024-10-09 19:00:00,14090.671,13.6,-0.9659258262890684,0.2588190451025203
2024-10-09 20:00:00,13975.365000000002,12.4,-0.8660254037844386,0.5000000000000001
2024-10-09 21:00:00,13395.717,11.4,-0.7071067811865477,0.7071067811865474
2024-10-09 22:00:00,12736.99,9.9,-0.5000000000000004,0.8660254037844384
2024-10-09 23:00:00,12070.359,9.4,-0.2588190451025215,0.965925826289068
2024-10-10 00:00:00,11586.801,9.4,0.0,1.0
2024-10-10 01:00:00,11375.25,8.7,0.2588190451025207,0.9659258262890684
2024-10-10 02:00:00,11234.646,7.4,0.4999999999999999,0.8660254037844387
2024-10-10 03:00:00,11276.148,7.6,0.7071067811865475,0.7071067811865476
2024-10-10 04:00:00,11477.259999999998,7.6,0.8660254037844386,0.5000000000000001
2024-10-10 05:00:00,12109.794999999998,6.2,0.9659258262890684,0.2588190451025207
2024-10-10 06:00:00,13174.777999999998,6.0,1.0,6.123233995736766e-17
2024-10-10 07:00:00,13769.202,5.8,0.9659258262890684,-0.2588190451025206
2024-10-10 08:00:00,13860.551,6.7,0.8660254037844387,-0.4999999999999998
2024-10-10 09:00:00,13665.879,8.4,0.7071067811865476,-0.7071067811865475
2024-10-10 10:00:00,13554.254,11.1,0.4999999999999999,-0.8660254037844387
2024-10-10 11:00:00,13550.128,13.6,0.258819045102521,-0.9659258262890682
2024-10-10 12:00:00,13581.966,15.2,1.2246467991473532e-16,-1.0
2024-10-10 13:00:00,13602.66,16.3,-0.2588190451025208,-0.9659258262890684
2024-10-10 14:00:00,13638.98,17.0,-0.4999999999999998,-0.8660254037844388
2024-10-10 15:00:00,13561.352,17.6,-0.7071067811865471,-0.7071067811865479
2024-10-10 16:00:00,13533.928,17.5,-0.8660254037844384,-0.5000000000000004
2024-10-10 17:00:00,13695.99,17.2,-0.9659258262890684,-0.2588190451025206
2024-10-10 18:00:00,13751.346,16.5,-1.0,-1.8369701987210294e-16
2024-10-10 19:00:00,13977.59,12.9,-0.9659258262890684,0.2588190451025203
2024-10-10 20:00:00,13827.94,12.1,-0.8660254037844386,0.5000000000000001
2024-10-10 21:00:00,13359.352,11.4,-0.7071067811865477,0.7071067811865474
2024-10-10 22:00:00,12707.005,10.9,-0.5000000000000004,0.8660254037844384
2024-10-10 23:00:00,12149.838,9.3,-0.2588190451025215,0.965925826289068
2024-10-11 00:00:00,11658.136,7.9,0.0,1.0
2024-10-11 01:00:00,11517.659,7.7,0.2588190451025207,0.9659258262890684
2024-10-11 02:00:00,11443.772,7.2,0.4999999999999999,0.8660254037844387
2024-10-11 03:00:00,11428.64,6.7,0.7071067811865475,0.7071067811865476
2024-10-11 04:00:00,11625.071,6.4,0.8660254037844386,0.5000000000000001
2024-10-11 05:00:00,12178.961,5.7,0.9659258262890684,0.2588190451025207
2024-10-11 06:00:00,13172.468,5.5,1.0,6.123233995736766e-17
2024-10-11 07:00:00,13875.176,5.3,0.9659258262890684,-0.2588190451025206
2024-10-11 08:00:00,13964.481,5.7,0.8660254037844387,-0.4999999999999998
2024-10-11 09:00:00,13790.585,7.6,0.7071067811865476,-0.7071067811865475
2024-10-11 10:00:00,13728.671,10.5,0.4999999999999999,-0.8660254037844387
2024-10-11 11:00:00,13496.705,13.6,0.258819045102521,-0.9659258262890682
2024-10-11 12:00:00,13485.343,16.4,1.2246467991473532e-16,-1.0
2024-10-11 13:00:00,13588.175,18.5,-0.2588190451025208,-0.9659258262890684
2024-10-11 14:00:00,13587.792,20.0,-0.4999999999999998,-0.8660254037844388
2024-10-11 15:00:00,13559.184,20.9,-0.7071067811865471,-0.7071067811865479
2024-10-11 16:00:00,13717.635,21.4,-0.8660254037844384,-0.5000000000000004
2024-10-11 17:00:00,13778.545,21.2,-0.9659258262890684,-0.2588190451025206
2024-10-11 18:00:00,13604.7,20.0,-1.0,-1.8369701987210294e-16
2024-10-11 19:00:00,13604.244,16.5,-0.9659258262890684,0.2588190451025203
2024-10-11 20:00:00,13428.937,15.3,-0.8660254037844386,0.5000000000000001
2024-10-11 21:00:00,13096.481,15.4,-0.7071067811865477,0.7071067811865474
2024-10-11 22:00:00,12562.491999999998,14.6,-0.5000000000000004,0.8660254037844384
2024-10-11 23:00:00,11945.005,13.7,-0.2588190451025215,0.965925826289068
2024-10-12 00:00:00,11488.666,12.9,0.0,1.0
2024-10-12 01:00:00,11226.754,12.2,0.2588190451025207,0.9659258262890684
2024-10-12 02:00:00,10988.68,11.4,0.4999999999999999,0.8660254037844387
2024-10-12 03:00:00,10915.913,10.4,0.7071067811865475,0.7071067811865476
2024-10-12 04:00:00,10951.309,10.1,0.8660254037844386,0.5000000000000001
2024-10-12 05:00:00,11191.775,10.2,0.9659258262890684,0.2588190451025207
2024-10-12 06:00:00,11545.002,9.7,1.0,6.123233995736766e-17
2024-10-12 07:00:00,11945.334,9.6,0.9659258262890684,-0.2588190451025206
2024-10-12 08:00:00,12301.803,12.2,0.8660254037844387,-0.4999999999999998
2024-10-12 09:00:00,12473.493,13.4,0.7071067811865476,-0.7071067811865475
2024-10-12 10:00:00,12459.287,15.9,0.4999999999999999,-0.8660254037844387
2024-10-12 11:00:00,12387.774,18.0,0.258819045102521,-0.9659258262890682
2024-10-12 12:00:00,12360.234,20.1,1.2246467991473532e-16,-1.0
2024-10-12 13:00:00,12454.161,21.8,-0.2588190451025208,-0.9659258262890684
2024-10-12 14:00:00,12462.376,23.2,-0.4999999999999998,-0.8660254037844388
2024-10-12 15:00:00,12687.33,24.2,-0.7071067811865471,-0.7071067811865479
2024-10-12 16:00:00,12861.461,24.9,-0.8660254037844384,-0.5000000000000004
2024-10-12 17:00:00,13055.908,24.6,-0.9659258262890684,-0.2588190451025206
2024-10-12 18:00:00,13003.141,23.0,-1.0,-1.8369701987210294e-16
2024-10-12 19:00:00,13207.526,20.2,-0.9659258262890684,0.2588190451025203
2024-10-12 20:00:00,12924.237,19.0,-0.8660254037844386,0.5000000000000001
2024-10-12 21:00:00,12494.117,18.7,-0.7071067811865477,0.7071067811865474
2024-10-12 22:00:00,11968.309,18.2,-0.5000000000000004,0.8660254037844384
2024-10-12 23:00:00,11454.623,18.0,-0.2588190451025215,0.965925826289068
2024-10-13 00:00:00,10977.899,18.0,0.0,1.0
2024-10-13 01:00:00,10810.633,17.9,0.2588190451025207,0.9659258262890684
2024-10-13 02:00:00,10548.736,17.4,0.4999999999999999,0.8660254037844387
2024-10-13 03:00:00,10356.419999999998,17.1,0.7071067811865475,0.7071067811865476
2024-10-13 04:00:00,10369.774,16.7,0.8660254037844386,0.5000000000000001
2024-10-13 05:00:00,10530.379,16.6,0.9659258262890684,0.2588190451025207
2024-10-13 06:00:00,10841.659,15.5,1.0,6.123233995736766e-17
2024-10-13 07:00:00,11193.919,15.1,0.9659258262890684,-0.2588190451025206
2024-10-13 08:00:00,11539.544,15.2,0.8660254037844387,-0.4999999999999998
2024-10-13 09:00:00,11821.532,17.9,0.7071067811865476,-0.7071067811865475
2024-10-13 10:00:00,12011.952,19.4,0.4999999999999999,-0.8660254037844387
2024-10-13 11:00:00,12261.722000000002,21.9,0.258819045102521,-0.9659258262890682
2024-10-13 12:00:00,12569.937,23.5,1.2246467991473532e-16,-1.0
2024-10-13 13:00:00,12793.199,24.5,-0.2588190451025208,-0.9659258262890684
2024-10-13 14:00:00,12982.808,24.8,-0.4999999999999998,-0.8660254037844388
2024-10-13 15:00:00,13207.643,24.4,-0.7071067811865471,-0.7071067811865479
2024-10-13 16:00:00,13410.325,23.8,-0.8660254037844384,-0.5000000000000004
2024-10-13 17:00:00,13532.072,22.5,-0.9659258262890684,-0.2588190451025206
2024-10-13 18:00:00,13418.768,20.5,-1.0,-1.8369701987210294e-16
2024-10-13 19:00:00,13656.095,19.0,-0.9659258262890684,0.2588190451025203
2024-10-13 20:00:00,13324.731,18.0,-0.8660254037844386,0.5000000000000001
2024-10-13 21:00:00,12828.591,16.9,-0.7071067811865477,0.7071067811865474
2024-10-13 22:00:00,12303.43,17.5,-0.5000000000000004,0.8660254037844384
2024-10-13 23:00:00,11715.021,14.8,-0.2588190451025215,0.965925826289068
2024-10-14 00:00:00,11263.297,13.1,0.0,1.0
2024-10-14 01:00:00,10942.923,11.4,0.2588190451025207,0.9659258262890684
2024-10-14 02:00:00,10729.294,11.0,0.4999999999999999,0.8660254037844387
2024-10-14 03:00:00,10765.549,11.0,0.7071067811865475,0.7071067811865476
2024-10-14 04:00:00,10973.859,11.0,0.8660254037844386,0.5000000000000001
2024-10-14 05:00:00,11572.72,10.2,0.9659258262890684,0.2588190451025207
2024-10-14 06:00:00,12603.221,10.1,1.0,6.123233995736766e-17
2024-10-14 07:00:00,13304.056,10.0,0.9659258262890684,-0.2588190451025206
2024-10-14 08:00:00,13559.05,9.4,0.8660254037844387,-0.4999999999999998
2024-10-14 09:00:00,13746.203,10.1,0.7071067811865476,-0.7071067811865475
2024-10-14 10:00:00,13756.536,10.2,0.4999999999999999,-0.8660254037844387
2024-10-14 11:00:00,13736.459,11.1,0.258819045102521,-0.9659258262890682
2024-10-14 12:00:00,13840.825,11.9,1.2246467991473532e-16,-1.0
2024-10-14 13:00:00,13849.185,12.6,-0.2588190451025208,-0.9659258262890684
2024-10-14 14:00:00,13617.386,12.8,-0.4999999999999998,-0.8660254037844388
2024-10-14 15:00:00,13644.933,12.9,-0.7071067811865471,-0.7071067811865479
2024-10-14 16:00:00,13671.733,13.1,-0.8660254037844384,-0.5000000000000004
2024-10-14 17:00:00,13841.224,12.9,-0.9659258262890684,-0.2588190451025206
2024-10-14 18:00:00,14006.626,11.8,-1.0,-1.8369701987210294e-16
2024-10-14 19:00:00,14245.709,10.2,-0.9659258262890684,0.2588190451025203
2024-10-14 20:00:00,14181.476,9.4,-0.8660254037844386,0.5000000000000001
2024-10-14 21:00:00,13629.919,8.6,-0.7071067811865477,0.7071067811865474
2024-10-14 22:00:00,13037.112,8.3,-0.5000000000000004,0.8660254037844384
2024-10-14 23:00:00,12443.321,8.4,-0.2588190451025215,0.965925826289068
2024-10-15 00:00:00,12033.449,8.4,0.0,1.0
2024-10-15 01:00:00,11822.195,8.1,0.2588190451025207,0.9659258262890684
2024-10-15 02:00:00,11721.866,7.9,0.4999999999999999,0.8660254037844387
2024-10-15 03:00:00,11771.629,8.1,0.7071067811865475,0.7071067811865476
2024-10-15 04:00:00,11995.580000000002,7.4,0.8660254037844386,0.5000000000000001
2024-10-15 05:00:00,12596.058,6.8,0.9659258262890684,0.2588190451025207
2024-10-15 06:00:00,13632.851,6.2,1.0,6.123233995736766e-17
2024-10-15 07:00:00,14306.865,5.8,0.9659258262890684,-0.2588190451025206
2024-10-15 08:00:00,14466.729,6.2,0.8660254037844387,-0.4999999999999998
2024-10-15 09:00:00,14418.084,6.3,0.7071067811865476,-0.7071067811865475
2024-10-15 10:00:00,14417.883,7.1,0.4999999999999999,-0.8660254037844387
2024-10-15 11:00:00,14398.826,6.8,0.258819045102521,-0.9659258262890682
2024-10-15 12:00:00,14389.697,8.1,1.2246467991473532e-16,-1.0
2024-10-15 13:00:00,14341.424,9.4,-0.2588190451025208,-0.9659258262890684
2024-10-15 14:00:00,14157.997,10.1,-0.4999999999999998,-0.8660254037844388
2024-10-15 15:00:00,14178.095,11.1,-0.7071067811865471,-0.7071067811865479
2024-10-15 16:00:00,14186.206,11.0,-0.8660254037844384,-0.5000000000000004
2024-10-15 17:00:00,14318.578,10.1,-0.9659258262890684,-0.2588190451025206
2024-10-15 18:00:00,14664.744,8.4,-1.0,-1.8369701987210294e-16
2024-10-15 19:00:00,15127.881,7.8,-0.9659258262890684,0.2588190451025203
2024-10-15 20:00:00,14954.212,7.2,-0.8660254037844386,0.5000000000000001
2024-10-15 21:00:00,14527.859,5.9,-0.7071067811865477,0.7071067811865474
2024-10-15 22:00:00,13860.799,6.0,-0.5000000000000004,0.8660254037844384
2024-10-15 23:00:00,13265.958,5.7,-0.2588190451025215,0.965925826289068
2024-10-16 00:00:00,12876.733,4.8,0.0,1.0
2024-10-16 01:00:00,12724.916,4.3,0.2588190451025207,0.9659258262890684
2024-10-16 02:00:00,12622.354,4.2,0.4999999999999999,0.8660254037844387
2024-10-16 03:00:00,12642.213,4.0,0.7071067811865475,0.7071067811865476
2024-10-16 04:00:00,12943.304,3.9,0.8660254037844386,0.5000000000000001
2024-10-16 05:00:00,13526.559,3.5,0.9659258262890684,0.2588190451025207
2024-10-16 06:00:00,14540.402,3.3,1.0,6.123233995736766e-17
2024-10-16 07:00:00,15254.605,3.1,0.9659258262890684,-0.2588190451025206
2024-10-16 08:00:00,15319.421,2.8,0.8660254037844387,-0.4999999999999998
2024-10-16 09:00:00,15061.904,3.9,0.7071067811865476,-0.7071067811865475
2024-10-16 10:00:00,14792.057,5.9,0.4999999999999999,-0.8660254037844387
2024-10-16 11:00:00,14617.708,8.1,0.258819045102521,-0.9659258262890682
2024-10-16 12:00:00,14501.884,9.4,1.2246467991473532e-16,-1.0
2024-10-16 13:00:00,14431.161,9.8,-0.2588190451025208,-0.9659258262890684
2024-10-16 14:00:00,14242.152999999998,9.8,-0.4999999999999998,-0.8660254037844388
2024-10-16 15:00:00,14029.046000000002,10.2,-0.7071067811865471,-0.7071067811865479
2024-10-16 16:00:00,14046.022,10.9,-0.8660254037844384,-0.5000000000000004
2024-10-16 17:00:00,14220.414,11.4,-0.9659258262890684,-0.2588190451025206
2024-10-16 18:00:00,14508.683,10.8,-1.0,-1.8369701987210294e-16
2024-10-16 19:00:00,15038.424,8.3,-0.9659258262890684,0.2588190451025203
2024-10-16 20:00:00,14985.262,6.5,-0.8660254037844386,0.5000000000000001
2024-10-16 21:00:00,14790.24,7.7,-0.7071067811865477,0.7071067811865474
2024-10-16 22:00:00,14219.575,4.2,-0.5000000000000004,0.8660254037844384
2024-10-16 23:00:00,13656.277999999998,3.8,-0.2588190451025215,0.965925826289068
2024-10-17 00:00:00,13322.256,5.2,0.0,1.0
2024-10-17 01:00:00,13182.313,2.5,0.2588190451025207,0.9659258262890684
2024-10-17 02:00:00,13154.482,2.2,0.4999999999999999,0.8660254037844387
2024-10-17 03:00:00,13152.562,2.3,0.7071067811865475,0.7071067811865476
2024-10-17 04:00:00,13527.238,1.5,0.8660254037844386,0.5000000000000001
2024-10-17 05:00:00,14142.91,2.3,0.9659258262890684,0.2588190451025207
2024-10-17 06:00:00,15326.046,2.0,1.0,6.123233995736766e-17
2024-10-17 07:00:00,15918.833,1.8,0.9659258262890684,-0.2588190451025206
2024-10-17 08:00:00,15960.937999999998,1.5,0.8660254037844387,-0.4999999999999998
2024-10-17 09:00:00,15520.323,3.7,0.7071067811865476,-0.7071067811865475
2024-10-17 10:00:00,15168.45,6.8,0.4999999999999999,-0.8660254037844387
2024-10-17 11:00:00,14688.998,9.9,0.258819045102521,-0.9659258262890682
2024-10-17 12:00:00,14450.214,12.2,1.2246467991473532e-16,-1.0
2024-10-17 13:00:00,14223.352,13.1,-0.2588190451025208,-0.9659258262890684
2024-10-17 14:00:00,13789.727,13.8,-0.4999999999999998,-0.8660254037844388
2024-10-17 15:00:00,13695.997,14.2,-0.7071067811865471,-0.7071067811865479
2024-10-17 16:00:00,13721.7,14.3,-0.8660254037844384,-0.5000000000000004
2024-10-17 17:00:00,13828.648,14.1,-0.9659258262890684,-0.2588190451025206
2024-10-17 18:00:00,14113.662,12.8,-1.0,-1.8369701987210294e-16
2024-10-17 19:00:00,14581.156,11.4,-0.9659258262890684,0.2588190451025203
2024-10-17 20:00:00,14432.704,11.3,-0.8660254037844386,0.5000000000000001
2024-10-17 21:00:00,14267.788,6.9,-0.7071067811865477,0.7071067811865474
2024-10-17 22:00:00,13794.789,6.8,-0.5000000000000004,0.8660254037844384
2024-10-17 23:00:00,13284.555,8.1,-0.2588190451025215,0.965925826289068
2024-10-18 00:00:00,13009.224,7.5,0.0,1.0
2024-10-18 01:00:00,13011.018,7.2,0.2588190451025207,0.9659258262890684
2024-10-18 02:00:00,12907.529,5.6,0.4999999999999999,0.8660254037844387
2024-10-18 03:00:00,13014.904,5.4,0.7071067811865475,0.7071067811865476
2024-10-18 04:00:00,13367.043,5.9,0.8660254037844386,0.5000000000000001
2024-10-18 05:00:00,13924.067,5.6,0.9659258262890684,0.2588190451025207
2024-10-18 06:00:00,14975.045,4.4,1.0,6.123233995736766e-17
2024-10-18 07:00:00,15631.838,2.9,0.9659258262890684,-0.2588190451025206
2024-10-18 08:00:00,15742.632,2.8,0.8660254037844387,-0.4999999999999998
2024-10-18 09:00:00,15422.091,5.8,0.7071067811865476,-0.7071067811865475
2024-10-18 10:00:00,14823.77,8.8,0.4999999999999999,-0.8660254037844387
2024-10-18 11:00:00,14376.12,11.9,0.258819045102521,-0.9659258262890682
2024-10-18 12:00:00,14113.119,14.4,1.2246467991473532e-16,-1.0
2024-10-18 13:00:00,13947.379,15.8,-0.2588190451025208,-0.9659258262890684
2024-10-18 14:00:00,13737.004,16.6,-0.4999999999999998,-0.8660254037844388
2024-10-18 15:00:00,13613.474,17.3,-0.7071067811865471,-0.7071067811865479
2024-10-18 16:00:00,13549.436,17.5,-0.8660254037844384,-0.5000000000000004
2024-10-18 17:00:00,13413.017,17.4,-0.9659258262890684,-0.2588190451025206
2024-10-18 18:00:00,13483.231,15.6,-1.0,-1.8369701987210294e-16
2024-10-18 19:00:00,13827.273,15.6,-0.9659258262890684,0.2588190451025203
2024-10-18 20:00:00,13726.293,13.2,-0.8660254037844386,0.5000000000000001
2024-10-18 21:00:00,13391.551,11.1,-0.7071067811865477,0.7071067811865474
2024-10-18 22:00:00,12951.195,9.1,-0.5000000000000004,0.8660254037844384
2024-10-18 23:00:00,12519.768,7.7,-0.2588190451025215,0.965925826289068
2024-10-19 00:00:00,12216.988,7.2,0.0,1.0
2024-10-19 01:00:00,12002.625,6.9,0.2588190451025207,0.9659258262890684
2024-10-19 02:00:00,11991.774,6.4,0.4999999999999999,0.8660254037844387
2024-10-19 03:00:00,11947.34,6.1,0.7071067811865475,0.7071067811865476
2024-10-19 04:00:00,12153.969,6.1,0.8660254037844386,0.5000000000000001
2024-10-19 05:00:00,12447.282,6.7,0.9659258262890684,0.2588190451025207
2024-10-19 06:00:00,12802.09,7.3,1.0,6.123233995736766e-17
2024-10-19 07:00:00,13444.726,6.8,0.9659258262890684,-0.2588190451025206
2024-10-19 08:00:00,13700.148,5.2,0.8660254037844387,-0.4999999999999998
2024-10-19 09:00:00,13558.512,6.6,0.7071067811865476,-0.7071067811865475
2024-10-19 10:00:00,13233.612,9.9,0.4999999999999999,-0.8660254037844387
2024-10-19 11:00:00,12821.523,13.1,0.258819045102521,-0.9659258262890682
2024-10-19 12:00:00,12618.42,16.1,1.2246467991473532e-16,-1.0
2024-10-19 13:00:00,12502.719,18.1,-0.2588190451025208,-0.9659258262890684
2024-10-19 14:00:00,12489.494,19.3,-0.4999999999999998,-0.8660254037844388
2024-10-19 15:00:00,12593.312,19.8,-0.7071067811865471,-0.7071067811865479
2024-10-19 16:00:00,12659.261,19.9,-0.8660254037844384,-0.5000000000000004
2024-10-19 17:00:00,12805.253,19.5,-0.9659258262890684,-0.2588190451025206
2024-10-19 18:00:00,12829.331,17.1,-1.0,-1.8369701987210294e-16
2024-10-19 19:00:00,13001.527,17.3,-0.9659258262890684,0.2588190451025203
2024-10-19 20:00:00,12797.741,16.6,-0.8660254037844386,0.5000000000000001
2024-10-19 21:00:00,12459.5,15.1,-0.7071067811865477,0.7071067811865474
2024-10-19 22:00:00,12216.733,13.6,-0.5000000000000004,0.8660254037844384
2024-10-19 23:00:00,11725.034,11.1,-0.2588190451025215,0.965925826289068
2024-10-20 00:00:00,11420.941,10.9,0.0,1.0
2024-10-20 01:00:00,11311.43,9.9,0.2588190451025207,0.9659258262890684
2024-10-20 02:00:00,11256.801,9.0,0.4999999999999999,0.8660254037844387
2024-10-20 03:00:00,11316.538,8.4,0.7071067811865475,0.7071067811865476
2024-10-20 04:00:00,11395.811,8.2,0.8660254037844386,0.5000000000000001
2024-10-20 05:00:00,11663.582,8.2,0.9659258262890684,0.2588190451025207
2024-10-20 06:00:00,12120.707,6.8,1.0,6.123233995736766e-17
2024-10-20 07:00:00,12668.695,8.1,0.9659258262890684,-0.2588190451025206
2024-10-20 08:00:00,12969.91,7.8,0.8660254037844387,-0.4999999999999998
2024-10-20 09:00:00,12908.123,7.6,0.7071067811865476,-0.7071067811865475
2024-10-20 10:00:00,12621.69,10.6,0.4999999999999999,-0.8660254037844387
2024-10-20 11:00:00,12408.574,13.5,0.258819045102521,-0.9659258262890682
2024-10-20 12:00:00,12290.728,16.4,1.2246467991473532e-16,-1.0
2024-10-20 13:00:00,12452.735,18.7,-0.2588190451025208,-0.9659258262890684
2024-10-20 14:00:00,12572.674,20.1,-0.4999999999999998,-0.8660254037844388
2024-10-20 15:00:00,12610.111,20.6,-0.7071067811865471,-0.7071067811865479
2024-10-20 16:00:00,12844.227,20.8,-0.8660254037844384,-0.5000000000000004
2024-10-20 17:00:00,13035.369,20.4,-0.9659258262890684,-0.2588190451025206
2024-10-20 18:00:00,13082.811,17.7,-1.0,-1.8369701987210294e-16
2024-10-20 19:00:00,13350.102,13.4,-0.9659258262890684,0.2588190451025203
2024-10-20 20:00:00,13200.128,11.8,-0.8660254037844386,0.5000000000000001
2024-10-20 21:00:00,12818.49,11.2,-0.7071067811865477,0.7071067811865474
2024-10-20 22:00:00,12440.402999999998,10.2,-0.5000000000000004,0.8660254037844384
2024-10-20 23:00:00,11938.581,10.0,-0.2588190451025215,0.965925826289068
2024-10-21 00:00:00,11760.625,9.4,0.0,1.0
2024-10-21 01:00:00,11607.508000000002,9.4,0.2588190451025207,0.9659258262890684
2024-10-21 02:00:00,11534.18,10.1,0.4999999999999999,0.8660254037844387
2024-10-21 03:00:00,11710.158,11.3,0.7071067811865475,0.7071067811865476
2024-10-21 04:00:00,12115.69,11.0,0.8660254037844386,0.5000000000000001
2024-10-21 05:00:00,12813.804,10.1,0.9659258262890684,0.2588190451025207
2024-10-21 06:00:00,13971.34,7.8,1.0,6.123233995736766e-17
2024-10-21 07:00:00,14709.321,6.8,0.9659258262890684,-0.2588190451025206
2024-10-21 08:00:00,14847.136,6.0,0.8660254037844387,-0.4999999999999998
2024-10-21 09:00:00,14642.016,8.5,0.7071067811865476,-0.7071067811865475
2024-10-21 10:00:00,14476.264,11.9,0.4999999999999999,-0.8660254037844387
2024-10-21 11:00:00,14341.55,14.9,0.258819045102521,-0.9659258262890682
2024-10-21 12:00:00,14264.155,17.7,1.2246467991473532e-16,-1.0
2024-10-21 13:00:00,14312.123,19.9,-0.2588190451025208,-0.9659258262890684
2024-10-21 14:00:00,14315.557,21.4,-0.4999999999999998,-0.8660254037844388
2024-10-21 15:00:00,14308.883000000002,22.2,-0.7071067811865471,-0.7071067811865479
2024-10-21 16:00:00,14397.473,22.5,-0.8660254037844384,-0.5000000000000004
2024-10-21 17:00:00,14572.702,22.1,-0.9659258262890684,-0.2588190451025206
2024-10-21 18:00:00,14570.209,19.6,-1.0,-1.8369701987210294e-16
2024-10-21 19:00:00,14862.421,15.7,-0.9659258262890684,0.2588190451025203
2024-10-21 20:00:00,14506.156,13.8,-0.8660254037844386,0.5000000000000001
2024-10-21 21:00:00,13945.904,13.1,-0.7071067811865477,0.7071067811865474
2024-10-21 22:00:00,13220.894,12.2,-0.5000000000000004,0.8660254037844384
2024-10-21 23:00:00,12628.324,12.0,-0.2588190451025215,0.965925826289068
2024-10-22 00:00:00,12154.969,10.9,0.0,1.0
2024-10-22 01:00:00,11941.615,9.9,0.2588190451025207,0.9659258262890684
2024-10-22 02:00:00,11809.663,9.3,0.4999999999999999,0.8660254037844387
2024-10-22 03:00:00,11847.629,8.9,0.7071067811865475,0.7071067811865476
2024-10-22 04:00:00,12153.542,8.5,0.8660254037844386,0.5000000000000001
2024-10-22 05:00:00,12718.738,8.6,0.9659258262890684,0.2588190451025207
2024-10-22 06:00:00,13883.833,8.9,1.0,6.123233995736766e-17
2024-10-22 07:00:00,14544.867,9.1,0.9659258262890684,-0.2588190451025206
2024-10-22 08:00:00,14739.446,7.8,0.8660254037844387,-0.4999999999999998
2024-10-22 09:00:00,14467.566,10.1,0.7071067811865476,-0.7071067811865475
2024-10-22 10:00:00,14253.34,13.3,0.4999999999999999,-0.8660254037844387
2024-10-22 11:00:00,14258.098,16.6,0.258819045102521,-0.9659258262890682
2024-10-22 12:00:00,14261.625,19.5,1.2246467991473532e-16,-1.0
2024-10-22 13:00:00,14299.447,21.5,-0.2588190451025208,-0.9659258262890684
2024-10-22 14:00:00,14321.996,22.9,-0.4999999999999998,-0.8660254037844388
2024-10-22 15:00:00,14423.542,23.5,-0.7071067811865471,-0.7071067811865479
2024-10-22 16:00:00,14677.877,23.6,-0.8660254037844384,-0.5000000000000004
2024-10-22 17:00:00,14710.098,23.3,-0.9659258262890684,-0.2588190451025206
2024-10-22 18:00:00,14650.874,21.0,-1.0,-1.8369701987210294e-16
2024-10-22 19:00:00,14805.244,17.5,-0.9659258262890684,0.2588190451025203
2024-10-22 20:00:00,14511.219,16.3,-0.8660254037844386,0.5000000000000001
2024-10-22 21:00:00,13872.821,16.0,-0.7071067811865477,0.7071067811865474
2024-10-22 22:00:00,13298.282,15.6,-0.5000000000000004,0.8660254037844384
2024-10-22 23:00:00,12578.692,15.0,-0.2588190451025215,0.965925826289068
2024-10-23 00:00:00,12163.228,14.4,0.0,1.0
2024-10-23 01:00:00,11900.807,13.9,0.2588190451025207,0.9659258262890684
2024-10-23 02:00:00,11741.818,13.8,0.4999999999999999,0.8660254037844387
2024-10-23 03:00:00,11792.84,13.9,0.7071067811865475,0.7071067811865476
2024-10-23 04:00:00,12018.526,13.6,0.8660254037844386,0.5000000000000001
2024-10-23 05:00:00,12590.922,13.4,0.9659258262890684,0.2588190451025207
2024-10-23 06:00:00,13582.132,13.3,1.0,6.123233995736766e-17
2024-10-23 07:00:00,14278.927,12.8,0.9659258262890684,-0.2588190451025206
2024-10-23 08:00:00,14348.016,12.6,0.8660254037844387,-0.4999999999999998
2024-10-23 09:00:00,14157.438999999998,14.9,0.7071067811865476,-0.7071067811865475
2024-10-23 10:00:00,14087.371,17.1,0.4999999999999999,-0.8660254037844387
2024-10-23 11:00:00,14074.356,19.0,0.258819045102521,-0.9659258262890682
2024-10-23 12:00:00,14072.181,20.8,1.2246467991473532e-16,-1.0
2024-10-23 13:00:00,14258.358,22.1,-0.2588190451025208,-0.9659258262890684
2024-10-23 14:00:00,14316.318,22.9,-0.4999999999999998,-0.8660254037844388
2024-10-23 15:00:00,14313.173,23.3,-0.7071067811865471,-0.7071067811865479
2024-10-23 16:00:00,14439.642,24.0,-0.8660254037844384,-0.5000000000000004
2024-10-23 17:00:00,14465.374,23.3,-0.9659258262890684,-0.2588190451025206
2024-10-23 18:00:00,14563.195,21.6,-1.0,-1.8369701987210294e-16
2024-10-23 19:00:00,14639.299,19.6,-0.9659258262890684,0.2588190451025203
2024-10-23 20:00:00,14314.183,18.1,-0.8660254037844386,0.5000000000000001
2024-10-23 21:00:00,13748.477,16.6,-0.7071067811865477,0.7071067811865474
2024-10-23 22:00:00,13098.078,14.4,-0.5000000000000004,0.8660254037844384
2024-10-23 23:00:00,12372.883,13.1,-0.2588190451025215,0.965925826289068
2024-10-24 00:00:00,11949.288,12.1,0.0,1.0
2024-10-24 01:00:00,11668.246,11.4,0.2588190451025207,0.9659258262890684
2024-10-24 02:00:00,11447.692,10.7,0.4999999999999999,0.8660254037844387
2024-10-24 03:00:00,11450.573,10.1,0.7071067811865475,0.7071067811865476
2024-10-24 04:00:00,11632.376,9.4,0.8660254037844386,0.5000000000000001
2024-10-24 05:00:00,12440.018,8.4,0.9659258262890684,0.2588190451025207
2024-10-24 06:00:00,13496.434,7.7,1.0,6.123233995736766e-17
2024-10-24 07:00:00,14205.618,7.3,0.9659258262890684,-0.2588190451025206
2024-10-24 08:00:00,14349.049,7.1,0.8660254037844387,-0.4999999999999998
2024-10-24 09:00:00,14192.395,8.4,0.7071067811865476,-0.7071067811865475
2024-10-24 10:00:00,14115.768,10.8,0.4999999999999999,-0.8660254037844387
2024-10-24 11:00:00,14004.675,12.8,0.258819045102521,-0.9659258262890682
2024-10-24 12:00:00,13996.596,13.8,1.2246467991473532e-16,-1.0
2024-10-24 13:00:00,13982.092,14.6,-0.2588190451025208,-0.9659258262890684
2024-10-24 14:00:00,13844.308,15.1,-0.4999999999999998,-0.8660254037844388
2024-10-24 15:00:00,13766.567,15.6,-0.7071067811865471,-0.7071067811865479
2024-10-24 16:00:00,13775.602,15.9,-0.8660254037844384,-0.5000000000000004
2024-10-24 17:00:00,13865.892,15.6,-0.9659258262890684,-0.2588190451025206
2024-10-24 18:00:00,13971.271,14.9,-1.0,-1.8369701987210294e-16
2024-10-24 19:00:00,14344.92,13.8,-0.9659258262890684,0.2588190451025203
2024-10-24 20:00:00,14027.001,12.2,-0.8660254037844386,0.5000000000000001
2024-10-24 21:00:00,13705.439,10.1,-0.7071067811865477,0.7071067811865474
2024-10-24 22:00:00,13206.01,11.8,-0.5000000000000004,0.8660254037844384
2024-10-24 23:00:00,12658.592,8.4,-0.2588190451025215,0.965925826289068
2024-10-25 00:00:00,12360.464,7.2,0.0,1.0
2024-10-25 01:00:00,12191.929,6.7,0.2588190451025207,0.9659258262890684
2024-10-25 02:00:00,12107.094,6.9,0.4999999999999999,0.8660254037844387
2024-10-25 03:00:00,12184.983,5.6,0.7071067811865475,0.7071067811865476
2024-10-25 04:00:00,12423.37,5.4,0.8660254037844386,0.5000000000000001
2024-10-25 05:00:00,13086.179,5.5,0.9659258262890684,0.2588190451025207
2024-10-25 06:00:00,14027.461,5.2,1.0,6.123233995736766e-17
2024-10-25 07:00:00,14787.354,5.5,0.9659258262890684,-0.2588190451025206
2024-10-25 08:00:00,14934.887,5.9,0.8660254037844387,-0.4999999999999998
2024-10-25 09:00:00,14789.612,8.1,0.7071067811865476,-0.7071067811865475
2024-10-25 10:00:00,14545.607,9.4,0.4999999999999999,-0.8660254037844387
2024-10-25 11:00:00,14179.345,12.5,0.258819045102521,-0.9659258262890682
2024-10-25 12:00:00,14016.541,15.2,1.2246467991473532e-16,-1.0
2024-10-25 13:00:00,13888.292,17.0,-0.2588190451025208,-0.9659258262890684
2024-10-25 14:00:00,13834.683,18.6,-0.4999999999999998,-0.8660254037844388
2024-10-25 15:00:00,13696.723999999998,20.3,-0.7071067811865471,-0.7071067811865479
2024-10-25 16:00:00,13702.866,21.4,-0.8660254037844384,-0.5000000000000004
2024-10-25 17:00:00,13716.655,21.1,-0.9659258262890684,-0.2588190451025206
2024-10-25 18:00:00,13764.6,19.0,-1.0,-1.8369701987210294e-16
2024-10-25 19:00:00,13861.029,16.9,-0.9659258262890684,0.2588190451025203
2024-10-25 20:00:00,13615.505,16.3,-0.8660254037844386,0.5000000000000001
2024-10-25 21:00:00,13224.336,15.1,-0.7071067811865477,0.7071067811865474
2024-10-25 22:00:00,12730.192,16.0,-0.5000000000000004,0.8660254037844384
2024-10-25 23:00:00,12133.293,15.4,-0.2588190451025215,0.965925826289068
2024-10-26 00:00:00,11614.329,13.2,0.0,1.0
2024-10-26 01:00:00,11349.521,11.9,0.2588190451025207,0.9659258262890684
2024-10-26 02:00:00,11197.02,10.8,0.4999999999999999,0.8660254037844387
2024-10-26 03:00:00,11023.619,9.8,0.7071067811865475,0.7071067811865476
2024-10-26 04:00:00,11233.435,8.9,0.8660254037844386,0.5000000000000001
2024-10-26 05:00:00,11384.438,8.2,0.9659258262890684,0.2588190451025207
2024-10-26 06:00:00,11804.58,7.7,1.0,6.123233995736766e-17
2024-10-26 07:00:00,12292.085,7.1,0.9659258262890684,-0.2588190451025206
2024-10-26 08:00:00,12581.733,6.5,0.8660254037844387,-0.4999999999999998
2024-10-26 09:00:00,12725.742,7.8,0.7071067811865476,-0.7071067811865475
2024-10-26 10:00:00,12805.322,10.0,0.4999999999999999,-0.8660254037844387
2024-10-26 11:00:00,12688.999,11.9,0.258819045102521,-0.9659258262890682
2024-10-26 12:00:00,12626.606,13.9,1.2246467991473532e-16,-1.0
2024-10-26 13:00:00,12651.573,14.7,-0.2588190451025208,-0.9659258262890684
2024-10-26 14:00:00,12565.422,15.3,-0.4999999999999998,-0.8660254037844388
2024-10-26 15:00:00,12476.181,15.5,-0.7071067811865471,-0.7071067811865479
2024-10-26 16:00:00,12610.967,15.2,-0.8660254037844384,-0.5000000000000004
2024-10-26 17:00:00,12749.835,14.4,-0.9659258262890684,-0.2588190451025206
2024-10-26 18:00:00,12874.321,13.1,-1.0,-1.8369701987210294e-16
2024-10-26 19:00:00,13166.472000000002,10.5,-0.9659258262890684,0.2588190451025203
2024-10-26 20:00:00,13036.617,9.1,-0.8660254037844386,0.5000000000000001
2024-10-26 21:00:00,12791.067,8.1,-0.7071067811865477,0.7071067811865474
2024-10-26 22:00:00,12367.941,7.6,-0.5000000000000004,0.8660254037844384
2024-10-26 23:00:00,12070.518,6.9,-0.2588190451025215,0.965925826289068
2024-10-27 00:00:00,11877.696,6.1,0.0,1.0
2024-10-27 01:00:00,11735.149,5.7,0.2588190451025207,0.9659258262890684
2024-10-27 02:00:00,11687.97,5.6,0.4999999999999999,0.8660254037844387
2024-10-27 03:00:00,11682.536,4.4,0.7071067811865475,0.7071067811865476
2024-10-27 04:00:00,11849.619,3.8,0.8660254037844386,0.5000000000000001
2024-10-27 05:00:00,12057.654,4.3,0.9659258262890684,0.2588190451025207
2024-10-27 06:00:00,12422.086,4.9,1.0,6.123233995736766e-17
2024-10-27 07:00:00,12902.113,4.6,0.9659258262890684,-0.2588190451025206
2024-10-27 08:00:00,13254.115,3.8,0.8660254037844387,-0.4999999999999998
2024-10-27 09:00:00,13320.079,4.8,0.7071067811865476,-0.7071067811865475
2024-10-27 10:00:00,13055.247,7.3,0.4999999999999999,-0.8660254037844387
2024-10-27 11:00:00,12804.281,9.6,0.258819045102521,-0.9659258262890682
2024-10-27 12:00:00,12653.766,11.2,1.2246467991473532e-16,-1.0
2024-10-27 13:00:00,12583.274,12.3,-0.2588190451025208,-0.9659258262890684
2024-10-27 14:00:00,12506.655,12.9,-0.4999999999999998,-0.8660254037844388
2024-10-27 15:00:00,12425.328,13.4,-0.7071067811865471,-0.7071067811865479
2024-10-27 16:00:00,12639.931,13.6,-0.8660254037844384,-0.5000000000000004
2024-10-27 17:00:00,12833.279,13.3,-0.9659258262890684,-0.2588190451025206
2024-10-27 18:00:00,13199.491,12.1,-1.0,-1.8369701987210294e-16
2024-10-27 19:00:00,13690.909,11.9,-0.9659258262890684,0.2588190451025203
2024-10-27 20:00:00,13743.952,9.8,-0.8660254037844386,0.5000000000000001
2024-10-27 21:00:00,13324.708,6.2,-0.7071067811865477,0.7071067811865474
2024-10-27 22:00:00,12892.937,4.7,-0.5000000000000004,0.8660254037844384
2024-10-27 23:00:00,12630.891,4.2,-0.2588190451025215,0.965925826289068
2024-10-28 00:00:00,12518.154,4.0,0.0,1.0
2024-10-28 01:00:00,12433.529,3.5,0.2588190451025207,0.9659258262890684
2024-10-28 02:00:00,12404.884999999998,3.3,0.4999999999999999,0.8660254037844387
2024-10-28 03:00:00,12620.993,2.8,0.7071067811865475,0.7071067811865476
2024-10-28 04:00:00,12907.01,3.1,0.8660254037844386,0.5000000000000001
2024-10-28 05:00:00,13721.047,2.7,0.9659258262890684,0.2588190451025207
2024-10-28 06:00:00,14876.956,2.2,1.0,6.123233995736766e-17
2024-10-28 07:00:00,15674.281,1.3,0.9659258262890684,-0.2588190451025206
2024-10-28 08:00:00,15829.981,1.5,0.8660254037844387,-0.4999999999999998
2024-10-28 09:00:00,15560.353,3.5,0.7071067811865476,-0.7071067811865475
2024-10-28 10:00:00,15090.955,6.6,0.4999999999999999,-0.8660254037844387
2024-10-28 11:00:00,14648.75,9.9,0.258819045102521,-0.9659258262890682
2024-10-28 12:00:00,14424.617,12.6,1.2246467991473532e-16,-1.0
2024-10-28 13:00:00,14348.167,14.9,-0.2588190451025208,-0.9659258262890684
2024-10-28 14:00:00,14182.477,16.6,-0.4999999999999998,-0.8660254037844388
2024-10-28 15:00:00,14047.276,17.6,-0.7071067811865471,-0.7071067811865479
2024-10-28 16:00:00,14029.419,18.2,-0.8660254037844384,-0.5000000000000004
2024-10-28 17:00:00,14167.556,18.1,-0.9659258262890684,-0.2588190451025206
2024-10-28 18:00:00,14353.784,15.5,-1.0,-1.8369701987210294e-16
2024-10-28 19:00:00,14681.117,13.1,-0.9659258262890684,0.2588190451025203
2024-10-28 20:00:00,14495.333,11.9,-0.8660254037844386,0.5000000000000001
2024-10-28 21:00:00,14000.12,12.2,-0.7071067811865477,0.7071067811865474
2024-10-28 22:00:00,13409.068,11.7,-0.5000000000000004,0.8660254037844384
2024-10-28 23:00:00,12921.945,11.2,-0.2588190451025215,0.965925826289068
2024-10-29 00:00:00,12509.963,10.8,0.0,1.0
2024-10-29 01:00:00,12237.21,10.8,0.2588190451025207,0.9659258262890684
2024-10-29 02:00:00,12062.508,11.4,0.4999999999999999,0.8660254037844387
2024-10-29 03:00:00,12061.94,13.1,0.7071067811865475,0.7071067811865476
2024-10-29 04:00:00,12379.643,13.4,0.8660254037844386,0.5000000000000001
2024-10-29 05:00:00,13012.052,13.4,0.9659258262890684,0.2588190451025207
2024-10-29 06:00:00,14021.449,12.9,1.0,6.123233995736766e-17
2024-10-29 07:00:00,14715.429,12.9,0.9659258262890684,-0.2588190451025206
2024-10-29 08:00:00,14721.941,13.2,0.8660254037844387,-0.4999999999999998
2024-10-29 09:00:00,14578.386,14.4,0.7071067811865476,-0.7071067811865475
2024-10-29 10:00:00,14461.665,16.2,0.4999999999999999,-0.8660254037844387
2024-10-29 11:00:00,14420.715,18.5,0.258819045102521,-0.9659258262890682
2024-10-29 12:00:00,14407.686,20.7,1.2246467991473532e-16,-1.0
2024-10-29 13:00:00,14450.949,22.5,-0.2588190451025208,-0.9659258262890684
2024-10-29 14:00:00,14492.438999999998,23.5,-0.4999999999999998,-0.8660254037844388
2024-10-29 15:00:00,14584.875,24.0,-0.7071067811865471,-0.7071067811865479
2024-10-29 16:00:00,14676.825,24.3,-0.8660254037844384,-0.5000000000000004
2024-10-29 17:00:00,14766.021,23.9,-0.9659258262890684,-0.2588190451025206
2024-10-29 18:00:00,14823.989,22.4,-1.0,-1.8369701987210294e-16
2024-10-29 19:00:00,15067.624,20.6,-0.9659258262890684,0.2588190451025203
2024-10-29 20:00:00,14733.723000000002,19.5,-0.8660254037844386,0.5000000000000001
2024-10-29 21:00:00,14148.375,19.0,-0.7071067811865477,0.7071067811865474
2024-10-29 22:00:00,13493.101,18.5,-0.5000000000000004,0.8660254037844384
2024-10-29 23:00:00,12860.132,18.0,-0.2588190451025215,0.965925826289068
2024-10-30 00:00:00,12429.551,17.4,0.0,1.0
2024-10-30 01:00:00,12092.211,17.0,0.2588190451025207,0.9659258262890684
2024-10-30 02:00:00,11917.984,16.6,0.4999999999999999,0.8660254037844387
2024-10-30 03:00:00,11826.914,16.0,0.7071067811865475,0.7071067811865476
2024-10-30 04:00:00,12041.094,15.6,0.8660254037844386,0.5000000000000001
2024-10-30 05:00:00,12656.701,15.1,0.9659258262890684,0.2588190451025207
2024-10-30 06:00:00,13646.212,14.8,1.0,6.123233995736766e-17
2024-10-30 07:00:00,14349.052,14.4,0.9659258262890684,-0.2588190451025206
2024-10-30 08:00:00,14476.145,14.1,0.8660254037844387,-0.4999999999999998
2024-10-30 09:00:00,14373.659,14.9,0.7071067811865476,-0.7071067811865475
2024-10-30 10:00:00,14492.601,16.5,0.4999999999999999,-0.8660254037844387
2024-10-30 11:00:00,14535.595,18.4,0.258819045102521,-0.9659258262890682
2024-10-30 12:00:00,14628.775,20.2,1.2246467991473532e-16,-1.0
2024-10-30 13:00:00,14918.796,22.0,-0.2588190451025208,-0.9659258262890684
2024-10-30 14:00:00,14892.593,23.1,-0.4999999999999998,-0.8660254037844388
2024-10-30 15:00:00,14950.267,23.8,-0.7071067811865471,-0.7071067811865479
2024-10-30 16:00:00,15004.767,24.0,-0.8660254037844384,-0.5000000000000004
2024-10-30 17:00:00,15023.295,23.5,-0.9659258262890684,-0.2588190451025206
2024-10-30 18:00:00,14990.075,22.0,-1.0,-1.8369701987210294e-16
2024-10-30 19:00:00,15103.176,19.9,-0.9659258262890684,0.2588190451025203
2024-10-30 20:00:00,14892.988,18.5,-0.8660254037844386,0.5000000000000001
2024-10-30 21:00:00,14266.805,18.6,-0.7071067811865477,0.7071067811865474
2024-10-30 22:00:00,13590.679,17.2,-0.5000000000000004,0.8660254037844384
2024-10-30 23:00:00,12867.687,16.5,-0.2588190451025215,0.965925826289068
2024-10-31 00:00:00,12266.851,16.9,0.0,1.0
2024-10-31 01:00:00,11915.25,16.9,0.2588190451025207,0.9659258262890684
2024-10-31 02:00:00,11742.996,17.1,0.4999999999999999,0.8660254037844387
2024-10-31 03:00:00,11622.636,17.3,0.7071067811865475,0.7071067811865476
2024-10-31 04:00:00,11695.598,17.5,0.8660254037844386,0.5000000000000001
2024-10-31 05:00:00,12289.157,17.4,0.9659258262890684,0.2588190451025207
2024-10-31 06:00:00,13199.395,17.5,1.0,6.123233995736766e-17
2024-10-31 07:00:00,13889.509,17.5,0.9659258262890684,-0.2588190451025206
2024-10-31 08:00:00,13999.092,17.5,0.8660254037844387,-0.4999999999999998
2024-10-31 09:00:00,14088.267,19.2,0.7071067811865476,-0.7071067811865475
2024-10-31 10:00:00,14217.234,21.0,0.4999999999999999,-0.8660254037844387
2024-10-31 11:00:00,14358.147,22.4,0.258819045102521,-0.9659258262890682
2024-10-31 12:00:00,14566.498,23.5,1.2246467991473532e-16,-1.0
2024-10-31 13:00:00,14691.114999999998,24.6,-0.2588190451025208,-0.9659258262890684
2024-10-31 14:00:00,14708.092,25.1,-0.4999999999999998,-0.8660254037844388
2024-10-31 15:00:00,14520.563000000002,23.1,-0.7071067811865471,-0.7071067811865479
2024-10-31 16:00:00,14561.46,22.5,-0.8660254037844384,-0.5000000000000004
2024-10-31 17:00:00,14344.008,21.1,-0.9659258262890684,-0.2588190451025206
2024-10-31 18:00:00,14312.363,21.2,-1.0,-1.8369701987210294e-16
2024-10-31 19:00:00,14285.721,21.2,-0.9659258262890684,0.2588190451025203
2024-10-31 20:00:00,14311.655,20.1,-0.8660254037844386,0.5000000000000001
2024-10-31 21:00:00,13985.363,17.9,-0.7071067811865477,0.7071067811865474
2024-10-31 22:00:00,13323.702,17.1,-0.5000000000000004,0.8660254037844384
2024-10-31 23:00:00,12736.391,17.0,-0.2588190451025215,0.965925826289068
2024-11-01 00:00:00,12213.382,17.2,0.0,1.0
2024-11-01 01:00:00,11902.166,16.4,0.2588190451025207,0.9659258262890684
2024-11-01 02:00:00,11567.547,16.1,0.4999999999999999,0.8660254037844387
2024-11-01 03:00:00,11457.636,13.7,0.7071067811865475,0.7071067811865476
2024-11-01 04:00:00,11581.687,10.6,0.8660254037844386,0.5000000000000001
2024-11-01 05:00:00,11988.374,9.1,0.9659258262890684,0.2588190451025207
2024-11-01 06:00:00,12896.397,8.1,1.0,6.123233995736766e-17
2024-11-01 07:00:00,13541.459,7.2,0.9659258262890684,-0.2588190451025206
2024-11-01 08:00:00,13743.029,6.6,0.8660254037844387,-0.4999999999999998
2024-11-01 09:00:00,13839.672,7.2,0.7071067811865476,-0.7071067811865475
2024-11-01 10:00:00,13883.928,8.0,0.4999999999999999,-0.8660254037844387
2024-11-01 11:00:00,13774.967,9.1,0.258819045102521,-0.9659258262890682
2024-11-01 12:00:00,13756.801,10.3,1.2246467991473532e-16,-1.0
2024-11-01 13:00:00,13742.207,11.6,-0.2588190451025208,-0.9659258262890684
2024-11-01 14:00:00,13658.96,12.6,-0.4999999999999998,-0.8660254037844388
2024-11-01 15:00:00,13471.168,13.1,-0.7071067811865471,-0.7071067811865479
2024-11-01 16:00:00,13503.733,13.4,-0.8660254037844384,-0.5000000000000004
2024-11-01 17:00:00,13545.568,13.2,-0.9659258262890684,-0.2588190451025206
2024-11-01 18:00:00,13743.538,12.2,-1.0,-1.8369701987210294e-16
2024-11-01 19:00:00,13865.457,9.6,-0.9659258262890684,0.2588190451025203
2024-11-01 20:00:00,13670.82,9.1,-0.8660254037844386,0.5000000000000001
2024-11-01 21:00:00,13446.149,8.1,-0.7071067811865477,0.7071067811865474
2024-11-01 22:00:00,12957.772,7.3,-0.5000000000000004,0.8660254037844384
2024-11-01 23:00:00,12479.407,6.6,-0.2588190451025215,0.965925826289068
2024-11-02 00:00:00,12009.257,5.9,0.0,1.0
2024-11-02 01:00:00,11766.383,5.1,0.2588190451025207,0.9659258262890684
2024-11-02 02:00:00,11714.121,4.8,0.4999999999999999,0.8660254037844387
2024-11-02 03:00:00,11766.839,4.2,0.7071067811865475,0.7071067811865476
2024-11-02 04:00:00,11934.616000000002,3.7,0.8660254037844386,0.5000000000000001
2024-11-02 05:00:00,12155.678,3.3,0.9659258262890684,0.2588190451025207
2024-11-02 06:00:00,12682.192,3.0,1.0,6.123233995736766e-17
2024-11-02 07:00:00,13138.749,2.7,0.9659258262890684,-0.2588190451025206
2024-11-02 08:00:00,13668.605,2.2,0.8660254037844387,-0.4999999999999998
2024-11-02 09:00:00,13680.526,3.7,0.7071067811865476,-0.7071067811865475
2024-11-02 10:00:00,13469.118,6.4,0.4999999999999999,-0.8660254037844387
2024-11-02 11:00:00,13226.435,9.3,0.258819045102521,-0.9659258262890682
2024-11-02 12:00:00,12883.42,11.1,1.2246467991473532e-16,-1.0
2024-11-02 13:00:00,12739.401,12.2,-0.2588190451025208,-0.9659258262890684
2024-11-02 14:00:00,12707.349,13.1,-0.4999999999999998,-0.8660254037844388
2024-11-02 15:00:00,12622.158,13.8,-0.7071067811865471,-0.7071067811865479
2024-11-02 16:00:00,12682.128,14.1,-0.8660254037844384,-0.5000000000000004
2024-11-02 17:00:00,12867.192,13.9,-0.9659258262890684,-0.2588190451025206
2024-11-02 18:00:00,13000.719,11.8,-1.0,-1.8369701987210294e-16
2024-11-02 19:00:00,13187.506,10.1,-0.9659258262890684,0.2588190451025203
2024-11-02 20:00:00,13155.829,8.9,-0.8660254037844386,0.5000000000000001
2024-11-02 21:00:00,12990.302,7.9,-0.7071067811865477,0.7071067811865474
2024-11-02 22:00:00,12608.868,7.2,-0.5000000000000004,0.8660254037844384
2024-11-02 23:00:00,12245.654,6.9,-0.2588190451025215,0.965925826289068
2024-11-03 00:00:00,11992.34,6.8,0.0,1.0
2024-11-03 01:00:00,23574.263,6.2,0.2588190451025207,0.9659258262890684
2024-11-03 02:00:00,11763.148,6.4,0.4999999999999999,0.8660254037844387
2024-11-03 03:00:00,11873.502,6.4,0.7071067811865475,0.7071067811865476
2024-11-03 04:00:00,11990.883,6.2,0.8660254037844386,0.5000000000000001
2024-11-03 05:00:00,12223.472,5.5,0.9659258262890684,0.2588190451025207
2024-11-03 06:00:00,12673.385,5.2,1.0,6.123233995736766e-17
2024-11-03 07:00:00,13021.171,5.2,0.9659258262890684,-0.2588190451025206
2024-11-03 08:00:00,13238.158,5.2,0.8660254037844387,-0.4999999999999998
2024-11-03 09:00:00,13107.522,5.9,0.7071067811865476,-0.7071067811865475
2024-11-03 10:00:00,12882.914,8.4,0.4999999999999999,-0.8660254037844387
2024-11-03 11:00:00,12718.711,10.8,0.258819045102521,-0.9659258262890682
2024-11-03 12:00:00,12672.113,13.4,1.2246467991473532e-16,-1.0
2024-11-03 13:00:00,12612.244,15.4,-0.2588190451025208,-0.9659258262890684
2024-11-03 14:00:00,12663.447,17.0,-0.4999999999999998,-0.8660254037844388
2024-11-03 15:00:00,12834.542,18.2,-0.7071067811865471,-0.7071067811865479
2024-11-03 16:00:00,13099.976,19.0,-0.8660254037844384,-0.5000000000000004
2024-11-03 17:00:00,13518.062999999998,19.0,-0.9659258262890684,-0.2588190451025206
2024-11-03 18:00:00,13730.359,16.5,-1.0,-1.8369701987210294e-16
2024-11-03 19:00:00,13640.834,14.7,-0.9659258262890684,0.2588190451025203
2024-11-03 20:00:00,13273.394,14.6,-0.8660254037844386,0.5000000000000001
2024-11-03 21:00:00,12806.344,14.6,-0.7071067811865477,0.7071067811865474
2024-11-03 22:00:00,12446.242,14.6,-0.5000000000000004,0.8660254037844384
2024-11-03 23:00:00,12015.505,15.1,-0.2588190451025215,0.965925826289068
2024-11-04 00:00:00,11743.246,15.2,0.0,1.0
2024-11-04 01:00:00,11668.396,15.7,0.2588190451025207,0.9659258262890684
2024-11-04 02:00:00,11580.46,15.5,0.4999999999999999,0.8660254037844387
2024-11-04 03:00:00,11622.561000000002,15.1,0.7071067811865475,0.7071067811865476
2024-11-04 04:00:00,12006.528,14.8,0.8660254037844386,0.5000000000000001
2024-11-04 05:00:00,12727.044,14.5,0.9659258262890684,0.2588190451025207
2024-11-04 06:00:00,13751.084,14.0,1.0,6.123233995736766e-17
2024-11-04 07:00:00,14272.108,13.9,0.9659258262890684,-0.2588190451025206
2024-11-04 08:00:00,14383.828,13.9,0.8660254037844387,-0.4999999999999998
2024-11-04 09:00:00,14373.236,14.5,0.7071067811865476,-0.7071067811865475
2024-11-04 10:00:00,14203.454,16.1,0.4999999999999999,-0.8660254037844387
2024-11-04 11:00:00,14213.335,17.5,0.258819045102521,-0.9659258262890682
2024-11-04 12:00:00,14327.244,18.5,1.2246467991473532e-16,-1.0
2024-11-04 13:00:00,14384.627,20.1,-0.2588190451025208,-0.9659258262890684
2024-11-04 14:00:00,14355.918,21.8,-0.4999999999999998,-0.8660254037844388
2024-11-04 15:00:00,14360.985,22.4,-0.7071067811865471,-0.7071067811865479
2024-11-04 16:00:00,14269.632,22.8,-0.8660254037844384,-0.5000000000000004
2024-11-04 17:00:00,14737.928,22.7,-0.9659258262890684,-0.2588190451025206
2024-11-04 18:00:00,14790.799,22.0,-1.0,-1.8369701987210294e-16
2024-11-04 19:00:00,14648.2,20.4,-0.9659258262890684,0.2588190451025203
2024-11-04 20:00:00,14382.114,19.6,-0.8660254037844386,0.5000000000000001
2024-11-04 21:00:00,13846.193,19.2,-0.7071067811865477,0.7071067811865474
2024-11-04 22:00:00,13154.769,18.6,-0.5000000000000004,0.8660254037844384
2024-11-04 23:00:00,12593.704,18.5,-0.2588190451025215,0.965925826289068
2024-11-05 00:00:00,12059.253,18.5,0.0,1.0
2024-11-05 01:00:00,11854.033,18.0,0.2588190451025207,0.9659258262890684
2024-11-05 02:00:00,11711.835,17.6,0.4999999999999999,0.8660254037844387
2024-11-05 03:00:00,11652.158,17.4,0.7071067811865475,0.7071067811865476
2024-11-05 04:00:00,11928.618,17.0,0.8660254037844386,0.5000000000000001
2024-11-05 05:00:00,12566.293,16.5,0.9659258262890684,0.2588190451025207
2024-11-05 06:00:00,13371.947,16.7,1.0,6.123233995736766e-17
2024-11-05 07:00:00,13757.004,16.4,0.9659258262890684,-0.2588190451025206
2024-11-05 08:00:00,14014.469,16.1,0.8660254037844387,-0.4999999999999998
2024-11-05 09:00:00,14124.019,16.7,0.7071067811865476,-0.7071067811865475
2024-11-05 10:00:00,14341.993,17.8,0.4999999999999999,-0.8660254037844387
2024-11-05 11:00:00,14609.228,19.7,0.258819045102521,-0.9659258262890682
2024-11-05 12:00:00,14749.199,21.5,1.2246467991473532e-16,-1.0
2024-11-05 13:00:00,14967.328,23.0,-0.2588190451025208,-0.9659258262890684
2024-11-05 14:00:00,15013.3,24.0,-0.4999999999999998,-0.8660254037844388
2024-11-05 15:00:00,14944.364,24.8,-0.7071067811865471,-0.7071067811865479
2024-11-05 16:00:00,14925.321,25.2,-0.8660254037844384,-0.5000000000000004
2024-11-05 17:00:00,15083.562,24.9,-0.9659258262890684,-0.2588190451025206
2024-11-05 18:00:00,15317.677,23.7,-1.0,-1.8369701987210294e-16
2024-11-05 19:00:00,15024.811,22.1,-0.9659258262890684,0.2588190451025203
2024-11-05 20:00:00,14838.804,22.5,-0.8660254037844386,0.5000000000000001
2024-11-05 21:00:00,14241.765,21.8,-0.7071067811865477,0.7071067811865474
2024-11-05 22:00:00,13657.058,22.5,-0.5000000000000004,0.8660254037844384
2024-11-05 23:00:00,12922.563999999998,21.6,-0.2588190451025215,0.965925826289068
2024-11-06 00:00:00,12537.219,21.0,0.0,1.0
2024-11-06 01:00:00,12212.313,20.8,0.2588190451025207,0.9659258262890684
2024-11-06 02:00:00,12012.755,20.7,0.4999999999999999,0.8660254037844387
2024-11-06 03:00:00,11885.112,20.2,0.7071067811865475,0.7071067811865476
2024-11-06 04:00:00,12050.338,19.7,0.8660254037844386,0.5000000000000001
2024-11-06 05:00:00,12602.186,19.5,0.9659258262890684,0.2588190451025207
2024-11-06 06:00:00,13353.189,19.2,1.0,6.123233995736766e-17
2024-11-06 07:00:00,14000.275,17.8,0.9659258262890684,-0.2588190451025206
2024-11-06 08:00:00,14092.771,17.5,0.8660254037844387,-0.4999999999999998
2024-11-06 09:00:00,14244.784,17.5,0.7071067811865476,-0.7071067811865475
2024-11-06 10:00:00,14491.616,17.7,0.4999999999999999,-0.8660254037844387
2024-11-06 11:00:00,14522.075,19.0,0.258819045102521,-0.9659258262890682
2024-11-06 12:00:00,14634.16,20.2,1.2246467991473532e-16,-1.0
2024-11-06 13:00:00,14685.794,20.4,-0.2588190451025208,-0.9659258262890684
2024-11-06 14:00:00,14739.373,20.5,-0.4999999999999998,-0.8660254037844388
2024-11-06 15:00:00,14655.048,20.2,-0.7071067811865471,-0.7071067811865479
2024-11-06 16:00:00,14566.575,20.2,-0.8660254037844384,-0.5000000000000004
2024-11-06 17:00:00,14869.446,20.1,-0.9659258262890684,-0.2588190451025206
2024-11-06 18:00:00,15049.052,19.5,-1.0,-1.8369701987210294e-16
2024-11-06 19:00:00,14749.698,16.4,-0.9659258262890684,0.2588190451025203
2024-11-06 20:00:00,14437.754,15.6,-0.8660254037844386,0.5000000000000001
2024-11-06 21:00:00,13931.353,15.6,-0.7071067811865477,0.7071067811865474
2024-11-06 22:00:00,13279.515,15.2,-0.5000000000000004,0.8660254037844384
2024-11-06 23:00:00,12493.311,14.4,-0.2588190451025215,0.965925826289068
2024-11-07 00:00:00,12121.594,13.6,0.0,1.0
2024-11-07 01:00:00,11803.841,13.9,0.2588190451025207,0.9659258262890684
2024-11-07 02:00:00,11585.99,13.1,0.4999999999999999,0.8660254037844387
2024-11-07 03:00:00,11529.95,12.5,0.7071067811865475,0.7071067811865476
2024-11-07 04:00:00,11621.685,12.1,0.8660254037844386,0.5000000000000001
2024-11-07 05:00:00,12321.862,12.6,0.9659258262890684,0.2588190451025207
2024-11-07 06:00:00,13306.259,12.9,1.0,6.123233995736766e-17
2024-11-07 07:00:00,13769.394,12.1,0.9659258262890684,-0.2588190451025206
2024-11-07 08:00:00,13997.513,10.4,0.8660254037844387,-0.4999999999999998
2024-11-07 09:00:00,14091.766,9.2,0.7071067811865476,-0.7071067811865475
2024-11-07 10:00:00,14104.121,10.4,0.4999999999999999,-0.8660254037844387
2024-11-07 11:00:00,14211.52,12.1,0.258819045102521,-0.9659258262890682
2024-11-07 12:00:00,14190.611,13.6,1.2246467991473532e-16,-1.0
2024-11-07 13:00:00,14447.781,14.8,-0.2588190451025208,-0.9659258262890684
2024-11-07 14:00:00,14349.536,15.5,-0.4999999999999998,-0.8660254037844388
2024-11-07 15:00:00,14182.598000000002,15.8,-0.7071067811865471,-0.7071067811865479
2024-11-07 16:00:00,14171.594,15.8,-0.8660254037844384,-0.5000000000000004
2024-11-07 17:00:00,14451.564,15.2,-0.9659258262890684,-0.2588190451025206
2024-11-07 18:00:00,14710.547,13.6,-1.0,-1.8369701987210294e-16
2024-11-07 19:00:00,14640.884000000002,11.9,-0.9659258262890684,0.2588190451025203
2024-11-07 20:00:00,14356.176,10.8,-0.8660254037844386,0.5000000000000001
2024-11-07 21:00:00,13889.798,9.4,-0.7071067811865477,0.7071067811865474
2024-11-07 22:00:00,13254.213,8.8,-0.5000000000000004,0.8660254037844384
2024-11-07 23:00:00,12731.757,7.8,-0.2588190451025215,0.965925826289068
2024-11-08 00:00:00,12304.96,7.2,0.0,1.0
2024-11-08 01:00:00,11942.5,6.5,0.2588190451025207,0.9659258262890684
2024-11-08 02:00:00,11837.497,5.5,0.4999999999999999,0.8660254037844387
2024-11-08 03:00:00,11862.614,4.4,0.7071067811865475,0.7071067811865476
2024-11-08 04:00:00,12006.816,4.3,0.8660254037844386,0.5000000000000001
2024-11-08 05:00:00,12639.19,3.8,0.9659258262890684,0.2588190451025207
2024-11-08 06:00:00,13640.185,4.0,1.0,6.123233995736766e-17
2024-11-08 07:00:00,13984.812999999998,3.2,0.9659258262890684,-0.2588190451025206
2024-11-08 08:00:00,14073.995,3.2,0.8660254037844387,-0.4999999999999998
2024-11-08 09:00:00,13989.896,5.3,0.7071067811865476,-0.7071067811865475
2024-11-08 10:00:00,14002.691,8.2,0.4999999999999999,-0.8660254037844387
2024-11-08 11:00:00,13995.196,10.8,0.258819045102521,-0.9659258262890682
2024-11-08 12:00:00,13964.718,12.9,1.2246467991473532e-16,-1.0
2024-11-08 13:00:00,14073.997,14.6,-0.2588190451025208,-0.9659258262890684
2024-11-08 14:00:00,13836.036,16.0,-0.4999999999999998,-0.8660254037844388
2024-11-08 15:00:00,13760.427,16.9,-0.7071067811865471,-0.7071067811865479
2024-11-08 16:00:00,13698.829000000002,16.8,-0.8660254037844384,-0.5000000000000004
2024-11-08 17:00:00,13936.08,16.1,-0.9659258262890684,-0.2588190451025206
2024-11-08 18:00:00,14038.709,13.8,-1.0,-1.8369701987210294e-16
2024-11-08 19:00:00,13868.34,11.7,-0.9659258262890684,0.2588190451025203
2024-11-08 20:00:00,13572.464,10.7,-0.8660254037844386,0.5000000000000001
2024-11-08 21:00:00,13362.637,9.9,-0.7071067811865477,0.7071067811865474
2024-11-08 22:00:00,12870.973000000002,9.5,-0.5000000000000004,0.8660254037844384
2024-11-08 23:00:00,12389.034,8.2,-0.2588190451025215,0.965925826289068
2024-11-09 00:00:00,12042.59,7.8,0.0,1.0
2024-11-09 01:00:00,11866.236,7.8,0.2588190451025207,0.9659258262890684
2024-11-09 02:00:00,11669.502,7.7,0.4999999999999999,0.8660254037844387
2024-11-09 03:00:00,11698.127,7.4,0.7071067811865475,0.7071067811865476
2024-11-09 04:00:00,11842.134,7.1,0.8660254037844386,0.5000000000000001
2024-11-09 05:00:00,12104.832,6.3,0.9659258262890684,0.2588190451025207
2024-11-09 06:00:00,12656.092,5.7,1.0,6.123233995736766e-17
2024-11-09 07:00:00,12947.112,5.0,0.9659258262890684,-0.2588190451025206
2024-11-09 08:00:00,13205.58,5.1,0.8660254037844387,-0.4999999999999998
2024-11-09 09:00:00,13138.062,5.7,0.7071067811865476,-0.7071067811865475
2024-11-09 10:00:00,13051.169,7.7,0.4999999999999999,-0.8660254037844387
2024-11-09 11:00:00,12914.435,9.6,0.258819045102521,-0.9659258262890682
2024-11-09 12:00:00,12783.603,11.1,1.2246467991473532e-16,-1.0
2024-11-09 13:00:00,12569.982,12.4,-0.2588190451025208,-0.9659258262890684
2024-11-09 14:00:00,12536.059,13.4,-0.4999999999999998,-0.8660254037844388
2024-11-09 15:00:00,12542.924,14.1,-0.7071067811865471,-0.7071067811865479
2024-11-09 16:00:00,12839.174,14.4,-0.8660254037844384,-0.5000000000000004
2024-11-09 17:00:00,13338.29,14.1,-0.9659258262890684,-0.2588190451025206
2024-11-09 18:00:00,13493.744,12.4,-1.0,-1.8369701987210294e-16
2024-11-09 19:00:00,13357.897,12.1,-0.9659258262890684,0.2588190451025203
2024-11-09 20:00:00,13223.118,11.4,-0.8660254037844386,0.5000000000000001
2024-11-09 21:00:00,12932.942,10.2,-0.7071067811865477,0.7071067811865474
2024-11-09 22:00:00,12486.288,9.7,-0.5000000000000004,0.8660254037844384
2024-11-09 23:00:00,12116.327,9.6,-0.2588190451025215,0.965925826289068
2024-11-10 00:00:00,11651.806,9.9,0.0,1.0
2024-11-10 01:00:00,11428.161,9.6,0.2588190451025207,0.9659258262890684
2024-11-10 02:00:00,11358.418,10.3,0.4999999999999999,0.8660254037844387
2024-11-10 03:00:00,11393.79,10.8,0.7071067811865475,0.7071067811865476
2024-11-10 04:00:00,11425.784,10.6,0.8660254037844386,0.5000000000000001
2024-11-10 05:00:00,11566.677,10.6,0.9659258262890684,0.2588190451025207
2024-11-10 06:00:00,11918.188,11.6,1.0,6.123233995736766e-17
2024-11-10 07:00:00,12205.408,12.1,0.9659258262890684,-0.2588190451025206
2024-11-10 08:00:00,12700.074,11.9,0.8660254037844387,-0.4999999999999998
2024-11-10 09:00:00,12972.301,12.6,0.7071067811865476,-0.7071067811865475
2024-11-10 10:00:00,13003.585,12.9,0.4999999999999999,-0.8660254037844387
2024-11-10 11:00:00,13146.737,13.5,0.258819045102521,-0.9659258262890682
2024-11-10 12:00:00,13193.313,14.2,1.2246467991473532e-16,-1.0
2024-11-10 13:00:00,13119.616000000002,14.5,-0.2588190451025208,-0.9659258262890684
2024-11-10 14:00:00,12965.956,15.0,-0.4999999999999998,-0.8660254037844388
2024-11-10 15:00:00,13090.06,15.2,-0.7071067811865471,-0.7071067811865479
2024-11-10 16:00:00,13350.747,15.9,-0.8660254037844384,-0.5000000000000004
2024-11-10 17:00:00,13731.736,16.8,-0.9659258262890684,-0.2588190451025206
2024-11-10 18:00:00,13825.079,17.0,-1.0,-1.8369701987210294e-16
2024-11-10 19:00:00,13673.102,16.9,-0.9659258262890684,0.2588190451025203
2024-11-10 20:00:00,13308.166,16.9,-0.8660254037844386,0.5000000000000001
2024-11-10 21:00:00,12899.238,15.9,-0.7071067811865477,0.7071067811865474
2024-11-10 22:00:00,12488.314,15.8,-0.5000000000000004,0.8660254037844384
2024-11-10 23:00:00,12076.928,15.6,-0.2588190451025215,0.965925826289068
2024-11-11 00:00:00,11686.212,15.6,0.0,1.0
2024-11-11 01:00:00,11492.597,14.2,0.2588190451025207,0.9659258262890684
2024-11-11 02:00:00,11451.812,11.7,0.4999999999999999,0.8660254037844387
2024-11-11 03:00:00,11522.353,10.1,0.7071067811865475,0.7071067811865476
2024-11-11 04:00:00,11757.29,8.9,0.8660254037844386,0.5000000000000001
2024-11-11 05:00:00,12409.625,8.1,0.9659258262890684,0.2588190451025207
2024-11-11 06:00:00,13348.976,7.6,1.0,6.123233995736766e-17
2024-11-11 07:00:00,13840.077,7.2,0.9659258262890684,-0.2588190451025206
2024-11-11 08:00:00,14020.711,6.9,0.8660254037844387,-0.4999999999999998
2024-11-11 09:00:00,14194.122,7.5,0.7071067811865476,-0.7071067811865475
2024-11-11 10:00:00,14136.931,9.4,0.4999999999999999,-0.8660254037844387
2024-11-11 11:00:00,14120.324,11.3,0.258819045102521,-0.9659258262890682
2024-11-11 12:00:00,14072.221,12.9,1.2246467991473532e-16,-1.0
2024-11-11 13:00:00,14085.892,14.1,-0.2588190451025208,-0.9659258262890684
2024-11-11 14:00:00,14023.714,15.6,-0.4999999999999998,-0.8660254037844388
2024-11-11 15:00:00,13950.26,15.8,-0.7071067811865471,-0.7071067811865479
2024-11-11 16:00:00,14115.844,16.1,-0.8660254037844384,-0.5000000000000004
2024-11-11 17:00:00,14419.112,15.5,-0.9659258262890684,-0.2588190451025206
2024-11-11 18:00:00,14563.367,14.1,-1.0,-1.8369701987210294e-16
2024-11-11 19:00:00,14482.343,13.2,-0.9659258262890684,0.2588190451025203
2024-11-11 20:00:00,14307.906,12.8,-0.8660254037844386,0.5000000000000001
2024-11-11 21:00:00,13926.425,12.2,-0.7071067811865477,0.7071067811865474
2024-11-11 22:00:00,13312.265,11.7,-0.5000000000000004,0.8660254037844384
2024-11-11 23:00:00,12726.598,10.1,-0.2588190451025215,0.965925826289068
2024-11-12 00:00:00,12312.179,7.2,0.0,1.0
2024-11-12 01:00:00,12177.170000000002,5.9,0.2588190451025207,0.9659258262890684
2024-11-12 02:00:00,12101.106,5.4,0.4999999999999999,0.8660254037844387
2024-11-12 03:00:00,12172.431,5.1,0.7071067811865475,0.7071067811865476
2024-11-12 04:00:00,12474.428,4.8,0.8660254037844386,0.5000000000000001
2024-11-12 05:00:00,13141.772,4.3,0.9659258262890684,0.2588190451025207
2024-11-12 06:00:00,14175.173,4.1,1.0,6.123233995736766e-17
2024-11-12 07:00:00,14791.868,4.2,0.9659258262890684,-0.2588190451025206
2024-11-12 08:00:00,14801.992,4.6,0.8660254037844387,-0.4999999999999998
2024-11-12 09:00:00,14636.705,6.0,0.7071067811865476,-0.7071067811865475
2024-11-12 10:00:00,14486.88,7.3,0.4999999999999999,-0.8660254037844387
2024-11-12 11:00:00,14259.468,8.1,0.258819045102521,-0.9659258262890682
2024-11-12 12:00:00,14132.516,8.7,1.2246467991473532e-16,-1.0
2024-11-12 13:00:00,13951.351,9.2,-0.2588190451025208,-0.9659258262890684
2024-11-12 14:00:00,13804.271,10.1,-0.4999999999999998,-0.8660254037844388
2024-11-12 15:00:00,13703.053,10.4,-0.7071067811865471,-0.7071067811865479
2024-11-12 16:00:00,13919.145,10.3,-0.8660254037844384,-0.5000000000000004
2024-11-12 17:00:00,14539.987,9.9,-0.9659258262890684,-0.2588190451025206
2024-11-12 18:00:00,15009.613,8.7,-1.0,-1.8369701987210294e-16
2024-11-12 19:00:00,14981.054,7.2,-0.9659258262890684,0.2588190451025203
2024-11-12 20:00:00,14908.944,6.2,-0.8660254037844386,0.5000000000000001
2024-11-12 21:00:00,14529.812,5.4,-0.7071067811865477,0.7071067811865474
2024-11-12 22:00:00,14033.526,4.9,-0.5000000000000004,0.8660254037844384
2024-11-12 23:00:00,13581.779,4.5,-0.2588190451025215,0.965925826289068
2024-11-13 00:00:00,13297.383,4.1,0.0,1.0
2024-11-13 01:00:00,13231.788,3.8,0.2588190451025207,0.9659258262890684
2024-11-13 02:00:00,13191.597,3.3,0.4999999999999999,0.8660254037844387
2024-11-13 03:00:00,13350.387,3.0,0.7071067811865475,0.7071067811865476
2024-11-13 04:00:00,13656.056,2.7,0.8660254037844386,0.5000000000000001
2024-11-13 05:00:00,14378.385,2.5,0.9659258262890684,0.2588190451025207
2024-11-13 06:00:00,15504.519,2.3,1.0,6.123233995736766e-17
2024-11-13 07:00:00,16045.759,2.0,0.9659258262890684,-0.2588190451025206
2024-11-13 08:00:00,15934.353,2.0,0.8660254037844387,-0.4999999999999998
2024-11-13 09:00:00,15488.276999999998,2.2,0.7071067811865476,-0.7071067811865475
2024-11-13 10:00:00,15053.077,3.8,0.4999999999999999,-0.8660254037844387
2024-11-13 11:00:00,14733.611,5.8,0.258819045102521,-0.9659258262890682
2024-11-13 12:00:00,14490.333,8.1,1.2246467991473532e-16,-1.0
2024-11-13 13:00:00,14413.548,10.1,-0.2588190451025208,-0.9659258262890684
2024-11-13 14:00:00,14257.734,11.9,-0.4999999999999998,-0.8660254037844388
2024-11-13 15:00:00,14248.0,13.2,-0.7071067811865471,-0.7071067811865479
2024-11-13 16:00:00,14505.452,13.7,-0.8660254037844384,-0.5000000000000004
2024-11-13 17:00:00,15085.462,13.4,-0.9659258262890684,-0.2588190451025206
2024-11-13 18:00:00,15337.244,12.0,-1.0,-1.8369701987210294e-16
2024-11-13 19:00:00,15275.26,11.2,-0.9659258262890684,0.2588190451025203
2024-11-13 20:00:00,15042.961,10.8,-0.8660254037844386,0.5000000000000001
2024-11-13 21:00:00,14696.06,11.1,-0.7071067811865477,0.7071067811865474
2024-11-13 22:00:00,14066.234,11.1,-0.5000000000000004,0.8660254037844384
2024-11-13 23:00:00,13441.154,11.1,-0.2588190451025215,0.965925826289068
2024-11-14 00:00:00,13049.686,11.1,0.0,1.0
2024-11-14 01:00:00,12881.204000000002,10.0,0.2588190451025207,0.9659258262890684
2024-11-14 02:00:00,12825.526,9.4,0.4999999999999999,0.8660254037844387
2024-11-14 03:00:00,12920.545,7.9,0.7071067811865475,0.7071067811865476
2024-11-14 04:00:00,13238.335,6.8,0.8660254037844386,0.5000000000000001
2024-11-14 05:00:00,13848.67,6.7,0.9659258262890684,0.2588190451025207
2024-11-14 06:00:00,14790.16,6.6,1.0,6.123233995736766e-17
2024-11-14 07:00:00,15377.194,6.6,0.9659258262890684,-0.2588190451025206
2024-11-14 08:00:00,15435.171,6.7,0.8660254037844387,-0.4999999999999998
2024-11-14 09:00:00,15481.53,6.7,0.7071067811865476,-0.7071067811865475
2024-11-14 10:00:00,15622.508,7.7,0.4999999999999999,-0.8660254037844387
2024-11-14 11:00:00,15427.814,8.3,0.258819045102521,-0.9659258262890682
2024-11-14 12:00:00,15281.266,9.6,1.2246467991473532e-16,-1.0
2024-11-14 13:00:00,15209.752,9.9,-0.2588190451025208,-0.9659258262890684
2024-11-14 14:00:00,15016.7,11.3,-0.4999999999999998,-0.8660254037844388
2024-11-14 15:00:00,14984.376,11.9,-0.7071067811865471,-0.7071067811865479
2024-11-14 16:00:00,15013.18,12.1,-0.8660254037844384,-0.5000000000000004
2024-11-14 17:00:00,15365.378,12.5,-0.9659258262890684,-0.2588190451025206
2024-11-14 18:00:00,15371.352,11.9,-1.0,-1.8369701987210294e-16
2024-11-14 19:00:00,15203.128,10.6,-0.9659258262890684,0.2588190451025203
2024-11-14 20:00:00,14916.101,10.6,-0.8660254037844386,0.5000000000000001
2024-11-14 21:00:00,14429.133000000002,9.9,-0.7071067811865477,0.7071067811865474
2024-11-14 22:00:00,13828.744,9.4,-0.5000000000000004,0.8660254037844384
2024-11-14 23:00:00,13341.614,9.4,-0.2588190451025215,0.965925826289068
2024-11-15 00:00:00,12781.586,9.7,0.0,1.0
2024-11-15 01:00:00,12533.763,10.4,0.2588190451025207,0.9659258262890684
2024-11-15 02:00:00,12362.902,10.4,0.4999999999999999,0.8660254037844387
2024-11-15 03:00:00,12382.491000000002,10.4,0.7071067811865475,0.7071067811865476
2024-11-15 04:00:00,12544.388,10.4,0.8660254037844386,0.5000000000000001
2024-11-15 05:00:00,13091.249,10.4,0.9659258262890684,0.2588190451025207
2024-11-15 06:00:00,14007.49,10.4,1.0,6.123233995736766e-17
2024-11-15 07:00:00,14490.343,10.1,0.9659258262890684,-0.2588190451025206
2024-11-15 08:00:00,14509.349,9.9,0.8660254037844387,-0.4999999999999998
2024-11-15 09:00:00,14611.447,9.7,0.7071067811865476,-0.7071067811865475
2024-11-15 10:00:00,14574.434,10.3,0.4999999999999999,-0.8660254037844387
2024-11-15 11:00:00,14496.181,10.9,0.258819045102521,-0.9659258262890682
2024-11-15 12:00:00,14459.246,11.0,1.2246467991473532e-16,-1.0
2024-11-15 13:00:00,14381.69,11.4,-0.2588190451025208,-0.9659258262890684
2024-11-15 14:00:00,14302.941,11.7,-0.4999999999999998,-0.8660254037844388
2024-11-15 15:00:00,14230.373,11.8,-0.7071067811865471,-0.7071067811865479
2024-11-15 16:00:00,14255.495,11.6,-0.8660254037844384,-0.5000000000000004
2024-11-15 17:00:00,14568.646,11.7,-0.9659258262890684,-0.2588190451025206
2024-11-15 18:00:00,14529.695,11.2,-1.0,-1.8369701987210294e-16
2024-11-15 19:00:00,14333.574,10.9,-0.9659258262890684,0.2588190451025203
2024-11-15 20:00:00,14101.605,10.6,-0.8660254037844386,0.5000000000000001
2024-11-15 21:00:00,13750.062,9.5,-0.7071067811865477,0.7071067811865474
2024-11-15 22:00:00,13186.596,9.4,-0.5000000000000004,0.8660254037844384
2024-11-15 23:00:00,12668.634,9.2,-0.2588190451025215,0.965925826289068
2024-11-16 00:00:00,12269.355,9.1,0.0,1.0
2024-11-16 01:00:00,12096.5,8.8,0.2588190451025207,0.9659258262890684
2024-11-16 02:00:00,11930.304,8.9,0.4999999999999999,0.8660254037844387
2024-11-16 03:00:00,11875.269,8.7,0.7071067811865475,0.7071067811865476
2024-11-16 04:00:00,11852.482,8.6,0.8660254037844386,0.5000000000000001
2024-11-16 05:00:00,12128.072,8.6,0.9659258262890684,0.2588190451025207
2024-11-16 06:00:00,12487.265,8.6,1.0,6.123233995736766e-17
2024-11-16 07:00:00,12935.416,7.9,0.9659258262890684,-0.2588190451025206
2024-11-16 08:00:00,13246.079000000002,7.4,0.8660254037844387,-0.4999999999999998
2024-11-16 09:00:00,13499.529,8.7,0.7071067811865476,-0.7071067811865475
2024-11-16 10:00:00,13628.519,9.2,0.4999999999999999,-0.8660254037844387
2024-11-16 11:00:00,13489.247,10.1,0.258819045102521,-0.9659258262890682
2024-11-16 12:00:00,13377.627,10.6,1.2246467991473532e-16,-1.0
2024-11-16 13:00:00,13261.974,10.5,-0.2588190451025208,-0.9659258262890684
2024-11-16 14:00:00,13061.013,10.9,-0.4999999999999998,-0.8660254037844388
2024-11-16 15:00:00,13139.007,11.0,-0.7071067811865471,-0.7071067811865479
2024-11-16 16:00:00,13259.598,11.2,-0.8660254037844384,-0.5000000000000004
2024-11-16 17:00:00,13793.267,11.1,-0.9659258262890684,-0.2588190451025206
2024-11-16 18:00:00,13931.941,10.4,-1.0,-1.8369701987210294e-16
2024-11-16 19:00:00,13815.577,9.8,-0.9659258262890684,0.2588190451025203
2024-11-16 20:00:00,13734.499,9.2,-0.8660254037844386,0.5000000000000001
2024-11-16 21:00:00,13492.851,8.6,-0.7071067811865477,0.7071067811865474
2024-11-16 22:00:00,13157.574,8.1,-0.5000000000000004,0.8660254037844384
2024-11-16 23:00:00,12853.773,7.2,-0.2588190451025215,0.965925826289068
2024-11-17 00:00:00,12581.671,6.3,0.0,1.0
2024-11-17 01:00:00,12436.84,5.8,0.2588190451025207,0.9659258262890684
2024-11-17 02:00:00,12411.17,5.3,0.4999999999999999,0.8660254037844387
2024-11-17 03:00:00,12479.258000000002,4.9,0.7071067811865475,0.7071067811865476
2024-11-17 04:00:00,12686.37,4.5,0.8660254037844386,0.5000000000000001
2024-11-17 05:00:00,12878.856,4.7,0.9659258262890684,0.2588190451025207
2024-11-17 06:00:00,13281.634,4.5,1.0,6.123233995736766e-17
2024-11-17 07:00:00,13771.066,4.4,0.9659258262890684,-0.2588190451025206
2024-11-17 08:00:00,13840.57,3.9,0.8660254037844387,-0.4999999999999998
2024-11-17 09:00:00,13740.981,3.6,0.7071067811865476,-0.7071067811865475
2024-11-17 10:00:00,13285.982,4.8,0.4999999999999999,-0.8660254037844387
2024-11-17 11:00:00,13040.433,6.3,0.258819045102521,-0.9659258262890682
2024-11-17 12:00:00,12844.553,8.4,1.2246467991473532e-16,-1.0
2024-11-17 13:00:00,12656.612,10.2,-0.2588190451025208,-0.9659258262890684
2024-11-17 14:00:00,12553.152,11.9,-0.4999999999999998,-0.8660254037844388
2024-11-17 15:00:00,12584.795,13.1,-0.7071067811865471,-0.7071067811865479
2024-11-17 16:00:00,12828.126,13.9,-0.8660254037844384,-0.5000000000000004
2024-11-17 17:00:00,13597.452,13.9,-0.9659258262890684,-0.2588190451025206
2024-11-17 18:00:00,13906.563999999998,12.6,-1.0,-1.8369701987210294e-16
2024-11-17 19:00:00,13876.59,11.3,-0.9659258262890684,0.2588190451025203
2024-11-17 20:00:00,13766.456,10.2,-0.8660254037844386,0.5000000000000001
2024-11-17 21:00:00,13386.598,10.1,-0.7071067811865477,0.7071067811865474
2024-11-17 22:00:00,13043.604,9.9,-0.5000000000000004,0.8660254037844384
2024-11-17 23:00:00,12654.494,9.9,-0.2588190451025215,0.965925826289068
2024-11-18 00:00:00,12324.316,10.2,0.0,1.0
2024-11-18 01:00:00,12154.304,10.6,0.2588190451025207,0.9659258262890684
2024-11-18 02:00:00,12102.681,11.2,0.4999999999999999,0.8660254037844387
2024-11-18 03:00:00,12162.979,11.5,0.7071067811865475,0.7071067811865476
2024-11-18 04:00:00,12424.003,11.2,0.8660254037844386,0.5000000000000001
2024-11-18 05:00:00,13084.599,10.6,0.9659258262890684,0.2588190451025207
2024-11-18 06:00:00,14038.44,9.9,1.0,6.123233995736766e-17
2024-11-18 07:00:00,14739.694,9.9,0.9659258262890684,-0.2588190451025206
2024-11-18 08:00:00,14756.78,9.3,0.8660254037844387,-0.4999999999999998
2024-11-18 09:00:00,14570.872,10.4,0.7071067811865476,-0.7071067811865475
2024-11-18 10:00:00,14352.049,11.8,0.4999999999999999,-0.8660254037844387
2024-11-18 11:00:00,14268.791,12.9,0.258819045102521,-0.9659258262890682
2024-11-18 12:00:00,14287.098,13.6,1.2246467991473532e-16,-1.0
2024-11-18 13:00:00,14380.487,15.6,-0.2588190451025208,-0.9659258262890684
2024-11-18 14:00:00,14193.504,16.6,-0.4999999999999998,-0.8660254037844388
2024-11-18 15:00:00,14062.109,17.0,-0.7071067811865471,-0.7071067811865479
2024-11-18 16:00:00,14215.88,17.5,-0.8660254037844384,-0.5000000000000004
2024-11-18 17:00:00,14648.011,17.0,-0.9659258262890684,-0.2588190451025206
2024-11-18 18:00:00,14821.641,15.8,-1.0,-1.8369701987210294e-16
2024-11-18 19:00:00,14612.572,14.8,-0.9659258262890684,0.2588190451025203
2024-11-18 20:00:00,14373.983,14.6,-0.8660254037844386,0.5000000000000001
2024-11-18 21:00:00,13932.293,14.3,-0.7071067811865477,0.7071067811865474
2024-11-18 22:00:00,13390.424,14.1,-0.5000000000000004,0.8660254037844384
2024-11-18 23:00:00,12737.727,13.4,-0.2588190451025215,0.965925826289068
2024-11-19 00:00:00,12289.158,13.1,0.0,1.0
2024-11-19 01:00:00,12111.13,12.8,0.2588190451025207,0.9659258262890684
2024-11-19 02:00:00,12043.923,12.6,0.4999999999999999,0.8660254037844387
2024-11-19 03:00:00,12051.732,12.4,0.7071067811865475,0.7071067811865476
2024-11-19 04:00:00,12330.73,12.4,0.8660254037844386,0.5000000000000001
2024-11-19 05:00:00,12981.21,12.3,0.9659258262890684,0.2588190451025207
2024-11-19 06:00:00,13974.816,12.1,1.0,6.123233995736766e-17
2024-11-19 07:00:00,14515.012,12.4,0.9659258262890684,-0.2588190451025206
2024-11-19 08:00:00,14560.214,12.6,0.8660254037844387,-0.4999999999999998
2024-11-19 09:00:00,14605.59,12.8,0.7071067811865476,-0.7071067811865475
2024-11-19 10:00:00,14602.175,13.3,0.4999999999999999,-0.8660254037844387
2024-11-19 11:00:00,14577.185,14.1,0.258819045102521,-0.9659258262890682
2024-11-19 12:00:00,14529.117,14.4,1.2246467991473532e-16,-1.0
2024-11-19 13:00:00,14507.448,14.8,-0.2588190451025208,-0.9659258262890684
2024-11-19 14:00:00,14230.273,15.2,-0.4999999999999998,-0.8660254037844388
2024-11-19 15:00:00,14076.733,16.4,-0.7071067811865471,-0.7071067811865479
2024-11-19 16:00:00,14237.694,17.1,-0.8660254037844384,-0.5000000000000004
2024-11-19 17:00:00,14658.879,17.8,-0.9659258262890684,-0.2588190451025206
2024-11-19 18:00:00,14754.075,16.8,-1.0,-1.8369701987210294e-16
2024-11-19 19:00:00,14652.89,15.7,-0.9659258262890684,0.2588190451025203
2024-11-19 20:00:00,14377.612,14.9,-0.8660254037844386,0.5000000000000001
2024-11-19 21:00:00,13875.435,13.4,-0.7071067811865477,0.7071067811865474
2024-11-19 22:00:00,13315.093,12.9,-0.5000000000000004,0.8660254037844384
2024-11-19 23:00:00,12659.25,11.4,-0.2588190451025215,0.965925826289068
2024-11-20 00:00:00,12284.077,10.8,0.0,1.0
2024-11-20 01:00:00,11997.174,10.7,0.2588190451025207,0.9659258262890684
2024-11-20 02:00:00,11828.580999999998,10.9,0.4999999999999999,0.8660254037844387
2024-11-20 03:00:00,11768.535,11.1,0.7071067811865475,0.7071067811865476
2024-11-20 04:00:00,12013.495,11.2,0.8660254037844386,0.5000000000000001
2024-11-20 05:00:00,12725.128,11.2,0.9659258262890684,0.2588190451025207
2024-11-20 06:00:00,13656.846,11.2,1.0,6.123233995736766e-17
2024-11-20 07:00:00,14121.306,11.2,0.9659258262890684,-0.2588190451025206
2024-11-20 08:00:00,14317.291,11.2,0.8660254037844387,-0.4999999999999998
2024-11-20 09:00:00,14444.386,11.4,0.7071067811865476,-0.7071067811865475
2024-11-20 10:00:00,14414.104,11.8,0.4999999999999999,-0.8660254037844387
2024-11-20 11:00:00,14326.168,12.1,0.258819045102521,-0.9659258262890682
2024-11-20 12:00:00,14364.741,12.6,1.2246467991473532e-16,-1.0
2024-11-20 13:00:00,14278.839,13.8,-0.2588190451025208,-0.9659258262890684
2024-11-20 14:00:00,14211.905,10.2,-0.4999999999999998,-0.8660254037844388
2024-11-20 15:00:00,14199.528,7.0,-0.7071067811865471,-0.7071067811865479
2024-11-20 16:00:00,14482.259,5.7,-0.8660254037844384,-0.5000000000000004
2024-11-20 17:00:00,14961.702,5.6,-0.9659258262890684,-0.2588190451025206
2024-11-20 18:00:00,15348.254,5.4,-1.0,-1.8369701987210294e-16
2024-11-20 19:00:00,15278.589,5.0,-0.9659258262890684,0.2588190451025203
2024-11-20 20:00:00,15328.142,4.5,-0.8660254037844386,0.5000000000000001
2024-11-20 21:00:00,14979.942,4.4,-0.7071067811865477,0.7071067811865474
2024-11-20 22:00:00,14582.082,4.6,-0.5000000000000004,0.8660254037844384
2024-11-20 23:00:00,14151.059,4.5,-0.2588190451025215,0.965925826289068
2024-11-21 00:00:00,13880.735,3.9,0.0,1.0
2024-11-21 01:00:00,13608.026000000002,4.4,0.2588190451025207,0.9659258262890684
2024-11-21 02:00:00,13658.972000000002,3.9,0.4999999999999999,0.8660254037844387
2024-11-21 03:00:00,13781.959,2.7,0.7071067811865475,0.7071067811865476
2024-11-21 04:00:00,14088.819,2.2,0.8660254037844386,0.5000000000000001
2024-11-21 05:00:00,14914.621,2.4,0.9659258262890684,0.2588190451025207
2024-11-21 06:00:00,15999.084,2.4,1.0,6.123233995736766e-17
2024-11-21 07:00:00,16648.279,2.2,0.9659258262890684,-0.2588190451025206
2024-11-21 08:00:00,16664.87,1.9,0.8660254037844387,-0.4999999999999998
2024-11-21 09:00:00,16432.687,1.3,0.7071067811865476,-0.7071067811865475
2024-11-21 10:00:00,16337.586,1.2,0.4999999999999999,-0.8660254037844387
2024-11-21 11:00:00,16390.822,1.3,0.258819045102521,-0.9659258262890682
2024-11-21 12:00:00,16603.609,1.5,1.2246467991473532e-16,-1.0
2024-11-21 13:00:00,16814.503,2.2,-0.2588190451025208,-0.9659258262890684
2024-11-21 14:00:00,16772.487999999998,2.3,-0.4999999999999998,-0.8660254037844388
2024-11-21 15:00:00,16847.71,1.8,-0.7071067811865471,-0.7071067811865479
2024-11-21 16:00:00,17155.342,1.1,-0.8660254037844384,-0.5000000000000004
2024-11-21 17:00:00,17681.41,1.0,-0.9659258262890684,-0.2588190451025206
2024-11-21 18:00:00,17811.802,1.0,-1.0,-1.8369701987210294e-16
2024-11-21 19:00:00,17695.309,0.7,-0.9659258262890684,0.2588190451025203
2024-11-21 20:00:00,17562.438000000002,0.2,-0.8660254037844386,0.5000000000000001
2024-11-21 21:00:00,17172.032,-0.4,-0.7071067811865477,0.7071067811865474
2024-11-21 22:00:00,16469.427,-0.3,-0.5000000000000004,0.8660254037844384
2024-11-21 23:00:00,15885.357,0.0,-0.2588190451025215,0.965925826289068
2024-11-22 00:00:00,15398.467,0.2,0.0,1.0
2024-11-22 01:00:00,15251.483,0.2,0.2588190451025207,0.9659258262890684
2024-11-22 02:00:00,15031.132,0.4,0.4999999999999999,0.8660254037844387
2024-11-22 03:00:00,15100.905,0.2,0.7071067811865475,0.7071067811865476
2024-11-22 04:00:00,15200.272,0.2,0.8660254037844386,0.5000000000000001
2024-11-22 05:00:00,15733.614,0.5,0.9659258262890684,0.2588190451025207
2024-11-22 06:00:00,16744.191,0.4,1.0,6.123233995736766e-17
2024-11-22 07:00:00,17210.128,0.6,0.9659258262890684,-0.2588190451025206
2024-11-22 08:00:00,17321.81,0.3,0.8660254037844387,-0.4999999999999998
2024-11-22 09:00:00,17216.112,1.2,0.7071067811865476,-0.7071067811865475
2024-11-22 10:00:00,17127.76,1.7,0.4999999999999999,-0.8660254037844387
2024-11-22 11:00:00,16976.156,3.2,0.258819045102521,-0.9659258262890682
2024-11-22 12:00:00,16881.226,3.8,1.2246467991473532e-16,-1.0
2024-11-22 13:00:00,16858.993,4.4,-0.2588190451025208,-0.9659258262890684
2024-11-22 14:00:00,16645.407,4.3,-0.4999999999999998,-0.8660254037844388
2024-11-22 15:00:00,16619.249,4.9,-0.7071067811865471,-0.7071067811865479
2024-11-22 16:00:00,16739.663,4.8,-0.8660254037844384,-0.5000000000000004
2024-11-22 17:00:00,17053.672,5.6,-0.9659258262890684,-0.2588190451025206
2024-11-22 18:00:00,17007.922,6.1,-1.0,-1.8369701987210294e-16
2024-11-22 19:00:00,16669.705,6.6,-0.9659258262890684,0.2588190451025203
2024-11-22 20:00:00,16284.005,6.8,-0.8660254037844386,0.5000000000000001
2024-11-22 21:00:00,15743.89,6.9,-0.7071067811865477,0.7071067811865474
2024-11-22 22:00:00,15125.998,6.8,-0.5000000000000004,0.8660254037844384
2024-11-22 23:00:00,14543.406,6.6,-0.2588190451025215,0.965925826289068
2024-11-23 00:00:00,14037.313999999998,6.2,0.0,1.0
2024-11-23 01:00:00,13833.388,6.2,0.2588190451025207,0.9659258262890684
2024-11-23 02:00:00,13500.833,6.2,0.4999999999999999,0.8660254037844387
2024-11-23 03:00:00,13421.74,6.2,0.7071067811865475,0.7071067811865476
2024-11-23 04:00:00,13526.113,6.3,0.8660254037844386,0.5000000000000001
2024-11-23 05:00:00,13716.499,6.3,0.9659258262890684,0.2588190451025207
2024-11-23 06:00:00,14055.711,6.3,1.0,6.123233995736766e-17
2024-11-23 07:00:00,14482.907,6.3,0.9659258262890684,-0.2588190451025206
2024-11-23 08:00:00,14634.694,6.3,0.8660254037844387,-0.4999999999999998
2024-11-23 09:00:00,14861.657,5.9,0.7071067811865476,-0.7071067811865475
2024-11-23 10:00:00,14829.441,6.3,0.4999999999999999,-0.8660254037844387
2024-11-23 11:00:00,14859.69,6.7,0.258819045102521,-0.9659258262890682
2024-11-23 12:00:00,14734.016,7.1,1.2246467991473532e-16,-1.0
2024-11-23 13:00:00,14536.798,7.9,-0.2588190451025208,-0.9659258262890684
2024-11-23 14:00:00,14449.344,7.7,-0.4999999999999998,-0.8660254037844388
2024-11-23 15:00:00,14389.574,7.2,-0.7071067811865471,-0.7071067811865479
2024-11-23 16:00:00,14621.89,7.2,-0.8660254037844384,-0.5000000000000004
2024-11-23 17:00:00,15123.33,7.4,-0.9659258262890684,-0.2588190451025206
2024-11-23 18:00:00,15114.04,7.2,-1.0,-1.8369701987210294e-16
2024-11-23 19:00:00,15023.004,6.9,-0.9659258262890684,0.2588190451025203
2024-11-23 20:00:00,14789.911,6.7,-0.8660254037844386,0.5000000000000001
2024-11-23 21:00:00,14518.885,5.8,-0.7071067811865477,0.7071067811865474
2024-11-23 22:00:00,14144.083,5.7,-0.5000000000000004,0.8660254037844384
2024-11-23 23:00:00,13699.935,5.3,-0.2588190451025215,0.965925826289068
2024-11-24 00:00:00,13402.126,5.1,0.0,1.0
2024-11-24 01:00:00,13205.215,4.8,0.2588190451025207,0.9659258262890684
2024-11-24 02:00:00,13116.911,4.6,0.4999999999999999,0.8660254037844387
2024-11-24 03:00:00,13074.244,4.6,0.7071067811865475,0.7071067811865476
2024-11-24 04:00:00,13259.126,4.5,0.8660254037844386,0.5000000000000001
2024-11-24 05:00:00,13473.022,4.2,0.9659258262890684,0.2588190451025207
2024-11-24 06:00:00,13866.993,4.0,1.0,6.123233995736766e-17
2024-11-24 07:00:00,14301.801,4.0,0.9659258262890684,-0.2588190451025206
2024-11-24 08:00:00,14631.691,4.0,0.8660254037844387,-0.4999999999999998
2024-11-24 09:00:00,14588.35,4.3,0.7071067811865476,-0.7071067811865475
2024-11-24 10:00:00,14281.583,4.7,0.4999999999999999,-0.8660254037844387
2024-11-24 11:00:00,13907.769,5.3,0.258819045102521,-0.9659258262890682
2024-11-24 12:00:00,13655.265,6.4,1.2246467991473532e-16,-1.0
2024-11-24 13:00:00,13364.786,7.8,-0.2588190451025208,-0.9659258262890684
2024-11-24 14:00:00,13261.878,8.8,-0.4999999999999998,-0.8660254037844388
2024-11-24 15:00:00,13309.044,9.5,-0.7071067811865471,-0.7071067811865479
2024-11-24 16:00:00,13655.59,9.9,-0.8660254037844384,-0.5000000000000004
2024-11-24 17:00:00,14464.313999999998,9.9,-0.9659258262890684,-0.2588190451025206
2024-11-24 18:00:00,14796.586,8.4,-1.0,-1.8369701987210294e-16
2024-11-24 19:00:00,14941.378,7.2,-0.9659258262890684,0.2588190451025203
2024-11-24 20:00:00,14896.744,6.6,-0.8660254037844386,0.5000000000000001
2024-11-24 21:00:00,14655.946,6.1,-0.7071067811865477,0.7071067811865474
2024-11-24 22:00:00,14358.185,5.6,-0.5000000000000004,0.8660254037844384
2024-11-24 23:00:00,14033.191,5.2,-0.2588190451025215,0.965925826289068
2024-11-25 00:00:00,13796.024,4.8,0.0,1.0
2024-11-25 01:00:00,13793.54,4.4,0.2588190451025207,0.9659258262890684
2024-11-25 02:00:00,13714.661,4.2,0.4999999999999999,0.8660254037844387
2024-11-25 03:00:00,13896.629,4.2,0.7071067811865475,0.7071067811865476
2024-11-25 04:00:00,14157.782,4.2,0.8660254037844386,0.5000000000000001
2024-11-25 05:00:00,14870.036,4.4,0.9659258262890684,0.2588190451025207
2024-11-25 06:00:00,15853.802,5.2,1.0,6.123233995736766e-17
2024-11-25 07:00:00,16339.058,6.3,0.9659258262890684,-0.2588190451025206
2024-11-25 08:00:00,16265.382,6.8,0.8660254037844387,-0.4999999999999998
2024-11-25 09:00:00,15935.723999999998,7.6,0.7071067811865476,-0.7071067811865475
2024-11-25 10:00:00,15547.849,8.6,0.4999999999999999,-0.8660254037844387
2024-11-25 11:00:00,15340.463,10.1,0.258819045102521,-0.9659258262890682
2024-11-25 12:00:00,15088.122,11.1,1.2246467991473532e-16,-1.0
2024-11-25 13:00:00,14955.443,12.3,-0.2588190451025208,-0.9659258262890684
2024-11-25 14:00:00,14718.04,13.1,-0.4999999999999998,-0.8660254037844388
2024-11-25 15:00:00,14668.876,15.9,-0.7071067811865471,-0.7071067811865479
2024-11-25 16:00:00,14766.602,16.1,-0.8660254037844384,-0.5000000000000004
2024-11-25 17:00:00,15232.509,16.2,-0.9659258262890684,-0.2588190451025206
2024-11-25 18:00:00,15122.216,15.2,-1.0,-1.8369701987210294e-16
2024-11-25 19:00:00,15119.938,14.4,-0.9659258262890684,0.2588190451025203
2024-11-25 20:00:00,14835.379,13.7,-0.8660254037844386,0.5000000000000001
2024-11-25 21:00:00,14332.295999999998,12.9,-0.7071067811865477,0.7071067811865474
2024-11-25 22:00:00,13734.568,12.4,-0.5000000000000004,0.8660254037844384
2024-11-25 23:00:00,13121.452,12.5,-0.2588190451025215,0.965925826289068
2024-11-26 00:00:00,12755.447,12.5,0.0,1.0
2024-11-26 01:00:00,12601.779,11.6,0.2588190451025207,0.9659258262890684
2024-11-26 02:00:00,12426.788,10.2,0.4999999999999999,0.8660254037844387
2024-11-26 03:00:00,12424.73,8.9,0.7071067811865475,0.7071067811865476
2024-11-26 04:00:00,12643.874,8.6,0.8660254037844386,0.5000000000000001
2024-11-26 05:00:00,13320.207,7.3,0.9659258262890684,0.2588190451025207
2024-11-26 06:00:00,14377.118,6.5,1.0,6.123233995736766e-17
2024-11-26 07:00:00,15045.257,5.9,0.9659258262890684,-0.2588190451025206
2024-11-26 08:00:00,15205.072,5.4,0.8660254037844387,-0.4999999999999998
2024-11-26 09:00:00,15149.052,4.3,0.7071067811865476,-0.7071067811865475
2024-11-26 10:00:00,15134.917,4.1,0.4999999999999999,-0.8660254037844387
2024-11-26 11:00:00,14910.422,4.3,0.258819045102521,-0.9659258262890682
2024-11-26 12:00:00,14746.591,5.1,1.2246467991473532e-16,-1.0
2024-11-26 13:00:00,14572.7,5.9,-0.2588190451025208,-0.9659258262890684
2024-11-26 14:00:00,14404.273,6.7,-0.4999999999999998,-0.8660254037844388
2024-11-26 15:00:00,14387.709,7.1,-0.7071067811865471,-0.7071067811865479
2024-11-26 16:00:00,14671.681,7.2,-0.8660254037844384,-0.5000000000000004
2024-11-26 17:00:00,15451.076,6.7,-0.9659258262890684,-0.2588190451025206
2024-11-26 18:00:00,15791.502,5.4,-1.0,-1.8369701987210294e-16
2024-11-26 19:00:00,15798.624,4.3,-0.9659258262890684,0.2588190451025203
2024-11-26 20:00:00,15794.187,3.8,-0.8660254037844386,0.5000000000000001
2024-11-26 21:00:00,15525.609,3.5,-0.7071067811865477,0.7071067811865474
2024-11-26 22:00:00,15156.11,3.3,-0.5000000000000004,0.8660254037844384
2024-11-26 23:00:00,14662.89,3.2,-0.2588190451025215,0.965925826289068
2024-11-27 00:00:00,14313.706,2.8,0.0,1.0
2024-11-27 01:00:00,14071.855,2.4,0.2588190451025207,0.9659258262890684
2024-11-27 02:00:00,14014.752,2.5,0.4999999999999999,0.8660254037844387
2024-11-27 03:00:00,14096.517,2.5,0.7071067811865475,0.7071067811865476
2024-11-27 04:00:00,14248.838,2.3,0.8660254037844386,0.5000000000000001
2024-11-27 05:00:00,14858.105,2.2,0.9659258262890684,0.2588190451025207
2024-11-27 06:00:00,15680.233,2.2,1.0,6.123233995736766e-17
2024-11-27 07:00:00,16170.566,2.4,0.9659258262890684,-0.2588190451025206
2024-11-27 08:00:00,16495.338,1.9,0.8660254037844387,-0.4999999999999998
2024-11-27 09:00:00,16404.334,1.5,0.7071067811865476,-0.7071067811865475
2024-11-27 10:00:00,16188.686000000002,2.3,0.4999999999999999,-0.8660254037844387
2024-11-27 11:00:00,15909.432,3.6,0.258819045102521,-0.9659258262890682
2024-11-27 12:00:00,15548.045999999998,5.1,1.2246467991473532e-16,-1.0
2024-11-27 13:00:00,15484.126,6.2,-0.2588190451025208,-0.9659258262890684
2024-11-27 14:00:00,15233.111,6.1,-0.4999999999999998,-0.8660254037844388
2024-11-27 15:00:00,15191.739,6.9,-0.7071067811865471,-0.7071067811865479
2024-11-27 16:00:00,15267.926,7.3,-0.8660254037844384,-0.5000000000000004
2024-11-27 17:00:00,15686.322,6.8,-0.9659258262890684,-0.2588190451025206
2024-11-27 18:00:00,15663.822,6.5,-1.0,-1.8369701987210294e-16
2024-11-27 19:00:00,15478.323,5.9,-0.9659258262890684,0.2588190451025203
2024-11-27 20:00:00,15168.621,5.3,-0.8660254037844386,0.5000000000000001
2024-11-27 21:00:00,14821.894,4.2,-0.7071067811865477,0.7071067811865474
2024-11-27 22:00:00,14335.688,4.2,-0.5000000000000004,0.8660254037844384
2024-11-27 23:00:00,13652.167,4.2,-0.2588190451025215,0.965925826289068
2024-11-28 00:00:00,13199.727,4.2,0.0,1.0
2024-11-28 01:00:00,12902.58,4.2,0.2588190451025207,0.9659258262890684
2024-11-28 02:00:00,12647.857,4.1,0.4999999999999999,0.8660254037844387
2024-11-28 03:00:00,12513.079,3.5,0.7071067811865475,0.7071067811865476
2024-11-28 04:00:00,12530.503,2.9,0.8660254037844386,0.5000000000000001
2024-11-28 05:00:00,12701.402,1.9,0.9659258262890684,0.2588190451025207
2024-11-28 06:00:00,12999.94,2.0,1.0,6.123233995736766e-17
2024-11-28 07:00:00,13448.98,1.9,0.9659258262890684,-0.2588190451025206
2024-11-28 08:00:00,13919.866,2.0,0.8660254037844387,-0.4999999999999998
2024-11-28 09:00:00,14498.092,1.8,0.7071067811865476,-0.7071067811865475
2024-11-28 10:00:00,14932.087,2.4,0.4999999999999999,-0.8660254037844387
2024-11-28 11:00:00,15033.45,3.2,0.258819045102521,-0.9659258262890682
2024-11-28 12:00:00,14636.725,3.8,1.2246467991473532e-16,-1.0
2024-11-28 13:00:00,14142.192,4.1,-0.2588190451025208,-0.9659258262890684
2024-11-28 14:00:00,13741.369,4.2,-0.4999999999999998,-0.8660254037844388
2024-11-28 15:00:00,13605.238,4.4,-0.7071067811865471,-0.7071067811865479
2024-11-28 16:00:00,13651.249,4.8,-0.8660254037844384,-0.5000000000000004
2024-11-28 17:00:00,13979.901,4.7,-0.9659258262890684,-0.2588190451025206
2024-11-28 18:00:00,14005.371,4.3,-1.0,-1.8369701987210294e-16
2024-11-28 19:00:00,14056.762,3.8,-0.9659258262890684,0.2588190451025203
2024-11-28 20:00:00,14123.122,3.5,-0.8660254037844386,0.5000000000000001
2024-11-28 21:00:00,14024.509,2.8,-0.7071067811865477,0.7071067811865474
2024-11-28 22:00:00,13736.84,2.6,-0.5000000000000004,0.8660254037844384
2024-11-28 23:00:00,13435.664,2.5,-0.2588190451025215,0.965925826289068
2024-11-29 00:00:00,13270.188,1.9,0.0,1.0
2024-11-29 01:00:00,13095.137,0.2,0.2588190451025207,0.9659258262890684
2024-11-29 02:00:00,13076.053,-0.8,0.4999999999999999,0.8660254037844387
2024-11-29 03:00:00,13202.203,-1.3,0.7071067811865475,0.7071067811865476
2024-11-29 04:00:00,13393.451,-1.6,0.8660254037844386,0.5000000000000001
2024-11-29 05:00:00,13852.484,-2.0,0.9659258262890684,0.2588190451025207
2024-11-29 06:00:00,14396.701,-2.3,1.0,6.123233995736766e-17
2024-11-29 07:00:00,14861.966,-2.3,0.9659258262890684,-0.2588190451025206
2024-11-29 08:00:00,15268.135,-2.0,0.8660254037844387,-0.4999999999999998
2024-11-29 09:00:00,15551.152,-1.5,0.7071067811865476,-0.7071067811865475
2024-11-29 10:00:00,15672.761,-1.5,0.4999999999999999,-0.8660254037844387
2024-11-29 11:00:00,15779.61,-1.4,0.258819045102521,-0.9659258262890682
2024-11-29 12:00:00,15815.316,-1.0,1.2246467991473532e-16,-1.0
2024-11-29 13:00:00,15751.746,-1.0,-0.2588190451025208,-0.9659258262890684
2024-11-29 14:00:00,15684.238,-1.1,-0.4999999999999998,-0.8660254037844388
2024-11-29 15:00:00,15657.188999999998,-0.9,-0.7071067811865471,-0.7071067811865479
2024-11-29 16:00:00,15956.664,-0.9,-0.8660254037844384,-0.5000000000000004
2024-11-29 17:00:00,16559.693,-1.0,-0.9659258262890684,-0.2588190451025206
2024-11-29 18:00:00,16638.54,-1.2,-1.0,-1.8369701987210294e-16
2024-11-29 19:00:00,16662.702,-2.2,-0.9659258262890684,0.2588190451025203
2024-11-29 20:00:00,16563.161999999997,-2.8,-0.8660254037844386,0.5000000000000001
2024-11-29 21:00:00,16322.444,-3.4,-0.7071067811865477,0.7071067811865474
2024-11-29 22:00:00,16053.771,-4.0,-0.5000000000000004,0.8660254037844384
2024-11-29 23:00:00,15704.174,-4.4,-0.2588190451025215,0.965925826289068
2024-11-30 00:00:00,15405.701,-5.0,0.0,1.0
2024-11-30 01:00:00,15185.523,-5.6,0.2588190451025207,0.9659258262890684
2024-11-30 02:00:00,15053.122,-5.8,0.4999999999999999,0.8660254037844387
2024-11-30 03:00:00,15078.204,-6.0,0.7071067811865475,0.7071067811865476
2024-11-30 04:00:00,15301.168,-5.8,0.8660254037844386,0.5000000000000001
2024-11-30 05:00:00,15615.448,-5.7,0.9659258262890684,0.2588190451025207
2024-11-30 06:00:00,16102.599,-5.6,1.0,6.123233995736766e-17
2024-11-30 07:00:00,16651.104,-5.4,0.9659258262890684,-0.2588190451025206
2024-11-30 08:00:00,16934.33,-5.3,0.8660254037844387,-0.4999999999999998
2024-11-30 09:00:00,16770.131999999998,-5.7,0.7071067811865476,-0.7071067811865475
2024-11-30 10:00:00,16481.479,-5.3,0.4999999999999999,-0.8660254037844387
2024-11-30 11:00:00,16156.899,-4.8,0.258819045102521,-0.9659258262890682
2024-11-30 12:00:00,15622.971,-3.8,1.2246467991473532e-16,-1.0
2024-11-30 13:00:00,15290.007,-2.9,-0.2588190451025208,-0.9659258262890684
2024-11-30 14:00:00,15137.043999999998,-1.8,-0.4999999999999998,-0.8660254037844388
2024-11-30 15:00:00,15241.89,-0.9,-0.7071067811865471,-0.7071067811865479
2024-11-30 16:00:00,15805.123,-0.7,-0.8660254037844384,-0.5000000000000004
2024-11-30 17:00:00,16638.873,-0.9,-0.9659258262890684,-0.2588190451025206
2024-11-30 18:00:00,16885.587,-1.6,-1.0,-1.8369701987210294e-16
2024-11-30 19:00:00,16847.323,-1.8,-0.9659258262890684,0.2588190451025203
2024-11-30 20:00:00,16722.909,-1.9,-0.8660254037844386,0.5000000000000001
2024-11-30 21:00:00,16486.812,-1.8,-0.7071067811865477,0.7071067811865474
2024-11-30 22:00:00,16076.916,-1.5,-0.5000000000000004,0.8660254037844384
2024-11-30 23:00:00,15600.679,-1.5,-0.2588190451025215,0.965925826289068
2024-12-01 00:00:00,15335.524,-2.0,0.0,1.0
2024-12-01 01:00:00,15143.741,-2.5,0.2588190451025207,0.9659258262890684
2024-12-01 02:00:00,15059.598,-2.7,0.4999999999999999,0.8660254037844387
2024-12-01 03:00:00,15019.806,-3.2,0.7071067811865475,0.7071067811865476
2024-12-01 04:00:00,15057.18,-3.2,0.8660254037844386,0.5000000000000001
2024-12-01 05:00:00,15254.751,-3.6,0.9659258262890684,0.2588190451025207
2024-12-01 06:00:00,15600.384,-3.8,1.0,6.123233995736766e-17
2024-12-01 07:00:00,16047.558,-3.9,0.9659258262890684,-0.2588190451025206
2024-12-01 08:00:00,16336.865,-4.4,0.8660254037844387,-0.4999999999999998
2024-12-01 09:00:00,16253.103,-5.8,0.7071067811865476,-0.7071067811865475
2024-12-01 10:00:00,16070.522,-5.2,0.4999999999999999,-0.8660254037844387
2024-12-01 11:00:00,15956.308,-4.2,0.258819045102521,-0.9659258262890682
2024-12-01 12:00:00,15943.672,-3.0,1.2246467991473532e-16,-1.0
2024-12-01 13:00:00,15906.201,-2.0,-0.2588190451025208,-0.9659258262890684
2024-12-01 14:00:00,15836.811,-1.4,-0.4999999999999998,-0.8660254037844388
2024-12-01 15:00:00,15944.238,-0.4,-0.7071067811865471,-0.7071067811865479
2024-12-01 16:00:00,16515.262,-1.1,-0.8660254037844384,-0.5000000000000004
2024-12-01 17:00:00,17297.906,-1.9,-0.9659258262890684,-0.2588190451025206
2024-12-01 18:00:00,17490.567000000003,-2.7,-1.0,-1.8369701987210294e-16
2024-12-01 19:00:00,17562.905,-3.3,-0.9659258262890684,0.2588190451025203
2024-12-01 20:00:00,17452.004999999997,-3.7,-0.8660254037844386,0.5000000000000001
2024-12-01 21:00:00,17147.287,-2.9,-0.7071067811865477,0.7071067811865474
2024-12-01 22:00:00,16681.394,-3.0,-0.5000000000000004,0.8660254037844384
2024-12-01 23:00:00,16285.975,-3.7,-0.2588190451025215,0.965925826289068
2024-12-02 00:00:00,16032.69,-4.3,0.0,1.0
2024-12-02 01:00:00,15889.099,-4.6,0.2588190451025207,0.9659258262890684
2024-12-02 02:00:00,15851.196,-4.8,0.4999999999999999,0.8660254037844387
2024-12-02 03:00:00,16058.178,-4.7,0.7071067811865475,0.7071067811865476
2024-12-02 04:00:00,16455.665,-4.2,0.8660254037844386,0.5000000000000001
2024-12-02 05:00:00,17151.853000000003,-4.1,0.9659258262890684,0.2588190451025207
2024-12-02 06:00:00,18155.319,-4.2,1.0,6.123233995736766e-17
2024-12-02 07:00:00,18934.433,-4.5,0.9659258262890684,-0.2588190451025206
2024-12-02 08:00:00,19039.861,-5.2,0.8660254037844387,-0.4999999999999998
2024-12-02 09:00:00,18656.107,-6.5,0.7071067811865476,-0.7071067811865475
2024-12-02 10:00:00,18175.619,-5.2,0.4999999999999999,-0.8660254037844387
2024-12-02 11:00:00,17789.21,-3.7,0.258819045102521,-0.9659258262890682
2024-12-02 12:00:00,17682.301,-2.0,1.2246467991473532e-16,-1.0
2024-12-02 13:00:00,17488.147,-0.8,-0.2588190451025208,-0.9659258262890684
2024-12-02 14:00:00,17392.749,-0.3,-0.4999999999999998,-0.8660254037844388
2024-12-02 15:00:00,17453.831,-0.1,-0.7071067811865471,-0.7071067811865479
2024-12-02 16:00:00,17828.297,-0.2,-0.8660254037844384,-0.5000000000000004
2024-12-02 17:00:00,18536.602,-0.6,-0.9659258262890684,-0.2588190451025206
2024-12-02 18:00:00,18809.611,-1.7,-1.0,-1.8369701987210294e-16
2024-12-02 19:00:00,18764.52,-1.6,-0.9659258262890684,0.2588190451025203
2024-12-02 20:00:00,18665.686,-1.8,-0.8660254037844386,0.5000000000000001
2024-12-02 21:00:00,18315.554,-1.6,-0.7071067811865477,0.7071067811865474
2024-12-02 22:00:00,17655.031,-2.0,-0.5000000000000004,0.8660254037844384
2024-12-02 23:00:00,17127.695,-3.0,-0.2588190451025215,0.965925826289068
2024-12-03 00:00:00,16775.502,-3.3,0.0,1.0
2024-12-03 01:00:00,16705.25,-3.5,0.2588190451025207,0.9659258262890684
2024-12-03 02:00:00,16761.966,-3.2,0.4999999999999999,0.8660254037844387
2024-12-03 03:00:00,16864.351000000002,-3.2,0.7071067811865475,0.7071067811865476
2024-12-03 04:00:00,17229.858,-3.8,0.8660254037844386,0.5000000000000001
2024-12-03 05:00:00,17863.309,-4.3,0.9659258262890684,0.2588190451025207
2024-12-03 06:00:00,18924.727,-4.2,1.0,6.123233995736766e-17
2024-12-03 07:00:00,19473.003,-3.2,0.9659258262890684,-0.2588190451025206
2024-12-03 08:00:00,19312.137,-2.9,0.8660254037844387,-0.4999999999999998
2024-12-03 09:00:00,19040.235,-3.8,0.7071067811865476,-0.7071067811865475
2024-12-03 10:00:00,18771.396999999997,-3.7,0.4999999999999999,-0.8660254037844387
2024-12-03 11:00:00,18335.271999999997,-3.2,0.258819045102521,-0.9659258262890682
2024-12-03 12:00:00,18078.624000000003,-2.3,1.2246467991473532e-16,-1.0
2024-12-03 13:00:00,17839.789,-1.8,-0.2588190451025208,-0.9659258262890684
2024-12-03 14:00:00,17679.05,0.1,-0.4999999999999998,-0.8660254037844388
2024-12-03 15:00:00,17609.503,0.6,-0.7071067811865471,-0.7071067811865479
2024-12-03 16:00:00,18022.528,0.4,-0.8660254037844384,-0.5000000000000004
2024-12-03 17:00:00,18872.926,0.2,-0.9659258262890684,-0.2588190451025206
2024-12-03 18:00:00,19191.462,-0.9,-1.0,-1.8369701987210294e-16
2024-12-03 19:00:00,19320.491,-1.9,-0.9659258262890684,0.2588190451025203
2024-12-03 20:00:00,19273.385,-2.5,-0.8660254037844386,0.5000000000000001
2024-12-03 21:00:00,18987.998,-4.1,-0.7071067811865477,0.7071067811865474
2024-12-03 22:00:00,18448.615,-4.3,-0.5000000000000004,0.8660254037844384
2024-12-03 23:00:00,17984.075,-4.5,-0.2588190451025215,0.965925826289068
2024-12-04 00:00:00,17766.04,-4.6,0.0,1.0
2024-12-04 01:00:00,17623.539,-4.8,0.2588190451025207,0.9659258262890684
2024-12-04 02:00:00,17628.292,-4.8,0.4999999999999999,0.8660254037844387
2024-12-04 03:00:00,17733.639,-4.8,0.7071067811865475,0.7071067811865476
2024-12-04 04:00:00,18161.236,-5.1,0.8660254037844386,0.5000000000000001
2024-12-04 05:00:00,18925.293,-5.2,0.9659258262890684,0.2588190451025207
2024-12-04 06:00:00,20066.002999999997,-5.2,1.0,6.123233995736766e-17
2024-12-04 07:00:00,20673.24,-5.3,0.9659258262890684,-0.2588190451025206
2024-12-04 08:00:00,20344.22,-5.2,0.8660254037844387,-0.4999999999999998
2024-12-04 09:00:00,19921.367,-4.7,0.7071067811865476,-0.7071067811865475
2024-12-04 10:00:00,19425.035,-3.7,0.4999999999999999,-0.8660254037844387
2024-12-04 11:00:00,19092.213000000003,-2.0,0.258819045102521,-0.9659258262890682
2024-12-04 12:00:00,18721.480000000003,0.3,1.2246467991473532e-16,-1.0
2024-12-04 13:00:00,18379.165999999997,2.8,-0.2588190451025208,-0.9659258262890684
2024-12-04 14:00:00,17967.867,5.2,-0.4999999999999998,-0.8660254037844388
2024-12-04 15:00:00,17815.73,5.8,-0.7071067811865471,-0.7071067811865479
2024-12-04 16:00:00,17780.697,5.4,-0.8660254037844384,-0.5000000000000004
2024-12-04 17:00:00,18404.793,5.7,-0.9659258262890684,-0.2588190451025206
2024-12-04 18:00:00,18348.935,5.0,-1.0,-1.8369701987210294e-16
2024-12-04 19:00:00,18167.941,4.9,-0.9659258262890684,0.2588190451025203
2024-12-04 20:00:00,17921.67,4.9,-0.8660254037844386,0.5000000000000001
2024-12-04 21:00:00,17481.047,5.8,-0.7071067811865477,0.7071067811865474
2024-12-04 22:00:00,16854.165,5.7,-0.5000000000000004,0.8660254037844384
2024-12-04 23:00:00,16212.059,3.5,-0.2588190451025215,0.965925826289068
2024-12-05 00:00:00,15949.438999999998,3.0,0.0,1.0
2024-12-05 01:00:00,15746.065,2.7,0.2588190451025207,0.9659258262890684
2024-12-05 02:00:00,15673.621,0.4,0.4999999999999999,0.8660254037844387
2024-12-05 03:00:00,15799.614,-1.4,0.7071067811865475,0.7071067811865476
2024-12-05 04:00:00,16323.052,-3.4,0.8660254037844386,0.5000000000000001
2024-12-05 05:00:00,17063.372,-4.1,0.9659258262890684,0.2588190451025207
2024-12-05 06:00:00,18191.151,-4.2,1.0,6.123233995736766e-17
2024-12-05 07:00:00,18964.95,-4.8,0.9659258262890684,-0.2588190451025206
2024-12-05 08:00:00,19070.713,-4.9,0.8660254037844387,-0.4999999999999998
2024-12-05 09:00:00,19126.153,-5.7,0.7071067811865476,-0.7071067811865475
2024-12-05 10:00:00,18768.675000000003,-6.0,0.4999999999999999,-0.8660254037844387
2024-12-05 11:00:00,18669.83,-6.6,0.258819045102521,-0.9659258262890682
2024-12-05 12:00:00,18591.377999999997,-5.5,1.2246467991473532e-16,-1.0
2024-12-05 13:00:00,18525.083,-5.0,-0.2588190451025208,-0.9659258262890684
2024-12-05 14:00:00,18497.671,-4.4,-0.4999999999999998,-0.8660254037844388
2024-12-05 15:00:00,18663.225,-3.9,-0.7071067811865471,-0.7071067811865479
2024-12-05 16:00:00,19074.589,-3.5,-0.8660254037844384,-0.5000000000000004
2024-12-05 17:00:00,19932.649,-3.3,-0.9659258262890684,-0.2588190451025206
2024-12-05 18:00:00,20177.595,-3.9,-1.0,-1.8369701987210294e-16
2024-12-05 19:00:00,20200.927,-4.3,-0.9659258262890684,0.2588190451025203
2024-12-05 20:00:00,20051.953,-3.8,-0.8660254037844386,0.5000000000000001
2024-12-05 21:00:00,19628.173000000003,-5.1,-0.7071067811865477,0.7071067811865474
2024-12-05 22:00:00,19063.011,-4.9,-0.5000000000000004,0.8660254037844384
2024-12-05 23:00:00,18422.431,-5.0,-0.2588190451025215,0.965925826289068
2024-12-06 00:00:00,18099.23,-5.1,0.0,1.0
2024-12-06 01:00:00,17874.546000000002,-5.3,0.2588190451025207,0.9659258262890684
2024-12-06 02:00:00,17864.799,-5.3,0.4999999999999999,0.8660254037844387
2024-12-06 03:00:00,18021.818,-6.1,0.7071067811865475,0.7071067811865476
2024-12-06 04:00:00,18370.513,-6.6,0.8660254037844386,0.5000000000000001
2024-12-06 05:00:00,19036.165,-6.9,0.9659258262890684,0.2588190451025207
2024-12-06 06:00:00,19955.781,-7.2,1.0,6.123233995736766e-17
2024-12-06 07:00:00,20554.474,-7.3,0.9659258262890684,-0.2588190451025206
2024-12-06 08:00:00,20518.407,-7.5,0.8660254037844387,-0.4999999999999998
2024-12-06 09:00:00,19905.412,-7.4,0.7071067811865476,-0.7071067811865475
2024-12-06 10:00:00,19240.787,-6.2,0.4999999999999999,-0.8660254037844387
2024-12-06 11:00:00,18677.746,-4.7,0.258819045102521,-0.9659258262890682
2024-12-06 12:00:00,18171.578,-3.1,1.2246467991473532e-16,-1.0
2024-12-06 13:00:00,17853.402,-1.0,-0.2588190451025208,-0.9659258262890684
2024-12-06 14:00:00,17430.613,0.2,-0.4999999999999998,-0.8660254037844388
2024-12-06 15:00:00,17402.335,0.4,-0.7071067811865471,-0.7071067811865479
2024-12-06 16:00:00,17955.479,0.1,-0.8660254037844384,-0.5000000000000004
2024-12-06 17:00:00,18695.882,-0.6,-0.9659258262890684,-0.2588190451025206
2024-12-06 18:00:00,18939.998,-1.6,-1.0,-1.8369701987210294e-16
2024-12-06 19:00:00,19005.223,-2.3,-0.9659258262890684,0.2588190451025203
2024-12-06 20:00:00,18961.254999999997,-2.7,-0.8660254037844386,0.5000000000000001
2024-12-06 21:00:00,18782.013,-2.7,-0.7071067811865477,0.7071067811865474
2024-12-06 22:00:00,18286.665,-2.0,-0.5000000000000004,0.8660254037844384
2024-12-06 23:00:00,17738.405,-1.7,-0.2588190451025215,0.965925826289068
2024-12-07 00:00:00,17351.199,-2.4,0.0,1.0
2024-12-07 01:00:00,17126.988,-2.8,0.2588190451025207,0.9659258262890684
2024-12-07 02:00:00,17077.897,-3.3,0.4999999999999999,0.8660254037844387
2024-12-07 03:00:00,17130.269,-3.8,0.7071067811865475,0.7071067811865476
2024-12-07 04:00:00,17220.455,-4.1,0.8660254037844386,0.5000000000000001
2024-12-07 05:00:00,17531.445,-4.3,0.9659258262890684,0.2588190451025207
2024-12-07 06:00:00,18001.188,-4.6,1.0,6.123233995736766e-17
2024-12-07 07:00:00,18463.032,-4.8,0.9659258262890684,-0.2588190451025206
2024-12-07 08:00:00,18563.747,-4.8,0.8660254037844387,-0.4999999999999998
2024-12-07 09:00:00,18143.099,-4.8,0.7071067811865476,-0.7071067811865475
2024-12-07 10:00:00,17488.157,-3.5,0.4999999999999999,-0.8660254037844387
2024-12-07 11:00:00,17028.236,-1.8,0.258819045102521,-0.9659258262890682
2024-12-07 12:00:00,16426.665,-0.2,1.2246467991473532e-16,-1.0
2024-12-07 13:00:00,16009.69,1.6,-0.2588190451025208,-0.9659258262890684
2024-12-07 14:00:00,15600.48,2.6,-0.4999999999999998,-0.8660254037844388
2024-12-07 15:00:00,15465.659,3.5,-0.7071067811865471,-0.7071067811865479
2024-12-07 16:00:00,15944.524,4.0,-0.8660254037844384,-0.5000000000000004
2024-12-07 17:00:00,16818.362999999998,3.7,-0.9659258262890684,-0.2588190451025206
2024-12-07 18:00:00,17022.394,2.7,-1.0,-1.8369701987210294e-16
2024-12-07 19:00:00,17066.502999999997,1.9,-0.9659258262890684,0.2588190451025203
2024-12-07 20:00:00,17055.644,1.9,-0.8660254037844386,0.5000000000000001
2024-12-07 21:00:00,16871.002,2.3,-0.7071067811865477,0.7071067811865474
2024-12-07 22:00:00,16377.389,2.8,-0.5000000000000004,0.8660254037844384
2024-12-07 23:00:00,15836.816,3.6,-0.2588190451025215,0.965925826289068
2024-12-08 00:00:00,15369.092,4.2,0.0,1.0
2024-12-08 01:00:00,15020.988,4.7,0.2588190451025207,0.9659258262890684
2024-12-08 02:00:00,14807.471,4.6,0.4999999999999999,0.8660254037844387
2024-12-08 03:00:00,14678.694,4.8,0.7071067811865475,0.7071067811865476
2024-12-08 04:00:00,14697.97,4.8,0.8660254037844386,0.5000000000000001
2024-12-08 05:00:00,14825.143,4.8,0.9659258262890684,0.2588190451025207
2024-12-08 06:00:00,15016.308,4.9,1.0,6.123233995736766e-17
2024-12-08 07:00:00,15450.544,4.7,0.9659258262890684,-0.2588190451025206
2024-12-08 08:00:00,15593.803,4.3,0.8660254037844387,-0.4999999999999998
2024-12-08 09:00:00,15354.266,3.8,0.7071067811865476,-0.7071067811865475
2024-12-08 10:00:00,14906.176,4.9,0.4999999999999999,-0.8660254037844387
2024-12-08 11:00:00,14483.116999999998,6.6,0.258819045102521,-0.9659258262890682
2024-12-08 12:00:00,14156.161,8.1,1.2246467991473532e-16,-1.0
2024-12-08 13:00:00,13845.232,9.4,-0.2588190451025208,-0.9659258262890684
2024-12-08 14:00:00,13657.75,10.4,-0.4999999999999998,-0.8660254037844388
2024-12-08 15:00:00,13728.469,11.1,-0.7071067811865471,-0.7071067811865479
2024-12-08 16:00:00,13988.254,11.3,-0.8660254037844384,-0.5000000000000004
2024-12-08 17:00:00,14885.246,10.6,-0.9659258262890684,-0.2588190451025206
2024-12-08 18:00:00,15157.359,8.5,-1.0,-1.8369701987210294e-16
2024-12-08 19:00:00,15207.361,7.2,-0.9659258262890684,0.2588190451025203
2024-12-08 20:00:00,15100.435,6.4,-0.8660254037844386,0.5000000000000001
2024-12-08 21:00:00,14726.909,7.7,-0.7071067811865477,0.7071067811865474
2024-12-08 22:00:00,14223.122,7.2,-0.5000000000000004,0.8660254037844384
2024-12-08 23:00:00,13737.438,7.7,-0.2588190451025215,0.965925826289068
2024-12-09 00:00:00,13456.363,8.2,0.0,1.0
2024-12-09 01:00:00,13295.552,7.9,0.2588190451025207,0.9659258262890684
2024-12-09 02:00:00,13265.7,7.8,0.4999999999999999,0.8660254037844387
2024-12-09 03:00:00,13368.655,7.9,0.7071067811865475,0.7071067811865476
2024-12-09 04:00:00,13668.729,8.1,0.8660254037844386,0.5000000000000001
2024-12-09 05:00:00,14315.554,8.4,0.9659258262890684,0.2588190451025207
2024-12-09 06:00:00,15236.341,8.6,1.0,6.123233995736766e-17
2024-12-09 07:00:00,15738.201,8.9,0.9659258262890684,-0.2588190451025206
2024-12-09 08:00:00,15785.149,9.2,0.8660254037844387,-0.4999999999999998
2024-12-09 09:00:00,15769.341,10.4,0.7071067811865476,-0.7071067811865475
2024-12-09 10:00:00,15752.602,11.1,0.4999999999999999,-0.8660254037844387
2024-12-09 11:00:00,15614.131,11.5,0.258819045102521,-0.9659258262890682
2024-12-09 12:00:00,15513.944,12.1,1.2246467991473532e-16,-1.0
2024-12-09 13:00:00,15359.405,12.2,-0.2588190451025208,-0.9659258262890684
2024-12-09 14:00:00,15149.496,12.7,-0.4999999999999998,-0.8660254037844388
2024-12-09 15:00:00,15009.931,12.8,-0.7071067811865471,-0.7071067811865479
2024-12-09 16:00:00,15181.716,13.2,-0.8660254037844384,-0.5000000000000004
2024-12-09 17:00:00,15760.636,12.6,-0.9659258262890684,-0.2588190451025206
2024-12-09 18:00:00,15819.941,11.9,-1.0,-1.8369701987210294e-16
2024-12-09 19:00:00,15809.122,11.4,-0.9659258262890684,0.2588190451025203
2024-12-09 20:00:00,15631.462,10.9,-0.8660254037844386,0.5000000000000001
2024-12-09 21:00:00,15240.837,9.7,-0.7071067811865477,0.7071067811865474
2024-12-09 22:00:00,14570.86,8.7,-0.5000000000000004,0.8660254037844384
2024-12-09 23:00:00,13950.089,8.1,-0.2588190451025215,0.965925826289068
2024-12-10 00:00:00,13624.436,7.6,0.0,1.0
2024-12-10 01:00:00,13342.001,6.9,0.2588190451025207,0.9659258262890684
2024-12-10 02:00:00,13271.943,6.0,0.4999999999999999,0.8660254037844387
2024-12-10 03:00:00,13273.239,5.8,0.7071067811865475,0.7071067811865476
2024-12-10 04:00:00,13542.482,5.5,0.8660254037844386,0.5000000000000001
2024-12-10 05:00:00,14206.091,6.0,0.9659258262890684,0.2588190451025207
2024-12-10 06:00:00,15264.269,6.3,1.0,6.123233995736766e-17
2024-12-10 07:00:00,15897.856,6.5,0.9659258262890684,-0.2588190451025206
2024-12-10 08:00:00,15967.737,6.6,0.8660254037844387,-0.4999999999999998
2024-12-10 09:00:00,15859.96,7.4,0.7071067811865476,-0.7071067811865475
2024-12-10 10:00:00,15788.095,8.1,0.4999999999999999,-0.8660254037844387
2024-12-10 11:00:00,15665.089,8.6,0.258819045102521,-0.9659258262890682
2024-12-10 12:00:00,15555.739,9.7,1.2246467991473532e-16,-1.0
2024-12-10 13:00:00,15370.958,10.2,-0.2588190451025208,-0.9659258262890684
2024-12-10 14:00:00,15262.86,10.6,-0.4999999999999998,-0.8660254037844388
2024-12-10 15:00:00,15196.991000000002,10.4,-0.7071067811865471,-0.7071067811865479
2024-12-10 16:00:00,15387.666,9.6,-0.8660254037844384,-0.5000000000000004
2024-12-10 17:00:00,15939.211,9.2,-0.9659258262890684,-0.2588190451025206
2024-12-10 18:00:00,15960.0,8.9,-1.0,-1.8369701987210294e-16
2024-12-10 19:00:00,15788.054,8.6,-0.9659258262890684,0.2588190451025203
2024-12-10 20:00:00,15672.819,8.4,-0.8660254037844386,0.5000000000000001
2024-12-10 21:00:00,15005.581,7.3,-0.7071067811865477,0.7071067811865474
2024-12-10 22:00:00,14467.281,6.1,-0.5000000000000004,0.8660254037844384
2024-12-10 23:00:00,13842.825,5.6,-0.2588190451025215,0.965925826289068
2024-12-11 00:00:00,13570.146,4.2,0.0,1.0
2024-12-11 01:00:00,13233.612,2.9,0.2588190451025207,0.9659258262890684
2024-12-11 02:00:00,13218.036,1.8,0.4999999999999999,0.8660254037844387
2024-12-11 03:00:00,13249.401,1.0,0.7071067811865475,0.7071067811865476
2024-12-11 04:00:00,13686.371,1.1,0.8660254037844386,0.5000000000000001
2024-12-11 05:00:00,14375.241,1.0,0.9659258262890684,0.2588190451025207
2024-12-11 06:00:00,15529.066,0.9,1.0,6.123233995736766e-17
2024-12-11 07:00:00,16326.664,0.6,0.9659258262890684,-0.2588190451025206
2024-12-11 08:00:00,16552.197,0.3,0.8660254037844387,-0.4999999999999998
2024-12-11 09:00:00,16878.635000000002,0.2,0.7071067811865476,-0.7071067811865475
2024-12-11 10:00:00,17234.490999999998,0.1,0.4999999999999999,-0.8660254037844387
2024-12-11 11:00:00,17369.33,0.1,0.258819045102521,-0.9659258262890682
2024-12-11 12:00:00,17459.827,0.3,1.2246467991473532e-16,-1.0
2024-12-11 13:00:00,17537.038,0.2,-0.2588190451025208,-0.9659258262890684
2024-12-11 14:00:00,17457.024,-0.1,-0.4999999999999998,-0.8660254037844388
2024-12-11 15:00:00,17540.345999999998,0.1,-0.7071067811865471,-0.7071067811865479
2024-12-11 16:00:00,17758.21,-0.1,-0.8660254037844384,-0.5000000000000004
2024-12-11 17:00:00,18394.745,0.1,-0.9659258262890684,-0.2588190451025206
2024-12-11 18:00:00,18635.206,0.1,-1.0,-1.8369701987210294e-16
2024-12-11 19:00:00,18544.258,0.1,-0.9659258262890684,0.2588190451025203
2024-12-11 20:00:00,18511.936,0.2,-0.8660254037844386,0.5000000000000001
2024-12-11 21:00:00,18191.87,-0.8,-0.7071067811865477,0.7071067811865474
2024-12-11 22:00:00,17617.349000000002,-1.0,-0.5000000000000004,0.8660254037844384
2024-12-11 23:00:00,17177.244,-1.4,-0.2588190451025215,0.965925826289068
2024-12-12 00:00:00,16780.332000000002,-2.0,0.0,1.0
2024-12-12 01:00:00,16618.489999999998,-3.4,0.2588190451025207,0.9659258262890684
2024-12-12 02:00:00,16590.447,-4.2,0.4999999999999999,0.8660254037844387
2024-12-12 03:00:00,16560.891,-5.4,0.7071067811865475,0.7071067811865476
2024-12-12 04:00:00,16943.985,-5.6,0.8660254037844386,0.5000000000000001
2024-12-12 05:00:00,17700.65,-5.7,0.9659258262890684,0.2588190451025207
2024-12-12 06:00:00,18859.728,-6.0,1.0,6.123233995736766e-17
2024-12-12 07:00:00,19587.562,-6.8,0.9659258262890684,-0.2588190451025206
2024-12-12 08:00:00,19613.248,-7.4,0.8660254037844387,-0.4999999999999998
2024-12-12 09:00:00,19083.287,-8.5,0.7071067811865476,-0.7071067811865475
2024-12-12 10:00:00,18697.18,-8.9,0.4999999999999999,-0.8660254037844387
2024-12-12 11:00:00,18260.24,-8.8,0.258819045102521,-0.9659258262890682
2024-12-12 12:00:00,17895.126,-8.2,1.2246467991473532e-16,-1.0
2024-12-12 13:00:00,17641.895,-7.4,-0.2588190451025208,-0.9659258262890684
2024-12-12 14:00:00,17527.749,-6.7,-0.4999999999999998,-0.8660254037844388
2024-12-12 15:00:00,17559.91,-4.9,-0.7071067811865471,-0.7071067811865479
2024-12-12 16:00:00,18094.086,-4.4,-0.8660254037844384,-0.5000000000000004
2024-12-12 17:00:00,18902.709,-4.2,-0.9659258262890684,-0.2588190451025206
2024-12-12 18:00:00,19112.347,-4.3,-1.0,-1.8369701987210294e-16
2024-12-12 19:00:00,19244.407,-4.0,-0.9659258262890684,0.2588190451025203
2024-12-12 20:00:00,19084.239,-3.8,-0.8660254037844386,0.5000000000000001
2024-12-12 21:00:00,18758.163999999997,-4.7,-0.7071067811865477,0.7071067811865474
2024-12-12 22:00:00,18219.033000000003,-4.8,-0.5000000000000004,0.8660254037844384
2024-12-12 23:00:00,17587.253,-4.9,-0.2588190451025215,0.965925826289068
2024-12-13 00:00:00,17363.112999999998,-5.1,0.0,1.0
2024-12-13 01:00:00,17178.955,-5.1,0.2588190451025207,0.9659258262890684
2024-12-13 02:00:00,17131.045,-5.2,0.4999999999999999,0.8660254037844387
2024-12-13 03:00:00,17209.703,-5.4,0.7071067811865475,0.7071067811865476
2024-12-13 04:00:00,17468.824,-5.7,0.8660254037844386,0.5000000000000001
2024-12-13 05:00:00,18131.862,-7.3,0.9659258262890684,0.2588190451025207
2024-12-13 06:00:00,19020.090000000004,-6.3,1.0,6.123233995736766e-17
2024-12-13 07:00:00,19627.87,-6.3,0.9659258262890684,-0.2588190451025206
2024-12-13 08:00:00,19530.233,-6.3,0.8660254037844387,-0.4999999999999998
2024-12-13 09:00:00,19056.46,-6.0,0.7071067811865476,-0.7071067811865475
2024-12-13 10:00:00,18462.924,-5.6,0.4999999999999999,-0.8660254037844387
2024-12-13 11:00:00,17856.246,-4.8,0.258819045102521,-0.9659258262890682
2024-12-13 12:00:00,17300.353,-3.8,1.2246467991473532e-16,-1.0
2024-12-13 13:00:00,16936.754999999997,-2.9,-0.2588190451025208,-0.9659258262890684
2024-12-13 14:00:00,16599.411,-2.1,-0.4999999999999998,-0.8660254037844388
2024-12-13 15:00:00,16583.507,-1.6,-0.7071067811865471,-0.7071067811865479
2024-12-13 16:00:00,16892.456,-1.5,-0.8660254037844384,-0.5000000000000004
2024-12-13 17:00:00,17659.04,-2.0,-0.9659258262890684,-0.2588190451025206
2024-12-13 18:00:00,17835.483,-3.5,-1.0,-1.8369701987210294e-16
2024-12-13 19:00:00,17695.99,-4.2,-0.9659258262890684,0.2588190451025203
2024-12-13 20:00:00,17595.325,-4.5,-0.8660254037844386,0.5000000000000001
2024-12-13 21:00:00,17420.504,-4.0,-0.7071067811865477,0.7071067811865474
2024-12-13 22:00:00,17049.047,-4.4,-0.5000000000000004,0.8660254037844384
2024-12-13 23:00:00,16479.807,-4.3,-0.2588190451025215,0.965925826289068
2024-12-14 00:00:00,16084.605,-4.3,0.0,1.0
2024-12-14 01:00:00,15958.995,-4.9,0.2588190451025207,0.9659258262890684
2024-12-14 02:00:00,15985.349,-5.1,0.4999999999999999,0.8660254037844387
2024-12-14 03:00:00,15996.625,-4.8,0.7071067811865475,0.7071067811865476
2024-12-14 04:00:00,16184.725,-5.0,0.8660254037844386,0.5000000000000001
2024-12-14 05:00:00,16635.667999999998,-5.1,0.9659258262890684,0.2588190451025207
2024-12-14 06:00:00,17167.119,-5.2,1.0,6.123233995736766e-17
2024-12-14 07:00:00,17579.876,-5.2,0.9659258262890684,-0.2588190451025206
2024-12-14 08:00:00,17862.395,-5.2,0.8660254037844387,-0.4999999999999998
2024-12-14 09:00:00,17703.709,-5.2,0.7071067811865476,-0.7071067811865475
2024-12-14 10:00:00,17080.273,-4.0,0.4999999999999999,-0.8660254037844387
2024-12-14 11:00:00,16435.025,-2.2,0.258819045102521,-0.9659258262890682
2024-12-14 12:00:00,15847.162,0.0,1.2246467991473532e-16,-1.0
2024-12-14 13:00:00,15299.742,2.2,-0.2588190451025208,-0.9659258262890684
2024-12-14 14:00:00,15057.939,4.0,-0.4999999999999998,-0.8660254037844388
2024-12-14 15:00:00,15092.868,5.1,-0.7071067811865471,-0.7071067811865479
2024-12-14 16:00:00,15531.167,5.4,-0.8660254037844384,-0.5000000000000004
2024-12-14 17:00:00,16224.502,4.8,-0.9659258262890684,-0.2588190451025206
2024-12-14 18:00:00,16393.049,3.2,-1.0,-1.8369701987210294e-16
2024-12-14 19:00:00,16281.378,2.9,-0.9659258262890684,0.2588190451025203
2024-12-14 20:00:00,16217.741,2.8,-0.8660254037844386,0.5000000000000001
2024-12-14 21:00:00,16085.576,3.8,-0.7071067811865477,0.7071067811865474
2024-12-14 22:00:00,15713.194,4.1,-0.5000000000000004,0.8660254037844384
2024-12-14 23:00:00,15100.656,4.0,-0.2588190451025215,0.965925826289068
2024-12-15 00:00:00,14720.073,3.9,0.0,1.0
2024-12-15 01:00:00,14397.969,3.5,0.2588190451025207,0.9659258262890684
2024-12-15 02:00:00,14199.149,3.2,0.4999999999999999,0.8660254037844387
2024-12-15 03:00:00,14130.624,2.1,0.7071067811865475,0.7071067811865476
2024-12-15 04:00:00,14165.309,2.0,0.8660254037844386,0.5000000000000001
2024-12-15 05:00:00,14331.711,2.2,0.9659258262890684,0.2588190451025207
2024-12-15 06:00:00,14703.296,2.2,1.0,6.123233995736766e-17
2024-12-15 07:00:00,15138.565,2.2,0.9659258262890684,-0.2588190451025206
2024-12-15 08:00:00,15559.949,2.0,0.8660254037844387,-0.4999999999999998
2024-12-15 09:00:00,15782.723,3.7,0.7071067811865476,-0.7071067811865475
2024-12-15 10:00:00,15841.66,4.2,0.4999999999999999,-0.8660254037844387
2024-12-15 11:00:00,15859.453,4.9,0.258819045102521,-0.9659258262890682
2024-12-15 12:00:00,15950.704,6.6,1.2246467991473532e-16,-1.0
2024-12-15 13:00:00,15918.14,6.9,-0.2588190451025208,-0.9659258262890684
2024-12-15 14:00:00,15739.972,7.8,-0.4999999999999998,-0.8660254037844388
2024-12-15 15:00:00,15693.466,8.8,-0.7071067811865471,-0.7071067811865479
2024-12-15 16:00:00,15852.698,8.1,-0.8660254037844384,-0.5000000000000004
2024-12-15 17:00:00,16268.641,8.1,-0.9659258262890684,-0.2588190451025206
2024-12-15 18:00:00,16276.721,7.8,-1.0,-1.8369701987210294e-16
2024-12-15 19:00:00,16095.271,7.1,-0.9659258262890684,0.2588190451025203
2024-12-15 20:00:00,15864.108,6.9,-0.8660254037844386,0.5000000000000001
2024-12-15 21:00:00,15405.728,7.2,-0.7071067811865477,0.7071067811865474
2024-12-15 22:00:00,14894.445,7.0,-0.5000000000000004,0.8660254037844384
2024-12-15 23:00:00,14362.116,6.3,-0.2588190451025215,0.965925826289068
2024-12-16 00:00:00,14004.587,6.1,0.0,1.0
2024-12-16 01:00:00,13718.411,6.9,0.2588190451025207,0.9659258262890684
2024-12-16 02:00:00,13654.394,6.7,0.4999999999999999,0.8660254037844387
2024-12-16 03:00:00,13604.547,6.1,0.7071067811865475,0.7071067811865476
2024-12-16 04:00:00,13811.845,6.7,0.8660254037844386,0.5000000000000001
2024-12-16 05:00:00,14529.566,6.8,0.9659258262890684,0.2588190451025207
2024-12-16 06:00:00,15692.14,6.6,1.0,6.123233995736766e-17
2024-12-16 07:00:00,16276.11,7.2,0.9659258262890684,-0.2588190451025206
2024-12-16 08:00:00,16417.192,7.4,0.8660254037844387,-0.4999999999999998
2024-12-16 09:00:00,16342.574,9.1,0.7071067811865476,-0.7071067811865475
2024-12-16 10:00:00,16343.131,9.2,0.4999999999999999,-0.8660254037844387
2024-12-16 11:00:00,16256.504,9.8,0.258819045102521,-0.9659258262890682
2024-12-16 12:00:00,16094.771,10.2,1.2246467991473532e-16,-1.0
2024-12-16 13:00:00,16100.258,10.7,-0.2588190451025208,-0.9659258262890684
2024-12-16 14:00:00,15914.541,10.9,-0.4999999999999998,-0.8660254037844388
2024-12-16 15:00:00,15713.889,11.9,-0.7071067811865471,-0.7071067811865479
2024-12-16 16:00:00,15726.888,12.4,-0.8660254037844384,-0.5000000000000004
2024-12-16 17:00:00,16229.804,12.8,-0.9659258262890684,-0.2588190451025206
2024-12-16 18:00:00,16208.774,13.4,-1.0,-1.8369701987210294e-16
2024-12-16 19:00:00,16044.381,13.6,-0.9659258262890684,0.2588190451025203
2024-12-16 20:00:00,15832.648,13.9,-0.8660254037844386,0.5000000000000001
2024-12-16 21:00:00,15347.475,13.1,-0.7071067811865477,0.7071067811865474
2024-12-16 22:00:00,14661.206,13.6,-0.5000000000000004,0.8660254037844384
2024-12-16 23:00:00,13986.349,13.6,-0.2588190451025215,0.965925826289068
2024-12-17 00:00:00,13516.033,12.1,0.0,1.0
2024-12-17 01:00:00,13316.465,10.2,0.2588190451025207,0.9659258262890684
2024-12-17 02:00:00,13222.631,8.4,0.4999999999999999,0.8660254037844387
2024-12-17 03:00:00,13301.581,6.9,0.7071067811865475,0.7071067811865476
2024-12-17 04:00:00,13699.373,5.6,0.8660254037844386,0.5000000000000001
2024-12-17 05:00:00,14356.55,4.6,0.9659258262890684,0.2588190451025207
2024-12-17 06:00:00,15368.841,3.8,1.0,6.123233995736766e-17
2024-12-17 07:00:00,16089.343,3.2,0.9659258262890684,-0.2588190451025206
2024-12-17 08:00:00,16039.234,2.8,0.8660254037844387,-0.4999999999999998
2024-12-17 09:00:00,15856.527999999998,3.1,0.7071067811865476,-0.7071067811865475
2024-12-17 10:00:00,15503.733,4.1,0.4999999999999999,-0.8660254037844387
2024-12-17 11:00:00,15281.997,5.6,0.258819045102521,-0.9659258262890682
2024-12-17 12:00:00,15152.62,7.1,1.2246467991473532e-16,-1.0
2024-12-17 13:00:00,14969.985,8.4,-0.2588190451025208,-0.9659258262890684
2024-12-17 14:00:00,14779.744,9.2,-0.4999999999999998,-0.8660254037844388
2024-12-17 15:00:00,14837.24,9.6,-0.7071067811865471,-0.7071067811865479
2024-12-17 16:00:00,15030.714,9.7,-0.8660254037844384,-0.5000000000000004
2024-12-17 17:00:00,15819.288,9.2,-0.9659258262890684,-0.2588190451025206
2024-12-17 18:00:00,16231.36,7.4,-1.0,-1.8369701987210294e-16
2024-12-17 19:00:00,16230.589,6.0,-0.9659258262890684,0.2588190451025203
2024-12-17 20:00:00,16288.251,5.0,-0.8660254037844386,0.5000000000000001
2024-12-17 21:00:00,15955.509,4.7,-0.7071067811865477,0.7071067811865474
2024-12-17 22:00:00,15555.019,4.1,-0.5000000000000004,0.8660254037844384
2024-12-17 23:00:00,14973.617,3.3,-0.2588190451025215,0.965925826289068
2024-12-18 00:00:00,14593.319,2.8,0.0,1.0
2024-12-18 01:00:00,14465.46,2.3,0.2588190451025207,0.9659258262890684
2024-12-18 02:00:00,14466.638,1.6,0.4999999999999999,0.8660254037844387
2024-12-18 03:00:00,14504.948,1.4,0.7071067811865475,0.7071067811865476
2024-12-18 04:00:00,14794.129,1.3,0.8660254037844386,0.5000000000000001
2024-12-18 05:00:00,15268.997,1.9,0.9659258262890684,0.2588190451025207
2024-12-18 06:00:00,16218.167,2.2,1.0,6.123233995736766e-17
2024-12-18 07:00:00,16838.818,2.5,0.9659258262890684,-0.2588190451025206
2024-12-18 08:00:00,16865.868000000002,3.0,0.8660254037844387,-0.4999999999999998
2024-12-18 09:00:00,16747.722999999998,2.5,0.7071067811865476,-0.7071067811865475
2024-12-18 10:00:00,16729.511,2.7,0.4999999999999999,-0.8660254037844387
2024-12-18 11:00:00,16523.338,3.0,0.258819045102521,-0.9659258262890682
2024-12-18 12:00:00,16362.805,3.5,1.2246467991473532e-16,-1.0
2024-12-18 13:00:00,16259.396,4.4,-0.2588190451025208,-0.9659258262890684
2024-12-18 14:00:00,16213.128,4.3,-0.4999999999999998,-0.8660254037844388
2024-12-18 15:00:00,16174.483,3.7,-0.7071067811865471,-0.7071067811865479
2024-12-18 16:00:00,16371.331,3.6,-0.8660254037844384,-0.5000000000000004
2024-12-18 17:00:00,16821.2,3.7,-0.9659258262890684,-0.2588190451025206
2024-12-18 18:00:00,16818.263,3.2,-1.0,-1.8369701987210294e-16
2024-12-18 19:00:00,16778.807,2.9,-0.9659258262890684,0.2588190451025203
2024-12-18 20:00:00,16607.383,3.1,-0.8660254037844386,0.5000000000000001
2024-12-18 21:00:00,16316.37,3.0,-0.7071067811865477,0.7071067811865474
2024-12-18 22:00:00,15671.141,2.8,-0.5000000000000004,0.8660254037844384
2024-12-18 23:00:00,15046.576,2.2,-0.2588190451025215,0.965925826289068
2024-12-19 00:00:00,14664.954000000002,1.8,0.0,1.0
2024-12-19 01:00:00,14429.43,1.4,0.2588190451025207,0.9659258262890684
2024-12-19 02:00:00,14302.538,1.2,0.4999999999999999,0.8660254037844387
2024-12-19 03:00:00,14431.141,0.7,0.7071067811865475,0.7071067811865476
2024-12-19 04:00:00,14676.112,0.5,0.8660254037844386,0.5000000000000001
2024-12-19 05:00:00,15473.42,-0.6,0.9659258262890684,0.2588190451025207
2024-12-19 06:00:00,16493.292999999998,-0.9,1.0,6.123233995736766e-17
2024-12-19 07:00:00,17170.072,-1.3,0.9659258262890684,-0.2588190451025206
2024-12-19 08:00:00,17289.319,-1.5,0.8660254037844387,-0.4999999999999998
2024-12-19 09:00:00,17141.944,0.2,0.7071067811865476,-0.7071067811865475
2024-12-19 10:00:00,17132.234,0.5,0.4999999999999999,-0.8660254037844387
2024-12-19 11:00:00,16968.888,0.9,0.258819045102521,-0.9659258262890682
2024-12-19 12:00:00,16725.689,1.5,1.2246467991473532e-16,-1.0
2024-12-19 13:00:00,16639.817,2.1,-0.2588190451025208,-0.9659258262890684
2024-12-19 14:00:00,16401.426,2.5,-0.4999999999999998,-0.8660254037844388
2024-12-19 15:00:00,16391.015,2.5,-0.7071067811865471,-0.7071067811865479
2024-12-19 16:00:00,16581.559,2.5,-0.8660254037844384,-0.5000000000000004
2024-12-19 17:00:00,17195.092,2.5,-0.9659258262890684,-0.2588190451025206
2024-12-19 18:00:00,17367.045,2.2,-1.0,-1.8369701987210294e-16
2024-12-19 19:00:00,17219.678,1.5,-0.9659258262890684,0.2588190451025203
2024-12-19 20:00:00,17145.647,1.4,-0.8660254037844386,0.5000000000000001
2024-12-19 21:00:00,16878.541,1.8,-0.7071067811865477,0.7071067811865474
2024-12-19 22:00:00,16213.304,1.9,-0.5000000000000004,0.8660254037844384
2024-12-19 23:00:00,15570.199,1.9,-0.2588190451025215,0.965925826289068
2024-12-20 00:00:00,15117.305,1.8,0.0,1.0
2024-12-20 01:00:00,14807.226,1.6,0.2588190451025207,0.9659258262890684
2024-12-20 02:00:00,14759.404,1.5,0.4999999999999999,0.8660254037844387
2024-12-20 03:00:00,14743.747,1.4,0.7071067811865475,0.7071067811865476
2024-12-20 04:00:00,15047.185,1.1,0.8660254037844386,0.5000000000000001
2024-12-20 05:00:00,15746.012,0.9,0.9659258262890684,0.2588190451025207
2024-12-20 06:00:00,16703.397,0.7,1.0,6.123233995736766e-17
2024-12-20 07:00:00,17344.659,0.9,0.9659258262890684,-0.2588190451025206
2024-12-20 08:00:00,17477.215,0.9,0.8660254037844387,-0.4999999999999998
2024-12-20 09:00:00,17405.0,1.5,0.7071067811865476,-0.7071067811865475
2024-12-20 10:00:00,17255.150999999998,1.8,0.4999999999999999,-0.8660254037844387
2024-12-20 11:00:00,17120.086,2.3,0.258819045102521,-0.9659258262890682
2024-12-20 12:00:00,16936.97,2.5,1.2246467991473532e-16,-1.0
2024-12-20 13:00:00,16841.22,3.3,-0.2588190451025208,-0.9659258262890684
2024-12-20 14:00:00,16651.451,3.9,-0.4999999999999998,-0.8660254037844388
2024-12-20 15:00:00,16813.362,4.2,-0.7071067811865471,-0.7071067811865479
2024-12-20 16:00:00,17085.395,4.4,-0.8660254037844384,-0.5000000000000004
2024-12-20 17:00:00,17454.268,4.0,-0.9659258262890684,-0.2588190451025206
2024-12-20 18:00:00,17576.807,3.1,-1.0,-1.8369701987210294e-16
2024-12-20 19:00:00,17433.694,2.1,-0.9659258262890684,0.2588190451025203
2024-12-20 20:00:00,17475.849000000002,1.4,-0.8660254037844386,0.5000000000000001
2024-12-20 21:00:00,17232.874,1.2,-0.7071067811865477,0.7071067811865474
2024-12-20 22:00:00,16760.268,0.8,-0.5000000000000004,0.8660254037844384
2024-12-20 23:00:00,16209.962,0.5,-0.2588190451025215,0.965925826289068
2024-12-21 00:00:00,15738.491,0.2,0.0,1.0
2024-12-21 01:00:00,15460.16,-0.2,0.2588190451025207,0.9659258262890684
2024-12-21 02:00:00,15339.196,-0.9,0.4999999999999999,0.8660254037844387
2024-12-21 03:00:00,15362.351,-1.2,0.7071067811865475,0.7071067811865476
2024-12-21 04:00:00,15433.068,-1.7,0.8660254037844386,0.5000000000000001
2024-12-21 05:00:00,15695.451,-2.4,0.9659258262890684,0.2588190451025207
2024-12-21 06:00:00,16205.7,-3.1,1.0,6.123233995736766e-17
2024-12-21 07:00:00,16664.43,-3.7,0.9659258262890684,-0.2588190451025206
2024-12-21 08:00:00,17084.603,-4.0,0.8660254037844387,-0.4999999999999998
2024-12-21 09:00:00,17194.237,-4.0,0.7071067811865476,-0.7071067811865475
2024-12-21 10:00:00,17163.468999999997,-4.2,0.4999999999999999,-0.8660254037844387
2024-12-21 11:00:00,16921.265,-3.8,0.258819045102521,-0.9659258262890682
2024-12-21 12:00:00,16761.475000000002,-3.1,1.2246467991473532e-16,-1.0
2024-12-21 13:00:00,16612.321,-2.8,-0.2588190451025208,-0.9659258262890684
2024-12-21 14:00:00,16556.301,-2.8,-0.4999999999999998,-0.8660254037844388
2024-12-21 15:00:00,16624.161,-3.0,-0.7071067811865471,-0.7071067811865479
2024-12-21 16:00:00,17053.839,-3.1,-0.8660254037844384,-0.5000000000000004
2024-12-21 17:00:00,17769.283,-3.0,-0.9659258262890684,-0.2588190451025206
2024-12-21 18:00:00,17953.717,-3.2,-1.0,-1.8369701987210294e-16
2024-12-21 19:00:00,17931.13,-4.1,-0.9659258262890684,0.2588190451025203
2024-12-21 20:00:00,17855.393,-4.3,-0.8660254037844386,0.5000000000000001
2024-12-21 21:00:00,17631.582000000002,-3.8,-0.7071067811865477,0.7071067811865474
2024-12-21 22:00:00,17271.053,-3.9,-0.5000000000000004,0.8660254037844384
2024-12-21 23:00:00,16899.058,-3.8,-0.2588190451025215,0.965925826289068
2024-12-22 00:00:00,16563.256,-3.8,0.0,1.0
2024-12-22 01:00:00,16438.857,-3.8,0.2588190451025207,0.9659258262890684
2024-12-22 02:00:00,16468.772,-4.0,0.4999999999999999,0.8660254037844387
2024-12-22 03:00:00,16531.311999999998,-4.2,0.7071067811865475,0.7071067811865476
2024-12-22 04:00:00,16828.077,-4.4,0.8660254037844386,0.5000000000000001
2024-12-22 05:00:00,17185.582000000002,-4.8,0.9659258262890684,0.2588190451025207
2024-12-22 06:00:00,17676.722999999998,-4.9,1.0,6.123233995736766e-17
2024-12-22 07:00:00,18344.238,-5.1,0.9659258262890684,-0.2588190451025206
2024-12-22 08:00:00,18596.813,-5.4,0.8660254037844387,-0.4999999999999998
2024-12-22 09:00:00,18096.09,-7.7,0.7071067811865476,-0.7071067811865475
2024-12-22 10:00:00,17364.258,-6.4,0.4999999999999999,-0.8660254037844387
2024-12-22 11:00:00,16817.959,-4.7,0.258819045102521,-0.9659258262890682
2024-12-22 12:00:00,16419.756999999998,-3.3,1.2246467991473532e-16,-1.0
2024-12-22 13:00:00,16061.447,-2.3,-0.2588190451025208,-0.9659258262890684
2024-12-22 14:00:00,15904.863,-1.8,-0.4999999999999998,-0.8660254037844388
2024-12-22 15:00:00,16005.63,-1.6,-0.7071067811865471,-0.7071067811865479
2024-12-22 16:00:00,16541.383,-1.6,-0.8660254037844384,-0.5000000000000004
2024-12-22 17:00:00,17469.95,-2.0,-0.9659258262890684,-0.2588190451025206
2024-12-22 18:00:00,17888.631999999998,-3.2,-1.0,-1.8369701987210294e-16
2024-12-22 19:00:00,18067.884,-3.8,-0.9659258262890684,0.2588190451025203
2024-12-22 20:00:00,18107.056,-3.8,-0.8660254037844386,0.5000000000000001
2024-12-22 21:00:00,17968.089,-3.6,-0.7071067811865477,0.7071067811865474
2024-12-22 22:00:00,17530.646,-3.0,-0.5000000000000004,0.8660254037844384
2024-12-22 23:00:00,17276.645,-3.4,-0.2588190451025215,0.965925826289068
2024-12-23 00:00:00,17115.542,-3.8,0.0,1.0
2024-12-23 01:00:00,17036.087,-4.1,0.2588190451025207,0.9659258262890684
2024-12-23 02:00:00,17036.879,-4.3,0.4999999999999999,0.8660254037844387
2024-12-23 03:00:00,17131.659,-4.5,0.7071067811865475,0.7071067811865476
2024-12-23 04:00:00,17402.749,-4.6,0.8660254037844386,0.5000000000000001
2024-12-23 05:00:00,18016.345,-4.7,0.9659258262890684,0.2588190451025207
2024-12-23 06:00:00,18691.015,-4.7,1.0,6.123233995736766e-17
2024-12-23 07:00:00,19212.301,-4.6,0.9659258262890684,-0.2588190451025206
2024-12-23 08:00:00,19300.616,-4.4,0.8660254037844387,-0.4999999999999998
2024-12-23 09:00:00,18730.274,-4.6,0.7071067811865476,-0.7071067811865475
2024-12-23 10:00:00,18141.829,-3.5,0.4999999999999999,-0.8660254037844387
2024-12-23 11:00:00,17493.905,-1.6,0.258819045102521,-0.9659258262890682
2024-12-23 12:00:00,16842.299,0.4,1.2246467991473532e-16,-1.0
2024-12-23 13:00:00,16373.096,2.8,-0.2588190451025208,-0.9659258262890684
2024-12-23 14:00:00,16079.752,4.5,-0.4999999999999998,-0.8660254037844388
2024-12-23 15:00:00,15985.865999999998,5.7,-0.7071067811865471,-0.7071067811865479
2024-12-23 16:00:00,16207.336,5.9,-0.8660254037844384,-0.5000000000000004
2024-12-23 17:00:00,16926.27,6.0,-0.9659258262890684,-0.2588190451025206
2024-12-23 18:00:00,17123.347,5.8,-1.0,-1.8369701987210294e-16
2024-12-23 19:00:00,16997.792,4.8,-0.9659258262890684,0.2588190451025203
2024-12-23 20:00:00,16966.245,4.7,-0.8660254037844386,0.5000000000000001
2024-12-23 21:00:00,16622.477,5.3,-0.7071067811865477,0.7071067811865474
2024-12-23 22:00:00,16027.852,5.3,-0.5000000000000004,0.8660254037844384
2024-12-23 23:00:00,15586.86,5.6,-0.2588190451025215,0.965925826289068
2024-12-24 00:00:00,15159.382,5.6,0.0,1.0
2024-12-24 01:00:00,14925.166,5.2,0.2588190451025207,0.9659258262890684
2024-12-24 02:00:00,14740.617,4.8,0.4999999999999999,0.8660254037844387
2024-12-24 03:00:00,14636.031,4.6,0.7071067811865475,0.7071067811865476
2024-12-24 04:00:00,14686.565,4.3,0.8660254037844386,0.5000000000000001
2024-12-24 05:00:00,14902.969,4.2,0.9659258262890684,0.2588190451025207
2024-12-24 06:00:00,15259.668,4.0,1.0,6.123233995736766e-17
2024-12-24 07:00:00,15640.974,3.8,0.9659258262890684,-0.2588190451025206
2024-12-24 08:00:00,15734.592,3.4,0.8660254037844387,-0.4999999999999998
2024-12-24 09:00:00,15733.399,3.8,0.7071067811865476,-0.7071067811865475
2024-12-24 10:00:00,15650.095,4.3,0.4999999999999999,-0.8660254037844387
2024-12-24 11:00:00,15405.069,5.0,0.258819045102521,-0.9659258262890682
2024-12-24 12:00:00,15121.63,5.6,1.2246467991473532e-16,-1.0
2024-12-24 13:00:00,14916.054,6.1,-0.2588190451025208,-0.9659258262890684
2024-12-24 14:00:00,14727.396,6.6,-0.4999999999999998,-0.8660254037844388
2024-12-24 15:00:00,14564.84,6.5,-0.7071067811865471,-0.7071067811865479
2024-12-24 16:00:00,14550.505,6.1,-0.8660254037844384,-0.5000000000000004
2024-12-24 17:00:00,14825.18,5.3,-0.9659258262890684,-0.2588190451025206
2024-12-24 18:00:00,14693.331,4.7,-1.0,-1.8369701987210294e-16
2024-12-24 19:00:00,14541.593,4.1,-0.9659258262890684,0.2588190451025203
2024-12-24 20:00:00,14459.765,3.5,-0.8660254037844386,0.5000000000000001
2024-12-24 21:00:00,14342.831,3.5,-0.7071067811865477,0.7071067811865474
2024-12-24 22:00:00,14028.165,3.3,-0.5000000000000004,0.8660254037844384
2024-12-24 23:00:00,13694.04,3.1,-0.2588190451025215,0.965925826289068
2024-12-25 00:00:00,13365.195,2.8,0.0,1.0
2024-12-25 01:00:00,13135.435,2.6,0.2588190451025207,0.9659258262890684
2024-12-25 02:00:00,13028.904,2.5,0.4999999999999999,0.8660254037844387
2024-12-25 03:00:00,13012.848,2.4,0.7071067811865475,0.7071067811865476
2024-12-25 04:00:00,13097.727,2.3,0.8660254037844386,0.5000000000000001
2024-12-25 05:00:00,13323.969,2.3,0.9659258262890684,0.2588190451025207
2024-12-25 06:00:00,13694.654,2.2,1.0,6.123233995736766e-17
2024-12-25 07:00:00,14134.489,2.3,0.9659258262890684,-0.2588190451025206
2024-12-25 08:00:00,14448.657,2.3,0.8660254037844387,-0.4999999999999998
2024-12-25 09:00:00,14517.932,3.2,0.7071067811865476,-0.7071067811865475
2024-12-25 10:00:00,14363.245,3.5,0.4999999999999999,-0.8660254037844387
2024-12-25 11:00:00,14171.347,4.4,0.258819045102521,-0.9659258262890682
2024-12-25 12:00:00,13881.672,5.4,1.2246467991473532e-16,-1.0
2024-12-25 13:00:00,13545.809,6.4,-0.2588190451025208,-0.9659258262890684
2024-12-25 14:00:00,13254.789,7.0,-0.4999999999999998,-0.8660254037844388
2024-12-25 15:00:00,13133.79,7.0,-0.7071067811865471,-0.7071067811865479
2024-12-25 16:00:00,13285.927,7.2,-0.8660254037844384,-0.5000000000000004
2024-12-25 17:00:00,13724.897,7.2,-0.9659258262890684,-0.2588190451025206
2024-12-25 18:00:00,13906.846,6.3,-1.0,-1.8369701987210294e-16
2024-12-25 19:00:00,13926.509,6.1,-0.9659258262890684,0.2588190451025203
2024-12-25 20:00:00,13983.101,5.7,-0.8660254037844386,0.5000000000000001
2024-12-25 21:00:00,13912.405,5.9,-0.7071067811865477,0.7071067811865474
2024-12-25 22:00:00,13660.672,5.2,-0.5000000000000004,0.8660254037844384
2024-12-25 23:00:00,13358.439,4.9,-0.2588190451025215,0.965925826289068
2024-12-26 00:00:00,13156.126,4.9,0.0,1.0
2024-12-26 01:00:00,13053.402,5.0,0.2588190451025207,0.9659258262890684
2024-12-26 02:00:00,12988.745,4.9,0.4999999999999999,0.8660254037844387
2024-12-26 03:00:00,13055.319,4.8,0.7071067811865475,0.7071067811865476
2024-12-26 04:00:00,13346.087,4.5,0.8660254037844386,0.5000000000000001
2024-12-26 05:00:00,13841.416,4.4,0.9659258262890684,0.2588190451025207
2024-12-26 06:00:00,14554.246,4.2,1.0,6.123233995736766e-17
2024-12-26 07:00:00,15271.646,4.0,0.9659258262890684,-0.2588190451025206
2024-12-26 08:00:00,15630.89,3.8,0.8660254037844387,-0.4999999999999998
2024-12-26 09:00:00,15714.18,4.4,0.7071067811865476,-0.7071067811865475
2024-12-26 10:00:00,15660.775,4.6,0.4999999999999999,-0.8660254037844387
2024-12-26 11:00:00,15433.623,4.9,0.258819045102521,-0.9659258262890682
2024-12-26 12:00:00,15163.902,5.6,1.2246467991473532e-16,-1.0
2024-12-26 13:00:00,14829.195,6.4,-0.2588190451025208,-0.9659258262890684
2024-12-26 14:00:00,14480.613,7.3,-0.4999999999999998,-0.8660254037844388
2024-12-26 15:00:00,14352.28,8.3,-0.7071067811865471,-0.7071067811865479
2024-12-26 16:00:00,14536.974,9.1,-0.8660254037844384,-0.5000000000000004
2024-12-26 17:00:00,15210.611,9.2,-0.9659258262890684,-0.2588190451025206
2024-12-26 18:00:00,15459.345,7.4,-1.0,-1.8369701987210294e-16
2024-12-26 19:00:00,15510.031,6.8,-0.9659258262890684,0.2588190451025203
2024-12-26 20:00:00,15427.516,6.2,-0.8660254037844386,0.5000000000000001
2024-12-26 21:00:00,15273.129,6.2,-0.7071067811865477,0.7071067811865474
2024-12-26 22:00:00,14855.521,5.8,-0.5000000000000004,0.8660254037844384
2024-12-26 23:00:00,14485.478,5.2,-0.2588190451025215,0.965925826289068
2024-12-27 00:00:00,14164.487,4.8,0.0,1.0
2024-12-27 01:00:00,13973.227,4.4,0.2588190451025207,0.9659258262890684
2024-12-27 02:00:00,13961.879,4.1,0.4999999999999999,0.8660254037844387
2024-12-27 03:00:00,14102.531,4.2,0.7071067811865475,0.7071067811865476
2024-12-27 04:00:00,14294.588,3.9,0.8660254037844386,0.5000000000000001
2024-12-27 05:00:00,14580.975,3.5,0.9659258262890684,0.2588190451025207
2024-12-27 06:00:00,15275.813000000002,3.2,1.0,6.123233995736766e-17
2024-12-27 07:00:00,15802.985,3.0,0.9659258262890684,-0.2588190451025206
2024-12-27 08:00:00,16074.23,2.7,0.8660254037844387,-0.4999999999999998
2024-12-27 09:00:00,15974.758000000002,3.7,0.7071067811865476,-0.7071067811865475
2024-12-27 10:00:00,15918.144,4.5,0.4999999999999999,-0.8660254037844387
2024-12-27 11:00:00,15706.936,6.4,0.258819045102521,-0.9659258262890682
2024-12-27 12:00:00,15461.465,8.2,1.2246467991473532e-16,-1.0
2024-12-27 13:00:00,15260.291,8.8,-0.2588190451025208,-0.9659258262890684
2024-12-27 14:00:00,15246.137,10.1,-0.4999999999999998,-0.8660254037844388
2024-12-27 15:00:00,15187.909,9.9,-0.7071067811865471,-0.7071067811865479
2024-12-27 16:00:00,15284.692,9.4,-0.8660254037844384,-0.5000000000000004
2024-12-27 17:00:00,15603.663,9.3,-0.9659258262890684,-0.2588190451025206
2024-12-27 18:00:00,15501.302,9.1,-1.0,-1.8369701987210294e-16
2024-12-27 19:00:00,15253.272,9.4,-0.9659258262890684,0.2588190451025203
2024-12-27 20:00:00,15125.37,9.4,-0.8660254037844386,0.5000000000000001
2024-12-27 21:00:00,14725.297,9.9,-0.7071067811865477,0.7071067811865474
2024-12-27 22:00:00,14239.429,9.6,-0.5000000000000004,0.8660254037844384
2024-12-27 23:00:00,13648.055,10.1,-0.2588190451025215,0.965925826289068
2024-12-28 00:00:00,13193.787,10.5,0.0,1.0
2024-12-28 01:00:00,12878.863,10.9,0.2588190451025207,0.9659258262890684
2024-12-28 02:00:00,12741.154,10.8,0.4999999999999999,0.8660254037844387
2024-12-28 03:00:00,12626.473,11.2,0.7071067811865475,0.7071067811865476
2024-12-28 04:00:00,12608.93,11.4,0.8660254037844386,0.5000000000000001
2024-12-28 05:00:00,12790.468,11.4,0.9659258262890684,0.2588190451025207
2024-12-28 06:00:00,13061.81,11.7,1.0,6.123233995736766e-17
2024-12-28 07:00:00,13449.486,11.3,0.9659258262890684,-0.2588190451025206
2024-12-28 08:00:00,13553.346,11.8,0.8660254037844387,-0.4999999999999998
2024-12-28 09:00:00,13538.826,10.9,0.7071067811865476,-0.7071067811865475
2024-12-28 10:00:00,13673.524,11.3,0.4999999999999999,-0.8660254037844387
2024-12-28 11:00:00,13702.793999999998,12.6,0.258819045102521,-0.9659258262890682
2024-12-28 12:00:00,13629.568,13.9,1.2246467991473532e-16,-1.0
2024-12-28 13:00:00,13415.009000000002,14.7,-0.2588190451025208,-0.9659258262890684
2024-12-28 14:00:00,13408.52,15.1,-0.4999999999999998,-0.8660254037844388
2024-12-28 15:00:00,13403.911,15.1,-0.7071067811865471,-0.7071067811865479
2024-12-28 16:00:00,13486.398,15.2,-0.8660254037844384,-0.5000000000000004
2024-12-28 17:00:00,13947.738,14.9,-0.9659258262890684,-0.2588190451025206
2024-12-28 18:00:00,14173.767,14.1,-1.0,-1.8369701987210294e-16
2024-12-28 19:00:00,13945.68,13.2,-0.9659258262890684,0.2588190451025203
2024-12-28 20:00:00,13731.982,11.8,-0.8660254037844386,0.5000000000000001
2024-12-28 21:00:00,13509.646,11.9,-0.7071067811865477,0.7071067811865474
2024-12-28 22:00:00,13196.684,10.8,-0.5000000000000004,0.8660254037844384
2024-12-28 23:00:00,12824.696,9.8,-0.2588190451025215,0.965925826289068
2024-12-29 00:00:00,12450.545,10.3,0.0,1.0
2024-12-29 01:00:00,12132.859,10.6,0.2588190451025207,0.9659258262890684
2024-12-29 02:00:00,12074.734,10.9,0.4999999999999999,0.8660254037844387
2024-12-29 03:00:00,12065.371,10.9,0.7071067811865475,0.7071067811865476
2024-12-29 04:00:00,12047.847,11.1,0.8660254037844386,0.5000000000000001
2024-12-29 05:00:00,12136.459,11.1,0.9659258262890684,0.2588190451025207
2024-12-29 06:00:00,12395.37,11.6,1.0,6.123233995736766e-17
2024-12-29 07:00:00,12693.077,12.5,0.9659258262890684,-0.2588190451025206
2024-12-29 08:00:00,13039.758,13.6,0.8660254037844387,-0.4999999999999998
2024-12-29 09:00:00,13361.2,14.6,0.7071067811865476,-0.7071067811865475
2024-12-29 10:00:00,13532.701,14.8,0.4999999999999999,-0.8660254037844387
2024-12-29 11:00:00,13591.904,14.6,0.258819045102521,-0.9659258262890682
2024-12-29 12:00:00,13686.481,14.7,1.2246467991473532e-16,-1.0
2024-12-29 13:00:00,13553.239,14.9,-0.2588190451025208,-0.9659258262890684
2024-12-29 14:00:00,13498.884,15.3,-0.4999999999999998,-0.8660254037844388
2024-12-29 15:00:00,13480.812,15.8,-0.7071067811865471,-0.7071067811865479
2024-12-29 16:00:00,13714.669,15.3,-0.8660254037844384,-0.5000000000000004
2024-12-29 17:00:00,14250.68,13.6,-0.9659258262890684,-0.2588190451025206
2024-12-29 18:00:00,14453.408,13.1,-1.0,-1.8369701987210294e-16
2024-12-29 19:00:00,14315.607,10.6,-0.9659258262890684,0.2588190451025203
2024-12-29 20:00:00,14126.896,8.4,-0.8660254037844386,0.5000000000000001
2024-12-29 21:00:00,13833.191,7.8,-0.7071067811865477,0.7071067811865474
2024-12-29 22:00:00,13435.387,6.7,-0.5000000000000004,0.8660254037844384
2024-12-29 23:00:00,13151.027,6.1,-0.2588190451025215,0.965925826289068
2024-12-30 00:00:00,12908.601,6.1,0.0,1.0
2024-12-30 01:00:00,12730.342,6.0,0.2588190451025207,0.9659258262890684
2024-12-30 02:00:00,12688.174,5.8,0.4999999999999999,0.8660254037844387
2024-12-30 03:00:00,12686.069,5.8,0.7071067811865475,0.7071067811865476
2024-12-30 04:00:00,12885.514,5.9,0.8660254037844386,0.5000000000000001
2024-12-30 05:00:00,13384.165,6.2,0.9659258262890684,0.2588190451025207
2024-12-30 06:00:00,14209.1,5.9,1.0,6.123233995736766e-17
2024-12-30 07:00:00,14888.842,6.1,0.9659258262890684,-0.2588190451025206
2024-12-30 08:00:00,15106.012,5.7,0.8660254037844387,-0.4999999999999998
2024-12-30 09:00:00,15105.449,5.7,0.7071067811865476,-0.7071067811865475
2024-12-30 10:00:00,15049.063,5.8,0.4999999999999999,-0.8660254037844387
2024-12-30 11:00:00,14842.061000000002,6.2,0.258819045102521,-0.9659258262890682
2024-12-30 12:00:00,14677.962,6.9,1.2246467991473532e-16,-1.0
2024-12-30 13:00:00,14393.98,7.8,-0.2588190451025208,-0.9659258262890684
2024-12-30 14:00:00,14164.735,8.6,-0.4999999999999998,-0.8660254037844388
2024-12-30 15:00:00,14006.786,9.2,-0.7071067811865471,-0.7071067811865479
2024-12-30 16:00:00,14200.952,9.4,-0.8660254037844384,-0.5000000000000004
2024-12-30 17:00:00,14880.135,9.2,-0.9659258262890684,-0.2588190451025206
2024-12-30 18:00:00,15240.444,7.4,-1.0,-1.8369701987210294e-16
2024-12-30 19:00:00,15366.769,6.1,-0.9659258262890684,0.2588190451025203
2024-12-30 20:00:00,15338.392,5.1,-0.8660254037844386,0.5000000000000001
2024-12-30 21:00:00,15106.749,4.6,-0.7071067811865477,0.7071067811865474
2024-12-30 22:00:00,14695.386,4.7,-0.5000000000000004,0.8660254037844384
2024-12-30 23:00:00,14263.831,4.1,-0.2588190451025215,0.965925826289068
2024-12-31 00:00:00,13865.521,4.3,0.0,1.0
2024-12-31 01:00:00,13632.264,4.6,0.2588190451025207,0.9659258262890684
2024-12-31 02:00:00,13590.361,4.9,0.4999999999999999,0.8660254037844387
2024-12-31 03:00:00,13551.623,5.3,0.7071067811865475,0.7071067811865476
2024-12-31 04:00:00,13647.783,5.6,0.8660254037844386,0.5000000000000001
2024-12-31 05:00:00,14100.855,6.1,0.9659258262890684,0.2588190451025207
2024-12-31 06:00:00,14709.72,5.8,1.0,6.123233995736766e-17
2024-12-31 07:00:00,15255.516,5.6,0.9659258262890684,-0.2588190451025206
2024-12-31 08:00:00,15429.347,5.4,0.8660254037844387,-0.4999999999999998
2024-12-31 09:00:00,15269.684,5.5,0.7071067811865476,-0.7071067811865475
2024-12-31 10:00:00,15180.522,6.0,0.4999999999999999,-0.8660254037844387
2024-12-31 11:00:00,15042.989,7.3,0.258819045102521,-0.9659258262890682
2024-12-31 12:00:00,14910.151,9.6,1.2246467991473532e-16,-1.0
2024-12-31 13:00:00,14825.076,10.1,-0.2588190451025208,-0.9659258262890684
2024-12-31 14:00:00,14721.753,11.4,-0.4999999999999998,-0.8660254037844388
2024-12-31 15:00:00,14680.654,10.9,-0.7071067811865471,-0.7071067811865479
2024-12-31 16:00:00,14878.389,10.4,-0.8660254037844384,-0.5000000000000004
2024-12-31 17:00:00,15322.386,9.5,-0.9659258262890684,-0.2588190451025206
2024-12-31 18:00:00,15271.925,9.3,-1.0,-1.8369701987210294e-16
2024-12-31 19:00:00,14939.042,8.6,-0.9659258262890684,0.2588190451025203
2024-12-31 20:00:00,14716.416,7.9,-0.8660254037844386,0.5000000000000001
2024-12-31 21:00:00,14456.842,4.3,-0.7071067811865477,0.7071067811865474
2024-12-31 22:00:00,14135.015,3.5,-0.5000000000000004,0.8660254037844384
2024-12-31 23:00:00,13785.26,3.1,-0.2588190451025215,0.965925826289068
2025-01-01 00:00:00,13605.318,2.6,0.0,1.0
2025-01-01 01:00:00,13520.854,2.3,0.2588190451025207,0.9659258262890684
2025-01-01 02:00:00,13453.074,2.2,0.4999999999999999,0.8660254037844387
2025-01-01 03:00:00,13356.614,2.0,0.7071067811865475,0.7071067811865476
2025-01-01 04:00:00,13496.402999999998,1.8,0.8660254037844386,0.5000000000000001
2025-01-01 05:00:00,13734.11,1.6,0.9659258262890684,0.2588190451025207
2025-01-01 06:00:00,13990.208,1.6,1.0,6.123233995736766e-17
2025-01-01 07:00:00,14315.281,1.5,0.9659258262890684,-0.2588190451025206
2025-01-01 08:00:00,14507.227,1.5,0.8660254037844387,-0.4999999999999998
2025-01-01 09:00:00,14823.428,2.0,0.7071067811865476,-0.7071067811865475
2025-01-01 10:00:00,15203.884,1.9,0.4999999999999999,-0.8660254037844387
2025-01-01 11:00:00,15357.543,2.3,0.258819045102521,-0.9659258262890682
2025-01-01 12:00:00,15515.422,2.8,1.2246467991473532e-16,-1.0
2025-01-01 13:00:00,15548.505,2.8,-0.2588190451025208,-0.9659258262890684
2025-01-01 14:00:00,15577.441,2.5,-0.4999999999999998,-0.8660254037844388
2025-01-01 15:00:00,15710.995,1.1,-0.7071067811865471,-0.7071067811865479
2025-01-01 16:00:00,16110.709,0.9,-0.8660254037844384,-0.5000000000000004
2025-01-01 17:00:00,16551.507999999998,0.6,-0.9659258262890684,-0.2588190451025206
2025-01-01 18:00:00,16632.261,0.2,-1.0,-1.8369701987210294e-16
2025-01-01 19:00:00,16583.858,-0.2,-0.9659258262890684,0.2588190451025203
2025-01-01 20:00:00,16500.525,-0.2,-0.8660254037844386,0.5000000000000001
2025-01-01 21:00:00,16282.532,-0.9,-0.7071067811865477,0.7071067811865474
2025-01-01 22:00:00,15867.593,-0.9,-0.5000000000000004,0.8660254037844384
2025-01-01 23:00:00,15423.414,-1.3,-0.2588190451025215,0.965925826289068
2025-01-02 00:00:00,15203.534,-1.1,0.0,1.0
2025-01-02 01:00:00,15071.402,-1.1,0.2588190451025207,0.9659258262890684
2025-01-02 02:00:00,15021.294,-1.7,0.4999999999999999,0.8660254037844387
2025-01-02 03:00:00,15061.77,-2.0,0.7071067811865475,0.7071067811865476
2025-01-02 04:00:00,15293.692,-2.2,0.8660254037844386,0.5000000000000001
2025-01-02 05:00:00,15922.131,-2.3,0.9659258262890684,0.2588190451025207
2025-01-02 06:00:00,16769.135000000002,-2.0,1.0,6.123233995736766e-17
2025-01-02 07:00:00,17524.031,-1.7,0.9659258262890684,-0.2588190451025206
2025-01-02 08:00:00,17799.403,-1.5,0.8660254037844387,-0.4999999999999998
2025-01-02 09:00:00,17710.615,-0.6,0.7071067811865476,-0.7071067811865475
2025-01-02 10:00:00,17584.966,-0.6,0.4999999999999999,-0.8660254037844387
2025-01-02 11:00:00,17354.852,-0.6,0.258819045102521,-0.9659258262890682
2025-01-02 12:00:00,17143.558,-0.4,1.2246467991473532e-16,-1.0
2025-01-02 13:00:00,16876.165,-0.8,-0.2588190451025208,-0.9659258262890684
2025-01-02 14:00:00,16706.441,-0.2,-0.4999999999999998,-0.8660254037844388
2025-01-02 15:00:00,16609.243,1.0,-0.7071067811865471,-0.7071067811865479
2025-01-02 16:00:00,16759.464,1.8,-0.8660254037844384,-0.5000000000000004
2025-01-02 17:00:00,17529.694,1.4,-0.9659258262890684,-0.2588190451025206
2025-01-02 18:00:00,17954.965,0.9,-1.0,-1.8369701987210294e-16
2025-01-02 19:00:00,17989.909,-0.9,-0.9659258262890684,0.2588190451025203
2025-01-02 20:00:00,17964.054,-1.4,-0.8660254037844386,0.5000000000000001
2025-01-02 21:00:00,17681.301,-1.1,-0.7071067811865477,0.7071067811865474
2025-01-02 22:00:00,17159.928,-0.9,-0.5000000000000004,0.8660254037844384
2025-01-02 23:00:00,16761.468,-0.9,-0.2588190451025215,0.965925826289068
2025-01-03 00:00:00,16470.991,-0.6,0.0,1.0
2025-01-03 01:00:00,16126.789,-0.9,0.2588190451025207,0.9659258262890684
2025-01-03 02:00:00,16187.207,-0.7,0.4999999999999999,0.8660254037844387
2025-01-03 03:00:00,16228.344,-0.9,0.7071067811865475,0.7071067811865476
2025-01-03 04:00:00,16458.836,-0.9,0.8660254037844386,0.5000000000000001
2025-01-03 05:00:00,16888.387,-0.6,0.9659258262890684,0.2588190451025207
2025-01-03 06:00:00,17645.021,-0.2,1.0,6.123233995736766e-17
2025-01-03 07:00:00,18366.040999999997,0.1,0.9659258262890684,-0.2588190451025206
2025-01-03 08:00:00,18549.523,0.4,0.8660254037844387,-0.4999999999999998
2025-01-03 09:00:00,18370.909,-0.6,0.7071067811865476,-0.7071067811865475
2025-01-03 10:00:00,18299.971,-1.6,0.4999999999999999,-0.8660254037844387
2025-01-03 11:00:00,18282.523,-3.0,0.258819045102521,-0.9659258262890682
2025-01-03 12:00:00,18279.515,-3.5,1.2246467991473532e-16,-1.0
2025-01-03 13:00:00,18226.526,-3.2,-0.2588190451025208,-0.9659258262890684
2025-01-03 14:00:00,18189.183,-3.3,-0.4999999999999998,-0.8660254037844388
2025-01-03 15:00:00,18219.094,-3.2,-0.7071067811865471,-0.7071067811865479
2025-01-03 16:00:00,18420.584000000003,-3.5,-0.8660254037844384,-0.5000000000000004
2025-01-03 17:00:00,18949.334000000003,-3.7,-0.9659258262890684,-0.2588190451025206
2025-01-03 18:00:00,19221.758,-4.0,-1.0,-1.8369701987210294e-16
2025-01-03 19:00:00,18983.443,-4.1,-0.9659258262890684,0.2588190451025203
2025-01-03 20:00:00,18973.81,-4.2,-0.8660254037844386,0.5000000000000001
2025-01-03 21:00:00,18700.736,-4.9,-0.7071067811865477,0.7071067811865474
2025-01-03 22:00:00,18235.498,-5.2,-0.5000000000000004,0.8660254037844384
2025-01-03 23:00:00,17788.368,-5.5,-0.2588190451025215,0.965925826289068
2025-01-04 00:00:00,17346.378,-5.6,0.0,1.0
2025-01-04 01:00:00,17121.544,-5.9,0.2588190451025207,0.9659258262890684
2025-01-04 02:00:00,17085.711,-6.1,0.4999999999999999,0.8660254037844387
2025-01-04 03:00:00,17102.548000000003,-6.2,0.7071067811865475,0.7071067811865476
2025-01-04 04:00:00,17249.913,-6.1,0.8660254037844386,0.5000000000000001
2025-01-04 05:00:00,17490.177,-6.2,0.9659258262890684,0.2588190451025207
2025-01-04 06:00:00,17887.97,-6.3,1.0,6.123233995736766e-17
2025-01-04 07:00:00,18250.057,-6.9,0.9659258262890684,-0.2588190451025206
2025-01-04 08:00:00,18470.163,-7.1,0.8660254037844387,-0.4999999999999998
2025-01-04 09:00:00,18512.768,-8.2,0.7071067811865476,-0.7071067811865475
2025-01-04 10:00:00,18258.282,-8.4,0.4999999999999999,-0.8660254037844387
2025-01-04 11:00:00,18025.972,-8.1,0.258819045102521,-0.9659258262890682
2025-01-04 12:00:00,17822.612999999998,-7.4,1.2246467991473532e-16,-1.0
2025-01-04 13:00:00,17594.967,-6.8,-0.2588190451025208,-0.9659258262890684
2025-01-04 14:00:00,17313.412,-6.6,-0.4999999999999998,-0.8660254037844388
2025-01-04 15:00:00,17459.267,-6.3,-0.7071067811865471,-0.7071067811865479
2025-01-04 16:00:00,17812.975,-6.2,-0.8660254037844384,-0.5000000000000004
2025-01-04 17:00:00,18559.048000000003,-6.2,-0.9659258262890684,-0.2588190451025206
2025-01-04 18:00:00,18947.965,-7.1,-1.0,-1.8369701987210294e-16
2025-01-04 19:00:00,18897.816,-8.3,-0.9659258262890684,0.2588190451025203
2025-01-04 20:00:00,18940.698,-9.5,-0.8660254037844386,0.5000000000000001
2025-01-04 21:00:00,18753.748,-10.1,-0.7071067811865477,0.7071067811865474
2025-01-04 22:00:00,18430.81,-10.4,-0.5000000000000004,0.8660254037844384
2025-01-04 23:00:00,18056.572,-10.6,-0.2588190451025215,0.965925826289068
2025-01-05 00:00:00,17830.248,-10.6,0.0,1.0
2025-01-05 01:00:00,17552.363,-10.6,0.2588190451025207,0.9659258262890684
2025-01-05 02:00:00,17434.644,-11.1,0.4999999999999999,0.8660254037844387
2025-01-05 03:00:00,17501.319,-12.0,0.7071067811865475,0.7071067811865476
2025-01-05 04:00:00,17377.979,-11.1,0.8660254037844386,0.5000000000000001
2025-01-05 05:00:00,17544.699,-11.6,0.9659258262890684,0.2588190451025207
2025-01-05 06:00:00,17689.465,-9.4,1.0,6.123233995736766e-17
2025-01-05 07:00:00,17977.569,-8.6,0.9659258262890684,-0.2588190451025206
2025-01-05 08:00:00,18066.227,-8.1,0.8660254037844387,-0.4999999999999998
2025-01-05 09:00:00,17948.923,-8.3,0.7071067811865476,-0.7071067811865475
2025-01-05 10:00:00,17806.589,-7.9,0.4999999999999999,-0.8660254037844387
2025-01-05 11:00:00,17793.946,-6.8,0.258819045102521,-0.9659258262890682
2025-01-05 12:00:00,18105.604,-5.9,1.2246467991473532e-16,-1.0
2025-01-05 13:00:00,18219.892,-5.3,-0.2588190451025208,-0.9659258262890684
2025-01-05 14:00:00,18404.085,-4.8,-0.4999999999999998,-0.8660254037844388
2025-01-05 15:00:00,18446.532,-4.6,-0.7071067811865471,-0.7071067811865479
2025-01-05 16:00:00,18621.722,-4.4,-0.8660254037844384,-0.5000000000000004
2025-01-05 17:00:00,19153.428,-4.4,-0.9659258262890684,-0.2588190451025206
2025-01-05 18:00:00,19241.484,-4.7,-1.0,-1.8369701987210294e-16
2025-01-05 19:00:00,18985.896,-5.0,-0.9659258262890684,0.2588190451025203
2025-01-05 20:00:00,18670.499,-5.2,-0.8660254037844386,0.5000000000000001
2025-01-05 21:00:00,18372.631,-5.2,-0.7071067811865477,0.7071067811865474
2025-01-05 22:00:00,17826.424,-5.3,-0.5000000000000004,0.8660254037844384
2025-01-05 23:00:00,17436.627,-5.4,-0.2588190451025215,0.965925826289068
2025-01-06 00:00:00,17151.305,-5.3,0.0,1.0
2025-01-06 01:00:00,16973.353,-5.3,0.2588190451025207,0.9659258262890684
2025-01-06 02:00:00,16878.024,-5.3,0.4999999999999999,0.8660254037844387
2025-01-06 03:00:00,16795.288,-5.4,0.7071067811865475,0.7071067811865476
2025-01-06 04:00:00,16913.16,-5.5,0.8660254037844386,0.5000000000000001
2025-01-06 05:00:00,17349.182,-5.7,0.9659258262890684,0.2588190451025207
2025-01-06 06:00:00,17931.067,-6.0,1.0,6.123233995736766e-17
2025-01-06 07:00:00,18345.933,-6.3,0.9659258262890684,-0.2588190451025206
2025-01-06 08:00:00,18550.61,-6.4,0.8660254037844387,-0.4999999999999998
2025-01-06 09:00:00,18656.988,-6.2,0.7071067811865476,-0.7071067811865475
2025-01-06 10:00:00,18873.029,-5.8,0.4999999999999999,-0.8660254037844387
2025-01-06 11:00:00,18928.672,-5.3,0.258819045102521,-0.9659258262890682
2025-01-06 12:00:00,19015.92,-4.5,1.2246467991473532e-16,-1.0
2025-01-06 13:00:00,18963.216,-4.0,-0.2588190451025208,-0.9659258262890684
2025-01-06 14:00:00,18816.802,-3.3,-0.4999999999999998,-0.8660254037844388
2025-01-06 15:00:00,18825.026,-2.7,-0.7071067811865471,-0.7071067811865479
2025-01-06 16:00:00,19010.994,-2.4,-0.8660254037844384,-0.5000000000000004
2025-01-06 17:00:00,19440.847,-3.0,-0.9659258262890684,-0.2588190451025206
2025-01-06 18:00:00,19673.337,-3.5,-1.0,-1.8369701987210294e-16
2025-01-06 19:00:00,19372.151,-3.8,-0.9659258262890684,0.2588190451025203
2025-01-06 20:00:00,19087.516,-4.0,-0.8660254037844386,0.5000000000000001
2025-01-06 21:00:00,18749.287,-4.2,-0.7071067811865477,0.7071067811865474
2025-01-06 22:00:00,18166.122,-4.0,-0.5000000000000004,0.8660254037844384
2025-01-06 23:00:00,17675.12,-4.4,-0.2588190451025215,0.965925826289068
2025-01-07 00:00:00,17394.953999999998,-5.2,0.0,1.0
2025-01-07 01:00:00,17197.944,-5.6,0.2588190451025207,0.9659258262890684
2025-01-07 02:00:00,17230.993,-6.0,0.4999999999999999,0.8660254037844387
2025-01-07 03:00:00,17305.574,-6.3,0.7071067811865475,0.7071067811865476
2025-01-07 04:00:00,17657.494,-7.0,0.8660254037844386,0.5000000000000001
2025-01-07 05:00:00,18283.477,-8.1,0.9659258262890684,0.2588190451025207
2025-01-07 06:00:00,19011.999,-9.1,1.0,6.123233995736766e-17
2025-01-07 07:00:00,19593.756,-10.0,0.9659258262890684,-0.2588190451025206
2025-01-07 08:00:00,19736.864,-10.2,0.8660254037844387,-0.4999999999999998
2025-01-07 09:00:00,19601.787,-8.4,0.7071067811865476,-0.7071067811865475
2025-01-07 10:00:00,19466.8,-8.9,0.4999999999999999,-0.8660254037844387
2025-01-07 11:00:00,19409.283,-8.1,0.258819045102521,-0.9659258262890682
2025-01-07 12:00:00,19297.307999999997,-6.2,1.2246467991473532e-16,-1.0
2025-01-07 13:00:00,19204.877,-5.2,-0.2588190451025208,-0.9659258262890684
2025-01-07 14:00:00,19005.353,-4.7,-0.4999999999999998,-0.8660254037844388
2025-01-07 15:00:00,18875.746,-4.6,-0.7071067811865471,-0.7071067811865479
2025-01-07 16:00:00,19140.911,-4.5,-0.8660254037844384,-0.5000000000000004
2025-01-07 17:00:00,19866.303,-4.9,-0.9659258262890684,-0.2588190451025206
2025-01-07 18:00:00,20104.56,-6.2,-1.0,-1.8369701987210294e-16
2025-01-07 19:00:00,19939.388,-7.5,-0.9659258262890684,0.2588190451025203
2025-01-07 20:00:00,19747.711,-6.8,-0.8660254037844386,0.5000000000000001
2025-01-07 21:00:00,19385.79,-6.8,-0.7071067811865477,0.7071067811865474
2025-01-07 22:00:00,18780.333,-5.6,-0.5000000000000004,0.8660254037844384
2025-01-07 23:00:00,18282.768,-5.4,-0.2588190451025215,0.965925826289068
2025-01-08 00:00:00,17898.444,-5.4,0.0,1.0
2025-01-08 01:00:00,17863.948,-5.2,0.2588190451025207,0.9659258262890684
2025-01-08 02:00:00,17864.254,-4.7,0.4999999999999999,0.8660254037844387
2025-01-08 03:00:00,17979.383,-5.1,0.7071067811865475,0.7071067811865476
2025-01-08 04:00:00,18313.091,-6.3,0.8660254037844386,0.5000000000000001
2025-01-08 05:00:00,18766.275,-6.2,0.9659258262890684,0.2588190451025207
2025-01-08 06:00:00,19547.69,-6.2,1.0,6.123233995736766e-17
2025-01-08 07:00:00,20023.131,-6.4,0.9659258262890684,-0.2588190451025206
2025-01-08 08:00:00,20016.165,-6.8,0.8660254037844387,-0.4999999999999998
2025-01-08 09:00:00,19773.028,-5.8,0.7071067811865476,-0.7071067811865475
2025-01-08 10:00:00,19443.301,-5.7,0.4999999999999999,-0.8660254037844387
2025-01-08 11:00:00,19226.356,-5.4,0.258819045102521,-0.9659258262890682
2025-01-08 12:00:00,19263.075,-5.3,1.2246467991473532e-16,-1.0
2025-01-08 13:00:00,19166.717,-5.5,-0.2588190451025208,-0.9659258262890684
2025-01-08 14:00:00,19048.632,-5.4,-0.4999999999999998,-0.8660254037844388
2025-01-08 15:00:00,18997.624000000003,-5.2,-0.7071067811865471,-0.7071067811865479
2025-01-08 16:00:00,19362.370000000003,-5.2,-0.8660254037844384,-0.5000000000000004
2025-01-08 17:00:00,19816.568,-5.4,-0.9659258262890684,-0.2588190451025206
2025-01-08 18:00:00,20138.366,-5.5,-1.0,-1.8369701987210294e-16
2025-01-08 19:00:00,20163.286,-5.9,-0.9659258262890684,0.2588190451025203
2025-01-08 20:00:00,20009.824,-6.7,-0.8660254037844386,0.5000000000000001
2025-01-08 21:00:00,19600.878,-5.7,-0.7071067811865477,0.7071067811865474
2025-01-08 22:00:00,19138.306,-6.5,-0.5000000000000004,0.8660254037844384
2025-01-08 23:00:00,18700.902,-7.2,-0.2588190451025215,0.965925826289068
2025-01-09 00:00:00,18430.638,-7.8,0.0,1.0
2025-01-09 01:00:00,18386.033,-7.9,0.2588190451025207,0.9659258262890684
2025-01-09 02:00:00,18307.05,-8.4,0.4999999999999999,0.8660254037844387
2025-01-09 03:00:00,18391.457,-9.2,0.7071067811865475,0.7071067811865476
2025-01-09 04:00:00,18678.042,-9.4,0.8660254037844386,0.5000000000000001
2025-01-09 05:00:00,19429.752,-10.2,0.9659258262890684,0.2588190451025207
2025-01-09 06:00:00,20171.955,-10.9,1.0,6.123233995736766e-17
2025-01-09 07:00:00,20739.532,-11.6,0.9659258262890684,-0.2588190451025206
2025-01-09 08:00:00,20761.28,-12.2,0.8660254037844387,-0.4999999999999998
2025-01-09 09:00:00,20500.05,-12.1,0.7071067811865476,-0.7071067811865475
2025-01-09 10:00:00,20120.032,-11.3,0.4999999999999999,-0.8660254037844387
2025-01-09 11:00:00,19622.76,-9.5,0.258819045102521,-0.9659258262890682
2025-01-09 12:00:00,19180.385,-7.6,1.2246467991473532e-16,-1.0
2025-01-09 13:00:00,18834.326999999997,-6.7,-0.2588190451025208,-0.9659258262890684
2025-01-09 14:00:00,18501.705,-6.2,-0.4999999999999998,-0.8660254037844388
2025-01-09 15:00:00,18400.058,-5.9,-0.7071067811865471,-0.7071067811865479
2025-01-09 16:00:00,18715.557,-6.2,-0.8660254037844384,-0.5000000000000004
2025-01-09 17:00:00,19548.377,-6.9,-0.9659258262890684,-0.2588190451025206
2025-01-09 18:00:00,20129.826999999997,-8.2,-1.0,-1.8369701987210294e-16
2025-01-09 19:00:00,20292.106999999996,-10.1,-0.9659258262890684,0.2588190451025203
2025-01-09 20:00:00,20372.897,-12.2,-0.8660254037844386,0.5000000000000001
2025-01-09 21:00:00,20167.999,-11.1,-0.7071067811865477,0.7071067811865474
2025-01-09 22:00:00,19888.315,-12.3,-0.5000000000000004,0.8660254037844384
2025-01-09 23:00:00,19485.207,-12.2,-0.2588190451025215,0.965925826289068
2025-01-10 00:00:00,19296.561,-13.1,0.0,1.0
2025-01-10 01:00:00,19235.572,-13.6,0.2588190451025207,0.9659258262890684
2025-01-10 02:00:00,19198.28,-14.1,0.4999999999999999,0.8660254037844387
2025-01-10 03:00:00,19189.286,-14.5,0.7071067811865475,0.7071067811865476
2025-01-10 04:00:00,19394.074999999997,-14.8,0.8660254037844386,0.5000000000000001
2025-01-10 05:00:00,19719.403,-14.4,0.9659258262890684,0.2588190451025207
2025-01-10 06:00:00,20419.741,-13.9,1.0,6.123233995736766e-17
2025-01-10 07:00:00,20695.524,-14.1,0.9659258262890684,-0.2588190451025206
2025-01-10 08:00:00,20700.581,-12.6,0.8660254037844387,-0.4999999999999998
2025-01-10 09:00:00,20674.33,-10.8,0.7071067811865476,-0.7071067811865475
2025-01-10 10:00:00,20548.494,-10.4,0.4999999999999999,-0.8660254037844387
2025-01-10 11:00:00,20164.051,-9.1,0.258819045102521,-0.9659258262890682
2025-01-10 12:00:00,19958.856,-8.4,1.2246467991473532e-16,-1.0
2025-01-10 13:00:00,19828.296,-7.8,-0.2588190451025208,-0.9659258262890684
2025-01-10 14:00:00,19724.74,-7.3,-0.4999999999999998,-0.8660254037844388
2025-01-10 15:00:00,19452.378,-6.8,-0.7071067811865471,-0.7071067811865479
2025-01-10 16:00:00,19498.678,-6.7,-0.8660254037844384,-0.5000000000000004
2025-01-10 17:00:00,19894.012,-6.4,-0.9659258262890684,-0.2588190451025206
2025-01-10 18:00:00,20125.251,-6.3,-1.0,-1.8369701987210294e-16
2025-01-10 19:00:00,20050.089,-6.3,-0.9659258262890684,0.2588190451025203
2025-01-10 20:00:00,19714.193,-6.2,-0.8660254037844386,0.5000000000000001
2025-01-10 21:00:00,19567.931,-5.8,-0.7071067811865477,0.7071067811865474
2025-01-10 22:00:00,18978.021,-5.8,-0.5000000000000004,0.8660254037844384
2025-01-10 23:00:00,18296.921,-5.9,-0.2588190451025215,0.965925826289068
2025-01-11 00:00:00,17728.595999999998,-6.1,0.0,1.0
2025-01-11 01:00:00,17400.549,-6.2,0.2588190451025207,0.9659258262890684
2025-01-11 02:00:00,17133.169,-6.3,0.4999999999999999,0.8660254037844387
2025-01-11 03:00:00,17101.295,-6.3,0.7071067811865475,0.7071067811865476
2025-01-11 04:00:00,17148.585,-6.1,0.8660254037844386,0.5000000000000001
2025-01-11 05:00:00,17381.396,-5.8,0.9659258262890684,0.2588190451025207
2025-01-11 06:00:00,17580.182,-5.2,1.0,6.123233995736766e-17
2025-01-11 07:00:00,17853.069,-4.9,0.9659258262890684,-0.2588190451025206
2025-01-11 08:00:00,18141.633,-4.6,0.8660254037844387,-0.4999999999999998
2025-01-11 09:00:00,18246.206,-4.3,0.7071067811865476,-0.7071067811865475
2025-01-11 10:00:00,18282.524,-3.5,0.4999999999999999,-0.8660254037844387
2025-01-11 11:00:00,18115.247,-2.7,0.258819045102521,-0.9659258262890682
2025-01-11 12:00:00,17864.326999999997,-2.3,1.2246467991473532e-16,-1.0
2025-01-11 13:00:00,17709.661,-2.0,-0.2588190451025208,-0.9659258262890684
2025-01-11 14:00:00,17542.095,-1.8,-0.4999999999999998,-0.8660254037844388
2025-01-11 15:00:00,17427.203999999998,-1.8,-0.7071067811865471,-0.7071067811865479
2025-01-11 16:00:00,17578.34,-2.0,-0.8660254037844384,-0.5000000000000004
2025-01-11 17:00:00,18165.888,-2.7,-0.9659258262890684,-0.2588190451025206
2025-01-11 18:00:00,18548.618,-3.8,-1.0,-1.8369701987210294e-16
2025-01-11 19:00:00,18369.992,-4.9,-0.9659258262890684,0.2588190451025203
2025-01-11 20:00:00,18234.054,-5.8,-0.8660254037844386,0.5000000000000001
2025-01-11 21:00:00,18052.603,-5.2,-0.7071067811865477,0.7071067811865474
2025-01-11 22:00:00,17745.974000000002,-5.8,-0.5000000000000004,0.8660254037844384
2025-01-11 23:00:00,17437.967,-7.3,-0.2588190451025215,0.965925826289068
2025-01-12 00:00:00,17207.273,-8.9,0.0,1.0
2025-01-12 01:00:00,17228.52,-9.6,0.2588190451025207,0.9659258262890684
2025-01-12 02:00:00,17186.397,-10.4,0.4999999999999999,0.8660254037844387
2025-01-12 03:00:00,17292.167,-11.0,0.7071067811865475,0.7071067811865476
2025-01-12 04:00:00,17499.388,-10.3,0.8660254037844386,0.5000000000000001
2025-01-12 05:00:00,17688.451999999997,-10.5,0.9659258262890684,0.2588190451025207
2025-01-12 06:00:00,18218.961000000003,-10.6,1.0,6.123233995736766e-17
2025-01-12 07:00:00,18614.783,-11.9,0.9659258262890684,-0.2588190451025206
2025-01-12 08:00:00,18935.261,-10.6,0.8660254037844387,-0.4999999999999998
2025-01-12 09:00:00,18640.583,-6.1,0.7071067811865476,-0.7071067811865475
2025-01-12 10:00:00,18128.733,-5.0,0.4999999999999999,-0.8660254037844387
2025-01-12 11:00:00,17573.429,-3.9,0.258819045102521,-0.9659258262890682
2025-01-12 12:00:00,17140.722,-2.9,1.2246467991473532e-16,-1.0
2025-01-12 13:00:00,16733.237,-2.4,-0.2588190451025208,-0.9659258262890684
2025-01-12 14:00:00,16486.753,-1.8,-0.4999999999999998,-0.8660254037844388
2025-01-12 15:00:00,16518.55,-1.0,-0.7071067811865471,-0.7071067811865479
2025-01-12 16:00:00,16924.131,-0.5,-0.8660254037844384,-0.5000000000000004
2025-01-12 17:00:00,17741.614,0.3,-0.9659258262890684,-0.2588190451025206
2025-01-12 18:00:00,18203.147,0.4,-1.0,-1.8369701987210294e-16
2025-01-12 19:00:00,18153.113,0.5,-0.9659258262890684,0.2588190451025203
2025-01-12 20:00:00,18109.778,0.4,-0.8660254037844386,0.5000000000000001
2025-01-12 21:00:00,17829.863,1.2,-0.7071067811865477,0.7071067811865474
2025-01-12 22:00:00,17378.621,1.2,-0.5000000000000004,0.8660254037844384
2025-01-12 23:00:00,16993.165,1.4,-0.2588190451025215,0.965925826289068
2025-01-13 00:00:00,16855.626,1.5,0.0,1.0
2025-01-13 01:00:00,16742.94,1.5,0.2588190451025207,0.9659258262890684
2025-01-13 02:00:00,16715.142,1.2,0.4999999999999999,0.8660254037844387
2025-01-13 03:00:00,16668.723,0.4,0.7071067811865475,0.7071067811865476
2025-01-13 04:00:00,16909.143,-1.1,0.8660254037844386,0.5000000000000001
2025-01-13 05:00:00,17549.976,-2.6,0.9659258262890684,0.2588190451025207
2025-01-13 06:00:00,18389.295,-2.4,1.0,6.123233995736766e-17
2025-01-13 07:00:00,19104.041,-1.9,0.9659258262890684,-0.2588190451025206
2025-01-13 08:00:00,19228.855,-2.9,0.8660254037844387,-0.4999999999999998
2025-01-13 09:00:00,19000.729,-3.8,0.7071067811865476,-0.7071067811865475
2025-01-13 10:00:00,18622.762,-4.9,0.4999999999999999,-0.8660254037844387
2025-01-13 11:00:00,18278.755,-5.2,0.258819045102521,-0.9659258262890682
2025-01-13 12:00:00,18001.329,-5.3,1.2246467991473532e-16,-1.0
2025-01-13 13:00:00,17724.111,-5.5,-0.2588190451025208,-0.9659258262890684
2025-01-13 14:00:00,17532.587,-5.7,-0.4999999999999998,-0.8660254037844388
2025-01-13 15:00:00,17546.756,-6.1,-0.7071067811865471,-0.7071067811865479
2025-01-13 16:00:00,17880.354,-6.7,-0.8660254037844384,-0.5000000000000004
2025-01-13 17:00:00,18670.154,-7.3,-0.9659258262890684,-0.2588190451025206
2025-01-13 18:00:00,19395.376,-8.3,-1.0,-1.8369701987210294e-16
2025-01-13 19:00:00,19434.018,-9.4,-0.9659258262890684,0.2588190451025203
2025-01-13 20:00:00,19421.193,-10.3,-0.8660254037844386,0.5000000000000001
2025-01-13 21:00:00,19127.531000000003,-9.6,-0.7071067811865477,0.7071067811865474
2025-01-13 22:00:00,18671.948,-10.1,-0.5000000000000004,0.8660254037844384
2025-01-13 23:00:00,18179.583,-10.6,-0.2588190451025215,0.965925826289068
2025-01-14 00:00:00,18006.516,-11.4,0.0,1.0
2025-01-14 01:00:00,17831.764,-12.2,0.2588190451025207,0.9659258262890684
2025-01-14 02:00:00,17886.729,-13.1,0.4999999999999999,0.8660254037844387
2025-01-14 03:00:00,18148.208,-13.9,0.7071067811865475,0.7071067811865476
2025-01-14 04:00:00,18495.047,-15.3,0.8660254037844386,0.5000000000000001
2025-01-14 05:00:00,19357.449,-16.2,0.9659258262890684,0.2588190451025207
2025-01-14 06:00:00,20454.961,-16.4,1.0,6.123233995736766e-17
2025-01-14 07:00:00,21049.722,-16.1,0.9659258262890684,-0.2588190451025206
2025-01-14 08:00:00,20977.406000000003,-16.0,0.8660254037844387,-0.4999999999999998
2025-01-14 09:00:00,20741.204,-13.6,0.7071067811865476,-0.7071067811865475
2025-01-14 10:00:00,20413.412,-12.8,0.4999999999999999,-0.8660254037844387
2025-01-14 11:00:00,19994.107,-11.4,0.258819045102521,-0.9659258262890682
2025-01-14 12:00:00,19569.771,-9.9,1.2246467991473532e-16,-1.0
2025-01-14 13:00:00,19306.983,-8.8,-0.2588190451025208,-0.9659258262890684
2025-01-14 14:00:00,18975.894,-7.8,-0.4999999999999998,-0.8660254037844388
2025-01-14 15:00:00,18889.458,-7.0,-0.7071067811865471,-0.7071067811865479
2025-01-14 16:00:00,19087.511,-6.1,-0.8660254037844384,-0.5000000000000004
2025-01-14 17:00:00,19523.53,-6.4,-0.9659258262890684,-0.2588190451025206
2025-01-14 18:00:00,20072.806,-6.8,-1.0,-1.8369701987210294e-16
2025-01-14 19:00:00,20095.4,-7.3,-0.9659258262890684,0.2588190451025203
2025-01-14 20:00:00,20032.206,-8.2,-0.8660254037844386,0.5000000000000001
2025-01-14 21:00:00,19505.299,-9.4,-0.7071067811865477,0.7071067811865474
2025-01-14 22:00:00,19295.523,-11.0,-0.5000000000000004,0.8660254037844384
2025-01-14 23:00:00,18822.671,-11.9,-0.2588190451025215,0.965925826289068
2025-01-15 00:00:00,18635.481,-11.9,0.0,1.0
2025-01-15 01:00:00,18688.545,-13.1,0.2588190451025207,0.9659258262890684
2025-01-15 02:00:00,18839.753,-13.7,0.4999999999999999,0.8660254037844387
2025-01-15 03:00:00,19130.551,-14.4,0.7071067811865475,0.7071067811865476
2025-01-15 04:00:00,19613.419,-15.3,0.8660254037844386,0.5000000000000001
2025-01-15 05:00:00,20366.832,-16.5,0.9659258262890684,0.2588190451025207
2025-01-15 06:00:00,21374.069,-17.2,1.0,6.123233995736766e-17
2025-01-15 07:00:00,21964.984,-17.9,0.9659258262890684,-0.2588190451025206
2025-01-15 08:00:00,21921.717,-18.1,0.8660254037844387,-0.4999999999999998
2025-01-15 09:00:00,21542.738,-18.6,0.7071067811865476,-0.7071067811865475
2025-01-15 10:00:00,21028.34,-17.6,0.4999999999999999,-0.8660254037844387
2025-01-15 11:00:00,20361.038,-15.4,0.258819045102521,-0.9659258262890682
2025-01-15 12:00:00,19904.644,-14.0,1.2246467991473532e-16,-1.0
2025-01-15 13:00:00,19439.765,-12.9,-0.2588190451025208,-0.9659258262890684
2025-01-15 14:00:00,19057.946,-11.8,-0.4999999999999998,-0.8660254037844388
2025-01-15 15:00:00,18791.548000000003,-10.7,-0.7071067811865471,-0.7071067811865479
2025-01-15 16:00:00,19059.917,-9.9,-0.8660254037844384,-0.5000000000000004
2025-01-15 17:00:00,20034.426,-9.9,-0.9659258262890684,-0.2588190451025206
2025-01-15 18:00:00,20723.258,-11.4,-1.0,-1.8369701987210294e-16
2025-01-15 19:00:00,20900.936,-13.6,-0.9659258262890684,0.2588190451025203
2025-01-15 20:00:00,20913.83,-13.4,-0.8660254037844386,0.5000000000000001
2025-01-15 21:00:00,20697.243,-9.4,-0.7071067811865477,0.7071067811865474
2025-01-15 22:00:00,20144.277,-10.6,-0.5000000000000004,0.8660254037844384
2025-01-15 23:00:00,19636.323,-11.1,-0.2588190451025215,0.965925826289068
2025-01-16 00:00:00,19315.715,-11.2,0.0,1.0
2025-01-16 01:00:00,18948.769,-10.0,0.2588190451025207,0.9659258262890684
2025-01-16 02:00:00,18892.037,-11.1,0.4999999999999999,0.8660254037844387
2025-01-16 03:00:00,18873.585,-10.4,0.7071067811865475,0.7071067811865476
2025-01-16 04:00:00,18997.806,-9.4,0.8660254037844386,0.5000000000000001
2025-01-16 05:00:00,19423.215,-8.4,0.9659258262890684,0.2588190451025207
2025-01-16 06:00:00,20182.52,-7.7,1.0,6.123233995736766e-17
2025-01-16 07:00:00,20595.149,-6.9,0.9659258262890684,-0.2588190451025206
2025-01-16 08:00:00,20607.186,-6.0,0.8660254037844387,-0.4999999999999998
2025-01-16 09:00:00,20283.188,-4.8,0.7071067811865476,-0.7071067811865475
2025-01-16 10:00:00,19860.777,-4.2,0.4999999999999999,-0.8660254037844387
2025-01-16 11:00:00,19424.79,-3.7,0.258819045102521,-0.9659258262890682
2025-01-16 12:00:00,18900.302,-2.7,1.2246467991473532e-16,-1.0
2025-01-16 13:00:00,18576.388,-2.0,-0.2588190451025208,-0.9659258262890684
2025-01-16 14:00:00,18374.026,-1.6,-0.4999999999999998,-0.8660254037844388
2025-01-16 15:00:00,18232.432,-1.6,-0.7071067811865471,-0.7071067811865479
2025-01-16 16:00:00,18453.415999999997,-1.7,-0.8660254037844384,-0.5000000000000004
2025-01-16 17:00:00,18899.281000000003,-1.8,-0.9659258262890684,-0.2588190451025206
2025-01-16 18:00:00,19115.006,-1.8,-1.0,-1.8369701987210294e-16
2025-01-16 19:00:00,18985.324,-1.5,-0.9659258262890684,0.2588190451025203
2025-01-16 20:00:00,18727.29,-1.1,-0.8660254037844386,0.5000000000000001
2025-01-16 21:00:00,18207.466,-1.2,-0.7071067811865477,0.7071067811865474
2025-01-16 22:00:00,17617.01,-1.1,-0.5000000000000004,0.8660254037844384
2025-01-16 23:00:00,17004.807,-1.0,-0.2588190451025215,0.965925826289068
2025-01-17 00:00:00,16652.851,-1.1,0.0,1.0
2025-01-17 01:00:00,16451.260000000002,-1.0,0.2588190451025207,0.9659258262890684
2025-01-17 02:00:00,16338.695,-1.5,0.4999999999999999,0.8660254037844387
2025-01-17 03:00:00,16408.31,-1.9,0.7071067811865475,0.7071067811865476
2025-01-17 04:00:00,16721.067,-2.2,0.8660254037844386,0.5000000000000001
2025-01-17 05:00:00,17258.703,-1.9,0.9659258262890684,0.2588190451025207
2025-01-17 06:00:00,18157.319,-2.0,1.0,6.123233995736766e-17
2025-01-17 07:00:00,19019.919,-3.3,0.9659258262890684,-0.2588190451025206
2025-01-17 08:00:00,18991.216,-5.8,0.8660254037844387,-0.4999999999999998
2025-01-17 09:00:00,18480.847,-3.8,0.7071067811865476,-0.7071067811865475
2025-01-17 10:00:00,17779.897,-4.0,0.4999999999999999,-0.8660254037844387
2025-01-17 11:00:00,17249.898,-2.7,0.258819045102521,-0.9659258262890682
2025-01-17 12:00:00,16833.097999999998,-1.2,1.2246467991473532e-16,-1.0
2025-01-17 13:00:00,16469.915,0.1,-0.2588190451025208,-0.9659258262890684
2025-01-17 14:00:00,16087.581,1.0,-0.4999999999999998,-0.8660254037844388
2025-01-17 15:00:00,15854.47,1.5,-0.7071067811865471,-0.7071067811865479
2025-01-17 16:00:00,16156.587,1.6,-0.8660254037844384,-0.5000000000000004
2025-01-17 17:00:00,16871.602,1.5,-0.9659258262890684,-0.2588190451025206
2025-01-17 18:00:00,17449.342,1.0,-1.0,-1.8369701987210294e-16
2025-01-17 19:00:00,17485.898,0.4,-0.9659258262890684,0.2588190451025203
2025-01-17 20:00:00,17487.3,0.1,-0.8660254037844386,0.5000000000000001
2025-01-17 21:00:00,17275.127,0.7,-0.7071067811865477,0.7071067811865474
2025-01-17 22:00:00,16928.117,0.6,-0.5000000000000004,0.8660254037844384
2025-01-17 23:00:00,16337.637,1.0,-0.2588190451025215,0.965925826289068
2025-01-18 00:00:00,15919.623,1.1,0.0,1.0
2025-01-18 01:00:00,15574.532,0.9,0.2588190451025207,0.9659258262890684
2025-01-18 02:00:00,15372.27,1.4,0.4999999999999999,0.8660254037844387
2025-01-18 03:00:00,15343.829,2.2,0.7071067811865475,0.7071067811865476
2025-01-18 04:00:00,15434.098,2.7,0.8660254037844386,0.5000000000000001
2025-01-18 05:00:00,15491.649,3.2,0.9659258262890684,0.2588190451025207
2025-01-18 06:00:00,15960.298,2.5,1.0,6.123233995736766e-17
2025-01-18 07:00:00,16348.884000000002,1.5,0.9659258262890684,-0.2588190451025206
2025-01-18 08:00:00,16698.664,1.0,0.8660254037844387,-0.4999999999999998
2025-01-18 09:00:00,17023.906,1.7,0.7071067811865476,-0.7071067811865475
2025-01-18 10:00:00,17124.406,1.5,0.4999999999999999,-0.8660254037844387
2025-01-18 11:00:00,16979.214,1.7,0.258819045102521,-0.9659258262890682
2025-01-18 12:00:00,16700.091,2.5,1.2246467991473532e-16,-1.0
2025-01-18 13:00:00,16482.916,3.5,-0.2588190451025208,-0.9659258262890684
2025-01-18 14:00:00,16427.641,3.7,-0.4999999999999998,-0.8660254037844388
2025-01-18 15:00:00,16344.781,3.3,-0.7071067811865471,-0.7071067811865479
2025-01-18 16:00:00,16409.529000000002,2.8,-0.8660254037844384,-0.5000000000000004
2025-01-18 17:00:00,16758.676,1.7,-0.9659258262890684,-0.2588190451025206
2025-01-18 18:00:00,17101.819,0.3,-1.0,-1.8369701987210294e-16
2025-01-18 19:00:00,16944.826999999997,-0.6,-0.9659258262890684,0.2588190451025203
2025-01-18 20:00:00,16837.462,-1.0,-0.8660254037844386,0.5000000000000001
2025-01-18 21:00:00,16495.941,0.1,-0.7071067811865477,0.7071067811865474
2025-01-18 22:00:00,16143.033,-0.6,-0.5000000000000004,0.8660254037844384
2025-01-18 23:00:00,15668.405,-0.9,-0.2588190451025215,0.965925826289068
2025-01-19 00:00:00,15334.316,-1.3,0.0,1.0
2025-01-19 01:00:00,15137.351,-1.8,0.2588190451025207,0.9659258262890684
2025-01-19 02:00:00,15164.761,-2.3,0.4999999999999999,0.8660254037844387
2025-01-19 03:00:00,15168.485,-2.7,0.7071067811865475,0.7071067811865476
2025-01-19 04:00:00,15332.411,-3.2,0.8660254037844386,0.5000000000000001
2025-01-19 05:00:00,15566.206,-3.6,0.9659258262890684,0.2588190451025207
2025-01-19 06:00:00,15959.345,-4.1,1.0,6.123233995736766e-17
2025-01-19 07:00:00,16448.093,-4.4,0.9659258262890684,-0.2588190451025206
2025-01-19 08:00:00,17053.532,-5.0,0.8660254037844387,-0.4999999999999998
2025-01-19 09:00:00,17492.6,-4.6,0.7071067811865476,-0.7071067811865475
2025-01-19 10:00:00,17555.645,-4.3,0.4999999999999999,-0.8660254037844387
2025-01-19 11:00:00,17659.867,-4.1,0.258819045102521,-0.9659258262890682
2025-01-19 12:00:00,17768.078,-3.8,1.2246467991473532e-16,-1.0
2025-01-19 13:00:00,17687.955,-3.5,-0.2588190451025208,-0.9659258262890684
2025-01-19 14:00:00,17662.343,-3.3,-0.4999999999999998,-0.8660254037844388
2025-01-19 15:00:00,17752.288,-3.4,-0.7071067811865471,-0.7071067811865479
2025-01-19 16:00:00,18145.51,-3.7,-0.8660254037844384,-0.5000000000000004
2025-01-19 17:00:00,18649.03,-4.1,-0.9659258262890684,-0.2588190451025206
2025-01-19 18:00:00,19192.97,-4.6,-1.0,-1.8369701987210294e-16
2025-01-19 19:00:00,19285.907,-4.9,-0.9659258262890684,0.2588190451025203
2025-01-19 20:00:00,19255.837,-5.8,-0.8660254037844386,0.5000000000000001
2025-01-19 21:00:00,19034.394,-6.3,-0.7071067811865477,0.7071067811865474
2025-01-19 22:00:00,18816.709000000003,-7.6,-0.5000000000000004,0.8660254037844384
2025-01-19 23:00:00,18696.153,-8.9,-0.2588190451025215,0.965925826289068
2025-01-20 00:00:00,18650.573,-10.2,0.0,1.0
2025-01-20 01:00:00,18554.184,-11.2,0.2588190451025207,0.9659258262890684
2025-01-20 02:00:00,18794.551,-12.0,0.4999999999999999,0.8660254037844387
2025-01-20 03:00:00,19043.66,-12.6,0.7071067811865475,0.7071067811865476
2025-01-20 04:00:00,19429.714,-13.3,0.8660254037844386,0.5000000000000001
2025-01-20 05:00:00,20031.233,-14.1,0.9659258262890684,0.2588190451025207
2025-01-20 06:00:00,20986.378,-14.9,1.0,6.123233995736766e-17
2025-01-20 07:00:00,21704.544,-15.6,0.9659258262890684,-0.2588190451025206
2025-01-20 08:00:00,21971.096,-16.0,0.8660254037844387,-0.4999999999999998
2025-01-20 09:00:00,21762.161,-16.5,0.7071067811865476,-0.7071067811865475
2025-01-20 10:00:00,21467.829,-16.2,0.4999999999999999,-0.8660254037844387
2025-01-20 11:00:00,21104.693,-15.4,0.258819045102521,-0.9659258262890682
2025-01-20 12:00:00,20731.425000000003,-14.6,1.2246467991473532e-16,-1.0
2025-01-20 13:00:00,20613.185,-13.9,-0.2588190451025208,-0.9659258262890684
2025-01-20 14:00:00,20222.215,-13.4,-0.4999999999999998,-0.8660254037844388
2025-01-20 15:00:00,19982.245000000003,-13.0,-0.7071067811865471,-0.7071067811865479
2025-01-20 16:00:00,20320.983,-12.9,-0.8660254037844384,-0.5000000000000004
2025-01-20 17:00:00,21269.531000000003,-12.9,-0.9659258262890684,-0.2588190451025206
2025-01-20 18:00:00,21868.872,-13.4,-1.0,-1.8369701987210294e-16
2025-01-20 19:00:00,21998.637,-14.1,-0.9659258262890684,0.2588190451025203
2025-01-20 20:00:00,21903.834000000003,-14.6,-0.8660254037844386,0.5000000000000001
2025-01-20 21:00:00,21830.019,-14.4,-0.7071067811865477,0.7071067811865474
2025-01-20 22:00:00,21603.983999999997,-14.8,-0.5000000000000004,0.8660254037844384
2025-01-20 23:00:00,21384.212,-15.7,-0.2588190451025215,0.965925826289068
2025-01-21 00:00:00,21310.348,-16.9,0.0,1.0
2025-01-21 01:00:00,21083.315,-17.0,0.2588190451025207,0.9659258262890684
2025-01-21 02:00:00,20940.645,-17.4,0.4999999999999999,0.8660254037844387
2025-01-21 03:00:00,21029.303,-17.3,0.7071067811865475,0.7071067811865476
2025-01-21 04:00:00,21185.595,-16.8,0.8660254037844386,0.5000000000000001
2025-01-21 05:00:00,21704.074,-16.6,0.9659258262890684,0.2588190451025207
2025-01-21 06:00:00,22298.894,-16.8,1.0,6.123233995736766e-17
2025-01-21 07:00:00,22669.707,-17.0,0.9659258262890684,-0.2588190451025206
2025-01-21 08:00:00,22744.149,-16.8,0.8660254037844387,-0.4999999999999998
2025-01-21 09:00:00,22531.704,-15.5,0.7071067811865476,-0.7071067811865475
2025-01-21 10:00:00,22114.784,-14.3,0.4999999999999999,-0.8660254037844387
2025-01-21 11:00:00,21668.473,-13.1,0.258819045102521,-0.9659258262890682
2025-01-21 12:00:00,21515.579,-11.8,1.2246467991473532e-16,-1.0
2025-01-21 13:00:00,21242.637,-11.1,-0.2588190451025208,-0.9659258262890684
2025-01-21 14:00:00,21128.235,-11.5,-0.4999999999999998,-0.8660254037844388
2025-01-21 15:00:00,21062.345,-11.6,-0.7071067811865471,-0.7071067811865479
2025-01-21 16:00:00,21231.41,-12.2,-0.8660254037844384,-0.5000000000000004
2025-01-21 17:00:00,21690.497,-12.9,-0.9659258262890684,-0.2588190451025206
2025-01-21 18:00:00,22130.669,-13.7,-1.0,-1.8369701987210294e-16
2025-01-21 19:00:00,22173.375,-14.6,-0.9659258262890684,0.2588190451025203
2025-01-21 20:00:00,22204.434,-15.6,-0.8660254037844386,0.5000000000000001
2025-01-21 21:00:00,22090.622,-16.4,-0.7071067811865477,0.7071067811865474
2025-01-21 22:00:00,21716.653,-17.0,-0.5000000000000004,0.8660254037844384
2025-01-21 23:00:00,21333.965,-17.6,-0.2588190451025215,0.965925826289068
2025-01-22 00:00:00,21357.346,-18.0,0.0,1.0
2025-01-22 01:00:00,21353.459000000003,-18.4,0.2588190451025207,0.9659258262890684
2025-01-22 02:00:00,21444.254999999997,-18.7,0.4999999999999999,0.8660254037844387
2025-01-22 03:00:00,21513.801,-18.9,0.7071067811865475,0.7071067811865476
2025-01-22 04:00:00,21808.468,-19.0,0.8660254037844386,0.5000000000000001
2025-01-22 05:00:00,22391.467,-19.2,0.9659258262890684,0.2588190451025207
2025-01-22 06:00:00,23154.722,-19.4,1.0,6.123233995736766e-17
2025-01-22 07:00:00,23725.561,-19.6,0.9659258262890684,-0.2588190451025206
2025-01-22 08:00:00,23692.907,-20.0,0.8660254037844387,-0.4999999999999998
2025-01-22 09:00:00,23184.743,-19.0,0.7071067811865476,-0.7071067811865475
2025-01-22 10:00:00,22691.138,-18.1,0.4999999999999999,-0.8660254037844387
2025-01-22 11:00:00,22110.075,-16.5,0.258819045102521,-0.9659258262890682
2025-01-22 12:00:00,21614.214,-15.0,1.2246467991473532e-16,-1.0
2025-01-22 13:00:00,20954.282,-13.5,-0.2588190451025208,-0.9659258262890684
2025-01-22 14:00:00,20390.401,-12.6,-0.4999999999999998,-0.8660254037844388
2025-01-22 15:00:00,20066.871,-11.6,-0.7071067811865471,-0.7071067811865479
2025-01-22 16:00:00,20313.611,-10.8,-0.8660254037844384,-0.5000000000000004
2025-01-22 17:00:00,20989.294,-10.1,-0.9659258262890684,-0.2588190451025206
2025-01-22 18:00:00,21685.773,-10.4,-1.0,-1.8369701987210294e-16
2025-01-22 19:00:00,21734.6,-11.4,-0.9659258262890684,0.2588190451025203
2025-01-22 20:00:00,21464.32,-11.8,-0.8660254037844386,0.5000000000000001
2025-01-22 21:00:00,21246.285,-10.9,-0.7071067811865477,0.7071067811865474
2025-01-22 22:00:00,20553.51,-10.6,-0.5000000000000004,0.8660254037844384
2025-01-22 23:00:00,20082.941,-9.4,-0.2588190451025215,0.965925826289068
2025-01-23 00:00:00,19834.693,-8.8,0.0,1.0
2025-01-23 01:00:00,19849.134,-9.2,0.2588190451025207,0.9659258262890684
2025-01-23 02:00:00,20011.644999999997,-9.9,0.4999999999999999,0.8660254037844387
2025-01-23 03:00:00,20098.882,-9.9,0.7071067811865475,0.7071067811865476
2025-01-23 04:00:00,20562.233,-9.9,0.8660254037844386,0.5000000000000001
2025-01-23 05:00:00,21329.03,-10.8,0.9659258262890684,0.2588190451025207
2025-01-23 06:00:00,22235.745000000003,-11.1,1.0,6.123233995736766e-17
2025-01-23 07:00:00,22858.903,-11.2,0.9659258262890684,-0.2588190451025206
2025-01-23 08:00:00,22570.882,-11.0,0.8660254037844387,-0.4999999999999998
2025-01-23 09:00:00,21999.924,-10.2,0.7071067811865476,-0.7071067811865475
2025-01-23 10:00:00,21284.839,-8.6,0.4999999999999999,-0.8660254037844387
2025-01-23 11:00:00,20790.19,-7.2,0.258819045102521,-0.9659258262890682
2025-01-23 12:00:00,20326.493,-5.8,1.2246467991473532e-16,-1.0
2025-01-23 13:00:00,19926.824,-4.1,-0.2588190451025208,-0.9659258262890684
2025-01-23 14:00:00,19463.565,-2.5,-0.4999999999999998,-0.8660254037844388
2025-01-23 15:00:00,19310.461,-1.5,-0.7071067811865471,-0.7071067811865479
2025-01-23 16:00:00,19356.383,-1.5,-0.8660254037844384,-0.5000000000000004
2025-01-23 17:00:00,19799.584,-1.5,-0.9659258262890684,-0.2588190451025206
2025-01-23 18:00:00,20243.578,-1.6,-1.0,-1.8369701987210294e-16
2025-01-23 19:00:00,20166.786,-2.2,-0.9659258262890684,0.2588190451025203
2025-01-23 20:00:00,20003.800000000003,-2.5,-0.8660254037844386,0.5000000000000001
2025-01-23 21:00:00,19655.752,-3.5,-0.7071067811865477,0.7071067811865474
2025-01-23 22:00:00,19095.241,-3.9,-0.5000000000000004,0.8660254037844384
2025-01-23 23:00:00,18609.813,-3.5,-0.2588190451025215,0.965925826289068
2025-01-24 00:00:00,18240.091,-4.1,0.0,1.0
2025-01-24 01:00:00,18202.221,-5.2,0.2588190451025207,0.9659258262890684
2025-01-24 02:00:00,18160.562,-6.8,0.4999999999999999,0.8660254037844387
2025-01-24 03:00:00,18402.054,-8.4,0.7071067811865475,0.7071067811865476
2025-01-24 04:00:00,18733.028,-8.8,0.8660254037844386,0.5000000000000001
2025-01-24 05:00:00,19451.535,-8.6,0.9659258262890684,0.2588190451025207
2025-01-24 06:00:00,20357.071000000004,-8.5,1.0,6.123233995736766e-17
2025-01-24 07:00:00,20915.206,-8.5,0.9659258262890684,-0.2588190451025206
2025-01-24 08:00:00,20977.136,-8.7,0.8660254037844387,-0.4999999999999998
2025-01-24 09:00:00,20586.58,-11.4,0.7071067811865476,-0.7071067811865475
2025-01-24 10:00:00,19920.527,-10.1,0.4999999999999999,-0.8660254037844387
2025-01-24 11:00:00,19457.701,-8.7,0.258819045102521,-0.9659258262890682
2025-01-24 12:00:00,19134.909,-7.9,1.2246467991473532e-16,-1.0
2025-01-24 13:00:00,18848.613,-7.0,-0.2588190451025208,-0.9659258262890684
2025-01-24 14:00:00,18647.182999999997,-6.4,-0.4999999999999998,-0.8660254037844388
2025-01-24 15:00:00,18427.374,-6.3,-0.7071067811865471,-0.7071067811865479
2025-01-24 16:00:00,18648.141,-6.3,-0.8660254037844384,-0.5000000000000004
2025-01-24 17:00:00,19248.056,-6.6,-0.9659258262890684,-0.2588190451025206
2025-01-24 18:00:00,19930.401,-7.2,-1.0,-1.8369701987210294e-16
2025-01-24 19:00:00,19929.472,-7.9,-0.9659258262890684,0.2588190451025203
2025-01-24 20:00:00,19849.883,-8.2,-0.8660254037844386,0.5000000000000001
2025-01-24 21:00:00,19754.704,-8.1,-0.7071067811865477,0.7071067811865474
2025-01-24 22:00:00,19473.069,-8.7,-0.5000000000000004,0.8660254037844384
2025-01-24 23:00:00,18980.152,-9.4,-0.2588190451025215,0.965925826289068
2025-01-25 00:00:00,18742.598,-9.8,0.0,1.0
2025-01-25 01:00:00,18675.678,-9.9,0.2588190451025207,0.9659258262890684
2025-01-25 02:00:00,18671.343,-10.1,0.4999999999999999,0.8660254037844387
2025-01-25 03:00:00,18786.979,-10.4,0.7071067811865475,0.7071067811865476
2025-01-25 04:00:00,19066.331,-10.4,0.8660254037844386,0.5000000000000001
2025-01-25 05:00:00,19366.605,-10.3,0.9659258262890684,0.2588190451025207
2025-01-25 06:00:00,19662.431,-9.5,1.0,6.123233995736766e-17
2025-01-25 07:00:00,20029.739,-9.1,0.9659258262890684,-0.2588190451025206
2025-01-25 08:00:00,20171.968,-8.9,0.8660254037844387,-0.4999999999999998
2025-01-25 09:00:00,19498.028,-7.7,0.7071067811865476,-0.7071067811865475
2025-01-25 10:00:00,18733.648,-6.3,0.4999999999999999,-0.8660254037844387
2025-01-25 11:00:00,17968.394,-4.2,0.258819045102521,-0.9659258262890682
2025-01-25 12:00:00,17326.95,-2.3,1.2246467991473532e-16,-1.0
2025-01-25 13:00:00,16819.978,-0.8,-0.2588190451025208,-0.9659258262890684
2025-01-25 14:00:00,16340.76,0.6,-0.4999999999999998,-0.8660254037844388
2025-01-25 15:00:00,16289.819,1.5,-0.7071067811865471,-0.7071067811865479
2025-01-25 16:00:00,16486.175000000003,2.0,-0.8660254037844384,-0.5000000000000004
2025-01-25 17:00:00,17066.665,2.0,-0.9659258262890684,-0.2588190451025206
2025-01-25 18:00:00,17666.711,1.4,-1.0,-1.8369701987210294e-16
2025-01-25 19:00:00,17712.326,0.5,-0.9659258262890684,0.2588190451025203
2025-01-25 20:00:00,17621.371,-0.2,-0.8660254037844386,0.5000000000000001
2025-01-25 21:00:00,17377.977,-0.3,-0.7071067811865477,0.7071067811865474
2025-01-25 22:00:00,16964.034,-0.6,-0.5000000000000004,0.8660254037844384
2025-01-25 23:00:00,16530.16,-0.8,-0.2588190451025215,0.965925826289068
2025-01-26 00:00:00,16302.891,-0.9,0.0,1.0
2025-01-26 01:00:00,16043.969,-0.4,0.2588190451025207,0.9659258262890684
2025-01-26 02:00:00,16063.037,-0.3,0.4999999999999999,0.8660254037844387
2025-01-26 03:00:00,16138.45,-0.9,0.7071067811865475,0.7071067811865476
2025-01-26 04:00:00,16178.212,-1.4,0.8660254037844386,0.5000000000000001
2025-01-26 05:00:00,16268.828,-1.5,0.9659258262890684,0.2588190451025207
2025-01-26 06:00:00,16556.248,-2.2,1.0,6.123233995736766e-17
2025-01-26 07:00:00,16954.496,-2.7,0.9659258262890684,-0.2588190451025206
2025-01-26 08:00:00,17330.076,-3.2,0.8660254037844387,-0.4999999999999998
2025-01-26 09:00:00,17190.272,-1.8,0.7071067811865476,-0.7071067811865475
2025-01-26 10:00:00,16826.064,-1.1,0.4999999999999999,-0.8660254037844387
2025-01-26 11:00:00,16380.025,-0.6,0.258819045102521,-0.9659258262890682
2025-01-26 12:00:00,16115.565,0.2,1.2246467991473532e-16,-1.0
2025-01-26 13:00:00,15782.576,0.8,-0.2588190451025208,-0.9659258262890684
2025-01-26 14:00:00,15610.911,1.3,-0.4999999999999998,-0.8660254037844388
2025-01-26 15:00:00,15589.104,1.5,-0.7071067811865471,-0.7071067811865479
2025-01-26 16:00:00,15939.345,1.5,-0.8660254037844384,-0.5000000000000004
2025-01-26 17:00:00,16598.516,1.2,-0.9659258262890684,-0.2588190451025206
2025-01-26 18:00:00,17325.087,0.4,-1.0,-1.8369701987210294e-16
2025-01-26 19:00:00,17533.156,-0.8,-0.9659258262890684,0.2588190451025203
2025-01-26 20:00:00,17432.642,-1.4,-0.8660254037844386,0.5000000000000001
2025-01-26 21:00:00,17047.732,-1.7,-0.7071067811865477,0.7071067811865474
2025-01-26 22:00:00,16729.487,-1.8,-0.5000000000000004,0.8660254037844384
2025-01-26 23:00:00,16225.354,-2.0,-0.2588190451025215,0.965925826289068
2025-01-27 00:00:00,16025.178,-2.5,0.0,1.0
2025-01-27 01:00:00,16002.128,-2.9,0.2588190451025207,0.9659258262890684
2025-01-27 02:00:00,16174.304,-3.3,0.4999999999999999,0.8660254037844387
2025-01-27 03:00:00,16363.196,-4.6,0.7071067811865475,0.7071067811865476
2025-01-27 04:00:00,16744.34,-5.4,0.8660254037844386,0.5000000000000001
2025-01-27 05:00:00,17598.411,-6.2,0.9659258262890684,0.2588190451025207
2025-01-27 06:00:00,18791.387,-6.9,1.0,6.123233995736766e-17
2025-01-27 07:00:00,19679.389,-7.5,0.9659258262890684,-0.2588190451025206
2025-01-27 08:00:00,19608.914,-7.8,0.8660254037844387,-0.4999999999999998
2025-01-27 09:00:00,18920.108,-7.9,0.7071067811865476,-0.7071067811865475
2025-01-27 10:00:00,18304.096,-6.7,0.4999999999999999,-0.8660254037844387
2025-01-27 11:00:00,17848.437,-4.6,0.258819045102521,-0.9659258262890682
2025-01-27 12:00:00,17446.72,-2.3,1.2246467991473532e-16,-1.0
2025-01-27 13:00:00,17061.274,-0.8,-0.2588190451025208,-0.9659258262890684
2025-01-27 14:00:00,16777.724000000002,0.2,-0.4999999999999998,-0.8660254037844388
2025-01-27 15:00:00,16675.628,0.9,-0.7071067811865471,-0.7071067811865479
2025-01-27 16:00:00,16890.954999999998,0.9,-0.8660254037844384,-0.5000000000000004
2025-01-27 17:00:00,17499.551,0.7,-0.9659258262890684,-0.2588190451025206
2025-01-27 18:00:00,18246.986,0.0,-1.0,-1.8369701987210294e-16
2025-01-27 19:00:00,18479.191,-1.0,-0.9659258262890684,0.2588190451025203
2025-01-27 20:00:00,18432.749,-1.5,-0.8660254037844386,0.5000000000000001
2025-01-27 21:00:00,18092.266,-1.1,-0.7071067811865477,0.7071067811865474
2025-01-27 22:00:00,17508.976,-0.9,-0.5000000000000004,0.8660254037844384
2025-01-27 23:00:00,16930.495,-1.0,-0.2588190451025215,0.965925826289068
2025-01-28 00:00:00,16596.083,-0.9,0.0,1.0
2025-01-28 01:00:00,16336.395,-0.4,0.2588190451025207,0.9659258262890684
2025-01-28 02:00:00,16262.869,0.1,0.4999999999999999,0.8660254037844387
2025-01-28 03:00:00,16251.335,0.2,0.7071067811865475,0.7071067811865476
2025-01-28 04:00:00,16478.114,-0.2,0.8660254037844386,0.5000000000000001
2025-01-28 05:00:00,17174.042,-0.6,0.9659258262890684,0.2588190451025207
2025-01-28 06:00:00,18064.763,-0.9,1.0,6.123233995736766e-17
2025-01-28 07:00:00,18585.622,-1.4,0.9659258262890684,-0.2588190451025206
2025-01-28 08:00:00,18351.43,-2.0,0.8660254037844387,-0.4999999999999998
2025-01-28 09:00:00,17638.811999999998,-1.7,0.7071067811865476,-0.7071067811865475
2025-01-28 10:00:00,17135.851,-0.6,0.4999999999999999,-0.8660254037844387
2025-01-28 11:00:00,16687.417,1.0,0.258819045102521,-0.9659258262890682
2025-01-28 12:00:00,16431.811999999998,2.4,1.2246467991473532e-16,-1.0
2025-01-28 13:00:00,16133.412,3.3,-0.2588190451025208,-0.9659258262890684
2025-01-28 14:00:00,15880.817,4.0,-0.4999999999999998,-0.8660254037844388
2025-01-28 15:00:00,15667.507999999998,4.3,-0.7071067811865471,-0.7071067811865479
2025-01-28 16:00:00,15815.522,4.4,-0.8660254037844384,-0.5000000000000004
2025-01-28 17:00:00,16466.434,4.2,-0.9659258262890684,-0.2588190451025206
2025-01-28 18:00:00,17166.4,3.8,-1.0,-1.8369701987210294e-16
2025-01-28 19:00:00,17351.156,3.2,-0.9659258262890684,0.2588190451025203
2025-01-28 20:00:00,17366.021,3.0,-0.8660254037844386,0.5000000000000001
2025-01-28 21:00:00,17048.264,3.4,-0.7071067811865477,0.7071067811865474
2025-01-28 22:00:00,16467.169,3.8,-0.5000000000000004,0.8660254037844384
2025-01-28 23:00:00,15999.333,3.9,-0.2588190451025215,0.965925826289068
2025-01-29 00:00:00,15546.712,3.8,0.0,1.0
2025-01-29 01:00:00,15236.312,3.5,0.2588190451025207,0.9659258262890684
2025-01-29 02:00:00,15217.669,3.3,0.4999999999999999,0.8660254037844387
2025-01-29 03:00:00,15272.415,3.0,0.7071067811865475,0.7071067811865476
2025-01-29 04:00:00,15506.999,2.8,0.8660254037844386,0.5000000000000001
2025-01-29 05:00:00,16105.537,2.4,0.9659258262890684,0.2588190451025207
2025-01-29 06:00:00,17185.725,2.1,1.0,6.123233995736766e-17
2025-01-29 07:00:00,17745.395,1.9,0.9659258262890684,-0.2588190451025206
2025-01-29 08:00:00,17434.958,1.6,0.8660254037844387,-0.4999999999999998
2025-01-29 09:00:00,16949.13,2.0,0.7071067811865476,-0.7071067811865475
2025-01-29 10:00:00,16529.472999999998,2.8,0.4999999999999999,-0.8660254037844387
2025-01-29 11:00:00,16179.263,4.1,0.258819045102521,-0.9659258262890682
2025-01-29 12:00:00,15869.3,5.0,1.2246467991473532e-16,-1.0
2025-01-29 13:00:00,15670.237,5.7,-0.2588190451025208,-0.9659258262890684
2025-01-29 14:00:00,15460.919,5.8,-0.4999999999999998,-0.8660254037844388
2025-01-29 15:00:00,15332.001,6.3,-0.7071067811865471,-0.7071067811865479
2025-01-29 16:00:00,15433.267,6.1,-0.8660254037844384,-0.5000000000000004
2025-01-29 17:00:00,16069.75,5.7,-0.9659258262890684,-0.2588190451025206
2025-01-29 18:00:00,16732.554,4.8,-1.0,-1.8369701987210294e-16
2025-01-29 19:00:00,16930.72,3.2,-0.9659258262890684,0.2588190451025203
2025-01-29 20:00:00,16895.29,1.8,-0.8660254037844386,0.5000000000000001
2025-01-29 21:00:00,16664.25,1.1,-0.7071067811865477,0.7071067811865474
2025-01-29 22:00:00,16239.064,0.5,-0.5000000000000004,0.8660254037844384
2025-01-29 23:00:00,15878.868,-0.1,-0.2588190451025215,0.965925826289068
2025-01-30 00:00:00,15624.713,-1.0,0.0,1.0
2025-01-30 01:00:00,15461.324,-1.6,0.2588190451025207,0.9659258262890684
2025-01-30 02:00:00,15553.23,-2.0,0.4999999999999999,0.8660254037844387
2025-01-30 03:00:00,15620.112,-2.3,0.7071067811865475,0.7071067811865476
2025-01-30 04:00:00,16071.705000000002,-2.2,0.8660254037844386,0.5000000000000001
2025-01-30 05:00:00,16923.587,-2.5,0.9659258262890684,0.2588190451025207
2025-01-30 06:00:00,18077.438,-2.5,1.0,6.123233995736766e-17
2025-01-30 07:00:00,18800.2,-2.5,0.9659258262890684,-0.2588190451025206
2025-01-30 08:00:00,18701.004999999997,-2.9,0.8660254037844387,-0.4999999999999998
2025-01-30 09:00:00,17994.847999999998,-2.5,0.7071067811865476,-0.7071067811865475
2025-01-30 10:00:00,17246.534,-0.9,0.4999999999999999,-0.8660254037844387
2025-01-30 11:00:00,16482.976,1.0,0.258819045102521,-0.9659258262890682
2025-01-30 12:00:00,16117.717,3.2,1.2246467991473532e-16,-1.0
2025-01-30 13:00:00,15961.177,4.9,-0.2588190451025208,-0.9659258262890684
2025-01-30 14:00:00,15759.49,6.3,-0.4999999999999998,-0.8660254037844388
2025-01-30 15:00:00,15829.819,7.2,-0.7071067811865471,-0.7071067811865479
2025-01-30 16:00:00,15976.237,7.2,-0.8660254037844384,-0.5000000000000004
2025-01-30 17:00:00,16540.735,6.6,-0.9659258262890684,-0.2588190451025206
2025-01-30 18:00:00,17039.065000000002,5.7,-1.0,-1.8369701987210294e-16
2025-01-30 19:00:00,16835.957,4.8,-0.9659258262890684,0.2588190451025203
2025-01-30 20:00:00,16781.09,4.4,-0.8660254037844386,0.5000000000000001
2025-01-30 21:00:00,16390.542999999998,4.3,-0.7071067811865477,0.7071067811865474
2025-01-30 22:00:00,15676.026000000002,3.5,-0.5000000000000004,0.8660254037844384
2025-01-30 23:00:00,15026.08,2.8,-0.2588190451025215,0.965925826289068
2025-01-31 00:00:00,14558.45,3.0,0.0,1.0
2025-01-31 01:00:00,14438.297,3.0,0.2588190451025207,0.9659258262890684
2025-01-31 02:00:00,14306.649,3.0,0.4999999999999999,0.8660254037844387
2025-01-31 03:00:00,14418.06,3.3,0.7071067811865475,0.7071067811865476
2025-01-31 04:00:00,14589.152,3.8,0.8660254037844386,0.5000000000000001
2025-01-31 05:00:00,15262.887,4.0,0.9659258262890684,0.2588190451025207
2025-01-31 06:00:00,16158.692,3.9,1.0,6.123233995736766e-17
2025-01-31 07:00:00,16514.997,4.2,0.9659258262890684,-0.2588190451025206
2025-01-31 08:00:00,16667.859,4.0,0.8660254037844387,-0.4999999999999998
2025-01-31 09:00:00,16640.284,5.3,0.7071067811865476,-0.7071067811865475
2025-01-31 10:00:00,16647.784,5.7,0.4999999999999999,-0.8660254037844387
2025-01-31 11:00:00,16479.452,5.9,0.258819045102521,-0.9659258262890682
2025-01-31 12:00:00,16315.318,6.6,1.2246467991473532e-16,-1.0
2025-01-31 13:00:00,16111.485,7.2,-0.2588190451025208,-0.9659258262890684
2025-01-31 14:00:00,15776.748,8.8,-0.4999999999999998,-0.8660254037844388
2025-01-31 15:00:00,15652.218,11.1,-0.7071067811865471,-0.7071067811865479
2025-01-31 16:00:00,15660.457,11.6,-0.8660254037844384,-0.5000000000000004
2025-01-31 17:00:00,15820.682,12.7,-0.9659258262890684,-0.2588190451025206
2025-01-31 18:00:00,16087.745,12.1,-1.0,-1.8369701987210294e-16
2025-01-31 19:00:00,16005.666,10.3,-0.9659258262890684,0.2588190451025203
2025-01-31 20:00:00,15802.541,9.0,-0.8660254037844386,0.5000000000000001
2025-01-31 21:00:00,15473.804,7.8,-0.7071067811865477,0.7071067811865474
2025-01-31 22:00:00,15027.669,7.4,-0.5000000000000004,0.8660254037844384
2025-01-31 23:00:00,14598.003,4.8,-0.2588190451025215,0.965925826289068
2025-02-01 00:00:00,14150.85,2.8,0.0,1.0
2025-02-01 01:00:00,14023.905,2.0,0.2588190451025207,0.9659258262890684
2025-02-01 02:00:00,13958.111,1.1,0.4999999999999999,0.8660254037844387
2025-02-01 03:00:00,14030.483,0.3,0.7071067811865475,0.7071067811865476
2025-02-01 04:00:00,14273.136,-1.1,0.8660254037844386,0.5000000000000001
2025-02-01 05:00:00,14635.178,-2.0,0.9659258262890684,0.2588190451025207
2025-02-01 06:00:00,15049.006,-2.5,1.0,6.123233995736766e-17
2025-02-01 07:00:00,15583.981,-2.5,0.9659258262890684,-0.2588190451025206
2025-02-01 08:00:00,15926.591,-2.5,0.8660254037844387,-0.4999999999999998
2025-02-01 09:00:00,16089.908,-2.5,0.7071067811865476,-0.7071067811865475
2025-02-01 10:00:00,16060.445,-2.0,0.4999999999999999,-0.8660254037844387
2025-02-01 11:00:00,15831.854,-1.5,0.258819045102521,-0.9659258262890682
2025-02-01 12:00:00,15500.693,-1.1,1.2246467991473532e-16,-1.0
2025-02-01 13:00:00,15125.633,-0.3,-0.2588190451025208,-0.9659258262890684
2025-02-01 14:00:00,14911.398,0.0,-0.4999999999999998,-0.8660254037844388
2025-02-01 15:00:00,14898.843,0.3,-0.7071067811865471,-0.7071067811865479
2025-02-01 16:00:00,15068.716,0.4,-0.8660254037844384,-0.5000000000000004
2025-02-01 17:00:00,15573.148,0.5,-0.9659258262890684,-0.2588190451025206
2025-02-01 18:00:00,16444.689,0.3,-1.0,-1.8369701987210294e-16
2025-02-01 19:00:00,16699.497,-1.1,-0.9659258262890684,0.2588190451025203
2025-02-01 20:00:00,16748.521,-1.8,-0.8660254037844386,0.5000000000000001
2025-02-01 21:00:00,16645.442,-1.5,-0.7071067811865477,0.7071067811865474
2025-02-01 22:00:00,16401.481,-2.0,-0.5000000000000004,0.8660254037844384
2025-02-01 23:00:00,16057.345,-2.4,-0.2588190451025215,0.965925826289068
2025-02-02 00:00:00,15802.627,-2.7,0.0,1.0
2025-02-02 01:00:00,15680.297,-2.9,0.2588190451025207,0.9659258262890684
2025-02-02 02:00:00,15580.838,-3.1,0.4999999999999999,0.8660254037844387
2025-02-02 03:00:00,15638.754,-3.0,0.7071067811865475,0.7071067811865476
2025-02-02 04:00:00,15629.023,-3.0,0.8660254037844386,0.5000000000000001
2025-02-02 05:00:00,15850.763,-3.0,0.9659258262890684,0.2588190451025207
2025-02-02 06:00:00,16146.451,-3.0,1.0,6.123233995736766e-17
2025-02-02 07:00:00,16526.95,-2.9,0.9659258262890684,-0.2588190451025206
2025-02-02 08:00:00,16783.295,-2.8,0.8660254037844387,-0.4999999999999998
2025-02-02 09:00:00,16914.099000000002,-2.5,0.7071067811865476,-0.7071067811865475
2025-02-02 10:00:00,16827.864999999998,-0.8,0.4999999999999999,-0.8660254037844387
2025-02-02 11:00:00,16563.023,0.3,0.258819045102521,-0.9659258262890682
2025-02-02 12:00:00,16278.043,2.0,1.2246467991473532e-16,-1.0
2025-02-02 13:00:00,15883.046000000002,4.6,-0.2588190451025208,-0.9659258262890684
2025-02-02 14:00:00,15597.664,6.4,-0.4999999999999998,-0.8660254037844388
2025-02-02 15:00:00,15328.664,8.4,-0.7071067811865471,-0.7071067811865479
2025-02-02 16:00:00,15352.608,9.1,-0.8660254037844384,-0.5000000000000004
2025-02-02 17:00:00,15628.264,9.9,-0.9659258262890684,-0.2588190451025206
2025-02-02 18:00:00,16236.307,8.1,-1.0,-1.8369701987210294e-16
2025-02-02 19:00:00,16270.558,6.2,-0.9659258262890684,0.2588190451025203
2025-02-02 20:00:00,16056.728,4.3,-0.8660254037844386,0.5000000000000001
2025-02-02 21:00:00,15818.342,3.2,-0.7071067811865477,0.7071067811865474
2025-02-02 22:00:00,15435.043,2.2,-0.5000000000000004,0.8660254037844384
2025-02-02 23:00:00,15137.555,1.5,-0.2588190451025215,0.965925826289068
2025-02-03 00:00:00,14967.124,0.9,0.0,1.0
2025-02-03 01:00:00,14797.078,0.4,0.2588190451025207,0.9659258262890684
2025-02-03 02:00:00,14722.039,0.2,0.4999999999999999,0.8660254037844387
2025-02-03 03:00:00,14939.095,0.4,0.7071067811865475,0.7071067811865476
2025-02-03 04:00:00,15252.496,-0.1,0.8660254037844386,0.5000000000000001
2025-02-03 05:00:00,15904.376,0.6,0.9659258262890684,0.2588190451025207
2025-02-03 06:00:00,16919.118000000002,0.3,1.0,6.123233995736766e-17
2025-02-03 07:00:00,17526.474,0.4,0.9659258262890684,-0.2588190451025206
2025-02-03 08:00:00,17471.012000000002,1.1,0.8660254037844387,-0.4999999999999998
2025-02-03 09:00:00,17175.510000000002,3.7,0.7071067811865476,-0.7071067811865475
2025-02-03 10:00:00,16741.940000000002,5.2,0.4999999999999999,-0.8660254037844387
2025-02-03 11:00:00,16119.81,7.4,0.258819045102521,-0.9659258262890682
2025-02-03 12:00:00,15564.017,9.2,1.2246467991473532e-16,-1.0
2025-02-03 13:00:00,15225.129,12.1,-0.2588190451025208,-0.9659258262890684
2025-02-03 14:00:00,14893.766,13.1,-0.4999999999999998,-0.8660254037844388
2025-02-03 15:00:00,14596.078,15.2,-0.7071067811865471,-0.7071067811865479
2025-02-03 16:00:00,14639.712,16.0,-0.8660254037844384,-0.5000000000000004
2025-02-03 17:00:00,14798.273,16.5,-0.9659258262890684,-0.2588190451025206
2025-02-03 18:00:00,15598.118,15.6,-1.0,-1.8369701987210294e-16
2025-02-03 19:00:00,15598.281,13.9,-0.9659258262890684,0.2588190451025203
2025-02-03 20:00:00,15549.017,12.5,-0.8660254037844386,0.5000000000000001
2025-02-03 21:00:00,15155.673,12.2,-0.7071067811865477,0.7071067811865474
2025-02-03 22:00:00,14613.574,11.7,-0.5000000000000004,0.8660254037844384
2025-02-03 23:00:00,14134.054,11.4,-0.2588190451025215,0.965925826289068
2025-02-04 00:00:00,13714.533,10.6,0.0,1.0
2025-02-04 01:00:00,13609.481,6.2,0.2588190451025207,0.9659258262890684
2025-02-04 02:00:00,13460.324,4.2,0.4999999999999999,0.8660254037844387
2025-02-04 03:00:00,13487.104,3.0,0.7071067811865475,0.7071067811865476
2025-02-04 04:00:00,13736.579,2.5,0.8660254037844386,0.5000000000000001
2025-02-04 05:00:00,14374.698,2.0,0.9659258262890684,0.2588190451025207
2025-02-04 06:00:00,15405.582,1.0,1.0,6.123233995736766e-17
2025-02-04 07:00:00,16158.702,0.9,0.9659258262890684,-0.2588190451025206
2025-02-04 08:00:00,16184.498,0.6,0.8660254037844387,-0.4999999999999998
2025-02-04 09:00:00,16124.29,1.1,0.7071067811865476,-0.7071067811865475
2025-02-04 10:00:00,16050.297,1.4,0.4999999999999999,-0.8660254037844387
2025-02-04 11:00:00,15977.24,1.4,0.258819045102521,-0.9659258262890682
2025-02-04 12:00:00,15759.201,2.2,1.2246467991473532e-16,-1.0
2025-02-04 13:00:00,15549.975,3.1,-0.2588190451025208,-0.9659258262890684
2025-02-04 14:00:00,15208.778,4.1,-0.4999999999999998,-0.8660254037844388
2025-02-04 15:00:00,15024.911,4.4,-0.7071067811865471,-0.7071067811865479
2025-02-04 16:00:00,15240.02,4.9,-0.8660254037844384,-0.5000000000000004
2025-02-04 17:00:00,15740.444,4.4,-0.9659258262890684,-0.2588190451025206
2025-02-04 18:00:00,16545.695,3.2,-1.0,-1.8369701987210294e-16
2025-02-04 19:00:00,16662.936999999998,1.6,-0.9659258262890684,0.2588190451025203
2025-02-04 20:00:00,16648.869,0.7,-0.8660254037844386,0.5000000000000001
2025-02-04 21:00:00,16344.139,0.7,-0.7071067811865477,0.7071067811865474
2025-02-04 22:00:00,15870.6,-0.2,-0.5000000000000004,0.8660254037844384
2025-02-04 23:00:00,15403.581,-0.9,-0.2588190451025215,0.965925826289068
2025-02-05 00:00:00,15052.035,-1.4,0.0,1.0
2025-02-05 01:00:00,14891.694,-2.0,0.2588190451025207,0.9659258262890684
2025-02-05 02:00:00,14905.954,-2.2,0.4999999999999999,0.8660254037844387
2025-02-05 03:00:00,15003.04,-2.3,0.7071067811865475,0.7071067811865476
2025-02-05 04:00:00,15229.309,-2.3,0.8660254037844386,0.5000000000000001
2025-02-05 05:00:00,15932.862,-2.5,0.9659258262890684,0.2588190451025207
2025-02-05 06:00:00,17012.219,-2.7,1.0,6.123233995736766e-17
2025-02-05 07:00:00,17574.011,-2.8,0.9659258262890684,-0.2588190451025206
2025-02-05 08:00:00,17719.346,-3.0,0.8660254037844387,-0.4999999999999998
2025-02-05 09:00:00,17673.208,-2.3,0.7071067811865476,-0.7071067811865475
2025-02-05 10:00:00,17529.897,-2.1,0.4999999999999999,-0.8660254037844387
2025-02-05 11:00:00,17548.453,-1.7,0.258819045102521,-0.9659258262890682
2025-02-05 12:00:00,17321.186999999998,-1.1,1.2246467991473532e-16,-1.0
2025-02-05 13:00:00,17227.872,-0.8,-0.2588190451025208,-0.9659258262890684
2025-02-05 14:00:00,17064.37,0.0,-0.4999999999999998,-0.8660254037844388
2025-02-05 15:00:00,17003.155,0.3,-0.7071067811865471,-0.7071067811865479
2025-02-05 16:00:00,17211.626,0.6,-0.8660254037844384,-0.5000000000000004
2025-02-05 17:00:00,17546.656,0.9,-0.9659258262890684,-0.2588190451025206
2025-02-05 18:00:00,17938.619,0.9,-1.0,-1.8369701987210294e-16
2025-02-05 19:00:00,17945.095999999998,0.8,-0.9659258262890684,0.2588190451025203
2025-02-05 20:00:00,17745.208,0.6,-0.8660254037844386,0.5000000000000001
2025-02-05 21:00:00,17288.856,-0.2,-0.7071067811865477,0.7071067811865474
2025-02-05 22:00:00,16781.108,-0.2,-0.5000000000000004,0.8660254037844384
2025-02-05 23:00:00,16259.935,-0.5,-0.2588190451025215,0.965925826289068
2025-02-06 00:00:00,15727.555,-0.4,0.0,1.0
2025-02-06 01:00:00,15550.348,-0.2,0.2588190451025207,0.9659258262890684
2025-02-06 02:00:00,15350.622,0.2,0.4999999999999999,0.8660254037844387
2025-02-06 03:00:00,15318.47,0.6,0.7071067811865475,0.7071067811865476
2025-02-06 04:00:00,15518.768,1.1,0.8660254037844386,0.5000000000000001
2025-02-06 05:00:00,16034.346999999998,1.9,0.9659258262890684,0.2588190451025207
2025-02-06 06:00:00,16746.545,2.0,1.0,6.123233995736766e-17
2025-02-06 07:00:00,17356.697,2.8,0.9659258262890684,-0.2588190451025206
2025-02-06 08:00:00,17394.017,3.9,0.8660254037844387,-0.4999999999999998
2025-02-06 09:00:00,17297.582,1.2,0.7071067811865476,-0.7071067811865475
2025-02-06 10:00:00,17279.206,2.5,0.4999999999999999,-0.8660254037844387
2025-02-06 11:00:00,17158.642,4.3,0.258819045102521,-0.9659258262890682
2025-02-06 12:00:00,16917.034,4.9,1.2246467991473532e-16,-1.0
2025-02-06 13:00:00,16600.495,5.8,-0.2588190451025208,-0.9659258262890684
2025-02-06 14:00:00,16306.207,7.1,-0.4999999999999998,-0.8660254037844388
2025-02-06 15:00:00,16007.416,7.9,-0.7071067811865471,-0.7071067811865479
2025-02-06 16:00:00,15976.558,7.6,-0.8660254037844384,-0.5000000000000004
2025-02-06 17:00:00,16224.263,7.2,-0.9659258262890684,-0.2588190451025206
2025-02-06 18:00:00,16625.449,6.4,-1.0,-1.8369701987210294e-16
2025-02-06 19:00:00,16621.093,4.3,-0.9659258262890684,0.2588190451025203
2025-02-06 20:00:00,16680.753,3.0,-0.8660254037844386,0.5000000000000001
2025-02-06 21:00:00,16292.389,1.4,-0.7071067811865477,0.7071067811865474
2025-02-06 22:00:00,15759.352,0.3,-0.5000000000000004,0.8660254037844384
2025-02-06 23:00:00,15304.072,-0.2,-0.2588190451025215,0.965925826289068
2025-02-07 00:00:00,14883.054,-0.3,0.0,1.0
2025-02-07 01:00:00,14716.653,-0.1,0.2588190451025207,0.9659258262890684
2025-02-07 02:00:00,14629.179,0.2,0.4999999999999999,0.8660254037844387
2025-02-07 03:00:00,14634.451,0.0,0.7071067811865475,0.7071067811865476
2025-02-07 04:00:00,14985.434,-0.2,0.8660254037844386,0.5000000000000001
2025-02-07 05:00:00,15652.863,-0.6,0.9659258262890684,0.2588190451025207
2025-02-07 06:00:00,16859.468,-1.1,1.0,6.123233995736766e-17
2025-02-07 07:00:00,17572.81,-1.8,0.9659258262890684,-0.2588190451025206
2025-02-07 08:00:00,17584.838,-2.3,0.8660254037844387,-0.4999999999999998
2025-02-07 09:00:00,17258.690000000002,-1.8,0.7071067811865476,-0.7071067811865475
2025-02-07 10:00:00,16921.65,-1.0,0.4999999999999999,-0.8660254037844387
2025-02-07 11:00:00,16526.842,-0.5,0.258819045102521,-0.9659258262890682
2025-02-07 12:00:00,16234.797,0.0,1.2246467991473532e-16,-1.0
2025-02-07 13:00:00,15872.184,0.3,-0.2588190451025208,-0.9659258262890684
2025-02-07 14:00:00,15500.27,0.9,-0.4999999999999998,-0.8660254037844388
2025-02-07 15:00:00,15330.727,1.5,-0.7071067811865471,-0.7071067811865479
2025-02-07 16:00:00,15526.385,1.9,-0.8660254037844384,-0.5000000000000004
2025-02-07 17:00:00,16001.001,1.9,-0.9659258262890684,-0.2588190451025206
2025-02-07 18:00:00,16589.468999999997,1.4,-1.0,-1.8369701987210294e-16
2025-02-07 19:00:00,16695.581,-0.2,-0.9659258262890684,0.2588190451025203
2025-02-07 20:00:00,16672.419,-1.1,-0.8660254037844386,0.5000000000000001
2025-02-07 21:00:00,16504.494,-1.5,-0.7071067811865477,0.7071067811865474
2025-02-07 22:00:00,16014.872,-2.1,-0.5000000000000004,0.8660254037844384
2025-02-07 23:00:00,15435.042,-2.7,-0.2588190451025215,0.965925826289068
2025-02-08 00:00:00,15080.685,-2.7,0.0,1.0
2025-02-08 01:00:00,14865.065,-2.2,0.2588190451025207,0.9659258262890684
2025-02-08 02:00:00,14808.419999999998,-1.8,0.4999999999999999,0.8660254037844387
2025-02-08 03:00:00,14692.905,-1.5,0.7071067811865475,0.7071067811865476
2025-02-08 04:00:00,14833.844,-1.4,0.8660254037844386,0.5000000000000001
2025-02-08 05:00:00,15170.95,-1.4,0.9659258262890684,0.2588190451025207
2025-02-08 06:00:00,15527.365,-1.4,1.0,6.123233995736766e-17
2025-02-08 07:00:00,16011.183,-1.5,0.9659258262890684,-0.2588190451025206
2025-02-08 08:00:00,16300.869,-1.5,0.8660254037844387,-0.4999999999999998
2025-02-08 09:00:00,16618.114,-1.6,0.7071067811865476,-0.7071067811865475
2025-02-08 10:00:00,16623.655,-1.1,0.4999999999999999,-0.8660254037844387
2025-02-08 11:00:00,16593.542999999998,0.2,0.258819045102521,-0.9659258262890682
2025-02-08 12:00:00,16437.035,1.7,1.2246467991473532e-16,-1.0
2025-02-08 13:00:00,16354.679,3.8,-0.2588190451025208,-0.9659258262890684
2025-02-08 14:00:00,16145.38,3.8,-0.4999999999999998,-0.8660254037844388
2025-02-08 15:00:00,16009.892,3.5,-0.7071067811865471,-0.7071067811865479
2025-02-08 16:00:00,16178.015,3.4,-0.8660254037844384,-0.5000000000000004
2025-02-08 17:00:00,16387.061,3.0,-0.9659258262890684,-0.2588190451025206
2025-02-08 18:00:00,16564.465,3.2,-1.0,-1.8369701987210294e-16
2025-02-08 19:00:00,16370.13,3.2,-0.9659258262890684,0.2588190451025203
2025-02-08 20:00:00,16075.144,3.6,-0.8660254037844386,0.5000000000000001
2025-02-08 21:00:00,15733.861,0.9,-0.7071067811865477,0.7071067811865474
2025-02-08 22:00:00,15120.85,1.1,-0.5000000000000004,0.8660254037844384
2025-02-08 23:00:00,14785.632,0.6,-0.2588190451025215,0.965925826289068
2025-02-09 00:00:00,14497.68,0.1,0.0,1.0
2025-02-09 01:00:00,14350.685,-1.5,0.2588190451025207,0.9659258262890684
2025-02-09 02:00:00,14176.048,-2.0,0.4999999999999999,0.8660254037844387
2025-02-09 03:00:00,14121.423,-1.7,0.7071067811865475,0.7071067811865476
2025-02-09 04:00:00,14260.331,-1.5,0.8660254037844386,0.5000000000000001
2025-02-09 05:00:00,14350.772,-1.4,0.9659258262890684,0.2588190451025207
2025-02-09 06:00:00,14736.875,-1.4,1.0,6.123233995736766e-17
2025-02-09 07:00:00,15192.022,-1.5,0.9659258262890684,-0.2588190451025206
2025-02-09 08:00:00,15564.293,-2.2,0.8660254037844387,-0.4999999999999998
2025-02-09 09:00:00,15657.523,-1.9,0.7071067811865476,-0.7071067811865475
2025-02-09 10:00:00,15764.352,-1.1,0.4999999999999999,-0.8660254037844387
2025-02-09 11:00:00,15836.671,-0.3,0.258819045102521,-0.9659258262890682
2025-02-09 12:00:00,15836.279,0.3,1.2246467991473532e-16,-1.0
2025-02-09 13:00:00,15842.018,0.6,-0.2588190451025208,-0.9659258262890684
2025-02-09 14:00:00,15743.409,0.9,-0.4999999999999998,-0.8660254037844388
2025-02-09 15:00:00,15783.535,1.3,-0.7071067811865471,-0.7071067811865479
2025-02-09 16:00:00,16106.913,1.5,-0.8660254037844384,-0.5000000000000004
2025-02-09 17:00:00,16483.395,1.5,-0.9659258262890684,-0.2588190451025206
2025-02-09 18:00:00,16653.271,1.2,-1.0,-1.8369701987210294e-16
2025-02-09 19:00:00,16267.979,0.7,-0.9659258262890684,0.2588190451025203
2025-02-09 20:00:00,16068.602,0.3,-0.8660254037844386,0.5000000000000001
2025-02-09 21:00:00,16112.036,-0.2,-0.7071067811865477,0.7071067811865474
2025-02-09 22:00:00,15968.254,-0.2,-0.5000000000000004,0.8660254037844384
2025-02-09 23:00:00,15662.974,-0.4,-0.2588190451025215,0.965925826289068
2025-02-10 00:00:00,15355.051,-0.9,0.0,1.0
2025-02-10 01:00:00,15158.197,-1.5,0.2588190451025207,0.9659258262890684
2025-02-10 02:00:00,15276.591,-1.8,0.4999999999999999,0.8660254037844387
2025-02-10 03:00:00,15370.627,-2.0,0.7071067811865475,0.7071067811865476
2025-02-10 04:00:00,15750.513,-2.5,0.8660254037844386,0.5000000000000001
2025-02-10 05:00:00,16586.951,-3.0,0.9659258262890684,0.2588190451025207
2025-02-10 06:00:00,17736.528,-3.3,1.0,6.123233995736766e-17
2025-02-10 07:00:00,18489.809,-3.7,0.9659258262890684,-0.2588190451025206
2025-02-10 08:00:00,18549.74,-4.2,0.8660254037844387,-0.4999999999999998
2025-02-10 09:00:00,18189.681,-4.6,0.7071067811865476,-0.7071067811865475
2025-02-10 10:00:00,17697.457000000002,-3.4,0.4999999999999999,-0.8660254037844387
2025-02-10 11:00:00,17189.145,-2.0,0.258819045102521,-0.9659258262890682
2025-02-10 12:00:00,16714.529,-0.7,1.2246467991473532e-16,-1.0
2025-02-10 13:00:00,16252.33,0.3,-0.2588190451025208,-0.9659258262890684
2025-02-10 14:00:00,15935.468,1.3,-0.4999999999999998,-0.8660254037844388
2025-02-10 15:00:00,15870.722,2.2,-0.7071067811865471,-0.7071067811865479
2025-02-10 16:00:00,16107.892,2.8,-0.8660254037844384,-0.5000000000000004
2025-02-10 17:00:00,16691.501,2.9,-0.9659258262890684,-0.2588190451025206
2025-02-10 18:00:00,17560.557,2.3,-1.0,-1.8369701987210294e-16
2025-02-10 19:00:00,17698.215000000004,0.6,-0.9659258262890684,0.2588190451025203
2025-02-10 20:00:00,17690.959,0.2,-0.8660254037844386,0.5000000000000001
2025-02-10 21:00:00,17416.139,-0.4,-0.7071067811865477,0.7071067811865474
2025-02-10 22:00:00,16972.729,-0.9,-0.5000000000000004,0.8660254037844384
2025-02-10 23:00:00,16436.174,-0.7,-0.2588190451025215,0.965925826289068
2025-02-11 00:00:00,16189.085,-0.9,0.0,1.0
2025-02-11 01:00:00,16034.13,-0.9,0.2588190451025207,0.9659258262890684
2025-02-11 02:00:00,15938.448,-1.0,0.4999999999999999,0.8660254037844387
2025-02-11 03:00:00,16038.1,-0.8,0.7071067811865475,0.7071067811865476
2025-02-11 04:00:00,16336.913,-0.9,0.8660254037844386,0.5000000000000001
2025-02-11 05:00:00,17128.809,-1.0,0.9659258262890684,0.2588190451025207
2025-02-11 06:00:00,18093.201999999997,-1.1,1.0,6.123233995736766e-17
2025-02-11 07:00:00,18805.468,-1.2,0.9659258262890684,-0.2588190451025206
2025-02-11 08:00:00,18980.14,-1.4,0.8660254037844387,-0.4999999999999998
2025-02-11 09:00:00,18972.035,-1.0,0.7071067811865476,-0.7071067811865475
2025-02-11 10:00:00,18838.129999999997,-0.6,0.4999999999999999,-0.8660254037844387
2025-02-11 11:00:00,18736.754,-0.1,0.258819045102521,-0.9659258262890682
2025-02-11 12:00:00,18770.874,0.3,1.2246467991473532e-16,-1.0
2025-02-11 13:00:00,18527.559,0.9,-0.2588190451025208,-0.9659258262890684
2025-02-11 14:00:00,18412.97,1.0,-0.4999999999999998,-0.8660254037844388
2025-02-11 15:00:00,18343.473,1.3,-0.7071067811865471,-0.7071067811865479
2025-02-11 16:00:00,18435.096,1.5,-0.8660254037844384,-0.5000000000000004
2025-02-11 17:00:00,18675.701999999997,1.4,-0.9659258262890684,-0.2588190451025206
2025-02-11 18:00:00,19050.352,1.0,-1.0,-1.8369701987210294e-16
2025-02-11 19:00:00,19098.252,0.4,-0.9659258262890684,0.2588190451025203
2025-02-11 20:00:00,18867.917,0.1,-0.8660254037844386,0.5000000000000001
2025-02-11 21:00:00,18295.797,-0.2,-0.7071067811865477,0.7071067811865474
2025-02-11 22:00:00,17675.5,-0.3,-0.5000000000000004,0.8660254037844384
2025-02-11 23:00:00,17074.778,-0.3,-0.2588190451025215,0.965925826289068
2025-02-12 00:00:00,16613.012,-0.4,0.0,1.0
2025-02-12 01:00:00,16348.39,-0.4,0.2588190451025207,0.9659258262890684
2025-02-12 02:00:00,16195.599,-0.4,0.4999999999999999,0.8660254037844387
2025-02-12 03:00:00,16310.13,-0.5,0.7071067811865475,0.7071067811865476
2025-02-12 04:00:00,16430.389,-0.6,0.8660254037844386,0.5000000000000001
2025-02-12 05:00:00,17099.498,-0.5,0.9659258262890684,0.2588190451025207
2025-02-12 06:00:00,17870.9,-0.5,1.0,6.123233995736766e-17
2025-02-12 07:00:00,18416.691,-0.6,0.9659258262890684,-0.2588190451025206
2025-02-12 08:00:00,18422.69,-0.6,0.8660254037844387,-0.4999999999999998
2025-02-12 09:00:00,18377.656000000003,-1.0,0.7071067811865476,-0.7071067811865475
2025-02-12 10:00:00,18406.540999999997,-0.9,0.4999999999999999,-0.8660254037844387
2025-02-12 11:00:00,18273.033,-0.4,0.258819045102521,-0.9659258262890682
2025-02-12 12:00:00,18379.843,0.7,1.2246467991473532e-16,-1.0
2025-02-12 13:00:00,18291.372,1.5,-0.2588190451025208,-0.9659258262890684
2025-02-12 14:00:00,18075.204,1.6,-0.4999999999999998,-0.8660254037844388
2025-02-12 15:00:00,17842.609,1.9,-0.7071067811865471,-0.7071067811865479
2025-02-12 16:00:00,17955.481,2.2,-0.8660254037844384,-0.5000000000000004
2025-02-12 17:00:00,18232.954,2.4,-0.9659258262890684,-0.2588190451025206
2025-02-12 18:00:00,18430.773,2.3,-1.0,-1.8369701987210294e-16
2025-02-12 19:00:00,18083.195,2.3,-0.9659258262890684,0.2588190451025203
2025-02-12 20:00:00,17837.295,2.8,-0.8660254037844386,0.5000000000000001
2025-02-12 21:00:00,17388.037,1.8,-0.7071067811865477,0.7071067811865474
2025-02-12 22:00:00,16690.143,2.4,-0.5000000000000004,0.8660254037844384
2025-02-12 23:00:00,16093.509000000002,3.3,-0.2588190451025215,0.965925826289068
2025-02-13 00:00:00,15584.021,4.2,0.0,1.0
2025-02-13 01:00:00,15087.052,4.7,0.2588190451025207,0.9659258262890684
2025-02-13 02:00:00,14987.526,5.2,0.4999999999999999,0.8660254037844387
2025-02-13 03:00:00,14925.774,5.5,0.7071067811865475,0.7071067811865476
2025-02-13 04:00:00,15166.645,5.2,0.8660254037844386,0.5000000000000001
2025-02-13 05:00:00,15825.804,3.6,0.9659258262890684,0.2588190451025207
2025-02-13 06:00:00,16778.504,2.5,1.0,6.123233995736766e-17
2025-02-13 07:00:00,17435.873,1.4,0.9659258262890684,-0.2588190451025206
2025-02-13 08:00:00,17683.803,0.4,0.8660254037844387,-0.4999999999999998
2025-02-13 09:00:00,17739.629,-0.1,0.7071067811865476,-0.7071067811865475
2025-02-13 10:00:00,17891.759,-0.4,0.4999999999999999,-0.8660254037844387
2025-02-13 11:00:00,17790.468999999997,-0.6,0.258819045102521,-0.9659258262890682
2025-02-13 12:00:00,17659.906,-0.4,1.2246467991473532e-16,-1.0
2025-02-13 13:00:00,17522.158000000003,0.2,-0.2588190451025208,-0.9659258262890684
2025-02-13 14:00:00,17432.972,0.6,-0.4999999999999998,-0.8660254037844388
2025-02-13 15:00:00,17476.984,0.6,-0.7071067811865471,-0.7071067811865479
2025-02-13 16:00:00,17584.71,0.3,-0.8660254037844384,-0.5000000000000004
2025-02-13 17:00:00,17851.832000000002,0.2,-0.9659258262890684,-0.2588190451025206
2025-02-13 18:00:00,18361.283,0.0,-1.0,-1.8369701987210294e-16
2025-02-13 19:00:00,18682.367,-1.1,-0.9659258262890684,0.2588190451025203
2025-02-13 20:00:00,18550.113,-2.0,-0.8660254037844386,0.5000000000000001
2025-02-13 21:00:00,18235.923,-3.0,-0.7071067811865477,0.7071067811865474
2025-02-13 22:00:00,17823.21,-4.2,-0.5000000000000004,0.8660254037844384
2025-02-13 23:00:00,17356.962,-5.2,-0.2588190451025215,0.965925826289068
2025-02-14 00:00:00,17157.185,-5.8,0.0,1.0
2025-02-14 01:00:00,17020.065000000002,-6.4,0.2588190451025207,0.9659258262890684
2025-02-14 02:00:00,17061.771,-6.9,0.4999999999999999,0.8660254037844387
2025-02-14 03:00:00,17226.837,-7.4,0.7071067811865475,0.7071067811865476
2025-02-14 04:00:00,17677.427,-7.8,0.8660254037844386,0.5000000000000001
2025-02-14 05:00:00,18429.178,-8.2,0.9659258262890684,0.2588190451025207
2025-02-14 06:00:00,19256.672,-8.6,1.0,6.123233995736766e-17
2025-02-14 07:00:00,19904.376,-8.8,0.9659258262890684,-0.2588190451025206
2025-02-14 08:00:00,19800.931,-9.1,0.8660254037844387,-0.4999999999999998
2025-02-14 09:00:00,19182.483999999997,-10.1,0.7071067811865476,-0.7071067811865475
2025-02-14 10:00:00,18591.473,-8.9,0.4999999999999999,-0.8660254037844387
2025-02-14 11:00:00,17966.936,-7.2,0.258819045102521,-0.9659258262890682
2025-02-14 12:00:00,17511.730000000003,-5.2,1.2246467991473532e-16,-1.0
2025-02-14 13:00:00,17015.127,-3.3,-0.2588190451025208,-0.9659258262890684
2025-02-14 14:00:00,16562.028,-2.0,-0.4999999999999998,-0.8660254037844388
2025-02-14 15:00:00,16271.306,-1.0,-0.7071067811865471,-0.7071067811865479
2025-02-14 16:00:00,16482.537,-0.3,-0.8660254037844384,-0.5000000000000004
2025-02-14 17:00:00,17063.313000000002,0.0,-0.9659258262890684,-0.2588190451025206
2025-02-14 18:00:00,17606.104,-0.2,-1.0,-1.8369701987210294e-16
2025-02-14 19:00:00,17611.776,-1.3,-0.9659258262890684,0.2588190451025203
2025-02-14 20:00:00,17436.163,-1.3,-0.8660254037844386,0.5000000000000001
2025-02-14 21:00:00,17212.001,-1.5,-0.7071067811865477,0.7071067811865474
2025-02-14 22:00:00,16708.957000000002,-1.4,-0.5000000000000004,0.8660254037844384
2025-02-14 23:00:00,16281.967,-1.1,-0.2588190451025215,0.965925826289068
2025-02-15 00:00:00,15803.7,-1.0,0.0,1.0
2025-02-15 01:00:00,15455.05,-0.9,0.2588190451025207,0.9659258262890684
2025-02-15 02:00:00,15325.369,-0.5,0.4999999999999999,0.8660254037844387
2025-02-15 03:00:00,15162.602,-0.4,0.7071067811865475,0.7071067811865476
2025-02-15 04:00:00,15232.149,-0.2,0.8660254037844386,0.5000000000000001
2025-02-15 05:00:00,15535.608,-0.1,0.9659258262890684,0.2588190451025207
2025-02-15 06:00:00,15723.735,0.2,1.0,6.123233995736766e-17
2025-02-15 07:00:00,16296.585,0.4,0.9659258262890684,-0.2588190451025206
2025-02-15 08:00:00,16697.748,0.8,0.8660254037844387,-0.4999999999999998
2025-02-15 09:00:00,17057.268,0.0,0.7071067811865476,-0.7071067811865475
2025-02-15 10:00:00,17325.933,0.8,0.4999999999999999,-0.8660254037844387
2025-02-15 11:00:00,17387.636,1.3,0.258819045102521,-0.9659258262890682
2025-02-15 12:00:00,17340.915999999997,2.3,1.2246467991473532e-16,-1.0
2025-02-15 13:00:00,17022.818,3.6,-0.2588190451025208,-0.9659258262890684
2025-02-15 14:00:00,16856.428,4.1,-0.4999999999999998,-0.8660254037844388
2025-02-15 15:00:00,16707.424,4.3,-0.7071067811865471,-0.7071067811865479
2025-02-15 16:00:00,16659.256,4.3,-0.8660254037844384,-0.5000000000000004
2025-02-15 17:00:00,16760.041,4.3,-0.9659258262890684,-0.2588190451025206
2025-02-15 18:00:00,16902.332000000002,4.3,-1.0,-1.8369701987210294e-16
2025-02-15 19:00:00,16802.371,3.8,-0.9659258262890684,0.2588190451025203
2025-02-15 20:00:00,16427.326,3.8,-0.8660254037844386,0.5000000000000001
2025-02-15 21:00:00,16059.763,2.8,-0.7071067811865477,0.7071067811865474
2025-02-15 22:00:00,15626.482,2.7,-0.5000000000000004,0.8660254037844384
2025-02-15 23:00:00,15074.847999999998,2.8,-0.2588190451025215,0.965925826289068
2025-02-16 00:00:00,14647.981,3.3,0.0,1.0
2025-02-16 01:00:00,14374.194,3.5,0.2588190451025207,0.9659258262890684
2025-02-16 02:00:00,14176.593,3.5,0.4999999999999999,0.8660254037844387
2025-02-16 03:00:00,14046.833,3.2,0.7071067811865475,0.7071067811865476
2025-02-16 04:00:00,14131.207,3.3,0.8660254037844386,0.5000000000000001
2025-02-16 05:00:00,14340.761,3.8,0.9659258262890684,0.2588190451025207
2025-02-16 06:00:00,14599.882,3.4,1.0,6.123233995736766e-17
2025-02-16 07:00:00,14902.041,2.3,0.9659258262890684,-0.2588190451025206
2025-02-16 08:00:00,15310.25,1.1,0.8660254037844387,-0.4999999999999998
2025-02-16 09:00:00,15666.994,0.7,0.7071067811865476,-0.7071067811865475
2025-02-16 10:00:00,15982.002,-0.2,0.4999999999999999,-0.8660254037844387
2025-02-16 11:00:00,16248.767,-1.0,0.258819045102521,-0.9659258262890682
2025-02-16 12:00:00,16323.802,-1.4,1.2246467991473532e-16,-1.0
2025-02-16 13:00:00,16336.893,-1.4,-0.2588190451025208,-0.9659258262890684
2025-02-16 14:00:00,16499.177,-1.4,-0.4999999999999998,-0.8660254037844388
2025-02-16 15:00:00,16516.097999999998,-1.5,-0.7071067811865471,-0.7071067811865479
2025-02-16 16:00:00,16991.173,-1.2,-0.8660254037844384,-0.5000000000000004
2025-02-16 17:00:00,17370.999,-1.3,-0.9659258262890684,-0.2588190451025206
2025-02-16 18:00:00,17990.459000000003,-1.4,-1.0,-1.8369701987210294e-16
2025-02-16 19:00:00,18109.983,-1.7,-0.9659258262890684,0.2588190451025203
2025-02-16 20:00:00,17984.412,-2.3,-0.8660254037844386,0.5000000000000001
2025-02-16 21:00:00,17724.972999999998,-2.3,-0.7071067811865477,0.7071067811865474
2025-02-16 22:00:00,17371.953,-2.8,-0.5000000000000004,0.8660254037844384
2025-02-16 23:00:00,17049.634,-3.7,-0.2588190451025215,0.965925826289068
2025-02-17 00:00:00,16860.671,-4.5,0.0,1.0
2025-02-17 01:00:00,16757.828,-4.6,0.2588190451025207,0.9659258262890684
2025-02-17 02:00:00,16737.581,-4.7,0.4999999999999999,0.8660254037844387
2025-02-17 03:00:00,17032.618000000002,-5.3,0.7071067811865475,0.7071067811865476
2025-02-17 04:00:00,17412.625,-5.8,0.8660254037844386,0.5000000000000001
2025-02-17 05:00:00,18054.27,-6.5,0.9659258262890684,0.2588190451025207
2025-02-17 06:00:00,18967.579,-7.7,1.0,6.123233995736766e-17
2025-02-17 07:00:00,19655.728,-9.2,0.9659258262890684,-0.2588190451025206
2025-02-17 08:00:00,19700.168,-10.6,0.8660254037844387,-0.4999999999999998
2025-02-17 09:00:00,19418.232,-10.9,0.7071067811865476,-0.7071067811865475
2025-02-17 10:00:00,19189.173000000003,-11.0,0.4999999999999999,-0.8660254037844387
2025-02-17 11:00:00,18869.311,-11.1,0.258819045102521,-0.9659258262890682
2025-02-17 12:00:00,18620.713,-10.8,1.2246467991473532e-16,-1.0
2025-02-17 13:00:00,18355.379,-10.4,-0.2588190451025208,-0.9659258262890684
2025-02-17 14:00:00,18074.234,-9.9,-0.4999999999999998,-0.8660254037844388
2025-02-17 15:00:00,17853.823,-9.5,-0.7071067811865471,-0.7071067811865479
2025-02-17 16:00:00,18222.447,-9.1,-0.8660254037844384,-0.5000000000000004
2025-02-17 17:00:00,18813.446,-8.9,-0.9659258262890684,-0.2588190451025206
2025-02-17 18:00:00,19623.057999999997,-9.0,-1.0,-1.8369701987210294e-16
2025-02-17 19:00:00,19879.391,-9.2,-0.9659258262890684,0.2588190451025203
2025-02-17 20:00:00,19729.653,-9.9,-0.8660254037844386,0.5000000000000001
2025-02-17 21:00:00,19465.808,-9.9,-0.7071067811865477,0.7071067811865474
2025-02-17 22:00:00,18939.904,-10.6,-0.5000000000000004,0.8660254037844384
2025-02-17 23:00:00,18323.062,-10.9,-0.2588190451025215,0.965925826289068
2025-02-18 00:00:00,18023.637,-11.4,0.0,1.0
2025-02-18 01:00:00,17999.559,-11.8,0.2588190451025207,0.9659258262890684
2025-02-18 02:00:00,17951.395,-12.2,0.4999999999999999,0.8660254037844387
2025-02-18 03:00:00,18089.49,-12.6,0.7071067811865475,0.7071067811865476
2025-02-18 04:00:00,18345.103000000003,-12.6,0.8660254037844386,0.5000000000000001
2025-02-18 05:00:00,19076.337,-13.0,0.9659258262890684,0.2588190451025207
2025-02-18 06:00:00,20061.665,-12.9,1.0,6.123233995736766e-17
2025-02-18 07:00:00,20699.717,-13.5,0.9659258262890684,-0.2588190451025206
2025-02-18 08:00:00,20711.274,-14.2,0.8660254037844387,-0.4999999999999998
2025-02-18 09:00:00,20166.606,-13.1,0.7071067811865476,-0.7071067811865475
2025-02-18 10:00:00,19596.647,-12.3,0.4999999999999999,-0.8660254037844387
2025-02-18 11:00:00,19150.67,-11.6,0.258819045102521,-0.9659258262890682
2025-02-18 12:00:00,18752.733,-10.9,1.2246467991473532e-16,-1.0
2025-02-18 13:00:00,18556.725,-10.3,-0.2588190451025208,-0.9659258262890684
2025-02-18 14:00:00,18273.318,-9.8,-0.4999999999999998,-0.8660254037844388
2025-02-18 15:00:00,18104.79,-9.6,-0.7071067811865471,-0.7071067811865479
2025-02-18 16:00:00,18342.701,-9.4,-0.8660254037844384,-0.5000000000000004
2025-02-18 17:00:00,18888.115,-9.5,-0.9659258262890684,-0.2588190451025206
2025-02-18 18:00:00,19558.777,-9.9,-1.0,-1.8369701987210294e-16
2025-02-18 19:00:00,19830.326999999997,-10.9,-0.9659258262890684,0.2588190451025203
2025-02-18 20:00:00,19790.311,-11.2,-0.8660254037844386,0.5000000000000001
2025-02-18 21:00:00,19345.622,-11.6,-0.7071067811865477,0.7071067811865474
2025-02-18 22:00:00,18894.123,-11.6,-0.5000000000000004,0.8660254037844384
2025-02-18 23:00:00,18443.25,-11.5,-0.2588190451025215,0.965925826289068
2025-02-19 00:00:00,18286.812,-11.4,0.0,1.0
2025-02-19 01:00:00,18182.316,-11.1,0.2588190451025207,0.9659258262890684
2025-02-19 02:00:00,18145.026,-11.2,0.4999999999999999,0.8660254037844387
2025-02-19 03:00:00,18260.341999999997,-10.9,0.7071067811865475,0.7071067811865476
2025-02-19 04:00:00,18677.725,-10.8,0.8660254037844386,0.5000000000000001
2025-02-19 05:00:00,19384.153,-10.8,0.9659258262890684,0.2588190451025207
2025-02-19 06:00:00,20300.363,-10.9,1.0,6.123233995736766e-17
2025-02-19 07:00:00,20819.748,-10.9,0.9659258262890684,-0.2588190451025206
2025-02-19 08:00:00,20958.786,-11.0,0.8660254037844387,-0.4999999999999998
2025-02-19 09:00:00,20883.157,-10.4,0.7071067811865476,-0.7071067811865475
2025-02-19 10:00:00,20671.89,-10.1,0.4999999999999999,-0.8660254037844387
2025-02-19 11:00:00,20357.681,-9.6,0.258819045102521,-0.9659258262890682
2025-02-19 12:00:00,20129.383,-8.9,1.2246467991473532e-16,-1.0
2025-02-19 13:00:00,19764.807999999997,-8.4,-0.2588190451025208,-0.9659258262890684
2025-02-19 14:00:00,19475.688,-7.8,-0.4999999999999998,-0.8660254037844388
2025-02-19 15:00:00,19337.368,-7.2,-0.7071067811865471,-0.7071067811865479
2025-02-19 16:00:00,19623.846,-6.9,-0.8660254037844384,-0.5000000000000004
2025-02-19 17:00:00,20025.386,-6.8,-0.9659258262890684,-0.2588190451025206
2025-02-19 18:00:00,20474.525,-7.1,-1.0,-1.8369701987210294e-16
2025-02-19 19:00:00,20557.485,-8.3,-0.9659258262890684,0.2588190451025203
2025-02-19 20:00:00,20384.493,-9.4,-0.8660254037844386,0.5000000000000001
2025-02-19 21:00:00,19940.397,-10.1,-0.7071067811865477,0.7071067811865474
2025-02-19 22:00:00,19445.44,-10.1,-0.5000000000000004,0.8660254037844384
2025-02-19 23:00:00,18979.084000000003,-10.2,-0.2588190451025215,0.965925826289068
2025-02-20 00:00:00,18815.195,-9.4,0.0,1.0
2025-02-20 01:00:00,18669.067000000003,-8.9,0.2588190451025207,0.9659258262890684
2025-02-20 02:00:00,18718.617,-9.1,0.4999999999999999,0.8660254037844387
2025-02-20 03:00:00,18892.301,-9.4,0.7071067811865475,0.7071067811865476
2025-02-20 04:00:00,19026.466,-9.9,0.8660254037844386,0.5000000000000001
2025-02-20 05:00:00,19530.54,-10.1,0.9659258262890684,0.2588190451025207
2025-02-20 06:00:00,20323.894,-10.4,1.0,6.123233995736766e-17
2025-02-20 07:00:00,21041.656,-10.1,0.9659258262890684,-0.2588190451025206
2025-02-20 08:00:00,21113.278,-9.8,0.8660254037844387,-0.4999999999999998
2025-02-20 09:00:00,20795.557,-8.9,0.7071067811865476,-0.7071067811865475
2025-02-20 10:00:00,20422.403,-8.5,0.4999999999999999,-0.8660254037844387
2025-02-20 11:00:00,20146.811,-8.8,0.258819045102521,-0.9659258262890682
2025-02-20 12:00:00,19949.129,-8.6,1.2246467991473532e-16,-1.0
2025-02-20 13:00:00,19909.132,-8.8,-0.2588190451025208,-0.9659258262890684
2025-02-20 14:00:00,19855.648,-8.1,-0.4999999999999998,-0.8660254037844388
2025-02-20 15:00:00,19943.273,-8.0,-0.7071067811865471,-0.7071067811865479
2025-02-20 16:00:00,20157.754999999997,-7.8,-0.8660254037844384,-0.5000000000000004
2025-02-20 17:00:00,20541.597,-7.4,-0.9659258262890684,-0.2588190451025206
2025-02-20 18:00:00,21103.323,-7.3,-1.0,-1.8369701987210294e-16
2025-02-20 19:00:00,21285.369,-7.6,-0.9659258262890684,0.2588190451025203
2025-02-20 20:00:00,21124.975,-7.6,-0.8660254037844386,0.5000000000000001
2025-02-20 21:00:00,20647.729,-7.2,-0.7071067811865477,0.7071067811865474
2025-02-20 22:00:00,20116.074999999997,-7.2,-0.5000000000000004,0.8660254037844384
2025-02-20 23:00:00,19605.157,-7.2,-0.2588190451025215,0.965925826289068
2025-02-21 00:00:00,19275.83,-7.0,0.0,1.0
2025-02-21 01:00:00,19017.252,-6.8,0.2588190451025207,0.9659258262890684
2025-02-21 02:00:00,18908.422,-6.7,0.4999999999999999,0.8660254037844387
2025-02-21 03:00:00,18987.006,-6.6,0.7071067811865475,0.7071067811865476
2025-02-21 04:00:00,19165.615,-6.2,0.8660254037844386,0.5000000000000001
2025-02-21 05:00:00,19831.833,-6.0,0.9659258262890684,0.2588190451025207
2025-02-21 06:00:00,20606.64,-5.9,1.0,6.123233995736766e-17
2025-02-21 07:00:00,20989.679,-6.2,0.9659258262890684,-0.2588190451025206
2025-02-21 08:00:00,21116.179,-6.2,0.8660254037844387,-0.4999999999999998
2025-02-21 09:00:00,20566.079,-6.4,0.7071067811865476,-0.7071067811865475
2025-02-21 10:00:00,20103.115,-5.9,0.4999999999999999,-0.8660254037844387
2025-02-21 11:00:00,19398.769,-5.1,0.258819045102521,-0.9659258262890682
2025-02-21 12:00:00,18969.991,-4.1,1.2246467991473532e-16,-1.0
2025-02-21 13:00:00,18695.13,-3.1,-0.2588190451025208,-0.9659258262890684
2025-02-21 14:00:00,18198.307,-2.7,-0.4999999999999998,-0.8660254037844388
2025-02-21 15:00:00,17922.79,-2.3,-0.7071067811865471,-0.7071067811865479
2025-02-21 16:00:00,17931.432999999997,-2.2,-0.8660254037844384,-0.5000000000000004
2025-02-21 17:00:00,18249.882,-2.2,-0.9659258262890684,-0.2588190451025206
2025-02-21 18:00:00,18818.506,-2.5,-1.0,-1.8369701987210294e-16
2025-02-21 19:00:00,19090.086,-2.8,-0.9659258262890684,0.2588190451025203
2025-02-21 20:00:00,19136.96,-4.7,-0.8660254037844386,0.5000000000000001
2025-02-21 21:00:00,19099.067,-4.2,-0.7071067811865477,0.7071067811865474
2025-02-21 22:00:00,18792.803,-5.8,-0.5000000000000004,0.8660254037844384
2025-02-21 23:00:00,18428.777,-7.7,-0.2588190451025215,0.965925826289068
2025-02-22 00:00:00,18379.551,-8.4,0.0,1.0
2025-02-22 01:00:00,18382.822,-9.2,0.2588190451025207,0.9659258262890684
2025-02-22 02:00:00,18388.311,-10.0,0.4999999999999999,0.8660254037844387
2025-02-22 03:00:00,18600.202,-10.2,0.7071067811865475,0.7071067811865476
2025-02-22 04:00:00,18886.375,-10.6,0.8660254037844386,0.5000000000000001
2025-02-22 05:00:00,19331.887,-11.1,0.9659258262890684,0.2588190451025207
2025-02-22 06:00:00,19743.881,-11.1,1.0,6.123233995736766e-17
2025-02-22 07:00:00,20128.393,-11.5,0.9659258262890684,-0.2588190451025206
2025-02-22 08:00:00,19883.065,-11.9,0.8660254037844387,-0.4999999999999998
2025-02-22 09:00:00,19084.871,-10.6,0.7071067811865476,-0.7071067811865475
2025-02-22 10:00:00,18237.197,-8.1,0.4999999999999999,-0.8660254037844387
2025-02-22 11:00:00,17488.597,-6.1,0.258819045102521,-0.9659258262890682
2025-02-22 12:00:00,16867.36,-4.0,1.2246467991473532e-16,-1.0
2025-02-22 13:00:00,16375.195,-2.4,-0.2588190451025208,-0.9659258262890684
2025-02-22 14:00:00,15959.261,-1.7,-0.4999999999999998,-0.8660254037844388
2025-02-22 15:00:00,15930.494,-1.1,-0.7071067811865471,-0.7071067811865479
2025-02-22 16:00:00,16125.936999999998,-0.8,-0.8660254037844384,-0.5000000000000004
2025-02-22 17:00:00,16554.075,-0.6,-0.9659258262890684,-0.2588190451025206
2025-02-22 18:00:00,17138.27,-1.0,-1.0,-1.8369701987210294e-16
2025-02-22 19:00:00,17416.049,-2.2,-0.9659258262890684,0.2588190451025203
2025-02-22 20:00:00,17438.978,-3.8,-0.8660254037844386,0.5000000000000001
2025-02-22 21:00:00,17280.309999999998,-3.8,-0.7071067811865477,0.7071067811865474
2025-02-22 22:00:00,16984.75,-4.0,-0.5000000000000004,0.8660254037844384
2025-02-22 23:00:00,16759.52,-4.2,-0.2588190451025215,0.965925826289068
2025-02-23 00:00:00,16534.364999999998,-4.5,0.0,1.0
2025-02-23 01:00:00,16481.243,-4.7,0.2588190451025207,0.9659258262890684
2025-02-23 02:00:00,16439.206,-5.4,0.4999999999999999,0.8660254037844387
2025-02-23 03:00:00,16567.939,-6.2,0.7071067811865475,0.7071067811865476
2025-02-23 04:00:00,16760.368000000002,-6.8,0.8660254037844386,0.5000000000000001
2025-02-23 05:00:00,17013.835,-7.2,0.9659258262890684,0.2588190451025207
2025-02-23 06:00:00,17423.047,-7.6,1.0,6.123233995736766e-17
2025-02-23 07:00:00,17578.93,-8.0,0.9659258262890684,-0.2588190451025206
2025-02-23 08:00:00,17515.161,-8.3,0.8660254037844387,-0.4999999999999998
2025-02-23 09:00:00,16749.613,-6.8,0.7071067811865476,-0.7071067811865475
2025-02-23 10:00:00,16129.516,-3.9,0.4999999999999999,-0.8660254037844387
2025-02-23 11:00:00,15585.567,-1.7,0.258819045102521,-0.9659258262890682
2025-02-23 12:00:00,15223.357,1.1,1.2246467991473532e-16,-1.0
2025-02-23 13:00:00,14942.525999999998,2.8,-0.2588190451025208,-0.9659258262890684
2025-02-23 14:00:00,14765.929,3.7,-0.4999999999999998,-0.8660254037844388
2025-02-23 15:00:00,14765.743,4.1,-0.7071067811865471,-0.7071067811865479
2025-02-23 16:00:00,14955.668,4.3,-0.8660254037844384,-0.5000000000000004
2025-02-23 17:00:00,15387.838,4.2,-0.9659258262890684,-0.2588190451025206
2025-02-23 18:00:00,16201.178,3.7,-1.0,-1.8369701987210294e-16
2025-02-23 19:00:00,16660.595,1.9,-0.9659258262890684,0.2588190451025203
2025-02-23 20:00:00,16668.919,1.2,-0.8660254037844386,0.5000000000000001
2025-02-23 21:00:00,16426.766,1.5,-0.7071067811865477,0.7071067811865474
2025-02-23 22:00:00,16142.864,0.8,-0.5000000000000004,0.8660254037844384
2025-02-23 23:00:00,15889.786,-0.3,-0.2588190451025215,0.965925826289068
2025-02-24 00:00:00,15743.477,-0.9,0.0,1.0
2025-02-24 01:00:00,15723.469,-1.3,0.2588190451025207,0.9659258262890684
2025-02-24 02:00:00,15901.691,-1.6,0.4999999999999999,0.8660254037844387
2025-02-24 03:00:00,16137.434,-1.9,0.7071067811865475,0.7071067811865476
2025-02-24 04:00:00,16482.521999999997,-2.0,0.8660254037844386,0.5000000000000001
2025-02-24 05:00:00,17329.637000000002,-2.1,0.9659258262890684,0.2588190451025207
2025-02-24 06:00:00,18543.521,-2.2,1.0,6.123233995736766e-17
2025-02-24 07:00:00,19049.046,-2.2,0.9659258262890684,-0.2588190451025206
2025-02-24 08:00:00,18629.045,-2.0,0.8660254037844387,-0.4999999999999998
2025-02-24 09:00:00,17975.468,-0.5,0.7071067811865476,-0.7071067811865475
2025-02-24 10:00:00,17178.659,1.2,0.4999999999999999,-0.8660254037844387
2025-02-24 11:00:00,16565.869,2.8,0.258819045102521,-0.9659258262890682
2025-02-24 12:00:00,16081.324,3.6,1.2246467991473532e-16,-1.0
2025-02-24 13:00:00,15673.142,5.8,-0.2588190451025208,-0.9659258262890684
2025-02-24 14:00:00,15303.691,8.1,-0.4999999999999998,-0.8660254037844388
2025-02-24 15:00:00,15117.272,9.4,-0.7071067811865471,-0.7071067811865479
2025-02-24 16:00:00,15164.502,9.9,-0.8660254037844384,-0.5000000000000004
2025-02-24 17:00:00,15547.605,9.4,-0.9659258262890684,-0.2588190451025206
2025-02-24 18:00:00,16142.384,8.6,-1.0,-1.8369701987210294e-16
2025-02-24 19:00:00,16456.393,7.5,-0.9659258262890684,0.2588190451025203
2025-02-24 20:00:00,16367.77,6.6,-0.8660254037844386,0.5000000000000001
2025-02-24 21:00:00,15978.155,6.8,-0.7071067811865477,0.7071067811865474
2025-02-24 22:00:00,15467.875,6.2,-0.5000000000000004,0.8660254037844384
2025-02-24 23:00:00,15038.589,5.4,-0.2588190451025215,0.965925826289068
2025-02-25 00:00:00,14736.54,5.0,0.0,1.0
2025-02-25 01:00:00,14536.27,4.4,0.2588190451025207,0.9659258262890684
2025-02-25 02:00:00,14621.988,4.6,0.4999999999999999,0.8660254037844387
2025-02-25 03:00:00,14719.958,4.2,0.7071067811865475,0.7071067811865476
2025-02-25 04:00:00,15075.06,3.9,0.8660254037844386,0.5000000000000001
2025-02-25 05:00:00,15727.330999999998,3.3,0.9659258262890684,0.2588190451025207
2025-02-25 06:00:00,16762.989999999998,2.2,1.0,6.123233995736766e-17
2025-02-25 07:00:00,17225.212,2.2,0.9659258262890684,-0.2588190451025206
2025-02-25 08:00:00,16869.949999999997,1.8,0.8660254037844387,-0.4999999999999998
2025-02-25 09:00:00,16356.554,1.7,0.7071067811865476,-0.7071067811865475
2025-02-25 10:00:00,15915.080999999998,4.2,0.4999999999999999,-0.8660254037844387
2025-02-25 11:00:00,15462.492,7.0,0.258819045102521,-0.9659258262890682
2025-02-25 12:00:00,15018.316,9.4,1.2246467991473532e-16,-1.0
2025-02-25 13:00:00,14716.876,11.4,-0.2588190451025208,-0.9659258262890684
2025-02-25 14:00:00,14404.998,13.0,-0.4999999999999998,-0.8660254037844388
2025-02-25 15:00:00,14286.214,14.4,-0.7071067811865471,-0.7071067811865479
2025-02-25 16:00:00,14347.235,14.2,-0.8660254037844384,-0.5000000000000004
2025-02-25 17:00:00,14524.323,13.8,-0.9659258262890684,-0.2588190451025206
2025-02-25 18:00:00,15090.765,12.9,-1.0,-1.8369701987210294e-16
2025-02-25 19:00:00,15468.337,9.9,-0.9659258262890684,0.2588190451025203
2025-02-25 20:00:00,15461.175,7.5,-0.8660254037844386,0.5000000000000001
2025-02-25 21:00:00,15232.062,6.4,-0.7071067811865477,0.7071067811865474
2025-02-25 22:00:00,14901.5,5.5,-0.5000000000000004,0.8660254037844384
2025-02-25 23:00:00,14598.536,4.3,-0.2588190451025215,0.965925826289068
2025-02-26 00:00:00,14299.703,3.7,0.0,1.0
2025-02-26 01:00:00,14489.565,1.9,0.2588190451025207,0.9659258262890684
2025-02-26 02:00:00,14543.009999999998,1.1,0.4999999999999999,0.8660254037844387
2025-02-26 03:00:00,14775.315,-0.3,0.7071067811865475,0.7071067811865476
2025-02-26 04:00:00,15156.326,-0.9,0.8660254037844386,0.5000000000000001
2025-02-26 05:00:00,16089.458,-1.5,0.9659258262890684,0.2588190451025207
2025-02-26 06:00:00,17331.292,-1.7,1.0,6.123233995736766e-17
2025-02-26 07:00:00,17863.731,-2.1,0.9659258262890684,-0.2588190451025206
2025-02-26 08:00:00,17612.816,-1.6,0.8660254037844387,-0.4999999999999998
2025-02-26 09:00:00,17101.185,-0.9,0.7071067811865476,-0.7071067811865475
2025-02-26 10:00:00,16581.905,1.5,0.4999999999999999,-0.8660254037844387
2025-02-26 11:00:00,16022.199,3.3,0.258819045102521,-0.9659258262890682
2025-02-26 12:00:00,15639.541,5.1,1.2246467991473532e-16,-1.0
2025-02-26 13:00:00,15535.627,8.4,-0.2588190451025208,-0.9659258262890684
2025-02-26 14:00:00,15195.153,9.8,-0.4999999999999998,-0.8660254037844388
2025-02-26 15:00:00,15149.881,11.4,-0.7071067811865471,-0.7071067811865479
2025-02-26 16:00:00,15190.298,12.9,-0.8660254037844384,-0.5000000000000004
2025-02-26 17:00:00,15320.341,11.3,-0.9659258262890684,-0.2588190451025206
2025-02-26 18:00:00,15695.54,9.6,-1.0,-1.8369701987210294e-16
2025-02-26 19:00:00,15758.291,8.0,-0.9659258262890684,0.2588190451025203
2025-02-26 20:00:00,15716.0,7.0,-0.8660254037844386,0.5000000000000001
2025-02-26 21:00:00,15299.432,7.0,-0.7071067811865477,0.7071067811865474
2025-02-26 22:00:00,14752.867,6.9,-0.5000000000000004,0.8660254037844384
2025-02-26 23:00:00,14220.331,6.3,-0.2588190451025215,0.965925826289068
2025-02-27 00:00:00,13750.571,5.4,0.0,1.0
2025-02-27 01:00:00,13538.957,6.5,0.2588190451025207,0.9659258262890684
2025-02-27 02:00:00,13414.06,6.9,0.4999999999999999,0.8660254037844387
2025-02-27 03:00:00,13507.216,6.3,0.7071067811865475,0.7071067811865476
2025-02-27 04:00:00,13768.903,7.0,0.8660254037844386,0.5000000000000001
2025-02-27 05:00:00,14388.278,6.5,0.9659258262890684,0.2588190451025207
2025-02-27 06:00:00,15385.211,5.4,1.0,6.123233995736766e-17
2025-02-27 07:00:00,15953.609,4.7,0.9659258262890684,-0.2588190451025206
2025-02-27 08:00:00,16017.854,4.0,0.8660254037844387,-0.4999999999999998
2025-02-27 09:00:00,16023.484,6.1,0.7071067811865476,-0.7071067811865475
2025-02-27 10:00:00,16023.836,6.2,0.4999999999999999,-0.8660254037844387
2025-02-27 11:00:00,16028.45,6.5,0.258819045102521,-0.9659258262890682
2025-02-27 12:00:00,15674.633,7.9,1.2246467991473532e-16,-1.0
2025-02-27 13:00:00,15530.107,8.9,-0.2588190451025208,-0.9659258262890684
2025-02-27 14:00:00,15316.809,9.8,-0.4999999999999998,-0.8660254037844388
2025-02-27 15:00:00,15145.915,10.2,-0.7071067811865471,-0.7071067811865479
2025-02-27 16:00:00,15278.93,10.6,-0.8660254037844384,-0.5000000000000004
2025-02-27 17:00:00,15577.984,7.8,-0.9659258262890684,-0.2588190451025206
2025-02-27 18:00:00,15978.177,7.8,-1.0,-1.8369701987210294e-16
2025-02-27 19:00:00,16398.197,6.2,-0.9659258262890684,0.2588190451025203
2025-02-27 20:00:00,16315.315,4.8,-0.8660254037844386,0.5000000000000001
2025-02-27 21:00:00,16003.144,6.0,-0.7071067811865477,0.7071067811865474
2025-02-27 22:00:00,15500.385,4.6,-0.5000000000000004,0.8660254037844384
2025-02-27 23:00:00,14944.228,3.2,-0.2588190451025215,0.965925826289068
2025-02-28 00:00:00,14641.786,2.4,0.0,1.0
2025-02-28 01:00:00,14466.764,1.8,0.2588190451025207,0.9659258262890684
2025-02-28 02:00:00,14420.928,1.3,0.4999999999999999,0.8660254037844387
2025-02-28 03:00:00,14570.85,0.7,0.7071067811865475,0.7071067811865476
2025-02-28 04:00:00,14886.115000000002,0.1,0.8660254037844386,0.5000000000000001
2025-02-28 05:00:00,15727.477,-0.6,0.9659258262890684,0.2588190451025207
2025-02-28 06:00:00,16823.802,-1.1,1.0,6.123233995736766e-17
2025-02-28 07:00:00,17315.891,-1.5,0.9659258262890684,-0.2588190451025206
2025-02-28 08:00:00,17114.7,-1.9,0.8660254037844387,-0.4999999999999998
2025-02-28 09:00:00,16535.459,-0.1,0.7071067811865476,-0.7071067811865475
2025-02-28 10:00:00,16032.262,2.0,0.4999999999999999,-0.8660254037844387
2025-02-28 11:00:00,15582.839,4.8,0.258819045102521,-0.9659258262890682
2025-02-28 12:00:00,15158.608,7.8,1.2246467991473532e-16,-1.0
2025-02-28 13:00:00,14961.392,9.6,-0.2588190451025208,-0.9659258262890684
2025-02-28 14:00:00,14574.601,10.6,-0.4999999999999998,-0.8660254037844388
2025-02-28 15:00:00,14315.844,11.6,-0.7071067811865471,-0.7071067811865479
2025-02-28 16:00:00,14458.304,12.3,-0.8660254037844384,-0.5000000000000004
2025-02-28 17:00:00,14617.957,12.6,-0.9659258262890684,-0.2588190451025206
2025-02-28 18:00:00,14957.349,12.2,-1.0,-1.8369701987210294e-16
2025-02-28 19:00:00,15128.935,11.6,-0.9659258262890684,0.2588190451025203
2025-02-28 20:00:00,15061.465,11.2,-0.8660254037844386,0.5000000000000001
2025-02-28 21:00:00,14822.89,11.9,-0.7071067811865477,0.7071067811865474
2025-02-28 22:00:00,14447.365000000002,9.8,-0.5000000000000004,0.8660254037844384
2025-02-28 23:00:00,13930.68,10.3,-0.2588190451025215,0.965925826289068
2025-03-01 00:00:00,13570.213,10.0,0.0,1.0
2025-03-01 01:00:00,13394.552,8.6,0.2588190451025207,0.9659258262890684
2025-03-01 02:00:00,13333.732,7.8,0.4999999999999999,0.8660254037844387
2025-03-01 03:00:00,13292.962,6.6,0.7071067811865475,0.7071067811865476
2025-03-01 04:00:00,13418.802,5.1,0.8660254037844386,0.5000000000000001
2025-03-01 05:00:00,13766.632,4.3,0.9659258262890684,0.2588190451025207
2025-03-01 06:00:00,14176.48,3.3,1.0,6.123233995736766e-17
2025-03-01 07:00:00,14674.806,2.2,0.9659258262890684,-0.2588190451025206
2025-03-01 08:00:00,14958.499,0.9,0.8660254037844387,-0.4999999999999998
2025-03-01 09:00:00,15149.226,1.2,0.7071067811865476,-0.7071067811865475
2025-03-01 10:00:00,15147.054,0.9,0.4999999999999999,-0.8660254037844387
2025-03-01 11:00:00,15075.885,0.7,0.258819045102521,-0.9659258262890682
2025-03-01 12:00:00,14903.303,0.9,1.2246467991473532e-16,-1.0
2025-03-01 13:00:00,14797.094,1.2,-0.2588190451025208,-0.9659258262890684
2025-03-01 14:00:00,14771.128,1.5,-0.4999999999999998,-0.8660254037844388
2025-03-01 15:00:00,14898.777000000002,1.5,-0.7071067811865471,-0.7071067811865479
2025-03-01 16:00:00,15228.11,0.6,-0.8660254037844384,-0.5000000000000004
2025-03-01 17:00:00,15678.209,-0.8,-0.9659258262890684,-0.2588190451025206
2025-03-01 18:00:00,16217.237,-1.9,-1.0,-1.8369701987210294e-16
2025-03-01 19:00:00,16481.035,-2.7,-0.9659258262890684,0.2588190451025203
2025-03-01 20:00:00,16470.677,-3.4,-0.8660254037844386,0.5000000000000001
2025-03-01 21:00:00,16324.829000000002,-3.3,-0.7071067811865477,0.7071067811865474
2025-03-01 22:00:00,16109.527999999998,-3.5,-0.5000000000000004,0.8660254037844384
2025-03-01 23:00:00,15782.613,-3.5,-0.2588190451025215,0.965925826289068
2025-03-02 00:00:00,15741.282,-3.6,0.0,1.0
2025-03-02 01:00:00,15708.892,-3.8,0.2588190451025207,0.9659258262890684
2025-03-02 02:00:00,15778.069,-4.0,0.4999999999999999,0.8660254037844387
2025-03-02 03:00:00,15901.598,-4.4,0.7071067811865475,0.7071067811865476
2025-03-02 04:00:00,16107.473000000002,-4.7,0.8660254037844386,0.5000000000000001
2025-03-02 05:00:00,16436.777000000002,-4.9,0.9659258262890684,0.2588190451025207
2025-03-02 06:00:00,17055.917999999998,-5.1,1.0,6.123233995736766e-17
2025-03-02 07:00:00,17300.777000000002,-5.2,0.9659258262890684,-0.2588190451025206
2025-03-02 08:00:00,17255.919,-5.4,0.8660254037844387,-0.4999999999999998
2025-03-02 09:00:00,16885.527000000002,-5.6,0.7071067811865476,-0.7071067811865475
2025-03-02 10:00:00,16278.391,-4.8,0.4999999999999999,-0.8660254037844387
2025-03-02 11:00:00,15912.193,-4.2,0.258819045102521,-0.9659258262890682
2025-03-02 12:00:00,15649.148,-3.1,1.2246467991473532e-16,-1.0
2025-03-02 13:00:00,15260.199,-1.9,-0.2588190451025208,-0.9659258262890684
2025-03-02 14:00:00,15008.963,-0.9,-0.4999999999999998,-0.8660254037844388
2025-03-02 15:00:00,14803.487,-0.2,-0.7071067811865471,-0.7071067811865479
2025-03-02 16:00:00,15054.684,0.4,-0.8660254037844384,-0.5000000000000004
2025-03-02 17:00:00,15669.112,0.5,-0.9659258262890684,-0.2588190451025206
2025-03-02 18:00:00,16451.191,0.4,-1.0,-1.8369701987210294e-16
2025-03-02 19:00:00,17075.708,-0.9,-0.9659258262890684,0.2588190451025203
2025-03-02 20:00:00,17307.284,-1.8,-0.8660254037844386,0.5000000000000001
2025-03-02 21:00:00,17242.905,-2.0,-0.7071067811865477,0.7071067811865474
2025-03-02 22:00:00,16870.814,-2.8,-0.5000000000000004,0.8660254037844384
2025-03-02 23:00:00,16615.008,-3.3,-0.2588190451025215,0.965925826289068
2025-03-03 00:00:00,16582.98,-3.7,0.0,1.0
2025-03-03 01:00:00,16592.215,-3.8,0.2588190451025207,0.9659258262890684
2025-03-03 02:00:00,16663.468,-4.0,0.4999999999999999,0.8660254037844387
2025-03-03 03:00:00,16961.444,-4.1,0.7071067811865475,0.7071067811865476
2025-03-03 04:00:00,17375.089,-4.2,0.8660254037844386,0.5000000000000001
2025-03-03 05:00:00,18332.437,-4.4,0.9659258262890684,0.2588190451025207
2025-03-03 06:00:00,19403.643000000004,-4.5,1.0,6.123233995736766e-17
2025-03-03 07:00:00,19755.766000000003,-4.7,0.9659258262890684,-0.2588190451025206
2025-03-03 08:00:00,19175.418,-4.8,0.8660254037844387,-0.4999999999999998
2025-03-03 09:00:00,18296.114,-4.4,0.7071067811865476,-0.7071067811865475
2025-03-03 10:00:00,17633.601000000002,-2.5,0.4999999999999999,-0.8660254037844387
2025-03-03 11:00:00,17104.215,0.1,0.258819045102521,-0.9659258262890682
2025-03-03 12:00:00,16721.544,1.8,1.2246467991473532e-16,-1.0
2025-03-03 13:00:00,16435.122,2.6,-0.2588190451025208,-0.9659258262890684
2025-03-03 14:00:00,16124.172,4.0,-0.4999999999999998,-0.8660254037844388
2025-03-03 15:00:00,15968.675,4.3,-0.7071067811865471,-0.7071067811865479
2025-03-03 16:00:00,16050.491,4.4,-0.8660254037844384,-0.5000000000000004
2025-03-03 17:00:00,16369.686000000002,4.8,-0.9659258262890684,-0.2588190451025206
2025-03-03 18:00:00,16921.688,4.2,-1.0,-1.8369701987210294e-16
2025-03-03 19:00:00,17310.155,3.2,-0.9659258262890684,0.2588190451025203
2025-03-03 20:00:00,17198.745,2.5,-0.8660254037844386,0.5000000000000001
2025-03-03 21:00:00,16869.068,2.8,-0.7071067811865477,0.7071067811865474
2025-03-03 22:00:00,16301.603,2.7,-0.5000000000000004,0.8660254037844384
2025-03-03 23:00:00,15827.039,2.7,-0.2588190451025215,0.965925826289068
2025-03-04 00:00:00,15556.084,2.5,0.0,1.0
2025-03-04 01:00:00,15280.397,2.3,0.2588190451025207,0.9659258262890684
2025-03-04 02:00:00,15290.515,2.0,0.4999999999999999,0.8660254037844387
2025-03-04 03:00:00,15443.021,1.3,0.7071067811865475,0.7071067811865476
2025-03-04 04:00:00,15777.9,1.1,0.8660254037844386,0.5000000000000001
2025-03-04 05:00:00,16410.386,1.2,0.9659258262890684,0.2588190451025207
2025-03-04 06:00:00,17361.525999999998,1.6,1.0,6.123233995736766e-17
2025-03-04 07:00:00,17673.193,2.0,0.9659258262890684,-0.2588190451025206
2025-03-04 08:00:00,17651.305,2.1,0.8660254037844387,-0.4999999999999998
2025-03-04 09:00:00,17257.548000000003,4.6,0.7071067811865476,-0.7071067811865475
2025-03-04 10:00:00,16625.136,6.2,0.4999999999999999,-0.8660254037844387
2025-03-04 11:00:00,15975.235,8.2,0.258819045102521,-0.9659258262890682
2025-03-04 12:00:00,15580.892,10.7,1.2246467991473532e-16,-1.0
2025-03-04 13:00:00,15163.266,12.1,-0.2588190451025208,-0.9659258262890684
2025-03-04 14:00:00,14706.403,13.3,-0.4999999999999998,-0.8660254037844388
2025-03-04 15:00:00,14599.752,15.3,-0.7071067811865471,-0.7071067811865479
2025-03-04 16:00:00,14693.07,16.6,-0.8660254037844384,-0.5000000000000004
2025-03-04 17:00:00,14981.247,16.9,-0.9659258262890684,-0.2588190451025206
2025-03-04 18:00:00,15528.17,15.6,-1.0,-1.8369701987210294e-16
2025-03-04 19:00:00,15689.766,13.9,-0.9659258262890684,0.2588190451025203
2025-03-04 20:00:00,15464.381,12.9,-0.8660254037844386,0.5000000000000001
2025-03-04 21:00:00,15070.457,14.1,-0.7071067811865477,0.7071067811865474
2025-03-04 22:00:00,14440.122,14.1,-0.5000000000000004,0.8660254037844384
2025-03-04 23:00:00,13922.73,14.2,-0.2588190451025215,0.965925826289068
2025-03-05 00:00:00,13419.47,13.6,0.0,1.0
2025-03-05 01:00:00,13162.544999999998,12.4,0.2588190451025207,0.9659258262890684
2025-03-05 02:00:00,12941.295,11.4,0.4999999999999999,0.8660254037844387
2025-03-05 03:00:00,12902.452,10.9,0.7071067811865475,0.7071067811865476
2025-03-05 04:00:00,13215.56,10.8,0.8660254037844386,0.5000000000000001
2025-03-05 05:00:00,13679.578,11.4,0.9659258262890684,0.2588190451025207
2025-03-05 06:00:00,14662.139,12.1,1.0,6.123233995736766e-17
2025-03-05 07:00:00,15056.134,12.4,0.9659258262890684,-0.2588190451025206
2025-03-05 08:00:00,15101.428,11.9,0.8660254037844387,-0.4999999999999998
2025-03-05 09:00:00,14978.184,12.9,0.7071067811865476,-0.7071067811865475
2025-03-05 10:00:00,14992.706,14.1,0.4999999999999999,-0.8660254037844387
2025-03-05 11:00:00,14904.983,14.4,0.258819045102521,-0.9659258262890682
2025-03-05 12:00:00,14853.292,14.6,1.2246467991473532e-16,-1.0
2025-03-05 13:00:00,14801.414,15.3,-0.2588190451025208,-0.9659258262890684
2025-03-05 14:00:00,14673.555,14.1,-0.4999999999999998,-0.8660254037844388
2025-03-05 15:00:00,14758.204,11.4,-0.7071067811865471,-0.7071067811865479
2025-03-05 16:00:00,15137.468,9.5,-0.8660254037844384,-0.5000000000000004
2025-03-05 17:00:00,15586.62,7.9,-0.9659258262890684,-0.2588190451025206
2025-03-05 18:00:00,16040.866,6.3,-1.0,-1.8369701987210294e-16
2025-03-05 19:00:00,16351.349,5.3,-0.9659258262890684,0.2588190451025203
2025-03-05 20:00:00,16372.122,4.0,-0.8660254037844386,0.5000000000000001
2025-03-05 21:00:00,16046.065,2.8,-0.7071067811865477,0.7071067811865474
2025-03-05 22:00:00,15729.527,2.2,-0.5000000000000004,0.8660254037844384
2025-03-05 23:00:00,15284.689,1.9,-0.2588190451025215,0.965925826289068
2025-03-06 00:00:00,15000.954,1.5,0.0,1.0
2025-03-06 01:00:00,14942.185,1.6,0.2588190451025207,0.9659258262890684
2025-03-06 02:00:00,14961.856,1.5,0.4999999999999999,0.8660254037844387
2025-03-06 03:00:00,15138.201,1.4,0.7071067811865475,0.7071067811865476
2025-03-06 04:00:00,15549.205,0.9,0.8660254037844386,0.5000000000000001
2025-03-06 05:00:00,16345.856,0.4,0.9659258262890684,0.2588190451025207
2025-03-06 06:00:00,17421.556,-0.4,1.0,6.123233995736766e-17
2025-03-06 07:00:00,18053.063,-1.0,0.9659258262890684,-0.2588190451025206
2025-03-06 08:00:00,18244.129999999997,-1.1,0.8660254037844387,-0.4999999999999998
2025-03-06 09:00:00,18301.22,-0.7,0.7071067811865476,-0.7071067811865475
2025-03-06 10:00:00,18318.252,-0.2,0.4999999999999999,-0.8660254037844387
2025-03-06 11:00:00,18177.592,0.2,0.258819045102521,-0.9659258262890682
2025-03-06 12:00:00,18047.445,0.8,1.2246467991473532e-16,-1.0
2025-03-06 13:00:00,17838.391,1.0,-0.2588190451025208,-0.9659258262890684
2025-03-06 14:00:00,17546.594,1.6,-0.4999999999999998,-0.8660254037844388
2025-03-06 15:00:00,17323.728,2.4,-0.7071067811865471,-0.7071067811865479
2025-03-06 16:00:00,17172.3,3.2,-0.8660254037844384,-0.5000000000000004
2025-03-06 17:00:00,17351.377,4.2,-0.9659258262890684,-0.2588190451025206
2025-03-06 18:00:00,17770.751,4.2,-1.0,-1.8369701987210294e-16
2025-03-06 19:00:00,18126.721,3.3,-0.9659258262890684,0.2588190451025203
2025-03-06 20:00:00,18065.734,2.2,-0.8660254037844386,0.5000000000000001
2025-03-06 21:00:00,17772.498,1.1,-0.7071067811865477,0.7071067811865474
2025-03-06 22:00:00,17216.773,0.7,-0.5000000000000004,0.8660254037844384
2025-03-06 23:00:00,16769.636,0.3,-0.2588190451025215,0.965925826289068
2025-03-07 00:00:00,16495.018,-0.2,0.0,1.0
2025-03-07 01:00:00,16316.558,-0.7,0.2588190451025207,0.9659258262890684
2025-03-07 02:00:00,16234.053,-1.1,0.4999999999999999,0.8660254037844387
2025-03-07 03:00:00,16331.328,-1.5,0.7071067811865475,0.7071067811865476
2025-03-07 04:00:00,16607.686,-1.5,0.8660254037844386,0.5000000000000001
2025-03-07 05:00:00,17110.407,-1.0,0.9659258262890684,0.2588190451025207
2025-03-07 06:00:00,18118.602,-0.9,1.0,6.123233995736766e-17
2025-03-07 07:00:00,18429.544,-0.9,0.9659258262890684,-0.2588190451025206
2025-03-07 08:00:00,18245.284,-1.5,0.8660254037844387,-0.4999999999999998
2025-03-07 09:00:00,17694.681,-0.3,0.7071067811865476,-0.7071067811865475
2025-03-07 10:00:00,17228.231,1.5,0.4999999999999999,-0.8660254037844387
2025-03-07 11:00:00,16799.372,3.3,0.258819045102521,-0.9659258262890682
2025-03-07 12:00:00,16444.063000000002,4.4,1.2246467991473532e-16,-1.0
2025-03-07 13:00:00,16382.248,6.1,-0.2588190451025208,-0.9659258262890684
2025-03-07 14:00:00,16122.322,6.8,-0.4999999999999998,-0.8660254037844388
2025-03-07 15:00:00,15908.577,5.8,-0.7071067811865471,-0.7071067811865479
2025-03-07 16:00:00,16199.57,5.7,-0.8660254037844384,-0.5000000000000004
2025-03-07 17:00:00,16333.534,5.6,-0.9659258262890684,-0.2588190451025206
2025-03-07 18:00:00,16531.748,5.2,-1.0,-1.8369701987210294e-16
2025-03-07 19:00:00,16627.126,4.6,-0.9659258262890684,0.2588190451025203
2025-03-07 20:00:00,16416.31,4.1,-0.8660254037844386,0.5000000000000001
2025-03-07 21:00:00,16038.098,3.4,-0.7071067811865477,0.7071067811865474
2025-03-07 22:00:00,15482.539,3.0,-0.5000000000000004,0.8660254037844384
2025-03-07 23:00:00,14984.912,2.8,-0.2588190451025215,0.965925826289068
2025-03-08 00:00:00,14583.009,2.8,0.0,1.0
2025-03-08 01:00:00,14360.835,2.4,0.2588190451025207,0.9659258262890684
2025-03-08 02:00:00,14247.955,1.9,0.4999999999999999,0.8660254037844387
2025-03-08 03:00:00,14313.045,1.6,0.7071067811865475,0.7071067811865476
2025-03-08 04:00:00,14482.297,0.9,0.8660254037844386,0.5000000000000001
2025-03-08 05:00:00,14690.978,0.2,0.9659258262890684,0.2588190451025207
2025-03-08 06:00:00,15047.434,-0.4,1.0,6.123233995736766e-17
2025-03-08 07:00:00,15238.173,-0.9,0.9659258262890684,-0.2588190451025206
2025-03-08 08:00:00,15574.606,-1.0,0.8660254037844387,-0.4999999999999998
2025-03-08 09:00:00,15601.053,0.1,0.7071067811865476,-0.7071067811865475
2025-03-08 10:00:00,15603.555,0.1,0.4999999999999999,-0.8660254037844387
2025-03-08 11:00:00,15339.732,0.5,0.258819045102521,-0.9659258262890682
2025-03-08 12:00:00,15000.727,1.2,1.2246467991473532e-16,-1.0
2025-03-08 13:00:00,14621.089,2.3,-0.2588190451025208,-0.9659258262890684
2025-03-08 14:00:00,14123.867,3.0,-0.4999999999999998,-0.8660254037844388
2025-03-08 15:00:00,14237.533,4.8,-0.7071067811865471,-0.7071067811865479
2025-03-08 16:00:00,14290.488,5.6,-0.8660254037844384,-0.5000000000000004
2025-03-08 17:00:00,14574.786,5.4,-0.9659258262890684,-0.2588190451025206
2025-03-08 18:00:00,15187.445,4.9,-1.0,-1.8369701987210294e-16
2025-03-08 19:00:00,15634.32,3.8,-0.9659258262890684,0.2588190451025203
2025-03-08 20:00:00,15747.747,1.9,-0.8660254037844386,0.5000000000000001
2025-03-08 21:00:00,15566.932,1.1,-0.7071067811865477,0.7071067811865474
2025-03-08 22:00:00,15245.047,0.2,-0.5000000000000004,0.8660254037844384
2025-03-08 23:00:00,15043.611,-0.2,-0.2588190451025215,0.965925826289068
2025-03-09 00:00:00,14993.538,-0.7,0.0,1.0
2025-03-09 01:00:00,14931.138,-0.9,0.2588190451025207,0.9659258262890684
2025-03-09 03:00:00,14928.254,-0.1,0.7071067811865475,0.7071067811865476
2025-03-09 04:00:00,14907.902,0.4,0.8660254037844386,0.5000000000000001
2025-03-09 05:00:00,15185.247,1.0,0.9659258262890684,0.2588190451025207
2025-03-09 06:00:00,15401.64,1.2,1.0,6.123233995736766e-17
2025-03-09 07:00:00,15662.049,1.1,0.9659258262890684,-0.2588190451025206
2025-03-09 08:00:00,16024.432,0.9,0.8660254037844387,-0.4999999999999998
2025-03-09 09:00:00,15880.545,2.0,0.7071067811865476,-0.7071067811865475
2025-03-09 10:00:00,15307.377,4.0,0.4999999999999999,-0.8660254037844387
2025-03-09 11:00:00,14689.055,5.9,0.258819045102521,-0.9659258262890682
2025-03-09 12:00:00,14339.004,7.8,1.2246467991473532e-16,-1.0
2025-03-09 13:00:00,13971.979,9.4,-0.2588190451025208,-0.9659258262890684
2025-03-09 14:00:00,13459.507,10.7,-0.4999999999999998,-0.8660254037844388
2025-03-09 15:00:00,13398.722,11.6,-0.7071067811865471,-0.7071067811865479
2025-03-09 16:00:00,13484.096,12.1,-0.8660254037844384,-0.5000000000000004
2025-03-09 17:00:00,13725.645,12.1,-0.9659258262890684,-0.2588190451025206
2025-03-09 18:00:00,13916.861,11.7,-1.0,-1.8369701987210294e-16
2025-03-09 19:00:00,14419.528,10.2,-0.9659258262890684,0.2588190451025203
2025-03-09 20:00:00,14812.017,7.9,-0.8660254037844386,0.5000000000000001
2025-03-09 21:00:00,14839.858,7.7,-0.7071067811865477,0.7071067811865474
2025-03-09 22:00:00,14525.702,6.7,-0.5000000000000004,0.8660254037844384
2025-03-09 23:00:00,14191.836,5.8,-0.2588190451025215,0.965925826289068
2025-03-10 00:00:00,14066.136,5.1,0.0,1.0
2025-03-10 01:00:00,14046.986,4.3,0.2588190451025207,0.9659258262890684
2025-03-10 02:00:00,14215.915,3.7,0.4999999999999999,0.8660254037844387
2025-03-10 03:00:00,14449.613,2.8,0.7071067811865475,0.7071067811865476
2025-03-10 04:00:00,14813.887,2.2,0.8660254037844386,0.5000000000000001
2025-03-10 05:00:00,15538.119,1.5,0.9659258262890684,0.2588190451025207
2025-03-10 06:00:00,16738.072,1.1,1.0,6.123233995736766e-17
2025-03-10 07:00:00,17468.203,0.8,0.9659258262890684,-0.2588190451025206
2025-03-10 08:00:00,17524.527000000002,0.4,0.8660254037844387,-0.4999999999999998
2025-03-10 09:00:00,17074.283,1.8,0.7071067811865476,-0.7071067811865475
2025-03-10 10:00:00,16408.061,4.3,0.4999999999999999,-0.8660254037844387
2025-03-10 11:00:00,15645.2,7.4,0.258819045102521,-0.9659258262890682
2025-03-10 12:00:00,15242.344,10.6,1.2246467991473532e-16,-1.0
2025-03-10 13:00:00,14887.429,13.3,-0.2588190451025208,-0.9659258262890684
2025-03-10 14:00:00,14514.296,15.3,-0.4999999999999998,-0.8660254037844388
2025-03-10 15:00:00,14222.516,16.1,-0.7071067811865471,-0.7071067811865479
2025-03-10 16:00:00,14219.677,16.4,-0.8660254037844384,-0.5000000000000004
2025-03-10 17:00:00,14264.482,16.2,-0.9659258262890684,-0.2588190451025206
2025-03-10 18:00:00,14338.632,15.6,-1.0,-1.8369701987210294e-16
2025-03-10 19:00:00,14821.06,13.1,-0.9659258262890684,0.2588190451025203
2025-03-10 20:00:00,15280.973999999998,10.9,-0.8660254037844386,0.5000000000000001
2025-03-10 21:00:00,15075.282,10.4,-0.7071067811865477,0.7071067811865474
2025-03-10 22:00:00,14533.176,9.5,-0.5000000000000004,0.8660254037844384
2025-03-10 23:00:00,14095.745,8.4,-0.2588190451025215,0.965925826289068
2025-03-11 00:00:00,13706.036,7.7,0.0,1.0
2025-03-11 01:00:00,13703.854,7.1,0.2588190451025207,0.9659258262890684
2025-03-11 02:00:00,13873.81,6.6,0.4999999999999999,0.8660254037844387
2025-03-11 03:00:00,14007.043,6.4,0.7071067811865475,0.7071067811865476
2025-03-11 04:00:00,14333.759999999998,6.2,0.8660254037844386,0.5000000000000001
2025-03-11 05:00:00,15278.43,5.8,0.9659258262890684,0.2588190451025207
2025-03-11 06:00:00,16340.838,5.6,1.0,6.123233995736766e-17
2025-03-11 07:00:00,17158.77,5.4,0.9659258262890684,-0.2588190451025206
2025-03-11 08:00:00,16937.042,5.4,0.8660254037844387,-0.4999999999999998
2025-03-11 09:00:00,16329.852,8.1,0.7071067811865476,-0.7071067811865475
2025-03-11 10:00:00,15584.022,10.7,0.4999999999999999,-0.8660254037844387
2025-03-11 11:00:00,14983.58,13.2,0.258819045102521,-0.9659258262890682
2025-03-11 12:00:00,14647.187,15.4,1.2246467991473532e-16,-1.0
2025-03-11 13:00:00,14462.043,17.4,-0.2588190451025208,-0.9659258262890684
2025-03-11 14:00:00,14048.931,18.5,-0.4999999999999998,-0.8660254037844388
2025-03-11 15:00:00,13781.443,19.0,-0.7071067811865471,-0.7071067811865479
2025-03-11 16:00:00,13864.277,19.2,-0.8660254037844384,-0.5000000000000004
2025-03-11 17:00:00,14100.254,19.3,-0.9659258262890684,-0.2588190451025206
2025-03-11 18:00:00,14165.421,18.9,-1.0,-1.8369701987210294e-16
2025-03-11 19:00:00,14570.855,16.6,-0.9659258262890684,0.2588190451025203
2025-03-11 20:00:00,14863.216,13.5,-0.8660254037844386,0.5000000000000001
2025-03-11 21:00:00,14536.071,10.4,-0.7071067811865477,0.7071067811865474
2025-03-11 22:00:00,13878.96,7.7,-0.5000000000000004,0.8660254037844384
2025-03-11 23:00:00,13381.129,6.1,-0.2588190451025215,0.965925826289068
2025-03-12 00:00:00,13046.394,4.8,0.0,1.0
2025-03-12 01:00:00,12942.465,4.0,0.2588190451025207,0.9659258262890684
2025-03-12 02:00:00,12907.892,3.2,0.4999999999999999,0.8660254037844387
2025-03-12 03:00:00,13006.767,2.9,0.7071067811865475,0.7071067811865476
2025-03-12 04:00:00,13435.643,2.5,0.8660254037844386,0.5000000000000001
2025-03-12 05:00:00,14166.863,2.2,0.9659258262890684,0.2588190451025207
2025-03-12 06:00:00,15320.447,1.8,1.0,6.123233995736766e-17
2025-03-12 07:00:00,16068.157,1.5,0.9659258262890684,-0.2588190451025206
2025-03-12 08:00:00,16087.725,1.5,0.8660254037844387,-0.4999999999999998
2025-03-12 09:00:00,15587.588,3.5,0.7071067811865476,-0.7071067811865475
2025-03-12 10:00:00,14913.442,5.9,0.4999999999999999,-0.8660254037844387
2025-03-12 11:00:00,14459.028,8.7,0.258819045102521,-0.9659258262890682
2025-03-12 12:00:00,14147.194,11.4,1.2246467991473532e-16,-1.0
2025-03-12 13:00:00,14139.543,13.7,-0.2588190451025208,-0.9659258262890684
2025-03-12 14:00:00,13912.828,15.6,-0.4999999999999998,-0.8660254037844388
2025-03-12 15:00:00,13683.238,16.9,-0.7071067811865471,-0.7071067811865479
2025-03-12 16:00:00,13777.486,18.0,-0.8660254037844384,-0.5000000000000004
2025-03-12 17:00:00,13853.66,19.0,-0.9659258262890684,-0.2588190451025206
2025-03-12 18:00:00,14006.537,18.9,-1.0,-1.8369701987210294e-16
2025-03-12 19:00:00,14186.056,16.1,-0.9659258262890684,0.2588190451025203
2025-03-12 20:00:00,14605.192,13.2,-0.8660254037844386,0.5000000000000001
2025-03-12 21:00:00,14329.393,12.8,-0.7071067811865477,0.7071067811865474
2025-03-12 22:00:00,13860.438,10.1,-0.5000000000000004,0.8660254037844384
2025-03-12 23:00:00,13214.059,8.1,-0.2588190451025215,0.965925826289068
2025-03-13 00:00:00,12848.677,6.9,0.0,1.0
2025-03-13 01:00:00,12592.001,6.1,0.2588190451025207,0.9659258262890684
2025-03-13 02:00:00,12668.612,5.6,0.4999999999999999,0.8660254037844387
2025-03-13 03:00:00,12866.813999999998,4.8,0.7071067811865475,0.7071067811865476
2025-03-13 04:00:00,13154.055,4.2,0.8660254037844386,0.5000000000000001
2025-03-13 05:00:00,13951.884,3.7,0.9659258262890684,0.2588190451025207
2025-03-13 06:00:00,15068.359,3.3,1.0,6.123233995736766e-17
2025-03-13 07:00:00,15856.068,2.9,0.9659258262890684,-0.2588190451025206
2025-03-13 08:00:00,15927.452,2.8,0.8660254037844387,-0.4999999999999998
2025-03-13 09:00:00,15542.661,4.1,0.7071067811865476,-0.7071067811865475
2025-03-13 10:00:00,15033.633,6.8,0.4999999999999999,-0.8660254037844387
2025-03-13 11:00:00,14722.928,10.3,0.258819045102521,-0.9659258262890682
2025-03-13 12:00:00,14326.61,13.5,1.2246467991473532e-16,-1.0
2025-03-13 13:00:00,14330.365,15.9,-0.2588190451025208,-0.9659258262890684
2025-03-13 14:00:00,14025.285,17.7,-0.4999999999999998,-0.8660254037844388
2025-03-13 15:00:00,13814.76,18.9,-0.7071067811865471,-0.7071067811865479
2025-03-13 16:00:00,13812.102,19.6,-0.8660254037844384,-0.5000000000000004
2025-03-13 17:00:00,13977.375,19.9,-0.9659258262890684,-0.2588190451025206
2025-03-13 18:00:00,14153.801,19.5,-1.0,-1.8369701987210294e-16
2025-03-13 19:00:00,14359.832,17.2,-0.9659258262890684,0.2588190451025203
2025-03-13 20:00:00,14675.278,14.9,-0.8660254037844386,0.5000000000000001
2025-03-13 21:00:00,14337.359,14.5,-0.7071067811865477,0.7071067811865474
2025-03-13 22:00:00,13674.85,13.4,-0.5000000000000004,0.8660254037844384
2025-03-13 23:00:00,13062.319,11.9,-0.2588190451025215,0.965925826289068
2025-03-14 00:00:00,12709.862,10.8,0.0,1.0
2025-03-14 01:00:00,12447.379,10.2,0.2588190451025207,0.9659258262890684
2025-03-14 02:00:00,12267.6,9.7,0.4999999999999999,0.8660254037844387
2025-03-14 03:00:00,12301.64,9.2,0.7071067811865475,0.7071067811865476
2025-03-14 04:00:00,12723.432,8.1,0.8660254037844386,0.5000000000000001
2025-03-14 05:00:00,13299.145,7.5,0.9659258262890684,0.2588190451025207
2025-03-14 06:00:00,14369.759,7.2,1.0,6.123233995736766e-17
2025-03-14 07:00:00,15126.696,6.8,0.9659258262890684,-0.2588190451025206
2025-03-14 08:00:00,15102.568,6.6,0.8660254037844387,-0.4999999999999998
2025-03-14 09:00:00,14917.815,9.2,0.7071067811865476,-0.7071067811865475
2025-03-14 10:00:00,14749.088,12.2,0.4999999999999999,-0.8660254037844387
2025-03-14 11:00:00,14475.99,15.6,0.258819045102521,-0.9659258262890682
2025-03-14 12:00:00,14349.799,18.6,1.2246467991473532e-16,-1.0
2025-03-14 13:00:00,14293.522,20.8,-0.2588190451025208,-0.9659258262890684
2025-03-14 14:00:00,14157.003,22.2,-0.4999999999999998,-0.8660254037844388
2025-03-14 15:00:00,13993.717,22.9,-0.7071067811865471,-0.7071067811865479
2025-03-14 16:00:00,13944.954,23.3,-0.8660254037844384,-0.5000000000000004
2025-03-14 17:00:00,14110.697,22.8,-0.9659258262890684,-0.2588190451025206
2025-03-14 18:00:00,13976.289,21.9,-1.0,-1.8369701987210294e-16
2025-03-14 19:00:00,14037.064,20.5,-0.9659258262890684,0.2588190451025203
2025-03-14 20:00:00,14298.126,18.4,-0.8660254037844386,0.5000000000000001
2025-03-14 21:00:00,13947.546,18.0,-0.7071067811865477,0.7071067811865474
2025-03-14 22:00:00,13286.875,16.9,-0.5000000000000004,0.8660254037844384
2025-03-14 23:00:00,12720.863,16.9,-0.2588190451025215,0.965925826289068
2025-03-15 00:00:00,12187.907,17.0,0.0,1.0
2025-03-15 01:00:00,11781.484,16.7,0.2588190451025207,0.9659258262890684
2025-03-15 02:00:00,11651.842,16.6,0.4999999999999999,0.8660254037844387
2025-03-15 03:00:00,11584.996,16.4,0.7071067811865475,0.7071067811865476
2025-03-15 04:00:00,11737.967,16.1,0.8660254037844386,0.5000000000000001
2025-03-15 05:00:00,11901.099,15.8,0.9659258262890684,0.2588190451025207
2025-03-15 06:00:00,12154.917,15.6,1.0,6.123233995736766e-17
2025-03-15 07:00:00,12582.415,15.5,0.9659258262890684,-0.2588190451025206
2025-03-15 08:00:00,12943.205000000002,15.7,0.8660254037844387,-0.4999999999999998
2025-03-15 09:00:00,13296.701,16.6,0.7071067811865476,-0.7071067811865475
2025-03-15 10:00:00,13608.127,16.2,0.4999999999999999,-0.8660254037844387
2025-03-15 11:00:00,13549.114,16.5,0.258819045102521,-0.9659258262890682
2025-03-15 12:00:00,13523.62,19.0,1.2246467991473532e-16,-1.0
2025-03-15 13:00:00,13415.653,19.8,-0.2588190451025208,-0.9659258262890684
2025-03-15 14:00:00,13275.207,20.0,-0.4999999999999998,-0.8660254037844388
2025-03-15 15:00:00,13376.89,20.4,-0.7071067811865471,-0.7071067811865479
2025-03-15 16:00:00,13467.095,20.4,-0.8660254037844384,-0.5000000000000004
2025-03-15 17:00:00,13494.747,19.1,-0.9659258262890684,-0.2588190451025206
2025-03-15 18:00:00,13417.993,16.2,-1.0,-1.8369701987210294e-16
2025-03-15 19:00:00,13569.087,15.2,-0.9659258262890684,0.2588190451025203
2025-03-15 20:00:00,13631.401,15.1,-0.8660254037844386,0.5000000000000001
2025-03-15 21:00:00,13320.59,14.5,-0.7071067811865477,0.7071067811865474
2025-03-15 22:00:00,12860.686,14.1,-0.5000000000000004,0.8660254037844384
2025-03-15 23:00:00,12343.443,13.9,-0.2588190451025215,0.965925826289068
2025-03-16 00:00:00,11977.371,14.3,0.0,1.0
2025-03-16 01:00:00,11699.555,14.2,0.2588190451025207,0.9659258262890684
2025-03-16 02:00:00,11495.037,14.1,0.4999999999999999,0.8660254037844387
2025-03-16 03:00:00,11287.88,14.9,0.7071067811865475,0.7071067811865476
2025-03-16 04:00:00,11354.498,15.1,0.8660254037844386,0.5000000000000001
2025-03-16 05:00:00,11465.684,16.1,0.9659258262890684,0.2588190451025207
2025-03-16 06:00:00,11707.803,15.2,1.0,6.123233995736766e-17
2025-03-16 07:00:00,11987.164,15.1,0.9659258262890684,-0.2588190451025206
2025-03-16 08:00:00,12261.177,14.8,0.8660254037844387,-0.4999999999999998
2025-03-16 09:00:00,12749.624,15.4,0.7071067811865476,-0.7071067811865475
2025-03-16 10:00:00,12857.843,14.6,0.4999999999999999,-0.8660254037844387
2025-03-16 11:00:00,12916.698,13.8,0.258819045102521,-0.9659258262890682
2025-03-16 12:00:00,12942.801,13.4,1.2246467991473532e-16,-1.0
2025-03-16 13:00:00,12967.559,14.9,-0.2588190451025208,-0.9659258262890684
2025-03-16 14:00:00,13035.508,15.5,-0.4999999999999998,-0.8660254037844388
2025-03-16 15:00:00,13209.441,16.0,-0.7071067811865471,-0.7071067811865479
2025-03-16 16:00:00,13382.575,14.9,-0.8660254037844384,-0.5000000000000004
2025-03-16 17:00:00,13565.809,13.4,-0.9659258262890684,-0.2588190451025206
2025-03-16 18:00:00,13622.916,11.8,-1.0,-1.8369701987210294e-16
2025-03-16 19:00:00,14099.064,9.3,-0.9659258262890684,0.2588190451025203
2025-03-16 20:00:00,14340.903,7.5,-0.8660254037844386,0.5000000000000001
2025-03-16 21:00:00,14057.932,4.6,-0.7071067811865477,0.7071067811865474
2025-03-16 22:00:00,13535.827,4.4,-0.5000000000000004,0.8660254037844384
2025-03-16 23:00:00,13088.605,4.2,-0.2588190451025215,0.965925826289068
2025-03-17 00:00:00,12859.498,3.8,0.0,1.0
2025-03-17 01:00:00,12751.235,3.7,0.2588190451025207,0.9659258262890684
2025-03-17 02:00:00,12595.784,3.5,0.4999999999999999,0.8660254037844387
2025-03-17 03:00:00,12801.819,3.2,0.7071067811865475,0.7071067811865476
2025-03-17 04:00:00,13211.906,2.7,0.8660254037844386,0.5000000000000001
2025-03-17 05:00:00,13930.539,2.1,0.9659258262890684,0.2588190451025207
2025-03-17 06:00:00,15174.496,1.5,1.0,6.123233995736766e-17
2025-03-17 07:00:00,16001.417,0.9,0.9659258262890684,-0.2588190451025206
2025-03-17 08:00:00,16189.386,0.2,0.8660254037844387,-0.4999999999999998
2025-03-17 09:00:00,16144.969,-0.1,0.7071067811865476,-0.7071067811865475
2025-03-17 10:00:00,16179.748,0.9,0.4999999999999999,-0.8660254037844387
2025-03-17 11:00:00,15985.784,2.0,0.258819045102521,-0.9659258262890682
2025-03-17 12:00:00,15782.358,3.4,1.2246467991473532e-16,-1.0
2025-03-17 13:00:00,15538.479,4.8,-0.2588190451025208,-0.9659258262890684
2025-03-17 14:00:00,15149.377,5.9,-0.4999999999999998,-0.8660254037844388
2025-03-17 15:00:00,14790.693,6.9,-0.7071067811865471,-0.7071067811865479
2025-03-17 16:00:00,14545.046,7.9,-0.8660254037844384,-0.5000000000000004
2025-03-17 17:00:00,14632.503,8.6,-0.9659258262890684,-0.2588190451025206
2025-03-17 18:00:00,14919.129,8.6,-1.0,-1.8369701987210294e-16
2025-03-17 19:00:00,15265.923,7.9,-0.9659258262890684,0.2588190451025203
2025-03-17 20:00:00,15758.225,5.9,-0.8660254037844386,0.5000000000000001
2025-03-17 21:00:00,15643.079,5.2,-0.7071067811865477,0.7071067811865474
2025-03-17 22:00:00,15267.414,4.5,-0.5000000000000004,0.8660254037844384
2025-03-17 23:00:00,14929.037,4.0,-0.2588190451025215,0.965925826289068
2025-03-18 00:00:00,14558.4,3.5,0.0,1.0
2025-03-18 01:00:00,14485.986,3.1,0.2588190451025207,0.9659258262890684
2025-03-18 02:00:00,14519.507,3.0,0.4999999999999999,0.8660254037844387
2025-03-18 03:00:00,14632.312,2.7,0.7071067811865475,0.7071067811865476
2025-03-18 04:00:00,14956.905,2.3,0.8660254037844386,0.5000000000000001
2025-03-18 05:00:00,15671.722000000002,2.1,0.9659258262890684,0.2588190451025207
2025-03-18 06:00:00,16772.103,2.0,1.0,6.123233995736766e-17
2025-03-18 07:00:00,17395.58,2.0,0.9659258262890684,-0.2588190451025206
2025-03-18 08:00:00,17150.788,2.0,0.8660254037844387,-0.4999999999999998
2025-03-18 09:00:00,16451.379,3.6,0.7071067811865476,-0.7071067811865475
2025-03-18 10:00:00,15740.924,6.1,0.4999999999999999,-0.8660254037844387
2025-03-18 11:00:00,15126.214,8.8,0.258819045102521,-0.9659258262890682
2025-03-18 12:00:00,14889.582,11.7,1.2246467991473532e-16,-1.0
2025-03-18 13:00:00,14577.231,14.3,-0.2588190451025208,-0.9659258262890684
2025-03-18 14:00:00,14324.041,16.4,-0.4999999999999998,-0.8660254037844388
2025-03-18 15:00:00,14124.832,17.9,-0.7071067811865471,-0.7071067811865479
2025-03-18 16:00:00,14133.563999999998,18.9,-0.8660254037844384,-0.5000000000000004
2025-03-18 17:00:00,14262.944,19.1,-0.9659258262890684,-0.2588190451025206
2025-03-18 18:00:00,14303.73,18.6,-1.0,-1.8369701987210294e-16
2025-03-18 19:00:00,14600.911,17.3,-0.9659258262890684,0.2588190451025203
2025-03-18 20:00:00,14911.962,15.4,-0.8660254037844386,0.5000000000000001
2025-03-18 21:00:00,14573.076,14.8,-0.7071067811865477,0.7071067811865474
2025-03-18 22:00:00,13934.566,14.1,-0.5000000000000004,0.8660254037844384
2025-03-18 23:00:00,13315.156,13.1,-0.2588190451025215,0.965925826289068
2025-03-19 00:00:00,12875.268,12.9,0.0,1.0
2025-03-19 01:00:00,12705.089,12.9,0.2588190451025207,0.9659258262890684
2025-03-19 02:00:00,12702.479,12.8,0.4999999999999999,0.8660254037844387
2025-03-19 03:00:00,12757.476,12.1,0.7071067811865475,0.7071067811865476
2025-03-19 04:00:00,13142.116999999998,11.2,0.8660254037844386,0.5000000000000001
2025-03-19 05:00:00,13822.207,11.0,0.9659258262890684,0.2588190451025207
2025-03-19 06:00:00,14978.271,10.1,1.0,6.123233995736766e-17
2025-03-19 07:00:00,15576.329,9.4,0.9659258262890684,-0.2588190451025206
2025-03-19 08:00:00,15639.619,9.4,0.8660254037844387,-0.4999999999999998
2025-03-19 09:00:00,15317.647,12.1,0.7071067811865476,-0.7071067811865475
2025-03-19 10:00:00,14871.345,13.6,0.4999999999999999,-0.8660254037844387
2025-03-19 11:00:00,14578.021,15.6,0.258819045102521,-0.9659258262890682
2025-03-19 12:00:00,14357.576,17.4,1.2246467991473532e-16,-1.0
2025-03-19 13:00:00,14294.498,18.6,-0.2588190451025208,-0.9659258262890684
2025-03-19 14:00:00,14218.355,18.8,-0.4999999999999998,-0.8660254037844388
2025-03-19 15:00:00,14177.713,18.9,-0.7071067811865471,-0.7071067811865479
2025-03-19 16:00:00,14088.432,19.2,-0.8660254037844384,-0.5000000000000004
2025-03-19 17:00:00,14328.604,19.6,-0.9659258262890684,-0.2588190451025206
2025-03-19 18:00:00,14338.197,19.1,-1.0,-1.8369701987210294e-16
2025-03-19 19:00:00,14477.765,18.4,-0.9659258262890684,0.2588190451025203
2025-03-19 20:00:00,14764.434,17.4,-0.8660254037844386,0.5000000000000001
2025-03-19 21:00:00,14435.412,18.2,-0.7071067811865477,0.7071067811865474
2025-03-19 22:00:00,13767.228,18.7,-0.5000000000000004,0.8660254037844384
2025-03-19 23:00:00,13029.973,17.4,-0.2588190451025215,0.965925826289068
2025-03-20 00:00:00,12521.141,16.8,0.0,1.0
2025-03-20 01:00:00,12270.274,13.8,0.2588190451025207,0.9659258262890684
2025-03-20 02:00:00,12098.334,13.6,0.4999999999999999,0.8660254037844387
2025-03-20 03:00:00,12173.307,14.1,0.7071067811865475,0.7071067811865476
2025-03-20 04:00:00,12366.66,13.6,0.8660254037844386,0.5000000000000001
2025-03-20 05:00:00,12978.766,13.1,0.9659258262890684,0.2588190451025207
2025-03-20 06:00:00,14023.523,11.1,1.0,6.123233995736766e-17
2025-03-20 07:00:00,14807.241,9.7,0.9659258262890684,-0.2588190451025206
2025-03-20 08:00:00,14872.103,8.9,0.8660254037844387,-0.4999999999999998
2025-03-20 09:00:00,15027.858,8.6,0.7071067811865476,-0.7071067811865475
2025-03-20 10:00:00,15003.044999999998,8.1,0.4999999999999999,-0.8660254037844387
2025-03-20 11:00:00,15008.48,9.1,0.258819045102521,-0.9659258262890682
2025-03-20 12:00:00,15134.623,8.6,1.2246467991473532e-16,-1.0
2025-03-20 13:00:00,15170.259,8.1,-0.2588190451025208,-0.9659258262890684
2025-03-20 14:00:00,15127.781,7.7,-0.4999999999999998,-0.8660254037844388
2025-03-20 15:00:00,15138.076,8.1,-0.7071067811865471,-0.7071067811865479
2025-03-20 16:00:00,15459.208,7.1,-0.8660254037844384,-0.5000000000000004
2025-03-20 17:00:00,15520.053,6.7,-0.9659258262890684,-0.2588190451025206
2025-03-20 18:00:00,15787.743,5.4,-1.0,-1.8369701987210294e-16
2025-03-20 19:00:00,15955.507,5.1,-0.9659258262890684,0.2588190451025203
2025-03-20 20:00:00,16247.916,4.8,-0.8660254037844386,0.5000000000000001
2025-03-20 21:00:00,15875.134,3.5,-0.7071067811865477,0.7071067811865474
2025-03-20 22:00:00,15432.254,3.0,-0.5000000000000004,0.8660254037844384
2025-03-20 23:00:00,14834.435,2.7,-0.2588190451025215,0.965925826289068
2025-03-21 00:00:00,14595.462,2.2,0.0,1.0
2025-03-21 01:00:00,14422.415,1.2,0.2588190451025207,0.9659258262890684
2025-03-21 02:00:00,14403.548,0.1,0.4999999999999999,0.8660254037844387
2025-03-21 03:00:00,14486.172,-0.6,0.7071067811865475,0.7071067811865476
2025-03-21 04:00:00,14860.381,-1.3,0.8660254037844386,0.5000000000000001
2025-03-21 05:00:00,15635.192,-1.9,0.9659258262890684,0.2588190451025207
2025-03-21 06:00:00,16671.091,-2.3,1.0,6.123233995736766e-17
2025-03-21 07:00:00,17460.142,-2.7,0.9659258262890684,-0.2588190451025206
2025-03-21 08:00:00,17260.574,-2.3,0.8660254037844387,-0.4999999999999998
2025-03-21 09:00:00,16786.491,-0.7,0.7071067811865476,-0.7071067811865475
2025-03-21 10:00:00,16309.321,1.5,0.4999999999999999,-0.8660254037844387
2025-03-21 11:00:00,15911.830999999998,4.2,0.258819045102521,-0.9659258262890682
2025-03-21 12:00:00,15432.687,6.4,1.2246467991473532e-16,-1.0
2025-03-21 13:00:00,15116.327,8.0,-0.2588190451025208,-0.9659258262890684
2025-03-21 14:00:00,14642.920999999998,9.4,-0.4999999999999998,-0.8660254037844388
2025-03-21 15:00:00,14375.953,10.2,-0.7071067811865471,-0.7071067811865479
2025-03-21 16:00:00,14158.788,10.9,-0.8660254037844384,-0.5000000000000004
2025-03-21 17:00:00,14182.151000000002,10.9,-0.9659258262890684,-0.2588190451025206
2025-03-21 18:00:00,14361.011,10.4,-1.0,-1.8369701987210294e-16
2025-03-21 19:00:00,14673.131,9.6,-0.9659258262890684,0.2588190451025203
2025-03-21 20:00:00,15020.124,8.4,-0.8660254037844386,0.5000000000000001
2025-03-21 21:00:00,14836.171,8.0,-0.7071067811865477,0.7071067811865474
2025-03-21 22:00:00,14440.441,7.6,-0.5000000000000004,0.8660254037844384
2025-03-21 23:00:00,14022.954000000002,7.2,-0.2588190451025215,0.965925826289068
2025-03-22 00:00:00,13525.131,7.2,0.0,1.0
2025-03-22 01:00:00,13420.797,7.4,0.2588190451025207,0.9659258262890684
2025-03-22 02:00:00,13289.573,7.6,0.4999999999999999,0.8660254037844387
2025-03-22 03:00:00,13468.782,7.9,0.7071067811865475,0.7071067811865476
2025-03-22 04:00:00,13505.929,8.5,0.8660254037844386,0.5000000000000001
2025-03-22 05:00:00,13673.539,8.6,0.9659258262890684,0.2588190451025207
2025-03-22 06:00:00,13950.714,7.3,1.0,6.123233995736766e-17
2025-03-22 07:00:00,14408.945,7.0,0.9659258262890684,-0.2588190451025206
2025-03-22 08:00:00,14495.77,6.5,0.8660254037844387,-0.4999999999999998
2025-03-22 09:00:00,14527.847,7.1,0.7071067811865476,-0.7071067811865475
2025-03-22 10:00:00,14340.526,8.7,0.4999999999999999,-0.8660254037844387
2025-03-22 11:00:00,14158.824,9.3,0.258819045102521,-0.9659258262890682
2025-03-22 12:00:00,13832.905,10.0,1.2246467991473532e-16,-1.0
2025-03-22 13:00:00,13588.15,10.1,-0.2588190451025208,-0.9659258262890684
2025-03-22 14:00:00,13427.726,10.6,-0.4999999999999998,-0.8660254037844388
2025-03-22 15:00:00,13263.899,10.1,-0.7071067811865471,-0.7071067811865479
2025-03-22 16:00:00,13328.378,8.9,-0.8660254037844384,-0.5000000000000004
2025-03-22 17:00:00,13357.809,8.8,-0.9659258262890684,-0.2588190451025206
2025-03-22 18:00:00,13472.368,8.4,-1.0,-1.8369701987210294e-16
2025-03-22 19:00:00,13819.276,7.8,-0.9659258262890684,0.2588190451025203
2025-03-22 20:00:00,14225.454000000002,6.4,-0.8660254037844386,0.5000000000000001
2025-03-22 21:00:00,14133.222,5.5,-0.7071067811865477,0.7071067811865474
2025-03-22 22:00:00,13857.456,4.4,-0.5000000000000004,0.8660254037844384
2025-03-22 23:00:00,13577.15,3.5,-0.2588190451025215,0.965925826289068
2025-03-23 00:00:00,13325.214,2.2,0.0,1.0
2025-03-23 01:00:00,13142.181,1.2,0.2588190451025207,0.9659258262890684
2025-03-23 02:00:00,13334.624,0.5,0.4999999999999999,0.8660254037844387
2025-03-23 03:00:00,13343.806,-0.2,0.7071067811865475,0.7071067811865476
2025-03-23 04:00:00,13588.526,-0.9,0.8660254037844386,0.5000000000000001
2025-03-23 05:00:00,13901.585,-1.4,0.9659258262890684,0.2588190451025207
2025-03-23 06:00:00,14324.658,-1.5,1.0,6.123233995736766e-17
2025-03-23 07:00:00,14863.424,-1.9,0.9659258262890684,-0.2588190451025206
2025-03-23 08:00:00,15107.701,-1.4,0.8660254037844387,-0.4999999999999998
2025-03-23 09:00:00,14983.48,-0.9,0.7071067811865476,-0.7071067811865475
2025-03-23 10:00:00,14564.602,0.9,0.4999999999999999,-0.8660254037844387
2025-03-23 11:00:00,14277.036,3.3,0.258819045102521,-0.9659258262890682
2025-03-23 12:00:00,14050.15,5.6,1.2246467991473532e-16,-1.0
2025-03-23 13:00:00,14061.409,6.6,-0.2588190451025208,-0.9659258262890684
2025-03-23 14:00:00,13951.767,6.9,-0.4999999999999998,-0.8660254037844388
2025-03-23 15:00:00,13993.407,7.1,-0.7071067811865471,-0.7071067811865479
2025-03-23 16:00:00,14182.702,7.3,-0.8660254037844384,-0.5000000000000004
2025-03-23 17:00:00,14514.364,7.1,-0.9659258262890684,-0.2588190451025206
2025-03-23 18:00:00,14588.534,6.9,-1.0,-1.8369701987210294e-16
2025-03-23 19:00:00,14837.593,7.6,-0.9659258262890684,0.2588190451025203
2025-03-23 20:00:00,14900.885,8.2,-0.8660254037844386,0.5000000000000001
2025-03-23 21:00:00,14476.554,6.1,-0.7071067811865477,0.7071067811865474
2025-03-23 22:00:00,14053.291,6.1,-0.5000000000000004,0.8660254037844384
2025-03-23 23:00:00,13582.052,6.0,-0.2588190451025215,0.965925826289068
2025-03-24 00:00:00,13217.678,6.1,0.0,1.0
2025-03-24 01:00:00,13004.047,6.5,0.2588190451025207,0.9659258262890684
2025-03-24 02:00:00,12852.184,7.0,0.4999999999999999,0.8660254037844387
2025-03-24 03:00:00,12987.573,6.6,0.7071067811865475,0.7071067811865476
2025-03-24 04:00:00,13296.404,5.4,0.8660254037844386,0.5000000000000001
2025-03-24 05:00:00,13947.868,4.1,0.9659258262890684,0.2588190451025207
2025-03-24 06:00:00,15052.524,3.4,1.0,6.123233995736766e-17
2025-03-24 07:00:00,15800.978,3.0,0.9659258262890684,-0.2588190451025206
2025-03-24 08:00:00,15923.583,2.6,0.8660254037844387,-0.4999999999999998
2025-03-24 09:00:00,15959.612,4.5,0.7071067811865476,-0.7071067811865475
2025-03-24 10:00:00,15923.68,6.0,0.4999999999999999,-0.8660254037844387
2025-03-24 11:00:00,15788.521,8.3,0.258819045102521,-0.9659258262890682
2025-03-24 12:00:00,15576.242000000002,9.7,1.2246467991473532e-16,-1.0
2025-03-24 13:00:00,15339.549,10.6,-0.2588190451025208,-0.9659258262890684
2025-03-24 14:00:00,15014.032,11.1,-0.4999999999999998,-0.8660254037844388
2025-03-24 15:00:00,14758.447,12.0,-0.7071067811865471,-0.7071067811865479
2025-03-24 16:00:00,14608.472,11.1,-0.8660254037844384,-0.5000000000000004
2025-03-24 17:00:00,14545.141,10.6,-0.9659258262890684,-0.2588190451025206
2025-03-24 18:00:00,14614.898,10.2,-1.0,-1.8369701987210294e-16
2025-03-24 19:00:00,14968.437,9.6,-0.9659258262890684,0.2588190451025203
2025-03-24 20:00:00,15377.646,8.0,-0.8660254037844386,0.5000000000000001
2025-03-24 21:00:00,15161.511,7.2,-0.7071067811865477,0.7071067811865474
2025-03-24 22:00:00,14574.097,6.6,-0.5000000000000004,0.8660254037844384
2025-03-24 23:00:00,14010.306,5.7,-0.2588190451025215,0.965925826289068
2025-03-25 00:00:00,13632.434,5.0,0.0,1.0
2025-03-25 01:00:00,13598.863,4.9,0.2588190451025207,0.9659258262890684
2025-03-25 02:00:00,13529.241,4.3,0.4999999999999999,0.8660254037844387
2025-03-25 03:00:00,13666.628,4.0,0.7071067811865475,0.7071067811865476
2025-03-25 04:00:00,13984.71,3.5,0.8660254037844386,0.5000000000000001
2025-03-25 05:00:00,14638.037,3.0,0.9659258262890684,0.2588190451025207
2025-03-25 06:00:00,15710.092,2.5,1.0,6.123233995736766e-17
2025-03-25 07:00:00,16317.365,1.5,0.9659258262890684,-0.2588190451025206
2025-03-25 08:00:00,16356.008000000002,1.8,0.8660254037844387,-0.4999999999999998
2025-03-25 09:00:00,15997.697,3.6,0.7071067811865476,-0.7071067811865475
2025-03-25 10:00:00,15567.037,5.3,0.4999999999999999,-0.8660254037844387
2025-03-25 11:00:00,15257.153,6.8,0.258819045102521,-0.9659258262890682
2025-03-25 12:00:00,15080.616,8.1,1.2246467991473532e-16,-1.0
2025-03-25 13:00:00,14892.297,9.4,-0.2588190451025208,-0.9659258262890684
2025-03-25 14:00:00,14656.174,10.1,-0.4999999999999998,-0.8660254037844388
2025-03-25 15:00:00,14554.185,11.1,-0.7071067811865471,-0.7071067811865479
2025-03-25 16:00:00,14652.285,10.6,-0.8660254037844384,-0.5000000000000004
2025-03-25 17:00:00,14812.417,9.9,-0.9659258262890684,-0.2588190451025206
2025-03-25 18:00:00,14946.89,8.4,-1.0,-1.8369701987210294e-16
2025-03-25 19:00:00,15169.325,7.4,-0.9659258262890684,0.2588190451025203
2025-03-25 20:00:00,15570.039,6.9,-0.8660254037844386,0.5000000000000001
2025-03-25 21:00:00,15373.149,5.8,-0.7071067811865477,0.7071067811865474
2025-03-25 22:00:00,14907.209,5.5,-0.5000000000000004,0.8660254037844384
2025-03-25 23:00:00,14414.522,4.3,-0.2588190451025215,0.965925826289068
2025-03-26 00:00:00,14149.105,3.2,0.0,1.0
2025-03-26 01:00:00,14001.037,2.0,0.2588190451025207,0.9659258262890684
2025-03-26 02:00:00,14093.522,1.0,0.4999999999999999,0.8660254037844387
2025-03-26 03:00:00,14187.937,0.4,0.7071067811865475,0.7071067811865476
2025-03-26 04:00:00,14591.268,-0.2,0.8660254037844386,0.5000000000000001
2025-03-26 05:00:00,15301.245,-1.0,0.9659258262890684,0.2588190451025207
2025-03-26 06:00:00,16445.979,-1.6,1.0,6.123233995736766e-17
2025-03-26 07:00:00,17078.791,-2.0,0.9659258262890684,-0.2588190451025206
2025-03-26 08:00:00,16905.465,-1.5,0.8660254037844387,-0.4999999999999998
2025-03-26 09:00:00,16313.181,0.5,0.7071067811865476,-0.7071067811865475
2025-03-26 10:00:00,15732.865,3.0,0.4999999999999999,-0.8660254037844387
2025-03-26 11:00:00,15358.763,5.6,0.258819045102521,-0.9659258262890682
2025-03-26 12:00:00,14994.782,7.2,1.2246467991473532e-16,-1.0
2025-03-26 13:00:00,14965.167,8.7,-0.2588190451025208,-0.9659258262890684
2025-03-26 14:00:00,14675.217,9.2,-0.4999999999999998,-0.8660254037844388
2025-03-26 15:00:00,14515.121,9.5,-0.7071067811865471,-0.7071067811865479
2025-03-26 16:00:00,14586.806,9.9,-0.8660254037844384,-0.5000000000000004
2025-03-26 17:00:00,14629.987,9.6,-0.9659258262890684,-0.2588190451025206
2025-03-26 18:00:00,14855.255,8.9,-1.0,-1.8369701987210294e-16
2025-03-26 19:00:00,15263.946,8.1,-0.9659258262890684,0.2588190451025203
2025-03-26 20:00:00,15772.229,6.0,-0.8660254037844386,0.5000000000000001
2025-03-26 21:00:00,15549.182,5.2,-0.7071067811865477,0.7071067811865474
2025-03-26 22:00:00,15129.383,4.9,-0.5000000000000004,0.8660254037844384
2025-03-26 23:00:00,14650.344,4.3,-0.2588190451025215,0.965925826289068
2025-03-27 00:00:00,14486.381,3.5,0.0,1.0
2025-03-27 01:00:00,14333.830000000002,3.5,0.2588190451025207,0.9659258262890684
2025-03-27 02:00:00,14393.883,2.8,0.4999999999999999,0.8660254037844387
2025-03-27 03:00:00,14457.581,2.8,0.7071067811865475,0.7071067811865476
2025-03-27 04:00:00,14903.824,2.4,0.8660254037844386,0.5000000000000001
2025-03-27 05:00:00,15607.135,2.5,0.9659258262890684,0.2588190451025207
2025-03-27 06:00:00,16695.114,1.1,1.0,6.123233995736766e-17
2025-03-27 07:00:00,17278.354,0.4,0.9659258262890684,-0.2588190451025206
2025-03-27 08:00:00,17020.607,0.9,0.8660254037844387,-0.4999999999999998
2025-03-27 09:00:00,16184.621,3.2,0.7071067811865476,-0.7071067811865475
2025-03-27 10:00:00,15516.952,6.1,0.4999999999999999,-0.8660254037844387
2025-03-27 11:00:00,15058.607,9.2,0.258819045102521,-0.9659258262890682
2025-03-27 12:00:00,14807.046,11.6,1.2246467991473532e-16,-1.0
2025-03-27 13:00:00,14531.424,13.2,-0.2588190451025208,-0.9659258262890684
2025-03-27 14:00:00,14339.828,14.1,-0.4999999999999998,-0.8660254037844388
2025-03-27 15:00:00,14071.076,14.9,-0.7071067811865471,-0.7071067811865479
2025-03-27 16:00:00,13960.465,15.1,-0.8660254037844384,-0.5000000000000004
2025-03-27 17:00:00,14090.879,14.8,-0.9659258262890684,-0.2588190451025206
2025-03-27 18:00:00,14215.483,14.1,-1.0,-1.8369701987210294e-16
2025-03-27 19:00:00,14660.443,12.6,-0.9659258262890684,0.2588190451025203
2025-03-27 20:00:00,14890.68,10.5,-0.8660254037844386,0.5000000000000001
2025-03-27 21:00:00,14550.238,9.9,-0.7071067811865477,0.7071067811865474
2025-03-27 22:00:00,14060.058,9.9,-0.5000000000000004,0.8660254037844384
2025-03-27 23:00:00,13398.998,9.4,-0.2588190451025215,0.965925826289068
2025-03-28 00:00:00,13040.232,9.1,0.0,1.0
2025-03-28 01:00:00,12792.417,8.6,0.2588190451025207,0.9659258262890684
2025-03-28 02:00:00,12726.91,8.4,0.4999999999999999,0.8660254037844387
2025-03-28 03:00:00,12714.613,7.8,0.7071067811865475,0.7071067811865476
2025-03-28 04:00:00,12860.717,7.2,0.8660254037844386,0.5000000000000001
2025-03-28 05:00:00,13396.1,7.7,0.9659258262890684,0.2588190451025207
2025-03-28 06:00:00,14435.77,8.1,1.0,6.123233995736766e-17
2025-03-28 07:00:00,15081.132,8.0,0.9659258262890684,-0.2588190451025206
2025-03-28 08:00:00,15218.178,8.1,0.8660254037844387,-0.4999999999999998
2025-03-28 09:00:00,15148.845,10.0,0.7071067811865476,-0.7071067811865475
2025-03-28 10:00:00,15073.739,11.3,0.4999999999999999,-0.8660254037844387
2025-03-28 11:00:00,14849.739,10.7,0.258819045102521,-0.9659258262890682
2025-03-28 12:00:00,14616.841,13.6,1.2246467991473532e-16,-1.0
2025-03-28 13:00:00,14443.47,16.9,-0.2588190451025208,-0.9659258262890684
2025-03-28 14:00:00,14098.531,19.2,-0.4999999999999998,-0.8660254037844388
2025-03-28 15:00:00,13938.946,23.2,-0.7071067811865471,-0.7071067811865479
2025-03-28 16:00:00,14005.647,23.7,-0.8660254037844384,-0.5000000000000004
2025-03-28 17:00:00,13968.08,23.1,-0.9659258262890684,-0.2588190451025206
2025-03-28 18:00:00,13919.075,22.5,-1.0,-1.8369701987210294e-16
2025-03-28 19:00:00,13846.672,21.4,-0.9659258262890684,0.2588190451025203
2025-03-28 20:00:00,14066.237,19.8,-0.8660254037844386,0.5000000000000001
2025-03-28 21:00:00,13851.539,19.7,-0.7071067811865477,0.7071067811865474
2025-03-28 22:00:00,13371.424,18.2,-0.5000000000000004,0.8660254037844384
2025-03-28 23:00:00,12776.686000000002,18.2,-0.2588190451025215,0.965925826289068
2025-03-29 00:00:00,12187.759999999998,17.9,0.0,1.0
2025-03-29 01:00:00,11724.066,17.4,0.2588190451025207,0.9659258262890684
2025-03-29 02:00:00,11616.574,17.0,0.4999999999999999,0.8660254037844387
2025-03-29 03:00:00,11518.57,17.1,0.7071067811865475,0.7071067811865476
2025-03-29 04:00:00,11530.721,17.2,0.8660254037844386,0.5000000000000001
2025-03-29 05:00:00,11732.366999999998,17.2,0.9659258262890684,0.2588190451025207
2025-03-29 06:00:00,11978.371,17.1,1.0,6.123233995736766e-17
2025-03-29 07:00:00,12226.789,16.6,0.9659258262890684,-0.2588190451025206
2025-03-29 08:00:00,12669.009,16.2,0.8660254037844387,-0.4999999999999998
2025-03-29 09:00:00,12985.919,17.8,0.7071067811865476,-0.7071067811865475
2025-03-29 10:00:00,13156.949,18.4,0.4999999999999999,-0.8660254037844387
2025-03-29 11:00:00,13153.532,19.1,0.258819045102521,-0.9659258262890682
2025-03-29 12:00:00,13141.714,20.3,1.2246467991473532e-16,-1.0
2025-03-29 13:00:00,13087.41,21.0,-0.2588190451025208,-0.9659258262890684
2025-03-29 14:00:00,13154.226,22.4,-0.4999999999999998,-0.8660254037844388
2025-03-29 15:00:00,13241.275,22.5,-0.7071067811865471,-0.7071067811865479
2025-03-29 16:00:00,13244.122,22.4,-0.8660254037844384,-0.5000000000000004
2025-03-29 17:00:00,13396.445,22.5,-0.9659258262890684,-0.2588190451025206
2025-03-29 18:00:00,13334.813999999998,21.7,-1.0,-1.8369701987210294e-16
2025-03-29 19:00:00,13408.208,20.5,-0.9659258262890684,0.2588190451025203
2025-03-29 20:00:00,13597.339,18.8,-0.8660254037844386,0.5000000000000001
2025-03-29 21:00:00,13247.911,19.4,-0.7071067811865477,0.7071067811865474
2025-03-29 22:00:00,12749.371,18.5,-0.5000000000000004,0.8660254037844384
2025-03-29 23:00:00,12139.313999999998,18.0,-0.2588190451025215,0.965925826289068
2025-03-30 00:00:00,11589.001,17.0,0.0,1.0
2025-03-30 01:00:00,11370.162,16.7,0.2588190451025207,0.9659258262890684
2025-03-30 02:00:00,11073.733,15.8,0.4999999999999999,0.8660254037844387
2025-03-30 03:00:00,11049.608,14.5,0.7071067811865475,0.7071067811865476
2025-03-30 04:00:00,11038.763,13.8,0.8660254037844386,0.5000000000000001
2025-03-30 05:00:00,11051.369,14.1,0.9659258262890684,0.2588190451025207
2025-03-30 06:00:00,11377.741,14.4,1.0,6.123233995736766e-17
2025-03-30 07:00:00,11813.075,14.6,0.9659258262890684,-0.2588190451025206
2025-03-30 08:00:00,12212.234,14.9,0.8660254037844387,-0.4999999999999998
2025-03-30 09:00:00,12621.101,15.6,0.7071067811865476,-0.7071067811865475
2025-03-30 10:00:00,12780.672,15.3,0.4999999999999999,-0.8660254037844387
2025-03-30 11:00:00,12997.552,15.6,0.258819045102521,-0.9659258262890682
2025-03-30 12:00:00,13102.882,16.8,1.2246467991473532e-16,-1.0
2025-03-30 13:00:00,13184.209,19.9,-0.2588190451025208,-0.9659258262890684
2025-03-30 14:00:00,13167.456,20.6,-0.4999999999999998,-0.8660254037844388
2025-03-30 15:00:00,13297.455999999998,22.1,-0.7071067811865471,-0.7071067811865479
2025-03-30 16:00:00,13494.718,22.5,-0.8660254037844384,-0.5000000000000004
2025-03-30 17:00:00,13524.268,23.1,-0.9659258262890684,-0.2588190451025206
2025-03-30 18:00:00,13628.064,21.9,-1.0,-1.8369701987210294e-16
2025-03-30 19:00:00,13766.476,21.0,-0.9659258262890684,0.2588190451025203
2025-03-30 20:00:00,14017.73,17.6,-0.8660254037844386,0.5000000000000001
2025-03-30 21:00:00,13753.921,17.0,-0.7071067811865477,0.7071067811865474
2025-03-30 22:00:00,13131.169,16.6,-0.5000000000000004,0.8660254037844384
2025-03-30 23:00:00,12465.578,16.2,-0.2588190451025215,0.965925826289068
2025-03-31 00:00:00,12070.727,15.9,0.0,1.0
2025-03-31 01:00:00,11847.085,15.8,0.2588190451025207,0.9659258262890684
2025-03-31 02:00:00,11738.686,14.8,0.4999999999999999,0.8660254037844387
2025-03-31 03:00:00,11652.611,14.4,0.7071067811865475,0.7071067811865476
2025-03-31 04:00:00,11768.428,14.1,0.8660254037844386,0.5000000000000001
2025-03-31 05:00:00,12471.170999999998,13.8,0.9659258262890684,0.2588190451025207
2025-03-31 06:00:00,13360.55,13.6,1.0,6.123233995736766e-17
2025-03-31 07:00:00,14078.294,14.0,0.9659258262890684,-0.2588190451025206
2025-03-31 08:00:00,14383.631,14.2,0.8660254037844387,-0.4999999999999998
2025-03-31 09:00:00,14452.517,10.4,0.7071067811865476,-0.7071067811865475
2025-03-31 10:00:00,14566.446,9.3,0.4999999999999999,-0.8660254037844387
2025-03-31 11:00:00,14682.623,8.6,0.258819045102521,-0.9659258262890682
2025-03-31 12:00:00,14668.114,8.9,1.2246467991473532e-16,-1.0
2025-03-31 13:00:00,14864.245,11.1,-0.2588190451025208,-0.9659258262890684
2025-03-31 14:00:00,14716.232,11.5,-0.4999999999999998,-0.8660254037844388
2025-03-31 15:00:00,14804.551,12.1,-0.7071067811865471,-0.7071067811865479
2025-03-31 16:00:00,14817.918,10.9,-0.8660254037844384,-0.5000000000000004
2025-03-31 17:00:00,15024.172,9.6,-0.9659258262890684,-0.2588190451025206
2025-03-31 18:00:00,15006.251,8.6,-1.0,-1.8369701987210294e-16
2025-03-31 19:00:00,15049.691,7.6,-0.9659258262890684,0.2588190451025203
2025-03-31 20:00:00,15172.34,6.8,-0.8660254037844386,0.5000000000000001
2025-03-31 21:00:00,14817.583,5.4,-0.7071067811865477,0.7071067811865474
2025-03-31 22:00:00,14211.097,5.4,-0.5000000000000004,0.8660254037844384
2025-03-31 23:00:00,13545.165,5.6,-0.2588190451025215,0.965925826289068
2025-04-01 00:00:00,13153.743,5.7,0.0,1.0
2025-04-01 01:00:00,12943.622,5.6,0.2588190451025207,0.9659258262890684
2025-04-01 02:00:00,12873.661,4.8,0.4999999999999999,0.8660254037844387
2025-04-01 03:00:00,12908.306,4.4,0.7071067811865475,0.7071067811865476
2025-04-01 04:00:00,13220.865,4.3,0.8660254037844386,0.5000000000000001
2025-04-01 05:00:00,13907.212,4.2,0.9659258262890684,0.2588190451025207
2025-04-01 06:00:00,15017.342,4.2,1.0,6.123233995736766e-17
2025-04-01 07:00:00,15618.042,3.8,0.9659258262890684,-0.2588190451025206
2025-04-01 08:00:00,15728.499,3.7,0.8660254037844387,-0.4999999999999998
2025-04-01 09:00:00,15503.648,4.2,0.7071067811865476,-0.7071067811865475
2025-04-01 10:00:00,15376.463,4.6,0.4999999999999999,-0.8660254037844387
2025-04-01 11:00:00,15119.936000000002,5.2,0.258819045102521,-0.9659258262890682
2025-04-01 12:00:00,14844.778,6.0,1.2246467991473532e-16,-1.0
2025-04-01 13:00:00,14685.449,7.1,-0.2588190451025208,-0.9659258262890684
2025-04-01 14:00:00,14311.07,7.7,-0.4999999999999998,-0.8660254037844388
2025-04-01 15:00:00,14005.872,8.6,-0.7071067811865471,-0.7071067811865479
2025-04-01 16:00:00,13817.998,9.1,-0.8660254037844384,-0.5000000000000004
2025-04-01 17:00:00,13895.552,9.2,-0.9659258262890684,-0.2588190451025206
2025-04-01 18:00:00,14135.208,9.4,-1.0,-1.8369701987210294e-16
2025-04-01 19:00:00,14489.256,8.8,-0.9659258262890684,0.2588190451025203
2025-04-01 20:00:00,15054.563999999998,7.6,-0.8660254037844386,0.5000000000000001
2025-04-01 21:00:00,14868.05,7.5,-0.7071067811865477,0.7071067811865474
2025-04-01 22:00:00,14274.964,7.2,-0.5000000000000004,0.8660254037844384
2025-04-01 23:00:00,13764.052,6.6,-0.2588190451025215,0.965925826289068
2025-04-02 00:00:00,13457.794,6.2,0.0,1.0
2025-04-02 01:00:00,13360.253,5.8,0.2588190451025207,0.9659258262890684
2025-04-02 02:00:00,13220.734,5.6,0.4999999999999999,0.8660254037844387
2025-04-02 03:00:00,13330.703,5.5,0.7071067811865475,0.7071067811865476
2025-04-02 04:00:00,13667.691,5.4,0.8660254037844386,0.5000000000000001
2025-04-02 05:00:00,14178.287,5.4,0.9659258262890684,0.2588190451025207
2025-04-02 06:00:00,15167.715,5.1,1.0,6.123233995736766e-17
2025-04-02 07:00:00,15687.121,5.5,0.9659258262890684,-0.2588190451025206
2025-04-02 08:00:00,15683.217,6.3,0.8660254037844387,-0.4999999999999998
2025-04-02 09:00:00,15529.968,7.8,0.7071067811865476,-0.7071067811865475
2025-04-02 10:00:00,15306.336,10.5,0.4999999999999999,-0.8660254037844387
2025-04-02 11:00:00,15215.822,11.4,0.258819045102521,-0.9659258262890682
2025-04-02 12:00:00,14977.7,13.9,1.2246467991473532e-16,-1.0
2025-04-02 13:00:00,15015.649,16.6,-0.2588190451025208,-0.9659258262890684
2025-04-02 14:00:00,14882.262,22.1,-0.4999999999999998,-0.8660254037844388
2025-04-02 15:00:00,14861.616,25.0,-0.7071067811865471,-0.7071067811865479
2025-04-02 16:00:00,14831.571,23.5,-0.8660254037844384,-0.5000000000000004
2025-04-02 17:00:00,14909.962,24.2,-0.9659258262890684,-0.2588190451025206
2025-04-02 18:00:00,15009.065,24.4,-1.0,-1.8369701987210294e-16
2025-04-02 19:00:00,15125.8,19.5,-0.9659258262890684,0.2588190451025203
2025-04-02 20:00:00,15172.64,17.8,-0.8660254037844386,0.5000000000000001
2025-04-02 21:00:00,14881.198,22.4,-0.7071067811865477,0.7071067811865474
2025-04-02 22:00:00,14104.049,22.4,-0.5000000000000004,0.8660254037844384
2025-04-02 23:00:00,13454.595,22.7,-0.2588190451025215,0.965925826289068
2025-04-03 00:00:00,12957.329,22.6,0.0,1.0
2025-04-03 01:00:00,12571.887,19.5,0.2588190451025207,0.9659258262890684
2025-04-03 02:00:00,12244.475,18.2,0.4999999999999999,0.8660254037844387
2025-04-03 03:00:00,12129.556,18.4,0.7071067811865475,0.7071067811865476
2025-04-03 04:00:00,12199.409,17.5,0.8660254037844386,0.5000000000000001
2025-04-03 05:00:00,12762.416,17.8,0.9659258262890684,0.2588190451025207
2025-04-03 06:00:00,13619.787,19.2,1.0,6.123233995736766e-17
2025-04-03 07:00:00,14119.795,18.8,0.9659258262890684,-0.2588190451025206
2025-04-03 08:00:00,14348.154,18.0,0.8660254037844387,-0.4999999999999998
2025-04-03 09:00:00,14431.342,18.5,0.7071067811865476,-0.7071067811865475
2025-04-03 10:00:00,14507.636,19.1,0.4999999999999999,-0.8660254037844387
2025-04-03 11:00:00,14469.988,19.1,0.258819045102521,-0.9659258262890682
2025-04-03 12:00:00,14491.371,18.4,1.2246467991473532e-16,-1.0
2025-04-03 13:00:00,14502.381,19.3,-0.2588190451025208,-0.9659258262890684
2025-04-03 14:00:00,14383.925,21.5,-0.4999999999999998,-0.8660254037844388
2025-04-03 15:00:00,14413.008000000002,21.6,-0.7071067811865471,-0.7071067811865479
2025-04-03 16:00:00,14536.464,21.4,-0.8660254037844384,-0.5000000000000004
2025-04-03 17:00:00,14515.621,20.5,-0.9659258262890684,-0.2588190451025206
2025-04-03 18:00:00,14565.83,20.1,-1.0,-1.8369701987210294e-16
2025-04-03 19:00:00,14576.706000000002,17.7,-0.9659258262890684,0.2588190451025203
2025-04-03 20:00:00,14771.244,16.7,-0.8660254037844386,0.5000000000000001
2025-04-03 21:00:00,14465.728,12.6,-0.7071067811865477,0.7071067811865474
2025-04-03 22:00:00,13859.801,12.3,-0.5000000000000004,0.8660254037844384
2025-04-03 23:00:00,13187.114,12.2,-0.2588190451025215,0.965925826289068
2025-04-04 00:00:00,12658.043999999998,11.9,0.0,1.0
2025-04-04 01:00:00,12452.538,11.9,0.2588190451025207,0.9659258262890684
2025-04-04 02:00:00,12281.227,11.6,0.4999999999999999,0.8660254037844387
2025-04-04 03:00:00,12204.793,11.1,0.7071067811865475,0.7071067811865476
2025-04-04 04:00:00,12286.698,10.8,0.8660254037844386,0.5000000000000001
2025-04-04 05:00:00,12822.507,9.9,0.9659258262890684,0.2588190451025207
2025-04-04 06:00:00,13678.85,9.6,1.0,6.123233995736766e-17
2025-04-04 07:00:00,14270.721,9.7,0.9659258262890684,-0.2588190451025206
2025-04-04 08:00:00,14484.685,9.7,0.8660254037844387,-0.4999999999999998
2025-04-04 09:00:00,14528.004,10.0,0.7071067811865476,-0.7071067811865475
2025-04-04 10:00:00,14601.642,10.4,0.4999999999999999,-0.8660254037844387
2025-04-04 11:00:00,14538.891,11.6,0.258819045102521,-0.9659258262890682
2025-04-04 12:00:00,14536.409,11.9,1.2246467991473532e-16,-1.0
2025-04-04 13:00:00,14481.145,12.9,-0.2588190451025208,-0.9659258262890684
2025-04-04 14:00:00,14433.136,13.2,-0.4999999999999998,-0.8660254037844388
2025-04-04 15:00:00,14359.015,14.2,-0.7071067811865471,-0.7071067811865479
2025-04-04 16:00:00,14462.232,14.4,-0.8660254037844384,-0.5000000000000004
2025-04-04 17:00:00,14440.412,14.1,-0.9659258262890684,-0.2588190451025206
2025-04-04 18:00:00,14456.217,13.9,-1.0,-1.8369701987210294e-16
2025-04-04 19:00:00,14418.305,13.4,-0.9659258262890684,0.2588190451025203
2025-04-04 20:00:00,14618.695,13.0,-0.8660254037844386,0.5000000000000001
2025-04-04 21:00:00,14277.609,11.4,-0.7071067811865477,0.7071067811865474
2025-04-04 22:00:00,13752.35,11.2,-0.5000000000000004,0.8660254037844384
2025-04-04 23:00:00,13207.458,11.4,-0.2588190451025215,0.965925826289068
2025-04-05 00:00:00,12717.6,11.4,0.0,1.0
2025-04-05 01:00:00,12342.536,11.6,0.2588190451025207,0.9659258262890684
2025-04-05 02:00:00,12077.207,12.2,0.4999999999999999,0.8660254037844387
2025-04-05 03:00:00,11957.844,12.2,0.7071067811865475,0.7071067811865476
2025-04-05 04:00:00,11846.633,13.4,0.8660254037844386,0.5000000000000001
2025-04-05 05:00:00,12067.514,14.3,0.9659258262890684,0.2588190451025207
2025-04-05 06:00:00,12344.865,14.6,1.0,6.123233995736766e-17
2025-04-05 07:00:00,12623.512,15.6,0.9659258262890684,-0.2588190451025206
2025-04-05 08:00:00,13013.356,17.4,0.8660254037844387,-0.4999999999999998
2025-04-05 09:00:00,13372.231,14.4,0.7071067811865476,-0.7071067811865475
2025-04-05 10:00:00,13601.416,15.4,0.4999999999999999,-0.8660254037844387
2025-04-05 11:00:00,13738.273,16.3,0.258819045102521,-0.9659258262890682
2025-04-05 12:00:00,13938.365,17.0,1.2246467991473532e-16,-1.0
2025-04-05 13:00:00,14013.895,17.7,-0.2588190451025208,-0.9659258262890684
2025-04-05 14:00:00,14014.378,17.5,-0.4999999999999998,-0.8660254037844388
2025-04-05 15:00:00,14173.554,17.8,-0.7071067811865471,-0.7071067811865479
2025-04-05 16:00:00,14305.119,18.4,-0.8660254037844384,-0.5000000000000004
2025-04-05 17:00:00,14320.726,17.2,-0.9659258262890684,-0.2588190451025206
2025-04-05 18:00:00,14270.118,16.5,-1.0,-1.8369701987210294e-16
2025-04-05 19:00:00,14107.86,14.9,-0.9659258262890684,0.2588190451025203
2025-04-05 20:00:00,14267.525,12.8,-0.8660254037844386,0.5000000000000001
2025-04-05 21:00:00,13923.425,9.6,-0.7071067811865477,0.7071067811865474
2025-04-05 22:00:00,13467.949,9.1,-0.5000000000000004,0.8660254037844384
2025-04-05 23:00:00,12923.152999999998,9.1,-0.2588190451025215,0.965925826289068
2025-04-06 00:00:00,12482.195,8.9,0.0,1.0
2025-04-06 01:00:00,12219.684,8.6,0.2588190451025207,0.9659258262890684
2025-04-06 02:00:00,11971.729,8.4,0.4999999999999999,0.8660254037844387
2025-04-06 03:00:00,11839.639,8.2,0.7071067811865475,0.7071067811865476
2025-04-06 04:00:00,11891.574,8.1,0.8660254037844386,0.5000000000000001
2025-04-06 05:00:00,12036.352,7.9,0.9659258262890684,0.2588190451025207
2025-04-06 06:00:00,12259.41,7.8,1.0,6.123233995736766e-17
2025-04-06 07:00:00,12548.189,6.8,0.9659258262890684,-0.2588190451025206
2025-04-06 08:00:00,13047.014,5.8,0.8660254037844387,-0.4999999999999998
2025-04-06 09:00:00,13414.653,5.1,0.7071067811865476,-0.7071067811865475
2025-04-06 10:00:00,13604.76,4.7,0.4999999999999999,-0.8660254037844387
2025-04-06 11:00:00,13811.988,4.1,0.258819045102521,-0.9659258262890682
2025-04-06 12:00:00,13965.46,4.3,1.2246467991473532e-16,-1.0
2025-04-06 13:00:00,14049.506,4.4,-0.2588190451025208,-0.9659258262890684
2025-04-06 14:00:00,14085.283,4.4,-0.4999999999999998,-0.8660254037844388
2025-04-06 15:00:00,13979.971,4.7,-0.7071067811865471,-0.7071067811865479
2025-04-06 16:00:00,14148.096,4.7,-0.8660254037844384,-0.5000000000000004
2025-04-06 17:00:00,14395.939,4.6,-0.9659258262890684,-0.2588190451025206
2025-04-06 18:00:00,14333.82,4.6,-1.0,-1.8369701987210294e-16
2025-04-06 19:00:00,14664.874,4.3,-0.9659258262890684,0.2588190451025203
2025-04-06 20:00:00,14810.494,4.0,-0.8660254037844386,0.5000000000000001
2025-04-06 21:00:00,14539.929,3.5,-0.7071067811865477,0.7071067811865474
2025-04-06 22:00:00,14064.142,3.5,-0.5000000000000004,0.8660254037844384
2025-04-06 23:00:00,13669.364,3.5,-0.2588190451025215,0.965925826289068
2025-04-07 00:00:00,13332.433,2.8,0.0,1.0
2025-04-07 01:00:00,13201.518,2.5,0.2588190451025207,0.9659258262890684
2025-04-07 02:00:00,13097.170999999998,2.3,0.4999999999999999,0.8660254037844387
2025-04-07 03:00:00,13190.458,2.2,0.7071067811865475,0.7071067811865476
2025-04-07 04:00:00,13461.39,1.4,0.8660254037844386,0.5000000000000001
2025-04-07 05:00:00,14126.482,0.9,0.9659258262890684,0.2588190451025207
2025-04-07 06:00:00,15201.8,0.3,1.0,6.123233995736766e-17
2025-04-07 07:00:00,15763.673,0.0,0.9659258262890684,-0.2588190451025206
2025-04-07 08:00:00,15887.551,0.4,0.8660254037844387,-0.4999999999999998
2025-04-07 09:00:00,15793.452,1.5,0.7071067811865476,-0.7071067811865475
2025-04-07 10:00:00,15569.241999999998,3.5,0.4999999999999999,-0.8660254037844387
2025-04-07 11:00:00,15435.086,5.4,0.258819045102521,-0.9659258262890682
2025-04-07 12:00:00,15332.805,7.2,1.2246467991473532e-16,-1.0
2025-04-07 13:00:00,15045.762,8.7,-0.2588190451025208,-0.9659258262890684
2025-04-07 14:00:00,14914.344,10.1,-0.4999999999999998,-0.8660254037844388
2025-04-07 15:00:00,14705.626,11.4,-0.7071067811865471,-0.7071067811865479
2025-04-07 16:00:00,14662.985,12.4,-0.8660254037844384,-0.5000000000000004
2025-04-07 17:00:00,14902.22,12.6,-0.9659258262890684,-0.2588190451025206
2025-04-07 18:00:00,15046.486,10.6,-1.0,-1.8369701987210294e-16
2025-04-07 19:00:00,15132.367,7.9,-0.9659258262890684,0.2588190451025203
2025-04-07 20:00:00,15496.057,6.9,-0.8660254037844386,0.5000000000000001
2025-04-07 21:00:00,15277.913,5.2,-0.7071067811865477,0.7071067811865474
2025-04-07 22:00:00,14707.849,4.9,-0.5000000000000004,0.8660254037844384
2025-04-07 23:00:00,14203.552,3.7,-0.2588190451025215,0.965925826289068
2025-04-08 00:00:00,13827.298,2.7,0.0,1.0
2025-04-08 01:00:00,13789.93,1.5,0.2588190451025207,0.9659258262890684
2025-04-08 02:00:00,13691.273,0.9,0.4999999999999999,0.8660254037844387
2025-04-08 03:00:00,13911.665,-0.6,0.7071067811865475,0.7071067811865476
2025-04-08 04:00:00,14277.593,-2.8,0.8660254037844386,0.5000000000000001
2025-04-08 05:00:00,15099.205,-4.2,0.9659258262890684,0.2588190451025207
2025-04-08 06:00:00,16231.761,-4.8,1.0,6.123233995736766e-17
2025-04-08 07:00:00,16815.879,-5.2,0.9659258262890684,-0.2588190451025206
2025-04-08 08:00:00,16718.486,-4.8,0.8660254037844387,-0.4999999999999998
2025-04-08 09:00:00,16455.273,-3.2,0.7071067811865476,-0.7071067811865475
2025-04-08 10:00:00,16167.157,-1.9,0.4999999999999999,-0.8660254037844387
2025-04-08 11:00:00,15794.475,-0.4,0.258819045102521,-0.9659258262890682
2025-04-08 12:00:00,15628.616,1.1,1.2246467991473532e-16,-1.0
2025-04-08 13:00:00,15370.443,2.5,-0.2588190451025208,-0.9659258262890684
2025-04-08 14:00:00,15049.759,3.5,-0.4999999999999998,-0.8660254037844388
2025-04-08 15:00:00,14715.5,4.8,-0.7071067811865471,-0.7071067811865479
2025-04-08 16:00:00,14547.099,5.1,-0.8660254037844384,-0.5000000000000004
2025-04-08 17:00:00,14655.651000000002,5.1,-0.9659258262890684,-0.2588190451025206
2025-04-08 18:00:00,14908.299,4.9,-1.0,-1.8369701987210294e-16
2025-04-08 19:00:00,15302.68,4.4,-0.9659258262890684,0.2588190451025203
2025-04-08 20:00:00,16003.08,3.0,-0.8660254037844386,0.5000000000000001
2025-04-08 21:00:00,15935.112,2.0,-0.7071067811865477,0.7071067811865474
2025-04-08 22:00:00,15524.856,1.5,-0.5000000000000004,0.8660254037844384
2025-04-08 23:00:00,15000.28,1.0,-0.2588190451025215,0.965925826289068
2025-04-09 00:00:00,14769.094,0.0,0.0,1.0
2025-04-09 01:00:00,14756.793,-0.6,0.2588190451025207,0.9659258262890684
2025-04-09 02:00:00,14704.077,-0.8,0.4999999999999999,0.8660254037844387
2025-04-09 03:00:00,14882.835,-1.0,0.7071067811865475,0.7071067811865476
2025-04-09 04:00:00,15294.191,-1.2,0.8660254037844386,0.5000000000000001
2025-04-09 05:00:00,16057.589,-1.5,0.9659258262890684,0.2588190451025207
2025-04-09 06:00:00,17164.871,-1.5,1.0,6.123233995736766e-17
2025-04-09 07:00:00,17688.444,-1.8,0.9659258262890684,-0.2588190451025206
2025-04-09 08:00:00,17280.801,-0.7,0.8660254037844387,-0.4999999999999998
2025-04-09 09:00:00,16611.029,1.0,0.7071067811865476,-0.7071067811865475
2025-04-09 10:00:00,15989.887,3.2,0.4999999999999999,-0.8660254037844387
2025-04-09 11:00:00,15488.173,5.0,0.258819045102521,-0.9659258262890682
2025-04-09 12:00:00,15242.065,6.4,1.2246467991473532e-16,-1.0
2025-04-09 13:00:00,14929.017,7.7,-0.2588190451025208,-0.9659258262890684
2025-04-09 14:00:00,14783.198,8.4,-0.4999999999999998,-0.8660254037844388
2025-04-09 15:00:00,14737.431,8.4,-0.7071067811865471,-0.7071067811865479
2025-04-09 16:00:00,14740.431,8.6,-0.8660254037844384,-0.5000000000000004
2025-04-09 17:00:00,14824.46,8.1,-0.9659258262890684,-0.2588190451025206
2025-04-09 18:00:00,14957.735,7.8,-1.0,-1.8369701987210294e-16
2025-04-09 19:00:00,15279.804,7.4,-0.9659258262890684,0.2588190451025203
2025-04-09 20:00:00,15574.926,6.8,-0.8660254037844386,0.5000000000000001
2025-04-09 21:00:00,15269.393,4.8,-0.7071067811865477,0.7071067811865474
2025-04-09 22:00:00,14672.446,4.8,-0.5000000000000004,0.8660254037844384
2025-04-09 23:00:00,14083.242,5.0,-0.2588190451025215,0.965925826289068
2025-04-10 00:00:00,13659.706,5.1,0.0,1.0
2025-04-10 01:00:00,13528.369,5.2,0.2588190451025207,0.9659258262890684
2025-04-10 02:00:00,13489.836,5.1,0.4999999999999999,0.8660254037844387
2025-04-10 03:00:00,13470.181,5.0,0.7071067811865475,0.7071067811865476
2025-04-10 04:00:00,13669.357,4.9,0.8660254037844386,0.5000000000000001
2025-04-10 05:00:00,14261.051,5.2,0.9659258262890684,0.2588190451025207
2025-04-10 06:00:00,15293.81,5.3,1.0,6.123233995736766e-17
2025-04-10 07:00:00,15808.581,5.2,0.9659258262890684,-0.2588190451025206
2025-04-10 08:00:00,15930.098,5.4,0.8660254037844387,-0.4999999999999998
2025-04-10 09:00:00,15688.861,7.0,0.7071067811865476,-0.7071067811865475
2025-04-10 10:00:00,15601.341,8.8,0.4999999999999999,-0.8660254037844387
2025-04-10 11:00:00,15377.5,10.9,0.258819045102521,-0.9659258262890682
2025-04-10 12:00:00,15111.553,12.7,1.2246467991473532e-16,-1.0
2025-04-10 13:00:00,14949.49,13.2,-0.2588190451025208,-0.9659258262890684
2025-04-10 14:00:00,14776.411,14.4,-0.4999999999999998,-0.8660254037844388
2025-04-10 15:00:00,14622.899,15.4,-0.7071067811865471,-0.7071067811865479
2025-04-10 16:00:00,14472.013,15.7,-0.8660254037844384,-0.5000000000000004
2025-04-10 17:00:00,14482.846,15.1,-0.9659258262890684,-0.2588190451025206
2025-04-10 18:00:00,14482.978,14.2,-1.0,-1.8369701987210294e-16
2025-04-10 19:00:00,14689.762,11.9,-0.9659258262890684,0.2588190451025203
2025-04-10 20:00:00,15148.803,8.6,-0.8660254037844386,0.5000000000000001
2025-04-10 21:00:00,14947.916,6.4,-0.7071067811865477,0.7071067811865474
2025-04-10 22:00:00,14433.97,5.8,-0.5000000000000004,0.8660254037844384
2025-04-10 23:00:00,13871.638,5.0,-0.2588190451025215,0.965925826289068
2025-04-11 00:00:00,13504.207,4.2,0.0,1.0
2025-04-11 01:00:00,13331.632,4.0,0.2588190451025207,0.9659258262890684
2025-04-11 02:00:00,13225.414,3.7,0.4999999999999999,0.8660254037844387
2025-04-11 03:00:00,13283.3,3.5,0.7071067811865475,0.7071067811865476
2025-04-11 04:00:00,13499.53,3.3,0.8660254037844386,0.5000000000000001
2025-04-11 05:00:00,14006.637,3.2,0.9659258262890684,0.2588190451025207
2025-04-11 06:00:00,15185.592,3.0,1.0,6.123233995736766e-17
2025-04-11 07:00:00,15628.58,2.8,0.9659258262890684,-0.2588190451025206
2025-04-11 08:00:00,15996.258,2.8,0.8660254037844387,-0.4999999999999998
2025-04-11 09:00:00,15896.89,3.0,0.7071067811865476,-0.7071067811865475
2025-04-11 10:00:00,15966.127,3.8,0.4999999999999999,-0.8660254037844387
2025-04-11 11:00:00,15821.133,4.6,0.258819045102521,-0.9659258262890682
2025-04-11 12:00:00,15701.332,5.7,1.2246467991473532e-16,-1.0
2025-04-11 13:00:00,15569.585,6.8,-0.2588190451025208,-0.9659258262890684
2025-04-11 14:00:00,15239.849,7.4,-0.4999999999999998,-0.8660254037844388
2025-04-11 15:00:00,15204.922,7.7,-0.7071067811865471,-0.7071067811865479
2025-04-11 16:00:00,15251.92,8.1,-0.8660254037844384,-0.5000000000000004
2025-04-11 17:00:00,15238.13,7.9,-0.9659258262890684,-0.2588190451025206
2025-04-11 18:00:00,15185.512,7.9,-1.0,-1.8369701987210294e-16
2025-04-11 19:00:00,15330.791,7.7,-0.9659258262890684,0.2588190451025203
2025-04-11 20:00:00,15473.073,6.9,-0.8660254037844386,0.5000000000000001
2025-04-11 21:00:00,15388.901,5.1,-0.7071067811865477,0.7071067811865474
2025-04-11 22:00:00,14901.809,3.5,-0.5000000000000004,0.8660254037844384
2025-04-11 23:00:00,14405.475,2.6,-0.2588190451025215,0.965925826289068
2025-04-12 00:00:00,14027.993,2.0,0.0,1.0
2025-04-12 01:00:00,13831.945,1.4,0.2588190451025207,0.9659258262890684
2025-04-12 02:00:00,13658.906,0.9,0.4999999999999999,0.8660254037844387
2025-04-12 03:00:00,13768.414,0.6,0.7071067811865475,0.7071067811865476
2025-04-12 04:00:00,13976.696,0.3,0.8660254037844386,0.5000000000000001
2025-04-12 05:00:00,14227.955,-0.1,0.9659258262890684,0.2588190451025207
2025-04-12 06:00:00,14705.154,-0.3,1.0,6.123233995736766e-17
2025-04-12 07:00:00,15070.881,-0.7,0.9659258262890684,-0.2588190451025206
2025-04-12 08:00:00,15229.878,0.2,0.8660254037844387,-0.4999999999999998
2025-04-12 09:00:00,15051.205,2.4,0.7071067811865476,-0.7071067811865475
2025-04-12 10:00:00,14855.608,5.4,0.4999999999999999,-0.8660254037844387
2025-04-12 11:00:00,14447.798,7.7,0.258819045102521,-0.9659258262890682
2025-04-12 12:00:00,14196.937,9.0,1.2246467991473532e-16,-1.0
2025-04-12 13:00:00,13890.712,10.2,-0.2588190451025208,-0.9659258262890684
2025-04-12 14:00:00,13640.844,11.1,-0.4999999999999998,-0.8660254037844388
2025-04-12 15:00:00,13427.012,10.8,-0.7071067811865471,-0.7071067811865479
2025-04-12 16:00:00,13427.109,10.4,-0.8660254037844384,-0.5000000000000004
2025-04-12 17:00:00,13434.044,10.4,-0.9659258262890684,-0.2588190451025206
2025-04-12 18:00:00,13488.652,9.9,-1.0,-1.8369701987210294e-16
2025-04-12 19:00:00,13618.571,9.5,-0.9659258262890684,0.2588190451025203
2025-04-12 20:00:00,14067.295,8.6,-0.8660254037844386,0.5000000000000001
2025-04-12 21:00:00,14272.063,7.0,-0.7071067811865477,0.7071067811865474
2025-04-12 22:00:00,13970.895,6.1,-0.5000000000000004,0.8660254037844384
2025-04-12 23:00:00,13547.612,4.8,-0.2588190451025215,0.965925826289068
2025-04-13 00:00:00,13420.576,3.8,0.0,1.0
2025-04-13 01:00:00,13309.7,3.2,0.2588190451025207,0.9659258262890684
2025-04-13 02:00:00,13446.381,2.8,0.4999999999999999,0.8660254037844387
2025-04-13 03:00:00,13482.526,2.1,0.7071067811865475,0.7071067811865476
2025-04-13 04:00:00,13743.961,1.4,0.8660254037844386,0.5000000000000001
2025-04-13 05:00:00,13953.418,0.8,0.9659258262890684,0.2588190451025207
2025-04-13 06:00:00,14348.485,0.8,1.0,6.123233995736766e-17
2025-04-13 07:00:00,14606.825,0.7,0.9659258262890684,-0.2588190451025206
2025-04-13 08:00:00,14797.446,2.3,0.8660254037844387,-0.4999999999999998
2025-04-13 09:00:00,14388.153,4.0,0.7071067811865476,-0.7071067811865475
2025-04-13 10:00:00,13946.499,7.1,0.4999999999999999,-0.8660254037844387
2025-04-13 11:00:00,13475.336,9.8,0.258819045102521,-0.9659258262890682
2025-04-13 12:00:00,13235.684,11.6,1.2246467991473532e-16,-1.0
2025-04-13 13:00:00,12978.528,12.9,-0.2588190451025208,-0.9659258262890684
2025-04-13 14:00:00,12714.231,12.1,-0.4999999999999998,-0.8660254037844388
2025-04-13 15:00:00,12756.477,13.9,-0.7071067811865471,-0.7071067811865479
2025-04-13 16:00:00,12804.573,14.7,-0.8660254037844384,-0.5000000000000004
2025-04-13 17:00:00,12973.538,14.9,-0.9659258262890684,-0.2588190451025206
2025-04-13 18:00:00,13054.496,14.3,-1.0,-1.8369701987210294e-16
2025-04-13 19:00:00,13380.0,13.1,-0.9659258262890684,0.2588190451025203
2025-04-13 20:00:00,13805.96,11.3,-0.8660254037844386,0.5000000000000001
2025-04-13 21:00:00,13626.936,12.4,-0.7071067811865477,0.7071067811865474
2025-04-13 22:00:00,13142.872,11.8,-0.5000000000000004,0.8660254037844384
2025-04-13 23:00:00,12750.767,10.9,-0.2588190451025215,0.965925826289068
2025-04-14 00:00:00,12474.080999999998,9.7,0.0,1.0
2025-04-14 01:00:00,12336.886,9.2,0.2588190451025207,0.9659258262890684
2025-04-14 02:00:00,12315.099,9.1,0.4999999999999999,0.8660254037844387
2025-04-14 03:00:00,12405.302,8.9,0.7071067811865475,0.7071067811865476
2025-04-14 04:00:00,12748.019,9.9,0.8660254037844386,0.5000000000000001
2025-04-14 05:00:00,13308.067,10.8,0.9659258262890684,0.2588190451025207
2025-04-14 06:00:00,14255.489,10.9,1.0,6.123233995736766e-17
2025-04-14 07:00:00,14829.141,10.4,0.9659258262890684,-0.2588190451025206
2025-04-14 08:00:00,14806.959,11.4,0.8660254037844387,-0.4999999999999998
2025-04-14 09:00:00,14608.295,15.1,0.7071067811865476,-0.7071067811865475
2025-04-14 10:00:00,14487.458,16.9,0.4999999999999999,-0.8660254037844387
2025-04-14 11:00:00,14490.393,18.3,0.258819045102521,-0.9659258262890682
2025-04-14 12:00:00,14444.53,19.8,1.2246467991473532e-16,-1.0
2025-04-14 13:00:00,14500.043,20.9,-0.2588190451025208,-0.9659258262890684
2025-04-14 14:00:00,14429.995,21.4,-0.4999999999999998,-0.8660254037844388
2025-04-14 15:00:00,14464.999,22.5,-0.7071067811865471,-0.7071067811865479
2025-04-14 16:00:00,14585.39,23.0,-0.8660254037844384,-0.5000000000000004
2025-04-14 17:00:00,14633.747,19.0,-0.9659258262890684,-0.2588190451025206
2025-04-14 18:00:00,14706.146,18.1,-1.0,-1.8369701987210294e-16
2025-04-14 19:00:00,14693.97,17.2,-0.9659258262890684,0.2588190451025203
2025-04-14 20:00:00,14856.452,15.9,-0.8660254037844386,0.5000000000000001
2025-04-14 21:00:00,14534.328,16.8,-0.7071067811865477,0.7071067811865474
2025-04-14 22:00:00,13607.953,15.5,-0.5000000000000004,0.8660254037844384
2025-04-14 23:00:00,12986.377,13.9,-0.2588190451025215,0.965925826289068
2025-04-15 00:00:00,12451.15,12.6,0.0,1.0
2025-04-15 01:00:00,12180.325,11.8,0.2588190451025207,0.9659258262890684
2025-04-15 02:00:00,11930.951,11.1,0.4999999999999999,0.8660254037844387
2025-04-15 03:00:00,11884.156,10.6,0.7071067811865475,0.7071067811865476
2025-04-15 04:00:00,12237.694,10.2,0.8660254037844386,0.5000000000000001
2025-04-15 05:00:00,12770.181,9.4,0.9659258262890684,0.2588190451025207
2025-04-15 06:00:00,13814.384,9.2,1.0,6.123233995736766e-17
2025-04-15 07:00:00,14359.986,8.4,0.9659258262890684,-0.2588190451025206
2025-04-15 08:00:00,14526.216,8.6,0.8660254037844387,-0.4999999999999998
2025-04-15 09:00:00,14595.397,8.9,0.7071067811865476,-0.7071067811865475
2025-04-15 10:00:00,14662.824,9.6,0.4999999999999999,-0.8660254037844387
2025-04-15 11:00:00,14720.317,9.0,0.258819045102521,-0.9659258262890682
2025-04-15 12:00:00,14649.331,9.4,1.2246467991473532e-16,-1.0
2025-04-15 13:00:00,14658.429,8.9,-0.2588190451025208,-0.9659258262890684
2025-04-15 14:00:00,14685.547,9.9,-0.4999999999999998,-0.8660254037844388
2025-04-15 15:00:00,14589.74,9.6,-0.7071067811865471,-0.7071067811865479
2025-04-15 16:00:00,14605.583,9.2,-0.8660254037844384,-0.5000000000000004
2025-04-15 17:00:00,14755.728,9.1,-0.9659258262890684,-0.2588190451025206
2025-04-15 18:00:00,14846.009,8.9,-1.0,-1.8369701987210294e-16
2025-04-15 19:00:00,14945.17,8.4,-0.9659258262890684,0.2588190451025203
2025-04-15 20:00:00,15171.985,7.8,-0.8660254037844386,0.5000000000000001
2025-04-15 21:00:00,14990.588,7.1,-0.7071067811865477,0.7071067811865474
2025-04-15 22:00:00,14265.169,6.1,-0.5000000000000004,0.8660254037844384
2025-04-15 23:00:00,13765.043,5.2,-0.2588190451025215,0.965925826289068
2025-04-16 00:00:00,13424.717,5.2,0.0,1.0
2025-04-16 01:00:00,13195.959,6.1,0.2588190451025207,0.9659258262890684
2025-04-16 02:00:00,13180.896,5.7,0.4999999999999999,0.8660254037844387
2025-04-16 03:00:00,13209.879,4.6,0.7071067811865475,0.7071067811865476
2025-04-16 04:00:00,13502.468,4.0,0.8660254037844386,0.5000000000000001
2025-04-16 05:00:00,14109.604,3.5,0.9659258262890684,0.2588190451025207
2025-04-16 06:00:00,15070.701,3.0,1.0,6.123233995736766e-17
2025-04-16 07:00:00,15522.786,2.6,0.9659258262890684,-0.2588190451025206
2025-04-16 08:00:00,15375.991999999998,3.3,0.8660254037844387,-0.4999999999999998
2025-04-16 09:00:00,15017.602,5.8,0.7071067811865476,-0.7071067811865475
2025-04-16 10:00:00,14799.295,7.3,0.4999999999999999,-0.8660254037844387
2025-04-16 11:00:00,14618.672,8.5,0.258819045102521,-0.9659258262890682
2025-04-16 12:00:00,14339.692,9.4,1.2246467991473532e-16,-1.0
2025-04-16 13:00:00,14126.279,10.3,-0.2588190451025208,-0.9659258262890684
2025-04-16 14:00:00,13842.527,11.2,-0.4999999999999998,-0.8660254037844388
2025-04-16 15:00:00,13529.84,12.1,-0.7071067811865471,-0.7071067811865479
2025-04-16 16:00:00,13490.125,11.9,-0.8660254037844384,-0.5000000000000004
2025-04-16 17:00:00,13564.973,11.5,-0.9659258262890684,-0.2588190451025206
2025-04-16 18:00:00,13706.352,11.1,-1.0,-1.8369701987210294e-16
2025-04-16 19:00:00,13938.177,10.4,-0.9659258262890684,0.2588190451025203
2025-04-16 20:00:00,14498.171,8.4,-0.8660254037844386,0.5000000000000001
2025-04-16 21:00:00,14559.346,7.2,-0.7071067811865477,0.7071067811865474
2025-04-16 22:00:00,13975.7,6.2,-0.5000000000000004,0.8660254037844384
2025-04-16 23:00:00,13512.608,5.5,-0.2588190451025215,0.965925826289068
2025-04-17 00:00:00,13348.27,4.3,0.0,1.0
2025-04-17 01:00:00,13169.925,3.5,0.2588190451025207,0.9659258262890684
2025-04-17 02:00:00,13207.109,3.0,0.4999999999999999,0.8660254037844387
2025-04-17 03:00:00,13412.597,2.7,0.7071067811865475,0.7071067811865476
2025-04-17 04:00:00,13820.657,2.1,0.8660254037844386,0.5000000000000001
2025-04-17 05:00:00,14634.877,1.4,0.9659258262890684,0.2588190451025207
2025-04-17 06:00:00,15677.744,0.7,1.0,6.123233995736766e-17
2025-04-17 07:00:00,16199.694,0.3,0.9659258262890684,-0.2588190451025206
2025-04-17 08:00:00,15906.227,2.0,0.8660254037844387,-0.4999999999999998
2025-04-17 09:00:00,15286.119,4.4,0.7071067811865476,-0.7071067811865475
2025-04-17 10:00:00,14842.934,7.6,0.4999999999999999,-0.8660254037844387
2025-04-17 11:00:00,14524.804,10.4,0.258819045102521,-0.9659258262890682
2025-04-17 12:00:00,14339.748,12.2,1.2246467991473532e-16,-1.0
2025-04-17 13:00:00,14150.008,13.5,-0.2588190451025208,-0.9659258262890684
2025-04-17 14:00:00,14014.4,14.6,-0.4999999999999998,-0.8660254037844388
2025-04-17 15:00:00,13758.373,15.4,-0.7071067811865471,-0.7071067811865479
2025-04-17 16:00:00,13897.212,15.9,-0.8660254037844384,-0.5000000000000004
2025-04-17 17:00:00,14016.881,16.0,-0.9659258262890684,-0.2588190451025206
2025-04-17 18:00:00,14035.433,15.9,-1.0,-1.8369701987210294e-16
2025-04-17 19:00:00,13946.159,15.1,-0.9659258262890684,0.2588190451025203
2025-04-17 20:00:00,14198.297,13.4,-0.8660254037844386,0.5000000000000001
2025-04-17 21:00:00,14039.47,13.1,-0.7071067811865477,0.7071067811865474
2025-04-17 22:00:00,13441.281,12.5,-0.5000000000000004,0.8660254037844384
2025-04-17 23:00:00,12790.605,12.1,-0.2588190451025215,0.965925826289068
2025-04-18 00:00:00,12334.174,11.9,0.0,1.0
2025-04-18 01:00:00,12089.31,11.1,0.2588190451025207,0.9659258262890684
2025-04-18 02:00:00,11968.103,10.2,0.4999999999999999,0.8660254037844387
2025-04-18 03:00:00,11911.376,10.4,0.7071067811865475,0.7071067811865476
2025-04-18 04:00:00,12045.577,10.3,0.8660254037844386,0.5000000000000001
2025-04-18 05:00:00,12520.191,10.0,0.9659258262890684,0.2588190451025207
2025-04-18 06:00:00,13208.363,10.0,1.0,6.123233995736766e-17
2025-04-18 07:00:00,13677.573,10.2,0.9659258262890684,-0.2588190451025206
2025-04-18 08:00:00,13683.687,11.6,0.8660254037844387,-0.4999999999999998
2025-04-18 09:00:00,13737.617,15.8,0.7071067811865476,-0.7071067811865475
2025-04-18 10:00:00,13608.907,18.8,0.4999999999999999,-0.8660254037844387
2025-04-18 11:00:00,13589.291,21.0,0.258819045102521,-0.9659258262890682
2025-04-18 12:00:00,13691.058,22.4,1.2246467991473532e-16,-1.0
2025-04-18 13:00:00,13700.8,23.5,-0.2588190451025208,-0.9659258262890684
2025-04-18 14:00:00,13765.285,24.0,-0.4999999999999998,-0.8660254037844388
2025-04-18 15:00:00,14019.222,24.3,-0.7071067811865471,-0.7071067811865479
2025-04-18 16:00:00,14211.969,24.2,-0.8660254037844384,-0.5000000000000004
2025-04-18 17:00:00,14369.85,23.8,-0.9659258262890684,-0.2588190451025206
2025-04-18 18:00:00,14284.179,23.2,-1.0,-1.8369701987210294e-16
2025-04-18 19:00:00,14073.371,22.2,-0.9659258262890684,0.2588190451025203
2025-04-18 20:00:00,14221.493,21.2,-0.8660254037844386,0.5000000000000001
2025-04-18 21:00:00,13909.513,21.9,-0.7071067811865477,0.7071067811865474
2025-04-18 22:00:00,13379.197,20.4,-0.5000000000000004,0.8660254037844384
2025-04-18 23:00:00,12828.366,20.7,-0.2588190451025215,0.965925826289068
2025-04-19 00:00:00,12296.551,20.8,0.0,1.0
2025-04-19 01:00:00,11837.214,20.9,0.2588190451025207,0.9659258262890684
2025-04-19 02:00:00,11524.917,20.3,0.4999999999999999,0.8660254037844387
2025-04-19 03:00:00,11391.144,20.0,0.7071067811865475,0.7071067811865476
2025-04-19 04:00:00,11293.276,20.2,0.8660254037844386,0.5000000000000001
2025-04-19 05:00:00,11371.608,19.6,0.9659258262890684,0.2588190451025207
2025-04-19 06:00:00,11521.013,18.9,1.0,6.123233995736766e-17
2025-04-19 07:00:00,11713.791,18.5,0.9659258262890684,-0.2588190451025206
2025-04-19 08:00:00,12414.951,18.7,0.8660254037844387,-0.4999999999999998
2025-04-19 09:00:00,12854.358,21.2,0.7071067811865476,-0.7071067811865475
2025-04-19 10:00:00,13276.596,22.6,0.4999999999999999,-0.8660254037844387
2025-04-19 11:00:00,13611.269,23.4,0.258819045102521,-0.9659258262890682
2025-04-19 12:00:00,13676.102,23.9,1.2246467991473532e-16,-1.0
2025-04-19 13:00:00,13813.667,23.5,-0.2588190451025208,-0.9659258262890684
2025-04-19 14:00:00,14076.105,23.1,-0.4999999999999998,-0.8660254037844388
2025-04-19 15:00:00,14244.722,24.5,-0.7071067811865471,-0.7071067811865479
2025-04-19 16:00:00,14384.104,24.8,-0.8660254037844384,-0.5000000000000004
2025-04-19 17:00:00,14347.839,23.1,-0.9659258262890684,-0.2588190451025206
2025-04-19 18:00:00,14229.41,22.0,-1.0,-1.8369701987210294e-16
2025-04-19 19:00:00,13918.815,21.3,-0.9659258262890684,0.2588190451025203
2025-04-19 20:00:00,14023.496,20.0,-0.8660254037844386,0.5000000000000001
2025-04-19 21:00:00,13772.789,17.6,-0.7071067811865477,0.7071067811865474
2025-04-19 22:00:00,13188.634,15.9,-0.5000000000000004,0.8660254037844384
2025-04-19 23:00:00,12484.917,15.2,-0.2588190451025215,0.965925826289068
2025-04-20 00:00:00,11883.069,14.4,0.0,1.0
2025-04-20 01:00:00,11365.737,13.1,0.2588190451025207,0.9659258262890684
2025-04-20 02:00:00,11074.271,12.4,0.4999999999999999,0.8660254037844387
2025-04-20 03:00:00,10830.186,11.6,0.7071067811865475,0.7071067811865476
2025-04-20 04:00:00,10887.702,10.9,0.8660254037844386,0.5000000000000001
2025-04-20 05:00:00,11052.042,10.4,0.9659258262890684,0.2588190451025207
2025-04-20 06:00:00,11151.589,10.1,1.0,6.123233995736766e-17
2025-04-20 07:00:00,11510.605,10.1,0.9659258262890684,-0.2588190451025206
2025-04-20 08:00:00,12092.338,10.4,0.8660254037844387,-0.4999999999999998
2025-04-20 09:00:00,12459.137,12.3,0.7071067811865476,-0.7071067811865475
2025-04-20 10:00:00,12613.663,13.6,0.4999999999999999,-0.8660254037844387
2025-04-20 11:00:00,12834.903,15.1,0.258819045102521,-0.9659258262890682
2025-04-20 12:00:00,13080.057,16.5,1.2246467991473532e-16,-1.0
2025-04-20 13:00:00,13130.812,17.7,-0.2588190451025208,-0.9659258262890684
2025-04-20 14:00:00,13239.572,18.8,-0.4999999999999998,-0.8660254037844388
2025-04-20 15:00:00,13496.221,19.6,-0.7071067811865471,-0.7071067811865479
2025-04-20 16:00:00,13638.919000000002,20.1,-0.8660254037844384,-0.5000000000000004
2025-04-20 17:00:00,13772.678,20.4,-0.9659258262890684,-0.2588190451025206
2025-04-20 18:00:00,13842.781,20.2,-1.0,-1.8369701987210294e-16
2025-04-20 19:00:00,13822.471999999998,19.2,-0.9659258262890684,0.2588190451025203
2025-04-20 20:00:00,14096.293,17.9,-0.8660254037844386,0.5000000000000001
2025-04-20 21:00:00,13944.462,17.7,-0.7071067811865477,0.7071067811865474
2025-04-20 22:00:00,13293.098,17.1,-0.5000000000000004,0.8660254037844384
2025-04-20 23:00:00,12620.686,16.4,-0.2588190451025215,0.965925826289068
2025-04-21 00:00:00,12068.777,16.3,0.0,1.0
2025-04-21 01:00:00,11753.309,16.2,0.2588190451025207,0.9659258262890684
2025-04-21 02:00:00,11482.521,16.1,0.4999999999999999,0.8660254037844387
2025-04-21 03:00:00,11443.491,15.6,0.7071067811865475,0.7071067811865476
2025-04-21 04:00:00,11802.236,15.2,0.8660254037844386,0.5000000000000001
2025-04-21 05:00:00,12345.406,16.1,0.9659258262890684,0.2588190451025207
2025-04-21 06:00:00,13167.938,17.4,1.0,6.123233995736766e-17
2025-04-21 07:00:00,13802.42,18.4,0.9659258262890684,-0.2588190451025206
2025-04-21 08:00:00,14215.073,19.1,0.8660254037844387,-0.4999999999999998
2025-04-21 09:00:00,14506.469,18.7,0.7071067811865476,-0.7071067811865475
2025-04-21 10:00:00,14775.954,19.7,0.4999999999999999,-0.8660254037844387
2025-04-21 11:00:00,14989.061,20.5,0.258819045102521,-0.9659258262890682
2025-04-21 12:00:00,15196.96,21.1,1.2246467991473532e-16,-1.0
2025-04-21 13:00:00,15266.535,22.1,-0.2588190451025208,-0.9659258262890684
2025-04-21 14:00:00,15277.602,22.0,-0.4999999999999998,-0.8660254037844388
2025-04-21 15:00:00,15175.542,22.6,-0.7071067811865471,-0.7071067811865479
2025-04-21 16:00:00,15068.052,23.0,-0.8660254037844384,-0.5000000000000004
2025-04-21 17:00:00,15051.729,23.1,-0.9659258262890684,-0.2588190451025206
2025-04-21 18:00:00,15027.876,22.5,-1.0,-1.8369701987210294e-16
2025-04-21 19:00:00,14952.85,21.4,-0.9659258262890684,0.2588190451025203
2025-04-21 20:00:00,14947.439,19.9,-0.8660254037844386,0.5000000000000001
2025-04-21 21:00:00,14667.869,16.7,-0.7071067811865477,0.7071067811865474
2025-04-21 22:00:00,13884.301,15.0,-0.5000000000000004,0.8660254037844384
2025-04-21 23:00:00,13072.099,13.3,-0.2588190451025215,0.965925826289068
2025-04-22 00:00:00,12485.346,12.1,0.0,1.0
2025-04-22 01:00:00,12172.206,11.3,0.2588190451025207,0.9659258262890684
2025-04-22 02:00:00,11987.91,10.9,0.4999999999999999,0.8660254037844387
2025-04-22 03:00:00,11921.066,10.4,0.7071067811865475,0.7071067811865476
2025-04-22 04:00:00,12072.029,9.9,0.8660254037844386,0.5000000000000001
2025-04-22 05:00:00,12568.095,9.1,0.9659258262890684,0.2588190451025207
2025-04-22 06:00:00,13537.917,8.0,1.0,6.123233995736766e-17
2025-04-22 07:00:00,13961.795,7.8,0.9659258262890684,-0.2588190451025206
2025-04-22 08:00:00,14111.84,9.0,0.8660254037844387,-0.4999999999999998
2025-04-22 09:00:00,14074.984,11.1,0.7071067811865476,-0.7071067811865475
2025-04-22 10:00:00,14277.785,12.8,0.4999999999999999,-0.8660254037844387
2025-04-22 11:00:00,14392.626,13.9,0.258819045102521,-0.9659258262890682
2025-04-22 12:00:00,14401.478,15.0,1.2246467991473532e-16,-1.0
2025-04-22 13:00:00,14490.84,16.0,-0.2588190451025208,-0.9659258262890684
2025-04-22 14:00:00,14437.777,16.9,-0.4999999999999998,-0.8660254037844388
2025-04-22 15:00:00,14418.458,17.7,-0.7071067811865471,-0.7071067811865479
2025-04-22 16:00:00,14538.603,18.1,-0.8660254037844384,-0.5000000000000004
2025-04-22 17:00:00,14607.994,18.5,-0.9659258262890684,-0.2588190451025206
2025-04-22 18:00:00,14650.841,18.4,-1.0,-1.8369701987210294e-16
2025-04-22 19:00:00,14671.144,18.0,-0.9659258262890684,0.2588190451025203
2025-04-22 20:00:00,14764.643,16.2,-0.8660254037844386,0.5000000000000001
2025-04-22 21:00:00,14445.992,15.2,-0.7071067811865477,0.7071067811865474
2025-04-22 22:00:00,13735.637,14.4,-0.5000000000000004,0.8660254037844384
2025-04-22 23:00:00,12892.271,13.8,-0.2588190451025215,0.965925826289068
2025-04-23 00:00:00,12435.217,13.0,0.0,1.0
2025-04-23 01:00:00,12066.254,12.1,0.2588190451025207,0.9659258262890684
2025-04-23 02:00:00,11809.302,11.4,0.4999999999999999,0.8660254037844387
2025-04-23 03:00:00,11754.431,10.9,0.7071067811865475,0.7071067811865476
2025-04-23 04:00:00,11982.138,10.1,0.8660254037844386,0.5000000000000001
2025-04-23 05:00:00,12606.74,9.3,0.9659258262890684,0.2588190451025207
2025-04-23 06:00:00,13532.33,8.7,1.0,6.123233995736766e-17
2025-04-23 07:00:00,14081.424,8.6,0.9659258262890684,-0.2588190451025206
2025-04-23 08:00:00,14241.86,10.2,0.8660254037844387,-0.4999999999999998
2025-04-23 09:00:00,14223.513,13.1,0.7071067811865476,-0.7071067811865475
2025-04-23 10:00:00,14360.396,15.8,0.4999999999999999,-0.8660254037844387
2025-04-23 11:00:00,14323.136,18.3,0.258819045102521,-0.9659258262890682
2025-04-23 12:00:00,14490.263,20.2,1.2246467991473532e-16,-1.0
2025-04-23 13:00:00,14675.522,21.6,-0.2588190451025208,-0.9659258262890684
2025-04-23 14:00:00,14904.699,22.5,-0.4999999999999998,-0.8660254037844388
2025-04-23 15:00:00,15051.007,23.1,-0.7071067811865471,-0.7071067811865479
2025-04-23 16:00:00,15406.405,23.5,-0.8660254037844384,-0.5000000000000004
2025-04-23 17:00:00,15757.276,23.5,-0.9659258262890684,-0.2588190451025206
2025-04-23 18:00:00,15822.27,23.4,-1.0,-1.8369701987210294e-16
2025-04-23 19:00:00,15616.175,22.8,-0.9659258262890684,0.2588190451025203
2025-04-23 20:00:00,15575.384,20.1,-0.8660254037844386,0.5000000000000001
2025-04-23 21:00:00,15143.347,18.6,-0.7071067811865477,0.7071067811865474
2025-04-23 22:00:00,14301.549,17.1,-0.5000000000000004,0.8660254037844384
2025-04-23 23:00:00,13354.448,16.0,-0.2588190451025215,0.965925826289068
2025-04-24 00:00:00,12709.852,15.3,0.0,1.0
2025-04-24 01:00:00,12209.945,14.6,0.2588190451025207,0.9659258262890684
2025-04-24 02:00:00,11921.886,14.6,0.4999999999999999,0.8660254037844387
2025-04-24 03:00:00,11852.36,13.8,0.7071067811865475,0.7071067811865476
2025-04-24 04:00:00,11989.468,12.7,0.8660254037844386,0.5000000000000001
2025-04-24 05:00:00,12504.609,12.3,0.9659258262890684,0.2588190451025207
2025-04-24 06:00:00,13362.801,11.7,1.0,6.123233995736766e-17
2025-04-24 07:00:00,13903.552,11.6,0.9659258262890684,-0.2588190451025206
2025-04-24 08:00:00,14166.29,13.3,0.8660254037844387,-0.4999999999999998
2025-04-24 09:00:00,14307.469,16.4,0.7071067811865476,-0.7071067811865475
2025-04-24 10:00:00,14478.222,18.5,0.4999999999999999,-0.8660254037844387
2025-04-24 11:00:00,14715.263,20.5,0.258819045102521,-0.9659258262890682
2025-04-24 12:00:00,14993.966,22.6,1.2246467991473532e-16,-1.0
2025-04-24 13:00:00,15378.468,24.4,-0.2588190451025208,-0.9659258262890684
2025-04-24 14:00:00,15613.224000000002,25.8,-0.4999999999999998,-0.8660254037844388
2025-04-24 15:00:00,15932.431,25.8,-0.7071067811865471,-0.7071067811865479
2025-04-24 16:00:00,16024.607,25.0,-0.8660254037844384,-0.5000000000000004
2025-04-24 17:00:00,16120.91,25.0,-0.9659258262890684,-0.2588190451025206
2025-04-24 18:00:00,15988.511,22.4,-1.0,-1.8369701987210294e-16
2025-04-24 19:00:00,15550.174,20.9,-0.9659258262890684,0.2588190451025203
2025-04-24 20:00:00,15443.27,19.9,-0.8660254037844386,0.5000000000000001
2025-04-24 21:00:00,15233.782,20.2,-0.7071067811865477,0.7071067811865474
2025-04-24 22:00:00,14407.823,18.9,-0.5000000000000004,0.8660254037844384
2025-04-24 23:00:00,13522.187000000002,18.1,-0.2588190451025215,0.965925826289068
2025-04-25 00:00:00,12806.486,17.8,0.0,1.0
2025-04-25 01:00:00,12399.017,17.2,0.2588190451025207,0.9659258262890684
2025-04-25 02:00:00,12141.366999999998,16.6,0.4999999999999999,0.8660254037844387
2025-04-25 03:00:00,11973.792,16.3,0.7071067811865475,0.7071067811865476
2025-04-25 04:00:00,12106.583,16.2,0.8660254037844386,0.5000000000000001
2025-04-25 05:00:00,12546.556,16.0,0.9659258262890684,0.2588190451025207
2025-04-25 06:00:00,13463.247,15.4,1.0,6.123233995736766e-17
2025-04-25 07:00:00,14133.073,15.4,0.9659258262890684,-0.2588190451025206
2025-04-25 08:00:00,14394.137,15.4,0.8660254037844387,-0.4999999999999998
2025-04-25 09:00:00,14456.297,17.0,0.7071067811865476,-0.7071067811865475
2025-04-25 10:00:00,14720.424,18.1,0.4999999999999999,-0.8660254037844387
2025-04-25 11:00:00,14916.569,20.0,0.258819045102521,-0.9659258262890682
2025-04-25 12:00:00,15105.774,21.5,1.2246467991473532e-16,-1.0
2025-04-25 13:00:00,15362.589,22.7,-0.2588190451025208,-0.9659258262890684
2025-04-25 14:00:00,15526.074,23.4,-0.4999999999999998,-0.8660254037844388
2025-04-25 15:00:00,15265.915,19.8,-0.7071067811865471,-0.7071067811865479
2025-04-25 16:00:00,15231.828,19.6,-0.8660254037844384,-0.5000000000000004
2025-04-25 17:00:00,15222.074,21.0,-0.9659258262890684,-0.2588190451025206
2025-04-25 18:00:00,14952.008,21.4,-1.0,-1.8369701987210294e-16
2025-04-25 19:00:00,14682.685,19.0,-0.9659258262890684,0.2588190451025203
2025-04-25 20:00:00,14689.571,17.2,-0.8660254037844386,0.5000000000000001
2025-04-25 21:00:00,14409.379,17.5,-0.7071067811865477,0.7071067811865474
2025-04-25 22:00:00,13739.495,17.5,-0.5000000000000004,0.8660254037844384
2025-04-25 23:00:00,12896.291,17.4,-0.2588190451025215,0.965925826289068
2025-04-26 00:00:00,12359.581,17.2,0.0,1.0
2025-04-26 01:00:00,11916.032,17.3,0.2588190451025207,0.9659258262890684
2025-04-26 02:00:00,11695.636,17.1,0.4999999999999999,0.8660254037844387
2025-04-26 03:00:00,11475.325,16.9,0.7071067811865475,0.7071067811865476
2025-04-26 04:00:00,11496.105,16.5,0.8660254037844386,0.5000000000000001
2025-04-26 05:00:00,11644.85,15.8,0.9659258262890684,0.2588190451025207
2025-04-26 06:00:00,11905.047,13.6,1.0,6.123233995736766e-17
2025-04-26 07:00:00,12114.858,11.7,0.9659258262890684,-0.2588190451025206
2025-04-26 08:00:00,12564.794,11.4,0.8660254037844387,-0.4999999999999998
2025-04-26 09:00:00,12990.16,11.7,0.7071067811865476,-0.7071067811865475
2025-04-26 10:00:00,13217.995,12.1,0.4999999999999999,-0.8660254037844387
2025-04-26 11:00:00,13374.175,12.6,0.258819045102521,-0.9659258262890682
2025-04-26 12:00:00,13301.533,13.0,1.2246467991473532e-16,-1.0
2025-04-26 13:00:00,13218.245,13.5,-0.2588190451025208,-0.9659258262890684
2025-04-26 14:00:00,13155.112,13.9,-0.4999999999999998,-0.8660254037844388
2025-04-26 15:00:00,13089.919,14.6,-0.7071067811865471,-0.7071067811865479
2025-04-26 16:00:00,13185.887,15.1,-0.8660254037844384,-0.5000000000000004
2025-04-26 17:00:00,13234.534,15.3,-0.9659258262890684,-0.2588190451025206
2025-04-26 18:00:00,13175.348999999998,15.1,-1.0,-1.8369701987210294e-16
2025-04-26 19:00:00,13282.339,14.4,-0.9659258262890684,0.2588190451025203
2025-04-26 20:00:00,13264.556,12.8,-0.8660254037844386,0.5000000000000001
2025-04-26 21:00:00,13159.349,11.4,-0.7071067811865477,0.7071067811865474
2025-04-26 22:00:00,12712.855,10.8,-0.5000000000000004,0.8660254037844384
2025-04-26 23:00:00,12283.888,9.5,-0.2588190451025215,0.965925826289068
2025-04-27 00:00:00,11798.357,8.4,0.0,1.0
2025-04-27 01:00:00,11539.021,7.7,0.2588190451025207,0.9659258262890684
2025-04-27 02:00:00,11322.554,7.4,0.4999999999999999,0.8660254037844387
2025-04-27 03:00:00,11306.909,6.4,0.7071067811865475,0.7071067811865476
2025-04-27 04:00:00,11367.122,6.1,0.8660254037844386,0.5000000000000001
2025-04-27 05:00:00,11538.484,5.7,0.9659258262890684,0.2588190451025207
2025-04-27 06:00:00,11862.692,5.2,1.0,6.123233995736766e-17
2025-04-27 07:00:00,12193.217,5.1,0.9659258262890684,-0.2588190451025206
2025-04-27 08:00:00,12522.143,6.8,0.8660254037844387,-0.4999999999999998
2025-04-27 09:00:00,12611.446,8.2,0.7071067811865476,-0.7071067811865475
2025-04-27 10:00:00,12588.472,10.4,0.4999999999999999,-0.8660254037844387
2025-04-27 11:00:00,12530.147,12.3,0.258819045102521,-0.9659258262890682
2025-04-27 12:00:00,12449.693,13.8,1.2246467991473532e-16,-1.0
2025-04-27 13:00:00,12410.277,14.9,-0.2588190451025208,-0.9659258262890684
2025-04-27 14:00:00,12419.611,15.8,-0.4999999999999998,-0.8660254037844388
2025-04-27 15:00:00,12554.829,16.5,-0.7071067811865471,-0.7071067811865479
2025-04-27 16:00:00,12718.84,17.0,-0.8660254037844384,-0.5000000000000004
2025-04-27 17:00:00,13057.221,17.1,-0.9659258262890684,-0.2588190451025206
2025-04-27 18:00:00,13247.471,17.0,-1.0,-1.8369701987210294e-16
2025-04-27 19:00:00,13416.534,16.4,-0.9659258262890684,0.2588190451025203
2025-04-27 20:00:00,13745.21,14.9,-0.8660254037844386,0.5000000000000001
2025-04-27 21:00:00,13667.463,13.8,-0.7071067811865477,0.7071067811865474
2025-04-27 22:00:00,13102.423,12.1,-0.5000000000000004,0.8660254037844384
2025-04-27 23:00:00,12452.761,11.8,-0.2588190451025215,0.965925826289068
2025-04-28 00:00:00,12053.112,10.9,0.0,1.0
2025-04-28 01:00:00,11834.311000000002,10.0,0.2588190451025207,0.9659258262890684
2025-04-28 02:00:00,11840.493,9.3,0.4999999999999999,0.8660254037844387
2025-04-28 03:00:00,11911.866,8.6,0.7071067811865475,0.7071067811865476
2025-04-28 04:00:00,12306.857,8.2,0.8660254037844386,0.5000000000000001
2025-04-28 05:00:00,12940.863,7.9,0.9659258262890684,0.2588190451025207
2025-04-28 06:00:00,13918.673,7.4,1.0,6.123233995736766e-17
2025-04-28 07:00:00,14378.32,7.2,0.9659258262890684,-0.2588190451025206
2025-04-28 08:00:00,14481.447,8.6,0.8660254037844387,-0.4999999999999998
2025-04-28 09:00:00,14413.772,11.7,0.7071067811865476,-0.7071067811865475
2025-04-28 10:00:00,14354.419,14.0,0.4999999999999999,-0.8660254037844387
2025-04-28 11:00:00,14206.23,16.6,0.258819045102521,-0.9659258262890682
2025-04-28 12:00:00,14445.105,18.6,1.2246467991473532e-16,-1.0
2025-04-28 13:00:00,14461.223,20.0,-0.2588190451025208,-0.9659258262890684
2025-04-28 14:00:00,14566.714,21.1,-0.4999999999999998,-0.8660254037844388
2025-04-28 15:00:00,14724.141,22.0,-0.7071067811865471,-0.7071067811865479
2025-04-28 16:00:00,14936.95,22.5,-0.8660254037844384,-0.5000000000000004
2025-04-28 17:00:00,15333.996,22.6,-0.9659258262890684,-0.2588190451025206
2025-04-28 18:00:00,15517.552,22.2,-1.0,-1.8369701987210294e-16
2025-04-28 19:00:00,15473.035,21.2,-0.9659258262890684,0.2588190451025203
2025-04-28 20:00:00,15429.473999999998,19.4,-0.8660254037844386,0.5000000000000001
2025-04-28 21:00:00,15177.379,19.0,-0.7071067811865477,0.7071067811865474
2025-04-28 22:00:00,14409.15,18.1,-0.5000000000000004,0.8660254037844384
2025-04-28 23:00:00,13387.351,17.3,-0.2588190451025215,0.965925826289068
2025-04-29 00:00:00,12700.634,16.9,0.0,1.0
2025-04-29 01:00:00,12228.887,16.6,0.2588190451025207,0.9659258262890684
2025-04-29 02:00:00,12053.595,16.5,0.4999999999999999,0.8660254037844387
2025-04-29 03:00:00,11897.307,16.8,0.7071067811865475,0.7071067811865476
2025-04-29 04:00:00,12103.567,17.4,0.8660254037844386,0.5000000000000001
2025-04-29 05:00:00,12670.266,18.0,0.9659258262890684,0.2588190451025207
2025-04-29 06:00:00,13608.433,18.4,1.0,6.123233995736766e-17
2025-04-29 07:00:00,14213.238,18.4,0.9659258262890684,-0.2588190451025206
2025-04-29 08:00:00,14474.155,19.0,0.8660254037844387,-0.4999999999999998
2025-04-29 09:00:00,14652.105,21.2,0.7071067811865476,-0.7071067811865475
2025-04-29 10:00:00,15039.547,22.1,0.4999999999999999,-0.8660254037844387
2025-04-29 11:00:00,15445.631,23.0,0.258819045102521,-0.9659258262890682
2025-04-29 12:00:00,15802.949,24.8,1.2246467991473532e-16,-1.0
2025-04-29 13:00:00,16175.495,24.8,-0.2588190451025208,-0.9659258262890684
2025-04-29 14:00:00,16302.989,24.9,-0.4999999999999998,-0.8660254037844388
2025-04-29 15:00:00,16026.245,26.1,-0.7071067811865471,-0.7071067811865479
2025-04-29 16:00:00,15873.515,23.5,-0.8660254037844384,-0.5000000000000004
2025-04-29 17:00:00,15774.875,23.5,-0.9659258262890684,-0.2588190451025206
2025-04-29 18:00:00,15903.918,24.9,-1.0,-1.8369701987210294e-16
2025-04-29 19:00:00,15669.138,22.9,-0.9659258262890684,0.2588190451025203
2025-04-29 20:00:00,15562.939,20.7,-0.8660254037844386,0.5000000000000001
2025-04-29 21:00:00,15098.966,19.3,-0.7071067811865477,0.7071067811865474
2025-04-29 22:00:00,14230.856,18.5,-0.5000000000000004,0.8660254037844384
2025-04-29 23:00:00,13252.546,18.2,-0.2588190451025215,0.965925826289068
2025-04-30 00:00:00,12554.45,17.9,0.0,1.0
2025-04-30 01:00:00,12149.76,17.2,0.2588190451025207,0.9659258262890684
2025-04-30 02:00:00,11900.881,15.9,0.4999999999999999,0.8660254037844387
2025-04-30 03:00:00,11693.461,14.9,0.7071067811865475,0.7071067811865476
2025-04-30 04:00:00,11804.429,13.4,0.8660254037844386,0.5000000000000001
2025-04-30 05:00:00,12345.893,12.1,0.9659258262890684,0.2588190451025207
2025-04-30 06:00:00,13189.708,10.2,1.0,6.123233995736766e-17
2025-04-30 07:00:00,13755.869,9.4,0.9659258262890684,-0.2588190451025206
2025-04-30 08:00:00,13932.763,9.8,0.8660254037844387,-0.4999999999999998
2025-04-30 09:00:00,14044.61,12.2,0.7071067811865476,-0.7071067811865475
2025-04-30 10:00:00,14164.218,13.9,0.4999999999999999,-0.8660254037844387
2025-04-30 11:00:00,14592.214,15.6,0.258819045102521,-0.9659258262890682
2025-04-30 12:00:00,14688.054,17.2,1.2246467991473532e-16,-1.0
2025-04-30 13:00:00,15131.111,18.5,-0.2588190451025208,-0.9659258262890684
2025-04-30 14:00:00,15332.003,19.7,-0.4999999999999998,-0.8660254037844388
2025-04-30 15:00:00,15470.287,20.2,-0.7071067811865471,-0.7071067811865479
2025-04-30 16:00:00,15562.221,20.5,-0.8660254037844384,-0.5000000000000004
2025-04-30 17:00:00,15717.1,21.0,-0.9659258262890684,-0.2588190451025206
2025-04-30 18:00:00,15658.764,21.0,-1.0,-1.8369701987210294e-16
2025-04-30 19:00:00,15471.12,21.4,-0.9659258262890684,0.2588190451025203
2025-04-30 20:00:00,15415.869,19.9,-0.8660254037844386,0.5000000000000001
2025-04-30 21:00:00,15211.573,18.2,-0.7071067811865477,0.7071067811865474
2025-04-30 22:00:00,14197.577,17.4,-0.5000000000000004,0.8660254037844384
2025-04-30 23:00:00,13244.943,16.5,-0.2588190451025215,0.965925826289068
