datetime,hour,load_mw,temperature_2m,total_lmp_day_ahead,total_lmp_real_time,congestion_price_day_ahead,marginal_loss_price_day_ahead,rt_da_spread,da_price_spike,actual_da_lmp,actual_spike,xgboost_prediction,persistence_prediction,predicted_spike_probability,predicted_spike
2025-01-25 02:00:00,2,18671.343,-10.1,67.248694,66.799678,2.372914,-1.00422,-0.4490160000000003,0,68.338441,0.0,67.24809,67.248694,0.03790999,0
2025-01-25 03:00:00,3,18786.979,-10.4,68.338441,52.949644,2.413164,-0.984723,-15.388797000000004,0,68.117745,0.0,69.21872,68.338441,0.05009884,0
2025-01-25 04:00:00,4,19066.331,-10.4,68.117745,52.661607,2.364158,-1.426413,-15.456138000000003,0,73.355788,1.0,71.928986,68.117745,0.08513469,0
2025-01-25 05:00:00,5,19366.605,-10.3,73.355788,73.958804,3.654439,-1.488651,0.6030159999999967,1,87.484376,1.0,83.45871,73.355788,0.5014437,1
2025-01-25 06:00:00,6,19662.431,-9.5,87.484376,67.687288,-2.261415,-2.014209,-19.797088000000002,1,101.498152,1.0,98.75794,87.484376,0.68377656,1
2025-01-25 07:00:00,7,20029.739,-9.1,101.498152,171.384319,-6.688287,-2.133561,69.886167,1,86.600361,1.0,78.49299,101.498152,0.3631875,0
2025-01-25 08:00:00,8,20171.968,-8.9,86.600361,59.803606,1.194636,-0.974275,-26.796755000000005,1,61.849718,0.0,80.14428,86.600361,0.46688318,1
2025-01-25 09:00:00,9,19498.028,-7.7,61.849718,44.918477,1.758856,-1.049138,-16.931241,0,42.176678,0.0,50.330666,61.849718,0.12888017,0
2025-01-25 10:00:00,10,18733.648,-6.3,42.176678,27.263672,-0.050035,-0.713287,-14.913006000000003,0,38.81304,0.0,47.91684,42.176678,0.057592157,0
2025-01-25 11:00:00,11,17968.394,-4.2,38.81304,30.704015,-0.456264,-0.740696,-8.109025000000003,0,33.953744,0.0,42.79951,38.81304,0.0046968115,0
2025-01-25 12:00:00,12,17326.95,-2.3,33.953744,29.016927,0.040089,-0.666345,-4.936817000000001,0,33.024763,0.0,39.744946,33.953744,0.0015955247,0
2025-01-25 13:00:00,13,16819.978,-0.8,33.024763,23.613912,0.250258,-0.785495,-9.410851000000001,0,32.250175,0.0,35.80565,33.024763,0.00064404676,0
2025-01-25 14:00:00,14,16340.76,0.6,32.250175,21.873014,0.855208,-0.885033,-10.377160999999997,0,33.543089,0.0,33.312817,32.250175,0.00040716652,0
2025-01-25 15:00:00,15,16289.819,1.5,33.543089,26.876953,2.244283,-0.881194,-6.666136000000002,0,37.118367,0.0,38.97797,33.543089,0.00088161073,0
2025-01-25 16:00:00,16,16486.175000000003,2.0,37.118367,31.365623,1.945774,-1.327407,-5.752744,0,45.629966,0.0,51.404552,37.118367,0.005923534,0
2025-01-25 17:00:00,17,17066.665,2.0,45.629966,36.293854,2.408574,-1.328608,-9.336112,0,45.135451,0.0,52.692345,45.629966,0.0034271276,0
2025-01-25 18:00:00,18,17666.711,1.4,45.135451,33.355245,2.402575,-1.177124,-11.780206000000007,0,44.585808,0.0,47.457436,45.135451,0.013298329,0
2025-01-25 19:00:00,19,17712.326,0.5,44.585808,37.659316,2.214155,-1.328347,-6.926492000000003,0,42.221252,0.0,41.662205,44.585808,0.011639722,0
2025-01-25 20:00:00,20,17621.371,-0.2,42.221252,36.686476,2.187028,-1.435776,-5.534776000000001,0,39.685232,0.0,42.285713,42.221252,0.0019054018,0
2025-01-25 21:00:00,21,17377.977,-0.3,39.685232,36.695942,1.553945,-1.488713,-2.989289999999997,0,38.636134,0.0,37.67934,39.685232,0.0007243721,0
2025-01-25 22:00:00,22,16964.034,-0.6,38.636134,31.033102,1.775878,-1.529744,-7.603031999999999,0,38.059411,0.0,36.84966,38.636134,0.000383014,0
2025-01-25 23:00:00,23,16530.16,-0.8,38.059411,32.329743,1.626899,-1.477488,-5.729667999999997,0,36.97044,0.0,39.656277,38.059411,0.00038931667,0
2025-01-26 00:00:00,0,16302.891,-0.9,36.97044,33.149692,0.131346,-1.200906,-3.820748000000002,0,33.61126,0.0,39.32871,36.97044,0.0006438375,0
2025-01-26 01:00:00,1,16043.969,-0.4,33.61126,30.985018,0.154143,-1.182883,-2.6262420000000013,0,33.139698,0.0,39.12374,33.61126,0.0006112765,0
2025-01-26 02:00:00,2,16063.037,-0.3,33.139698,34.266684,0.049643,-1.159945,1.1269859999999952,0,33.661447,0.0,32.739594,33.139698,0.00056248927,0
2025-01-26 03:00:00,3,16138.45,-0.9,33.661447,37.795718,0.008919,-1.237472,4.134270999999998,0,33.831397,0.0,35.12253,33.661447,0.00056248927,0
2025-01-26 04:00:00,4,16178.212,-1.4,33.831397,34.247251,0.229604,-1.218207,0.41585399999999595,0,35.524346,0.0,36.51146,33.831397,0.0005710879,0
2025-01-26 05:00:00,5,16268.828,-1.5,35.524346,44.887328,0.308739,-1.174393,9.362981999999995,0,39.177393,0.0,44.25582,35.524346,0.002268645,0
2025-01-26 06:00:00,6,16556.248,-2.2,39.177393,38.888103,0.152068,-1.124675,-0.28929000000000116,0,42.908246,0.0,57.591827,39.177393,0.008361838,0
2025-01-26 07:00:00,7,16954.496,-2.7,42.908246,42.842291,0.147197,-1.378951,-0.06595499999999532,0,42.276762,0.0,42.296124,42.908246,0.0010469077,0
2025-01-26 08:00:00,8,17330.076,-3.2,42.276762,47.535319,0.180436,-1.113674,5.258557000000003,0,34.864873,0.0,43.343204,42.276762,0.0026550991,0
2025-01-26 09:00:00,9,17190.272,-1.8,34.864873,37.472688,0.051472,-1.066599,2.607814999999995,0,34.892103,0.0,41.581837,34.864873,0.0008876984,0
2025-01-26 10:00:00,10,16826.064,-1.1,34.892103,34.789304,-0.216929,-0.960968,-0.10279899999999742,0,33.504511,0.0,35.152313,34.892103,0.0009787593,0
2025-01-26 11:00:00,11,16380.025,-0.6,33.504511,31.873338,-0.382646,-0.902843,-1.6311730000000004,0,33.722588,0.0,35.87059,33.504511,0.00054007204,0
2025-01-26 12:00:00,12,16115.565,0.2,33.722588,32.353928,-0.10807,-0.919342,-1.3686599999999984,0,32.48793,0.0,33.058743,33.722588,0.0002894436,0
2025-01-26 13:00:00,13,15782.576,0.8,32.48793,28.565352,0.012645,-0.774715,-3.922577999999998,0,31.662372,0.0,32.185562,32.48793,0.00030617797,0
2025-01-26 14:00:00,14,15610.911,1.3,31.662372,27.499649,0.081553,-0.849181,-4.162723,0,33.542771,0.0,32.092422,31.662372,0.00030617797,0
2025-01-26 15:00:00,15,15589.104,1.5,33.542771,26.392406,0.571591,-0.84882,-7.150365000000001,0,35.915624,0.0,36.846367,33.542771,0.00037863807,0
2025-01-26 16:00:00,16,15939.345,1.5,35.915624,38.40819,0.567915,-0.862291,2.4925659999999965,0,47.298734,0.0,49.285145,35.915624,0.00075495546,0
2025-01-26 17:00:00,17,16598.516,1.2,47.298734,49.387269,0.898303,-1.319569,2.0885350000000003,0,47.855615,0.0,42.737747,47.298734,0.0026834386,0
2025-01-26 18:00:00,18,17325.087,0.4,47.855615,46.774837,1.069835,-1.08422,-1.0807780000000022,0,45.625187,0.0,44.943558,47.855615,0.00955124,0
2025-01-26 19:00:00,19,17533.156,-0.8,45.625187,98.312352,1.137315,-1.012128,52.68716500000001,0,44.138837,0.0,45.799213,45.625187,0.0053772866,0
2025-01-26 20:00:00,20,17432.642,-1.4,44.138837,48.63913,1.354905,-0.966068,4.500292999999999,0,42.686885,0.0,42.920033,44.138837,0.0002875071,0
2025-01-26 21:00:00,21,17047.732,-1.7,42.686885,41.069607,1.444528,-0.937643,-1.6172779999999989,0,40.596042,0.0,40.86892,42.686885,0.00051195035,0
2025-01-26 22:00:00,22,16729.487,-1.8,40.596042,41.019796,1.385567,-0.949525,0.4237540000000024,0,37.658414,0.0,40.237423,40.596042,0.00038227387,0
2025-01-26 23:00:00,23,16225.354,-2.0,37.658414,37.008374,2.008186,-0.989772,-0.6500399999999971,0,35.799242,0.0,37.20686,37.658414,0.00020330616,0
2025-01-27 00:00:00,0,16025.178,-2.5,35.799242,34.69827,1.204426,-1.125184,-1.1009719999999987,0,34.25104,0.0,36.266354,35.799242,0.00078505377,0
2025-01-27 01:00:00,1,16002.128,-2.9,34.25104,32.545992,1.226102,-1.065062,-1.705048000000005,0,33.806016,0.0,35.94462,34.25104,0.0006285554,0
2025-01-27 02:00:00,2,16174.304,-3.3,33.806016,32.058298,1.255104,-0.989088,-1.747717999999999,0,33.992778,0.0,35.464638,33.806016,0.0009005235,0
2025-01-27 03:00:00,3,16363.196,-4.6,33.992778,33.761165,1.360042,-0.917264,-0.23161300000000296,0,35.552527,0.0,37.203876,33.992778,0.0009287211,0
2025-01-27 04:00:00,4,16744.34,-5.4,35.552527,34.973026,1.516544,-0.814017,-0.5795010000000005,0,38.781974,0.0,43.36956,35.552527,0.0009970109,0
2025-01-27 05:00:00,5,17598.411,-6.2,38.781974,34.128554,1.770108,-0.728134,-4.653419999999997,0,57.304922,0.0,59.25978,38.781974,0.016340503,0
2025-01-27 06:00:00,6,18791.387,-6.9,57.304922,63.575497,2.402608,-1.097686,6.270575000000001,0,70.558691,1.0,76.21315,57.304922,0.13461989,0
2025-01-27 07:00:00,7,19679.389,-7.5,70.558691,64.661006,2.77805,-1.469359,-5.897684999999996,1,46.472918,0.0,58.414783,70.558691,0.0815934,0
2025-01-27 08:00:00,8,19608.914,-7.8,46.472918,47.616716,1.77516,-0.672242,1.1437979999999968,0,38.062941,0.0,52.59965,46.472918,0.06280348,0
2025-01-27 09:00:00,9,18920.108,-7.9,38.062941,27.062976,0.699776,-0.396835,-10.999965000000003,0,33.61146,0.0,45.657047,38.062941,0.0033902777,0
2025-01-27 10:00:00,10,18304.096,-6.7,33.61146,26.086631,-0.092943,-0.325597,-7.524829,0,30.94591,0.0,42.453426,33.61146,0.0011039943,0
2025-01-27 11:00:00,11,17848.437,-4.6,30.94591,25.871544,0.072302,-0.366392,-5.074366000000001,0,30.285723,0.0,37.23782,30.94591,0.0009593793,0
2025-01-27 12:00:00,12,17446.72,-2.3,30.285723,26.765821,0.090244,-0.394521,-3.519902000000002,0,29.073342,0.0,35.069656,30.285723,0.00083166844,0
2025-01-27 13:00:00,13,17061.274,-0.8,29.073342,25.461238,-0.081327,-0.455331,-3.6121039999999986,0,28.068917,0.0,35.276623,29.073342,0.00058737275,0
2025-01-27 14:00:00,14,16777.724000000002,0.2,28.068917,24.949245,0.039711,-0.420794,-3.119671999999998,0,28.842676,0.0,33.250183,28.068917,0.0006152666,0
2025-01-27 15:00:00,15,16675.628,0.9,28.842676,25.309135,0.596622,-0.383946,-3.5335409999999996,0,32.686928,0.0,37.211777,28.842676,0.0009923923,0
2025-01-27 16:00:00,16,16890.954999999998,0.9,32.686928,28.493983,0.699567,-0.312639,-4.192945000000002,0,46.58985,0.0,49.507393,32.686928,0.0016934911,0
2025-01-27 17:00:00,17,17499.551,0.7,46.58985,55.399169,0.635666,-0.955816,8.809319000000002,0,45.746647,0.0,43.32463,46.58985,0.0027164938,0
2025-01-27 18:00:00,18,18246.986,0.0,45.746647,39.445307,0.839411,-0.922764,-6.301340000000003,0,41.330483,0.0,45.83529,45.746647,0.046683986,0
2025-01-27 19:00:00,19,18479.191,-1.0,41.330483,43.191047,0.778922,-0.528439,1.8605639999999966,0,40.888522,0.0,43.814087,41.330483,0.017420515,0
2025-01-27 20:00:00,20,18432.749,-1.5,40.888522,53.491549,0.786132,-0.42761,12.603026999999997,0,39.193123,0.0,38.68549,40.888522,0.0007795993,0
2025-01-27 21:00:00,21,18092.266,-1.1,39.193123,38.564051,0.695318,-0.462195,-0.6290720000000007,0,35.741957,0.0,34.348457,39.193123,0.0004889137,0
2025-01-27 22:00:00,22,17508.976,-0.9,35.741957,30.346926,0.725619,-0.593662,-5.3950309999999995,0,32.881488,0.0,33.11376,35.741957,0.00045635444,0
2025-01-27 23:00:00,23,16930.495,-1.0,32.881488,27.188107,0.787298,-0.65581,-5.693380999999999,0,31.08366,0.0,30.190815,32.881488,0.0003761895,0
2025-01-28 00:00:00,0,16596.083,-0.9,31.08366,29.629274,0.162023,-0.638363,-1.4543859999999995,0,30.951888,0.0,29.26531,31.08366,0.00045835966,0
2025-01-28 01:00:00,1,16336.395,-0.4,30.951888,30.483745,0.31882,-0.626932,-0.4681430000000013,0,29.943105,0.0,28.101385,30.951888,0.00038289974,0
2025-01-28 02:00:00,2,16262.869,0.1,29.943105,29.246449,0.107885,-0.61478,-0.6966560000000008,0,30.24486,0.0,28.62687,29.943105,0.00037816068,0
2025-01-28 03:00:00,3,16251.335,0.2,30.24486,30.994899,0.092564,-0.707704,0.750039000000001,0,32.550982,0.0,30.422878,30.24486,0.00037816068,0
2025-01-28 04:00:00,4,16478.114,-0.2,32.550982,32.187396,0.149572,-0.65859,-0.36358599999999797,0,35.928544,0.0,34.90438,32.550982,0.00039759366,0
2025-01-28 05:00:00,5,17174.042,-0.6,35.928544,32.952222,0.354608,-0.646064,-2.9763220000000032,0,53.280996,0.0,50.986244,35.928544,0.0033852565,0
2025-01-28 06:00:00,6,18064.763,-0.9,53.280996,50.610185,0.828179,-1.487183,-2.6708110000000005,0,74.05078,1.0,61.49453,53.280996,0.16401125,0
2025-01-28 07:00:00,7,18585.622,-1.4,74.05078,52.138862,0.361196,-4.310416,-21.911918,1,39.843662,0.0,44.113586,74.05078,0.02623537,0
2025-01-28 08:00:00,8,18351.43,-2.0,39.843662,41.757344,0.220374,-2.096712,1.9136820000000014,0,34.457271,0.0,41.225815,39.843662,0.012169574,0
2025-01-28 09:00:00,9,17638.811999999998,-1.7,34.457271,25.3711,-0.033267,-1.809462,-9.086171,0,30.942857,0.0,35.091938,34.457271,0.000478482,0
2025-01-28 10:00:00,10,17135.851,-0.6,30.942857,31.25478,-0.066663,-1.67048,0.3119230000000002,0,28.919957,0.0,30.667492,30.942857,0.00039317095,0
2025-01-28 11:00:00,11,16687.417,1.0,28.919957,27.570136,-0.047395,-1.632648,-1.3498209999999986,0,27.096204,0.0,28.920557,28.919957,0.00048863154,0
2025-01-28 12:00:00,12,16431.811999999998,2.4,27.096204,20.183143,0.021079,-1.584875,-6.913060999999999,0,25.401683,0.0,28.403172,27.096204,0.00050073926,0
2025-01-28 13:00:00,13,16133.412,3.3,25.401683,21.364883,-0.020127,-1.48819,-4.0367999999999995,0,24.077011,0.0,27.109818,25.401683,0.00050116953,0
2025-01-28 14:00:00,14,15880.817,4.0,24.077011,20.059372,0.198951,-1.45194,-4.017638999999999,0,24.638711,0.0,25.14832,24.077011,0.00024152348,0
2025-01-28 15:00:00,15,15667.507999999998,4.3,24.638711,19.777062,0.446639,-1.427928,-4.861649,0,27.98066,0.0,26.808979,24.638711,0.00039102638,0
2025-01-28 16:00:00,16,15815.522,4.4,27.98066,22.770292,0.452504,-1.571844,-5.210367999999999,0,42.792692,0.0,32.469852,27.98066,0.0005407272,0
2025-01-28 17:00:00,17,16466.434,4.2,42.792692,36.578464,0.655952,-2.66326,-6.214228000000006,0,41.912863,0.0,34.95168,42.792692,0.0021990633,0
2025-01-28 18:00:00,18,17166.4,3.8,41.912863,39.896033,0.385356,-2.482493,-2.016829999999999,0,39.933396,0.0,39.694874,41.912863,0.010943861,0
2025-01-28 19:00:00,19,17351.156,3.2,39.933396,36.714118,0.420832,-2.337436,-3.2192780000000027,0,36.845147,0.0,35.806664,39.933396,0.0024385995,0
2025-01-28 20:00:00,20,17366.021,3.0,36.845147,43.004311,0.530366,-2.125219,6.159164000000004,0,34.86296,0.0,31.461187,36.845147,0.00031920237,0
2025-01-28 21:00:00,21,17048.264,3.4,34.86296,31.824187,0.547968,-1.895008,-3.0387730000000026,0,30.754069,0.0,27.943905,34.86296,0.00019609474,0
2025-01-28 22:00:00,22,16467.169,3.8,30.754069,26.572245,0.630137,-1.336068,-4.181824000000002,0,26.964971,0.0,28.135899,30.754069,0.00026820577,0
2025-01-28 23:00:00,23,15999.333,3.9,26.964971,25.497133,0.63289,-1.337919,-1.4678379999999969,0,27.840922,0.0,26.617256,26.964971,0.00023163496,0
2025-01-29 00:00:00,0,15546.712,3.8,27.840922,27.163033,1.257798,-0.666876,-0.6778890000000004,0,27.702223,0.0,24.63116,27.840922,0.00034083836,0
2025-01-29 01:00:00,1,15236.312,3.5,27.702223,30.13572,1.326637,-0.594414,2.433496999999999,0,27.240706,0.0,24.732624,27.702223,0.00034083836,0
2025-01-29 02:00:00,2,15217.669,3.3,27.240706,29.826802,1.214192,-0.533486,2.5860960000000013,0,29.16337,0.0,25.055712,27.240706,0.0008396607,0
2025-01-29 03:00:00,3,15272.415,3.0,29.16337,35.632141,1.195126,-0.501756,6.468770999999997,0,29.857382,0.0,27.18003,29.16337,0.0003508103,0
2025-01-29 04:00:00,4,15506.999,2.8,29.857382,30.140737,1.223421,-0.486039,0.28335500000000025,0,33.005924,0.0,33.023697,29.857382,0.00035617416,0
2025-01-29 05:00:00,5,16105.537,2.4,33.005924,37.213284,1.432428,-0.536504,4.207360000000001,0,48.144761,0.0,50.72865,33.005924,0.003609307,0
2025-01-29 06:00:00,6,17185.725,2.1,48.144761,51.924424,1.562568,-0.367807,3.7796629999999993,0,50.816433,0.0,55.574463,48.144761,0.006308853,0
2025-01-29 07:00:00,7,17745.395,1.9,50.816433,61.457033,1.155063,-2.03863,10.6406,0,34.867324,0.0,39.384274,50.816433,0.0044786413,0
2025-01-29 08:00:00,8,17434.958,1.6,34.867324,27.234944,0.200585,-1.183261,-7.632380000000005,0,27.888633,0.0,37.992165,34.867324,0.0025066552,0
2025-01-29 09:00:00,9,16949.13,2.0,27.888633,24.86009,0.051982,-0.963349,-3.028542999999999,0,25.758958,0.0,30.563316,27.888633,0.00036453965,0
2025-01-29 10:00:00,10,16529.472999999998,2.8,25.758958,23.065064,0.064526,-0.935568,-2.6938940000000002,0,25.674835,0.0,26.699545,25.758958,0.00029030888,0
2025-01-29 11:00:00,11,16179.263,4.1,25.674835,22.734725,-0.027261,-0.927904,-2.9401100000000007,0,25.369128,0.0,25.468178,25.674835,0.00021433871,0
2025-01-29 12:00:00,12,15869.3,5.0,25.369128,23.797991,0.002192,-1.093064,-1.5711370000000002,0,25.194609,0.0,25.319988,25.369128,0.00021433871,0
2025-01-29 13:00:00,13,15670.237,5.7,25.194609,22.628488,-0.018166,-1.307225,-2.566120999999999,0,24.93556,0.0,24.705124,25.194609,0.00021433871,0
2025-01-29 14:00:00,14,15460.919,5.8,24.93556,21.716376,-0.019635,-1.314805,-3.2191839999999985,0,25.325752,0.0,25.408882,24.93556,0.00021433871,0
2025-01-29 15:00:00,15,15332.001,6.3,25.325752,21.288019,-0.01752,-1.436728,-4.037733000000003,0,29.014905,0.0,28.179852,25.325752,0.0002870404,0
2025-01-29 16:00:00,16,15433.267,6.1,29.014905,28.141338,-0.023156,-1.611939,-0.8735669999999978,0,49.881153,0.0,32.511868,29.014905,0.00038661752,0
2025-01-29 17:00:00,17,16069.75,5.7,49.881153,84.267489,0.06219,-2.711037,34.386336,0,51.087065,0.0,33.32449,49.881153,0.0010225577,0
2025-01-29 18:00:00,18,16732.554,4.8,51.087065,105.437789,0.662805,-2.60574,54.35072399999999,0,46.288885,0.0,41.846634,51.087065,0.0065301666,0
2025-01-29 19:00:00,19,16930.72,3.2,46.288885,74.547997,0.421572,-2.272687,28.259111999999995,0,46.48659,0.0,40.24546,46.288885,0.0031980053,0
2025-01-29 20:00:00,20,16895.29,1.8,46.48659,46.882063,0.21057,-2.34398,0.39547300000000263,0,39.765158,0.0,35.6943,46.48659,0.00049113424,0
2025-01-29 21:00:00,21,16664.25,1.1,39.765158,41.113371,0.058045,-2.022887,1.3482130000000012,0,35.771518,0.0,33.804085,39.765158,0.00044230782,0
2025-01-29 22:00:00,22,16239.064,0.5,35.771518,48.803846,0.000797,-1.219279,13.032328,0,33.248015,0.0,30.348082,35.771518,0.0002789071,0
2025-01-29 23:00:00,23,15878.868,-0.1,33.248015,34.371095,0.228849,-1.300834,1.1230799999999945,0,32.515996,0.0,29.986107,33.248015,0.00025986193,0
2025-01-30 00:00:00,0,15624.713,-1.0,32.515996,30.918573,0.826493,-0.610497,-1.5974230000000027,0,31.242122,0.0,31.364464,32.515996,0.00043110907,0
2025-01-30 01:00:00,1,15461.324,-1.6,31.242122,31.632007,0.851443,-0.629321,0.38988500000000315,0,30.928885,0.0,30.876303,31.242122,0.00043018744,0
2025-01-30 02:00:00,2,15553.23,-2.0,30.928885,30.766022,0.960501,-0.531616,-0.16286300000000153,0,32.448032,0.0,30.425621,30.928885,0.0003645546,0
2025-01-30 03:00:00,3,15620.112,-2.3,32.448032,36.017997,1.598846,-0.550814,3.5699650000000034,0,34.361044,0.0,32.34005,32.448032,0.00084860896,0
2025-01-30 04:00:00,4,16071.705000000002,-2.2,34.361044,35.943212,1.959483,-0.618439,1.582168000000003,0,37.366164,0.0,38.535183,34.361044,0.0039921626,0
2025-01-30 05:00:00,5,16923.587,-2.5,37.366164,38.777663,2.910307,-0.704143,1.4114989999999992,0,56.893871,0.0,56.430286,37.366164,0.24863112,0
2025-01-30 06:00:00,6,18077.438,-2.5,56.893871,71.472704,4.490516,-0.936645,14.578832999999996,0,62.762044,0.0,65.97101,56.893871,0.941503,1
2025-01-30 07:00:00,7,18800.2,-2.5,62.762044,47.485069,3.931063,-1.229019,-15.276975,0,37.863125,0.0,50.652084,62.762044,0.026113141,0
2025-01-30 08:00:00,8,18701.004999999997,-2.9,37.863125,31.916668,1.977448,-0.354323,-5.946456999999995,0,30.639355,0.0,44.691544,37.863125,0.02412317,0
2025-01-30 09:00:00,9,17994.847999999998,-2.5,30.639355,27.023798,1.420188,-0.330833,-3.615556999999999,0,27.866103,0.0,36.324944,30.639355,0.0013367821,0
2025-01-30 10:00:00,10,17246.534,-0.9,27.866103,42.284479,1.098606,-0.362503,14.418375999999999,0,27.080183,0.0,30.918892,27.866103,0.00049082673,0
2025-01-30 11:00:00,11,16482.976,1.0,27.080183,23.084597,0.669208,-0.299025,-3.995586000000003,0,26.96745,0.0,28.3089,27.080183,0.00028882996,0
2025-01-30 12:00:00,12,16117.717,3.2,26.96745,27.605076,0.559093,-0.191643,0.6376260000000009,0,26.607391,0.0,27.966599,26.96745,0.0003162825,0
2025-01-30 13:00:00,13,15961.177,4.9,26.607391,39.01627,0.462155,-0.184764,12.408878999999999,0,26.738464,0.0,26.918768,26.607391,0.0003162825,0
2025-01-30 14:00:00,14,15759.49,6.3,26.738464,37.500122,0.270108,-0.151644,10.761657999999997,0,28.109092,0.0,26.63929,26.738464,0.00036833953,0
2025-01-30 15:00:00,15,15829.819,7.2,28.109092,40.695431,0.529226,-0.200134,12.586338999999999,0,32.745003,0.0,30.671017,28.109092,0.00054932316,0
2025-01-30 16:00:00,16,15976.237,7.2,32.745003,38.210813,0.674333,-0.19933,5.465810000000005,0,37.972743,0.0,35.715313,32.745003,0.0008958427,0
2025-01-30 17:00:00,17,16540.735,6.6,37.972743,67.277269,0.178829,-0.266086,29.304526000000003,0,37.848537,0.0,39.536972,37.972743,0.002118025,0
2025-01-30 18:00:00,18,17039.065000000002,5.7,37.848537,48.228006,0.246179,-0.037642,10.379469,0,37.155786,0.0,41.281292,37.848537,0.0028386237,0
2025-01-30 19:00:00,19,16835.957,4.8,37.155786,44.560553,0.272768,-0.036982,7.404767,0,36.560591,0.0,36.413654,37.155786,0.0013352844,0
2025-01-30 20:00:00,20,16781.09,4.4,36.560591,38.912253,0.400439,-0.109848,2.3516619999999975,0,33.995309,0.0,34.14759,36.560591,0.00020396245,0
2025-01-30 21:00:00,21,16390.542999999998,4.3,33.995309,36.453035,0.395928,-0.070619,2.457726000000001,0,30.650449,0.0,31.22635,33.995309,0.00015279397,0
2025-01-30 22:00:00,22,15676.026000000002,3.5,30.650449,32.967747,0.36653,-0.056081,2.3172980000000045,0,28.286219,0.0,28.678568,30.650449,9.2287e-05,0
2025-01-30 23:00:00,23,15026.08,2.8,28.286219,26.899188,0.934475,-0.148256,-1.3870310000000003,0,28.682606,0.0,27.025862,28.286219,8.9117464e-05,0
2025-01-31 00:00:00,0,14558.45,3.0,28.682606,27.115024,0.951402,-0.178796,-1.5675820000000016,0,28.051596,0.0,26.321783,28.682606,0.00037141234,0
2025-01-31 01:00:00,1,14438.297,3.0,28.051596,26.646029,0.900817,-0.229221,-1.4055670000000013,0,27.105336,0.0,26.861412,28.051596,0.00045064473,0
2025-01-31 02:00:00,2,14306.649,3.0,27.105336,24.266286,0.967785,-0.272449,-2.8390500000000003,0,27.071658,0.0,26.696224,27.105336,0.00058228336,0
2025-01-31 03:00:00,3,14418.06,3.3,27.071658,29.059028,1.070202,-0.248544,1.987370000000002,0,27.414072,0.0,28.268963,27.071658,0.00048752705,0
2025-01-31 04:00:00,4,14589.152,3.8,27.414072,35.780303,1.420433,-0.256361,8.366231000000003,0,28.983047,0.0,32.104065,27.414072,0.00041674805,0
2025-01-31 05:00:00,5,15262.887,4.0,28.983047,30.351605,1.385815,-0.282768,1.3685580000000002,0,33.994189,0.0,43.01261,28.983047,0.0033857133,0
2025-01-31 06:00:00,6,16158.692,3.9,33.994189,35.88528,1.708766,-0.624577,1.891091000000003,0,37.06368,0.0,41.786823,33.994189,0.004322003,0
2025-01-31 07:00:00,7,16514.997,4.2,37.06368,33.90097,0.918557,-0.794877,-3.162709999999997,0,40.59513,0.0,33.084198,37.06368,0.00042202967,0
2025-01-31 08:00:00,8,16667.859,4.0,40.59513,34.478009,1.706189,-0.361059,-6.117120999999997,0,38.750986,0.0,32.476646,40.59513,0.00033927461,0
2025-01-31 09:00:00,9,16640.284,5.3,38.750986,34.382757,1.489596,-0.49861,-4.3682289999999995,0,35.757597,0.0,33.24324,38.750986,0.00017846723,0
2025-01-31 10:00:00,10,16647.784,5.7,35.757597,37.373577,-0.072624,-0.629779,1.6159800000000004,0,33.959678,0.0,34.53673,35.757597,0.00019202764,0
2025-01-31 11:00:00,11,16479.452,5.9,33.959678,29.493614,-0.557048,-0.453274,-4.466063999999996,0,32.654885,0.0,33.62319,33.959678,0.00025528666,0
2025-01-31 12:00:00,12,16315.318,6.6,32.654885,30.712919,-0.59328,-0.311835,-1.9419660000000007,0,30.472779,0.0,32.38626,32.654885,0.00019088195,0
2025-01-31 13:00:00,13,16111.485,7.2,30.472779,23.661718,-0.822209,-0.325012,-6.811060999999999,0,27.465702,0.0,30.266733,30.472779,0.00019088195,0
2025-01-31 14:00:00,14,15776.748,8.8,27.465702,24.915585,-2.134755,-0.299543,-2.550117,0,29.13018,0.0,29.388964,27.465702,0.0001862547,0
2025-01-31 15:00:00,15,15652.218,11.1,29.13018,23.629647,0.4006,-0.30042,-5.500533000000001,0,30.224657,0.0,30.953514,29.13018,0.00030461242,0
2025-01-31 16:00:00,16,15660.457,11.6,30.224657,27.32484,0.243009,-0.418352,-2.8998170000000023,0,36.584958,0.0,35.626904,30.224657,0.00033351683,0
2025-01-31 17:00:00,17,15820.682,12.7,36.584958,34.305289,0.320923,-0.575965,-2.2796689999999984,0,35.126417,0.0,34.338284,36.584958,0.0005193004,0
2025-01-31 18:00:00,18,16087.745,12.1,35.126417,30.663256,0.635768,-0.459351,-4.463160999999996,0,31.146962,0.0,34.669304,35.126417,0.00037661562,0
2025-01-31 19:00:00,19,16005.666,10.3,31.146962,23.126134,0.380358,-0.363396,-8.020827999999998,0,30.531641,0.0,32.59572,31.146962,0.0002155152,0
2025-01-31 20:00:00,20,15802.541,9.0,30.531641,22.559377,0.651744,-0.440103,-7.972263999999999,0,29.43339,0.0,27.724678,30.531641,7.211914e-05,0
2025-01-31 21:00:00,21,15473.804,7.8,29.43339,21.596513,0.489324,-0.315934,-7.836876999999998,0,26.523388,0.0,25.607231,29.43339,6.650037e-05,0
2025-01-31 22:00:00,22,15027.669,7.4,26.523388,21.269014,0.484242,-0.380854,-5.254374000000002,0,25.202548,0.0,25.050373,26.523388,6.339783e-05,0
2025-01-31 23:00:00,23,14598.003,4.8,25.202548,24.360898,0.723791,-0.401243,-0.8416500000000013,0,24.354646,0.0,23.923882,25.202548,6.5881795e-05,0
2025-02-01 00:00:00,0,14150.85,2.8,24.354646,30.158919,0.321955,-0.357309,5.804273000000002,0,24.096936,0.0,23.799326,24.354646,7.846587e-05,0
2025-02-01 01:00:00,1,14023.905,2.0,24.096936,24.82026,0.40443,-0.277494,0.7233240000000016,0,24.331565,0.0,23.630745,24.096936,0.0001065241,0
2025-02-01 02:00:00,2,13958.111,1.1,24.331565,24.520837,0.724705,-0.24314,0.189271999999999,0,24.378035,0.0,23.629704,24.331565,0.00011173712,0
2025-02-01 03:00:00,3,14030.483,0.3,24.378035,26.330844,0.677402,-0.259367,1.9528089999999985,0,24.982725,0.0,25.035717,24.378035,0.00011173712,0
2025-02-01 04:00:00,4,14273.136,-1.1,24.982725,30.425805,0.849817,-0.297092,5.443080000000002,0,25.278985,0.0,26.762554,24.982725,0.00011173712,0
2025-02-01 05:00:00,5,14635.178,-2.0,25.278985,27.196794,0.991681,-0.342696,1.9178090000000019,0,26.585102,0.0,32.04546,25.278985,0.0007211754,0
2025-02-01 06:00:00,6,15049.006,-2.5,26.585102,26.571433,1.116465,-0.331363,-0.013669000000000153,0,32.025441,0.0,32.359295,26.585102,0.0015193948,0
2025-02-01 07:00:00,7,15583.981,-2.5,32.025441,38.73344,0.818478,-0.533037,6.707999000000001,0,30.879625,0.0,29.714947,32.025441,0.00080778066,0
2025-02-01 08:00:00,8,15926.591,-2.5,30.879625,31.911069,0.780756,-0.481131,1.0314440000000005,0,26.487106,0.0,30.80682,30.879625,0.0009191377,0
2025-02-01 09:00:00,9,16089.908,-2.5,26.487106,22.237114,1.308779,-0.471673,-4.249992000000002,0,26.17383,0.0,29.936409,26.487106,0.0004766208,0
2025-02-01 10:00:00,10,16060.445,-2.0,26.17383,25.405414,1.316924,-0.523094,-0.7684159999999984,0,25.942413,0.0,26.582468,26.17383,0.00025121457,0
2025-02-01 11:00:00,11,15831.854,-1.5,25.942413,25.457035,1.568813,-0.5164,-0.4853779999999972,0,25.556115,0.0,26.27991,25.942413,8.8757944e-05,0
2025-02-01 12:00:00,12,15500.693,-1.1,25.556115,22.908003,1.263491,-0.507376,-2.6481119999999976,0,24.849163,0.0,24.731785,25.556115,8.546671e-05,0
2025-02-01 13:00:00,13,15125.633,-0.3,24.849163,21.388635,1.197148,-0.517985,-3.460528,0,25.263046,0.0,24.35287,24.849163,8.546671e-05,0
2025-02-01 14:00:00,14,14911.398,0.0,25.263046,21.134014,1.328921,-0.565875,-4.129031999999999,0,25.666715,0.0,24.239313,25.263046,8.546671e-05,0
2025-02-01 15:00:00,15,14898.843,0.3,25.666715,22.199534,1.367829,-0.521114,-3.467181,0,30.102632,0.0,29.520716,25.666715,9.266213e-05,0
2025-02-01 16:00:00,16,15068.716,0.4,30.102632,27.571094,1.918513,-0.565881,-2.531538000000001,0,40.511717,0.0,38.22918,30.102632,0.00010575792,0
2025-02-01 17:00:00,17,15573.148,0.5,40.511717,72.700516,2.368223,-0.786506,32.188798999999996,0,41.350692,0.0,35.99144,40.511717,0.000472806,0
2025-02-01 18:00:00,18,16444.689,0.3,41.350692,39.340849,1.9332,-0.622508,-2.0098430000000036,0,40.217712,0.0,35.41675,41.350692,0.00013502779,0
2025-02-01 19:00:00,19,16699.497,-1.1,40.217712,59.119333,2.0632,-0.715488,18.901621,0,38.980861,0.0,34.712967,40.217712,0.00014521519,0
2025-02-01 20:00:00,20,16748.521,-1.8,38.980861,51.731457,2.18234,-0.791479,12.750596000000002,0,38.14033,0.0,34.892178,38.980861,6.66016e-05,0
2025-02-01 21:00:00,21,16645.442,-1.5,38.14033,38.446512,2.30091,-0.67058,0.30618199999999973,0,36.096838,0.0,32.634327,38.14033,9.254371e-05,0
2025-02-01 22:00:00,22,16401.481,-2.0,36.096838,31.592833,2.079901,-0.643063,-4.504004999999999,0,33.988236,0.0,31.490595,36.096838,0.00017904196,0
2025-02-01 23:00:00,23,16057.345,-2.4,33.988236,30.998854,2.070952,-0.362716,-2.989381999999999,0,34.427522,0.0,30.950386,33.988236,0.0004155401,0
2025-02-02 00:00:00,0,15802.627,-2.7,34.427522,43.932631,0.689094,-0.231572,9.505108999999997,0,33.899286,0.0,31.694927,34.427522,0.0006089604,0
2025-02-02 01:00:00,1,15680.297,-2.9,33.899286,46.619135,0.587155,-0.087869,12.719849000000004,0,33.958577,0.0,31.788223,33.899286,0.00044902813,0
2025-02-02 02:00:00,2,15580.838,-3.1,33.958577,27.985298,1.004878,-0.136301,-5.973278999999998,0,34.307493,0.0,31.94535,33.958577,0.00053166394,0
2025-02-02 03:00:00,3,15638.754,-3.0,34.307493,35.718675,0.571158,-0.173665,1.4111819999999966,0,34.992514,0.0,32.21078,34.307493,0.00043863035,0
2025-02-02 04:00:00,4,15629.023,-3.0,34.992514,31.374754,0.338236,-0.135722,-3.6177600000000005,0,35.827069,0.0,33.27558,34.992514,0.0005159156,0
2025-02-02 05:00:00,5,15850.763,-3.0,35.827069,42.144346,0.089119,-0.19205,6.317276999999997,0,39.770682,0.0,39.65596,35.827069,0.0024773604,0
2025-02-02 06:00:00,6,16146.451,-3.0,39.770682,30.573875,-0.762244,-0.097074,-9.196807,0,45.24452,0.0,47.284332,39.770682,0.00669658,0
2025-02-02 07:00:00,7,16526.95,-2.9,45.24452,34.755705,-2.778534,-0.016946,-10.488815000000002,0,40.613078,0.0,34.29989,45.24452,0.0023853863,0
2025-02-02 08:00:00,8,16783.295,-2.8,40.613078,45.592918,-1.44186,-0.175062,4.979839999999996,0,37.217974,0.0,32.938572,40.613078,0.001754014,0
2025-02-02 09:00:00,9,16914.099000000002,-2.5,37.217974,57.967911,0.740797,-0.372823,20.749937000000003,0,35.33949,0.0,34.2531,37.217974,0.00070419785,0
2025-02-02 10:00:00,10,16827.864999999998,-0.8,35.33949,85.699635,0.231804,-0.472314,50.360145,0,33.876773,0.0,33.583435,35.33949,0.00049713696,0
2025-02-02 11:00:00,11,16563.023,0.3,33.876773,40.310857,-0.350726,-0.532501,6.434083999999999,0,31.931296,0.0,31.90963,33.876773,0.0002597673,0
2025-02-02 12:00:00,12,16278.043,2.0,31.931296,57.998883,-0.44227,-0.546434,26.067587,0,31.461869,0.0,33.859283,31.931296,0.00017040288,0
2025-02-02 13:00:00,13,15883.046000000002,4.6,31.461869,87.383847,-0.220963,-0.607168,55.921978,0,30.497913,0.0,29.90865,31.461869,0.0001665268,0
2025-02-02 14:00:00,14,15597.664,6.4,30.497913,43.966932,-0.583226,-0.598861,13.469019,0,31.36688,0.0,29.680182,30.497913,0.0002187022,0
2025-02-02 15:00:00,15,15328.664,8.4,31.36688,44.973485,0.0,-0.65312,13.606604999999998,0,34.01015,0.0,32.280113,31.36688,0.00028108782,0
2025-02-02 16:00:00,16,15352.608,9.1,34.01015,32.587143,0.010664,-0.820514,-1.4230070000000055,0,40.751926,0.0,37.377777,34.01015,0.00043721558,0
2025-02-02 17:00:00,17,15628.264,9.9,40.751926,48.18665,0.021908,-1.329982,7.434724000000003,0,46.540207,0.0,40.297997,40.751926,0.0009552494,0
2025-02-02 18:00:00,18,16236.307,8.1,46.540207,69.314925,0.008281,-1.538074,22.774718,0,41.489214,0.0,38.469044,46.540207,0.00094852457,0
2025-02-02 19:00:00,19,16270.558,6.2,41.489214,36.804792,0.0,-1.420786,-4.684421999999998,0,37.116924,0.0,40.252552,41.489214,0.0011093287,0
2025-02-02 20:00:00,20,16056.728,4.3,37.116924,39.430674,0.0,-1.393076,2.313750000000006,0,33.9613,0.0,37.03663,37.116924,9.357826e-05,0
2025-02-02 21:00:00,21,15818.342,3.2,33.9613,38.695087,0.164661,-1.273361,4.7337869999999995,0,32.145879,0.0,29.627317,33.9613,0.00012468261,0
2025-02-02 22:00:00,22,15435.043,2.2,32.145879,49.633726,0.305574,-1.189695,17.487847000000002,0,30.288134,0.0,28.565367,32.145879,9.846473e-05,0
2025-02-02 23:00:00,23,15137.555,1.5,30.288134,32.460244,0.139086,-1.070952,2.1721100000000035,0,25.986637,0.0,28.739328,30.288134,0.00010329047,0
2025-02-03 00:00:00,0,14967.124,0.9,25.986637,31.386102,0.4451,-1.068463,5.399464999999999,0,24.653868,0.0,28.439362,25.986637,0.00035140006,0
2025-02-03 01:00:00,1,14797.078,0.4,24.653868,30.16536,0.52958,-0.995712,5.5114920000000005,0,25.252448,0.0,25.83041,24.653868,0.000105337014,0
2025-02-03 02:00:00,2,14722.039,0.2,25.252448,28.670368,0.47632,-1.003872,3.4179199999999987,0,25.500387,0.0,25.04419,25.252448,0.000105337014,0
2025-02-03 03:00:00,3,14939.095,0.4,25.500387,33.966385,0.505884,-1.005497,8.465998000000003,0,26.478587,0.0,27.27708,25.500387,0.00012330401,0
2025-02-03 04:00:00,4,15252.496,-0.1,26.478587,33.355376,0.631488,-0.982901,6.876788999999999,0,30.276074,0.0,29.929281,26.478587,0.00010463285,0
2025-02-03 05:00:00,5,15904.376,0.6,30.276074,33.713985,0.613365,-1.017291,3.4379109999999997,0,46.804967,0.0,43.036064,30.276074,0.00069535105,0
2025-02-03 06:00:00,6,16919.118000000002,0.3,46.804967,66.071552,1.137572,-1.782605,19.266585,0,52.827257,0.0,48.123035,46.804967,0.0054643797,0
2025-02-03 07:00:00,7,17526.474,0.4,52.827257,71.182148,0.050798,-2.013541,18.354890999999995,0,32.866672,0.0,42.85084,52.827257,0.0054430165,0
2025-02-03 08:00:00,8,17471.012000000002,1.1,32.866672,45.454821,0.304229,-1.227557,12.588149000000001,0,29.702938,0.0,41.027817,32.866672,0.0019144007,0
2025-02-03 09:00:00,9,17175.510000000002,3.7,29.702938,45.676973,0.718238,-0.9853,15.974034999999997,0,27.17941,0.0,30.615046,29.702938,0.00012597292,0
2025-02-03 10:00:00,10,16741.940000000002,5.2,27.17941,35.180894,0.410224,-0.890814,8.001484000000001,0,25.104815,0.0,29.149475,27.17941,0.00012771363,0
2025-02-03 11:00:00,11,16119.81,7.4,25.104815,24.604236,0.181488,-0.826673,-0.5005789999999983,0,24.805832,0.0,26.810457,25.104815,0.00013963474,0
2025-02-03 12:00:00,12,15564.017,9.2,24.805832,30.635663,0.232417,-0.826585,5.829831000000002,0,24.622803,0.0,24.261822,24.805832,9.47457e-05,0
2025-02-03 13:00:00,13,15225.129,12.1,24.622803,29.621129,0.078189,-0.845386,4.998325999999999,0,24.278721,0.0,24.352072,24.622803,9.47457e-05,0
2025-02-03 14:00:00,14,14893.766,13.1,24.278721,23.890622,0.069107,-0.870386,-0.3880990000000004,0,24.859297,0.0,24.39562,24.278721,9.47457e-05,0
2025-02-03 15:00:00,15,14596.078,15.2,24.859297,22.405434,0.348718,-0.839421,-2.453863000000002,0,27.968419,0.0,27.700367,24.859297,0.0001285638,0
2025-02-03 16:00:00,16,14639.712,16.0,27.968419,33.128413,0.444272,-0.865853,5.159994000000001,0,36.347718,0.0,33.71582,27.968419,0.00023108503,0
2025-02-03 17:00:00,17,14798.273,16.5,36.347718,46.76229,0.08543,-0.977712,10.414572,0,36.024597,0.0,34.37194,36.347718,0.0020305465,0
2025-02-03 18:00:00,18,15598.118,15.6,36.024597,48.476829,0.208901,-0.794304,12.452232000000002,0,34.086302,0.0,34.620743,36.024597,0.00107773,0
2025-02-03 19:00:00,19,15598.281,13.9,34.086302,47.069895,0.52948,-0.663178,12.983592999999999,0,31.740122,0.0,33.040386,34.086302,0.000761933,0
2025-02-03 20:00:00,20,15549.017,12.5,31.740122,27.396925,0.948045,-0.727923,-4.343197,0,27.500635,0.0,28.851095,31.740122,8.298873e-05,0
2025-02-03 21:00:00,21,15155.673,12.2,27.500635,28.782464,0.701419,-0.590784,1.2818290000000019,0,24.970551,0.0,24.116777,27.500635,7.7455785e-05,0
2025-02-03 22:00:00,22,14613.574,11.7,24.970551,24.431998,0.72763,-0.717079,-0.5385530000000003,0,23.446079,0.0,20.242668,24.970551,7.851011e-05,0
2025-02-03 23:00:00,23,14134.054,11.4,23.446079,23.940983,0.651184,-0.615105,0.49490399999999823,0,25.527047,0.0,20.44208,23.446079,6.9113994e-05,0
2025-02-04 00:00:00,0,13714.533,10.6,25.527047,23.31093,1.326479,-0.579432,-2.2161170000000006,0,26.334944,0.0,20.667967,25.527047,9.720936e-05,0
2025-02-04 01:00:00,1,13609.481,6.2,26.334944,20.576271,1.464396,-0.519452,-5.758673000000002,0,24.72573,0.0,22.172602,26.334944,0.000103145685,0
2025-02-04 02:00:00,2,13460.324,4.2,24.72573,20.922116,1.516072,-0.460342,-3.8036139999999996,0,24.868823,0.0,23.749659,24.72573,0.00031471028,0
2025-02-04 03:00:00,3,13487.104,3.0,24.868823,21.146057,1.46734,-0.478517,-3.722766,0,25.957139,0.0,24.94002,24.868823,0.00010979068,0
2025-02-04 04:00:00,4,13736.579,2.5,25.957139,25.742651,1.576929,-0.52979,-0.2144880000000029,0,28.856913,0.0,28.099432,25.957139,0.000109947934,0
2025-02-04 05:00:00,5,14374.698,2.0,28.856913,28.229627,1.998874,-0.611961,-0.627285999999998,0,36.950232,0.0,40.856594,28.856913,0.00033860316,0
2025-02-04 06:00:00,6,15405.582,1.0,36.950232,31.745529,1.756199,-1.055967,-5.2047029999999985,0,40.264248,0.0,41.992115,36.950232,0.0029583345,0
2025-02-04 07:00:00,7,16158.702,0.9,40.264248,33.575543,0.809752,-1.335504,-6.688704999999999,0,32.76444,0.0,36.273987,40.264248,0.0006151587,0
2025-02-04 08:00:00,8,16184.498,0.6,32.76444,29.253189,0.97918,-0.72474,-3.5112510000000015,0,30.710066,0.0,31.081997,32.76444,0.000110084744,0
2025-02-04 09:00:00,9,16124.29,1.1,30.710066,20.13108,2.122347,-0.552281,-10.578986,0,29.182117,0.0,28.37443,30.710066,8.640344e-05,0
2025-02-04 10:00:00,10,16050.297,1.4,29.182117,23.429618,0.673286,-0.561169,-5.752499,0,29.152121,0.0,28.567408,29.182117,0.00010020065,0
2025-02-04 11:00:00,11,15977.24,1.4,29.152121,25.131242,0.519124,-0.437003,-4.020879000000001,0,29.487445,0.0,27.590746,29.152121,0.00012496638,0
2025-02-04 12:00:00,12,15759.201,2.2,29.487445,24.734692,0.394388,-0.436943,-4.752753000000002,0,29.022585,0.0,26.987255,29.487445,0.00012496638,0
2025-02-04 13:00:00,13,15549.975,3.1,29.022585,23.212704,0.565771,-0.393186,-5.809881000000001,0,25.853659,0.0,27.248428,29.022585,0.00028392478,0
2025-02-04 14:00:00,14,15208.778,4.1,25.853659,23.431005,-0.800668,-0.315673,-2.4226540000000014,0,28.103759,0.0,26.642124,25.853659,0.0003072213,0
2025-02-04 15:00:00,15,15024.911,4.4,28.103759,23.041736,0.332002,-0.338243,-5.062023,0,33.250658,0.0,28.455555,28.103759,0.00027612053,0
2025-02-04 16:00:00,16,15240.02,4.9,33.250658,27.217793,0.903411,-0.472753,-6.032865000000001,0,49.792888,0.0,34.10412,33.250658,0.00076258817,0
2025-02-04 17:00:00,17,15740.444,4.4,49.792888,40.134777,1.231688,-1.0188,-9.658110999999998,0,53.283347,0.0,38.305317,49.792888,0.000688199,0
2025-02-04 18:00:00,18,16545.695,3.2,53.283347,39.646898,0.87073,-1.007383,-13.636448999999999,0,47.619915,0.0,40.998455,53.283347,0.0030614052,0
2025-02-04 19:00:00,19,16662.936999999998,1.6,47.619915,33.748097,0.942647,-0.722732,-13.871817999999998,0,45.212915,0.0,39.418694,47.619915,0.0013285214,0
2025-02-04 20:00:00,20,16648.869,0.7,45.212915,38.774233,0.786029,-0.613114,-6.438682,0,42.813402,0.0,37.524952,45.212915,0.00012996624,0
2025-02-04 21:00:00,21,16344.139,0.7,42.813402,34.196968,0.634405,-0.511003,-8.616434000000005,0,38.24582,0.0,34.640064,42.813402,0.00037864316,0
2025-02-04 22:00:00,22,15870.6,-0.2,38.24582,27.170439,0.64209,-0.28627,-11.075381000000004,0,36.556794,0.0,32.490147,38.24582,0.0003802293,0
2025-02-04 23:00:00,23,15403.581,-0.9,36.556794,29.466672,0.942832,-0.186038,-7.090121999999997,0,31.662843,0.0,31.512793,36.556794,0.00013814984,0
2025-02-05 00:00:00,0,15052.035,-1.4,31.662843,32.179132,0.075446,-0.432603,0.516289000000004,0,32.463247,0.0,32.78167,31.662843,0.00023828394,0
2025-02-05 01:00:00,1,14891.694,-2.0,32.463247,34.691884,-0.058824,-0.427929,2.228636999999999,0,30.907271,0.0,28.175913,32.463247,0.000249713,0
2025-02-05 02:00:00,2,14905.954,-2.2,30.907271,33.401399,0.084763,-0.367492,2.4941279999999963,0,31.311829,0.0,29.059605,30.907271,0.00044251597,0
2025-02-05 03:00:00,3,15003.04,-2.3,31.311829,32.631,0.111642,-0.329813,1.3191710000000008,0,33.098232,0.0,30.468555,31.311829,0.00044251597,0
2025-02-05 04:00:00,4,15229.309,-2.3,33.098232,31.975403,0.072741,-0.244509,-1.122829000000003,0,35.381677,0.0,35.44789,33.098232,0.0004492814,0
2025-02-05 05:00:00,5,15932.862,-2.5,35.381677,31.873769,0.29857,-0.196893,-3.507908000000004,0,47.113633,0.0,55.46357,35.381677,0.014482515,0
2025-02-05 06:00:00,6,17012.219,-2.7,47.113633,34.765215,1.186664,-0.393031,-12.348418000000002,0,54.387065,0.0,59.27642,47.113633,0.339882,0
2025-02-05 07:00:00,7,17574.011,-2.8,54.387065,37.34579,1.368728,-0.481663,-17.041275,0,52.629478,0.0,45.177658,54.387065,0.032136757,0
2025-02-05 08:00:00,8,17719.346,-3.0,52.629478,42.178959,0.997925,-0.238447,-10.450519,0,50.539527,0.0,38.51605,52.629478,0.021206709,0
2025-02-05 09:00:00,9,17673.208,-2.3,50.539527,58.802979,0.81668,-0.247153,8.263452000000001,0,50.727441,0.0,39.405373,50.539527,0.01000126,0
2025-02-05 10:00:00,10,17529.897,-2.1,50.727441,297.504302,0.77103,-0.383589,246.776861,0,48.162999,0.0,40.913445,50.727441,0.0142517835,0
2025-02-05 11:00:00,11,17548.453,-1.7,48.162999,34.65644,0.760251,-0.347252,-13.506558999999996,0,48.844414,0.0,43.420135,48.162999,0.014194782,0
2025-02-05 12:00:00,12,17321.186999999998,-1.1,48.844414,29.336094,0.739038,-0.324624,-19.50832,0,48.147311,0.0,40.051094,48.844414,0.0061209965,0
2025-02-05 13:00:00,13,17227.872,-0.8,48.147311,29.870664,0.689101,-0.33179,-18.276647,0,43.025847,0.0,42.235283,48.147311,0.01073888,0
2025-02-05 14:00:00,14,17064.37,0.0,43.025847,34.736062,0.73409,-0.368243,-8.289785000000002,0,41.48167,0.0,44.855553,43.025847,0.012416457,0
2025-02-05 15:00:00,15,17003.155,0.3,41.48167,39.355883,0.536008,-0.414338,-2.1257870000000025,0,42.561328,0.0,46.46734,41.48167,0.008232169,0
2025-02-05 16:00:00,16,17211.626,0.6,42.561328,36.606137,0.692866,-0.411538,-5.955191000000006,0,53.530664,0.0,58.452232,42.561328,0.002241767,0
2025-02-05 17:00:00,17,17546.656,0.9,53.530664,40.145439,2.251155,-0.590491,-13.385224999999998,0,58.089016,0.0,56.232857,53.530664,0.03875463,0
2025-02-05 18:00:00,18,17938.619,0.9,58.089016,49.210567,3.448922,-0.559906,-8.878449000000003,0,50.978744,0.0,59.02994,58.089016,0.055097267,0
2025-02-05 19:00:00,19,17945.095999999998,0.8,50.978744,47.897653,3.027358,-0.538614,-3.0810910000000007,0,46.977286,0.0,49.583263,50.978744,0.005505174,0
2025-02-05 20:00:00,20,17745.208,0.6,46.977286,46.203677,0.963686,-0.5764,-0.7736090000000004,0,46.960115,0.0,46.029926,46.977286,0.00065681053,0
2025-02-05 21:00:00,21,17288.856,-0.2,46.960115,66.581707,0.549304,-0.509189,19.621591999999993,0,40.741938,0.0,41.699642,46.960115,0.0003396353,0
2025-02-05 22:00:00,22,16781.108,-0.2,40.741938,45.853276,0.163732,-0.481794,5.1113380000000035,0,35.536127,0.0,42.398598,40.741938,0.00021302358,0
2025-02-05 23:00:00,23,16259.935,-0.5,35.536127,42.214795,0.111133,-0.545006,6.678668000000002,0,34.412272,0.0,35.137005,35.536127,0.00011370906,0
2025-02-06 00:00:00,0,15727.555,-0.4,34.412272,43.138335,0.427807,-0.515535,8.726062999999996,0,32.849781,0.0,32.76718,34.412272,0.00021591996,0
2025-02-06 01:00:00,1,15550.348,-0.2,32.849781,51.438063,0.448294,-0.718513,18.588282,0,31.844907,0.0,31.090998,32.849781,0.00013327734,0
2025-02-06 02:00:00,2,15350.622,0.2,31.844907,49.077451,0.46103,-0.516123,17.232544000000004,0,30.577615,0.0,29.670105,31.844907,0.00013327734,0
2025-02-06 03:00:00,3,15318.47,0.6,30.577615,37.78978,0.587791,-0.490176,7.212164999999999,0,30.409158,0.0,31.219671,30.577615,0.00013273313,0
2025-02-06 04:00:00,4,15518.768,1.1,30.409158,38.253727,0.867357,-0.548199,7.844568999999996,0,32.279093,0.0,34.912796,30.409158,0.00013196646,0
2025-02-06 05:00:00,5,16034.346999999998,1.9,32.279093,34.488054,1.298773,-0.71968,2.208960999999995,0,43.767439,0.0,51.78888,32.279093,0.0008323736,0
2025-02-06 06:00:00,6,16746.545,2.0,43.767439,40.931045,1.803565,-1.026126,-2.8363940000000056,0,46.209764,0.0,55.26343,43.767439,0.009477809,0
2025-02-06 07:00:00,7,17356.697,2.8,46.209764,51.138119,3.160857,-0.991093,4.928355000000003,0,45.333841,0.0,45.21309,46.209764,0.0050296118,0
2025-02-06 08:00:00,8,17394.017,3.9,45.333841,100.393933,2.155994,-0.682153,55.060092000000004,0,44.249809,0.0,43.957848,45.333841,0.0038673624,0
2025-02-06 09:00:00,9,17297.582,1.2,44.249809,65.75388,1.75444,-0.664631,21.504070999999996,0,41.742762,0.0,41.395374,44.249809,0.0033520511,0
2025-02-06 10:00:00,10,17279.206,2.5,41.742762,162.891866,1.376691,-0.743929,121.149104,0,37.854034,0.0,41.53545,41.742762,0.0031317975,0
2025-02-06 11:00:00,11,17158.642,4.3,37.854034,44.763435,0.98698,-0.662946,6.909401000000003,0,32.850897,0.0,41.040375,37.854034,0.0012053215,0
2025-02-06 12:00:00,12,16917.034,4.9,32.850897,30.647532,-0.078622,-0.620481,-2.2033650000000016,0,31.746777,0.0,36.67476,32.850897,0.0010438473,0
2025-02-06 13:00:00,13,16600.495,5.8,31.746777,48.130019,-0.365255,-0.687968,16.383241999999996,0,28.321203,0.0,32.373318,31.746777,0.00046889114,0
2025-02-06 14:00:00,14,16306.207,7.1,28.321203,62.30211,0.138209,-0.677006,33.980907,0,27.410812,0.0,32.455677,28.321203,0.00060017704,0
2025-02-06 15:00:00,15,16007.416,7.9,27.410812,37.161585,0.469194,-0.818382,9.750773000000002,0,29.832437,0.0,34.677464,27.410812,0.0006222412,0
2025-02-06 16:00:00,16,15976.558,7.6,29.832437,46.596973,1.009095,-0.926658,16.764536,0,39.021675,0.0,38.658695,29.832437,0.0018700351,0
2025-02-06 17:00:00,17,16224.263,7.2,39.021675,46.440154,2.052294,-1.290619,7.418478999999998,0,43.706163,0.0,36.320545,39.021675,0.00210599,0
2025-02-06 18:00:00,18,16625.449,6.4,43.706163,41.991194,2.287763,-1.2816,-1.7149689999999964,0,37.868176,0.0,40.266018,43.706163,0.0007963132,0
2025-02-06 19:00:00,19,16621.093,4.3,37.868176,55.834582,2.289227,-1.091051,17.966406,0,33.072811,0.0,41.29752,37.868176,0.001012069,0
2025-02-06 20:00:00,20,16680.753,3.0,33.072811,36.045905,1.336951,-0.84414,2.973093999999996,0,30.480596,0.0,34.385914,33.072811,0.00018625507,0
2025-02-06 21:00:00,21,16292.389,1.4,30.480596,40.341769,0.776216,-0.65562,9.861173,0,27.573431,0.0,30.141844,30.480596,0.00017006365,0
2025-02-06 22:00:00,22,15759.352,0.3,27.573431,38.529373,0.691217,-0.637786,10.955942,0,24.990844,0.0,28.364218,27.573431,0.00017903958,0
2025-02-06 23:00:00,23,15304.072,-0.2,24.990844,35.274361,0.620446,-0.569602,10.283517,0,29.346459,0.0,26.514706,24.990844,9.639014e-05,0
2025-02-07 00:00:00,0,14883.054,-0.3,29.346459,27.320982,0.364232,-0.477773,-2.0254769999999986,0,29.074982,0.0,24.640507,29.346459,7.6555945e-05,0
2025-02-07 01:00:00,1,14716.653,-0.1,29.074982,25.483894,0.308179,-0.453197,-3.591087999999999,0,29.457004,0.0,27.185886,29.074982,0.000108500746,0
2025-02-07 02:00:00,2,14629.179,0.2,29.457004,26.668582,0.247846,-0.430842,-2.7884220000000006,0,31.118817,0.0,26.767403,29.457004,0.00011119038,0
2025-02-07 03:00:00,3,14634.451,0.0,31.118817,32.885636,0.192119,-0.493302,1.7668189999999981,0,32.65606,0.0,29.267921,31.118817,0.00012531911,0
2025-02-07 04:00:00,4,14985.434,-0.2,32.65606,32.814407,0.251266,-0.515206,0.15834700000000623,0,37.061237,0.0,32.28459,32.65606,0.00012723567,0
2025-02-07 05:00:00,5,15652.863,-0.6,37.061237,31.852758,0.280785,-0.739548,-5.208478999999997,0,50.675287,0.0,44.07045,37.061237,0.000301664,0
2025-02-07 06:00:00,6,16859.468,-1.1,50.675287,60.609878,0.167401,-1.032114,9.934591000000005,0,62.982658,0.0,50.51059,50.675287,0.01970467,0
2025-02-07 07:00:00,7,17572.81,-1.8,62.982658,69.402943,0.663056,-1.460398,6.420284999999993,0,47.193509,0.0,42.84203,62.982658,0.004423531,0
2025-02-07 08:00:00,8,17584.838,-2.3,47.193509,40.195975,0.653759,-1.04025,-6.997534000000002,0,36.994369,0.0,43.50591,47.193509,0.036585648,0
2025-02-07 09:00:00,9,17258.690000000002,-1.8,36.994369,35.243397,0.194834,-1.020465,-1.7509719999999973,0,35.143684,0.0,40.440685,36.994369,0.004636106,0
2025-02-07 10:00:00,10,16921.65,-1.0,35.143684,33.036747,0.235625,-1.091941,-2.106937000000002,0,34.339116,0.0,35.523468,35.143684,0.0004681174,0
2025-02-07 11:00:00,11,16526.842,-0.5,34.339116,32.84788,0.224363,-1.105247,-1.4912359999999936,0,32.206867,0.0,33.543175,34.339116,0.000328407,0
2025-02-07 12:00:00,12,16234.797,0.0,32.206867,30.545206,-0.038502,-1.064631,-1.6616610000000023,0,32.053809,0.0,32.31592,32.206867,0.00023691995,0
2025-02-07 13:00:00,13,15872.184,0.3,32.053809,26.571276,0.018136,-1.124327,-5.482533,0,31.657454,0.0,29.946047,32.053809,0.00023691995,0
2025-02-07 14:00:00,14,15500.27,0.9,31.657454,26.545319,0.048526,-0.971072,-5.112135000000002,0,32.787814,0.0,29.33129,31.657454,0.000258524,0
2025-02-07 15:00:00,15,15330.727,1.5,32.787814,26.969154,0.331278,-0.893464,-5.818659999999998,0,40.11676,0.0,35.196228,32.787814,0.00035853815,0
2025-02-07 16:00:00,16,15526.385,1.9,40.11676,35.39674,0.659989,-0.883229,-4.720019999999998,0,52.305094,0.0,42.985012,40.11676,0.00062854524,0
2025-02-07 17:00:00,17,16001.001,1.9,52.305094,44.746429,0.882602,-1.267508,-7.558664999999998,0,57.555091,0.0,45.806946,52.305094,0.003422787,0
2025-02-07 18:00:00,18,16589.468999999997,1.4,57.555091,44.789723,1.144362,-1.349271,-12.765367999999995,0,50.839079,0.0,46.836548,57.555091,0.009116122,0
2025-02-07 19:00:00,19,16695.581,-0.2,50.839079,38.313002,1.294845,-0.865766,-12.526077,0,49.740878,0.0,45.753933,50.839079,0.0028942656,0
2025-02-07 20:00:00,20,16672.419,-1.1,49.740878,39.810138,0.79169,-0.750812,-9.93074,0,43.967044,0.0,43.799393,49.740878,0.00023494218,0
2025-02-07 21:00:00,21,16504.494,-1.5,43.967044,35.807871,0.132291,-0.695247,-8.159173000000003,0,43.504705,0.0,40.29576,43.967044,0.00026048927,0
2025-02-07 22:00:00,22,16014.872,-2.1,43.504705,38.040281,0.095966,-0.621261,-5.464424000000001,0,38.261418,0.0,37.538364,43.504705,0.00030046565,0
2025-02-07 23:00:00,23,15435.042,-2.7,38.261418,37.829599,0.255667,-0.624249,-0.4318189999999973,0,37.23136,0.0,38.236805,38.261418,0.00029063097,0
2025-02-08 00:00:00,0,15080.685,-2.7,37.23136,45.43951,0.207457,-0.456097,8.208149999999996,0,36.247506,0.0,34.60759,37.23136,0.00059228105,0
2025-02-08 01:00:00,1,14865.065,-2.2,36.247506,43.030382,0.557765,-0.350259,6.782876000000002,0,34.752149,0.0,32.574604,36.247506,0.00056232605,0
2025-02-08 02:00:00,2,14808.419999999998,-1.8,34.752149,34.897824,0.512718,-0.290569,0.1456749999999971,0,34.861582,0.0,33.148926,34.752149,0.00015982245,0
2025-02-08 03:00:00,3,14692.905,-1.5,34.861582,34.804325,0.700424,-0.168842,-0.05725699999999989,0,35.235466,0.0,32.19,34.861582,0.00014524108,0
2025-02-08 04:00:00,4,14833.844,-1.4,35.235466,35.691115,0.924836,-0.12937,0.4556490000000011,0,36.013436,0.0,34.304756,35.235466,0.00014642124,0
2025-02-08 05:00:00,5,15170.95,-1.4,36.013436,33.520484,1.0371,-0.093664,-2.4929519999999954,0,39.116659,0.0,41.775005,36.013436,0.0010017987,0
2025-02-08 06:00:00,6,15527.365,-1.4,39.116659,30.091075,0.912057,0.094602,-9.025583999999998,0,41.232723,0.0,44.955643,39.116659,0.022803487,0
2025-02-08 07:00:00,7,16011.183,-1.5,41.232723,38.439808,-0.010006,0.372729,-2.7929150000000007,0,45.712103,0.0,42.05767,41.232723,0.0010304718,0
2025-02-08 08:00:00,8,16300.869,-1.5,45.712103,38.079389,-0.931465,0.583568,-7.632714,0,49.186017,0.0,39.99335,45.712103,0.00040218933,0
2025-02-08 09:00:00,9,16618.114,-1.6,49.186017,39.774574,-0.926437,0.292454,-9.411442999999998,0,49.939467,0.0,39.179863,49.186017,0.0004377012,0
2025-02-08 10:00:00,10,16623.655,-1.1,49.939467,40.382404,-1.452101,0.041568,-9.557063,0,49.517727,0.0,39.819897,49.939467,0.0019061083,0
2025-02-08 11:00:00,11,16593.542999999998,0.2,49.517727,38.688336,-2.145385,0.113112,-10.829391000000001,0,46.230695,0.0,40.495525,49.517727,0.0030346771,0
2025-02-08 12:00:00,12,16437.035,1.7,46.230695,41.438084,-1.985354,0.086049,-4.792610999999994,0,46.859791,0.0,40.064266,46.230695,0.0026882845,0
2025-02-08 13:00:00,13,16354.679,3.8,46.859791,43.45379,-1.986444,0.016235,-3.4060010000000034,0,42.954621,0.0,40.17753,46.859791,0.0012224197,0
2025-02-08 14:00:00,14,16145.38,3.8,42.954621,40.271135,-2.134839,-0.01054,-2.683486000000002,0,42.208323,0.0,43.904583,42.954621,0.0016762129,0
2025-02-08 15:00:00,15,16009.892,3.5,42.208323,41.836274,-1.563646,0.001969,-0.37204899999999697,0,43.428311,0.0,46.363785,42.208323,0.0020658092,0
2025-02-08 16:00:00,16,16178.015,3.4,43.428311,35.767084,-0.613073,0.011384,-7.661227000000004,0,44.423723,0.0,56.426952,43.428311,0.0037399908,0
2025-02-08 17:00:00,17,16387.061,3.0,44.423723,41.227586,-0.254471,0.148194,-3.1961370000000002,0,46.627244,0.0,57.758747,44.423723,0.021030439,0
2025-02-08 18:00:00,18,16564.465,3.2,46.627244,38.040474,0.802858,0.364386,-8.586769999999994,0,46.190589,0.0,50.926907,46.627244,0.005258547,0
2025-02-08 19:00:00,19,16370.13,3.2,46.190589,41.408443,1.721141,0.339448,-4.7821460000000044,0,43.0184,0.0,46.314026,46.190589,0.0009811901,0
2025-02-08 20:00:00,20,16075.144,3.6,43.0184,41.637512,1.358507,0.229893,-1.3808879999999988,0,39.591568,0.0,45.916195,43.0184,0.00018430085,0
2025-02-08 21:00:00,21,15733.861,0.9,39.591568,36.574553,1.581532,-0.019964,-3.0170150000000007,0,36.815595,0.0,39.921654,39.591568,0.00017052171,0
2025-02-08 22:00:00,22,15120.85,1.1,36.815595,38.696696,1.659551,-0.123956,1.881101000000001,0,34.266454,0.0,34.756603,36.815595,9.822746e-05,0
2025-02-08 23:00:00,23,14785.632,0.6,34.266454,34.627986,1.79938,-0.282926,0.36153199999999686,0,31.225006,0.0,33.75541,34.266454,5.8048743e-05,0
2025-02-09 00:00:00,0,14497.68,0.1,31.225006,48.606339,0.82181,-0.646804,17.381332999999998,0,30.182088,0.0,33.737053,31.225006,0.00023350958,0
2025-02-09 01:00:00,1,14350.685,-1.5,30.182088,34.715276,0.823403,-0.661315,4.533188000000003,0,29.688538,0.0,30.200693,30.182088,0.00018235896,0
2025-02-09 02:00:00,2,14176.048,-2.0,29.688538,30.883661,0.847511,-0.618973,1.1951229999999988,0,30.383727,0.0,30.520819,29.688538,0.00018615936,0
2025-02-09 03:00:00,3,14121.423,-1.7,30.383727,30.587055,0.510532,-0.676805,0.20332799999999907,0,30.801093,0.0,30.854874,30.383727,0.00013648694,0
2025-02-09 04:00:00,4,14260.331,-1.5,30.801093,33.811568,0.445409,-0.684316,3.0104749999999996,0,30.891477,0.0,33.240177,30.801093,0.00013857428,0
2025-02-09 05:00:00,5,14350.772,-1.4,30.891477,31.489279,0.322891,-0.751414,0.5978020000000015,0,32.618435,0.0,40.082703,30.891477,0.00041652308,0
2025-02-09 06:00:00,6,14736.875,-1.4,32.618435,35.893441,0.294338,-0.995903,3.2750060000000047,0,36.950646,0.0,40.700233,32.618435,0.005089179,0
2025-02-09 07:00:00,7,15192.022,-1.5,36.950646,33.285678,1.593185,-0.962539,-3.664968000000002,0,36.967455,0.0,33.39639,36.950646,0.0003604756,0
2025-02-09 08:00:00,8,15564.293,-2.2,36.967455,34.002445,1.488838,-1.031383,-2.9650099999999995,0,30.651934,0.0,35.001633,36.967455,0.00090800505,0
2025-02-09 09:00:00,9,15657.523,-1.9,30.651934,33.38023,1.408768,-0.896834,2.7282959999999967,0,30.705703,0.0,34.904278,30.651934,0.0005946072,0
2025-02-09 10:00:00,10,15764.352,-1.1,30.705703,46.426612,1.213181,-0.977478,15.720908999999999,0,30.304873,0.0,30.289656,30.705703,0.00025281627,0
2025-02-09 11:00:00,11,15836.671,-0.3,30.304873,68.149353,0.675666,-0.970793,37.844480000000004,0,28.479307,0.0,29.649729,30.304873,0.00034602112,0
2025-02-09 12:00:00,12,15836.279,0.3,28.479307,38.981291,0.776574,-0.957267,10.501984,0,27.784426,0.0,29.40278,28.479307,0.00027469028,0
2025-02-09 13:00:00,13,15842.018,0.6,27.784426,38.320905,0.875607,-0.981181,10.536479000000003,0,26.621167,0.0,27.657528,27.784426,0.0002772768,0
2025-02-09 14:00:00,14,15743.409,0.9,26.621167,45.746941,0.381813,-0.920646,19.125774,0,27.790104,0.0,28.878548,26.621167,0.00032013495,0
2025-02-09 15:00:00,15,15783.535,1.3,27.790104,31.907247,0.340407,-1.000303,4.117143000000002,0,30.307444,0.0,34.731762,27.790104,0.00042272257,0
2025-02-09 16:00:00,16,16106.913,1.5,30.307444,37.43018,0.447697,-1.150253,7.122736,0,48.316775,0.0,42.09682,30.307444,0.0006939383,0
2025-02-09 17:00:00,17,16483.395,1.5,48.316775,36.466647,1.303794,-1.887019,-11.850127999999998,0,46.800145,0.0,38.16254,48.316775,0.0006247394,0
2025-02-09 18:00:00,18,16653.271,1.2,46.800145,36.067043,1.399556,-1.719411,-10.733102000000002,0,43.021141,0.0,44.250694,46.800145,0.0024246778,0
2025-02-09 19:00:00,19,16267.979,0.7,43.021141,32.370486,1.349636,-1.378495,-10.650655,0,41.791604,0.0,40.394928,43.021141,0.00084665034,0
2025-02-09 20:00:00,20,16068.602,0.3,41.791604,32.855221,0.586947,-1.245343,-8.936383,0,42.673209,0.0,38.09883,41.791604,0.00017767244,0
2025-02-09 21:00:00,21,16112.036,-0.2,42.673209,36.510251,0.428975,-1.125766,-6.162958000000003,0,39.378904,0.0,34.849487,42.673209,9.770115e-05,0
2025-02-09 22:00:00,22,15968.254,-0.2,39.378904,34.640146,0.107151,-0.998247,-4.738757999999997,0,36.990968,0.0,34.18795,39.378904,0.00013201227,0
2025-02-09 23:00:00,23,15662.974,-0.4,36.990968,38.140347,0.269001,-0.988033,1.1493789999999962,0,36.695331,0.0,33.51414,36.990968,7.143904e-05,0
2025-02-10 00:00:00,0,15355.051,-0.9,36.695331,36.075363,0.51281,-0.907479,-0.6199680000000001,0,34.888202,0.0,33.14544,36.695331,0.00015767167,0
2025-02-10 01:00:00,1,15158.197,-1.5,34.888202,35.543304,0.906248,-0.758046,0.6551019999999994,0,35.143291,0.0,33.02239,34.888202,0.0001628713,0
2025-02-10 02:00:00,2,15276.591,-1.8,35.143291,33.386933,0.779811,-0.65652,-1.7563579999999988,0,35.51649,0.0,31.932472,35.143291,0.00015075575,0
2025-02-10 03:00:00,3,15370.627,-2.0,35.51649,33.39001,0.866711,-0.480221,-2.126480000000001,0,36.524728,0.0,32.13504,35.51649,0.00038933023,0
2025-02-10 04:00:00,4,15750.513,-2.5,36.524728,33.69478,1.053192,-0.388464,-2.8299480000000017,0,40.946397,0.0,40.490322,36.524728,0.0010506905,0
2025-02-10 05:00:00,5,16586.951,-3.0,40.946397,30.663305,0.850574,-0.354177,-10.283091999999996,0,68.585368,0.0,54.71398,40.946397,0.010335969,0
2025-02-10 06:00:00,6,17736.528,-3.3,68.585368,36.999882,0.388227,-0.482859,-31.585486000000003,0,86.000607,1.0,74.35147,68.585368,0.07222207,0
2025-02-10 07:00:00,7,18489.809,-3.7,86.000607,49.74696,0.720925,-0.440318,-36.253647,1,51.261045,0.0,63.076775,86.000607,0.25464925,0
2025-02-10 08:00:00,8,18549.74,-4.2,51.261045,38.339198,0.87898,-0.247935,-12.921847,0,42.56846,0.0,50.11917,51.261045,0.039732736,0
2025-02-10 09:00:00,9,18189.681,-4.6,42.56846,34.190543,0.666001,-0.057541,-8.377917000000004,0,41.100051,0.0,43.419064,42.56846,0.0156197455,0
2025-02-10 10:00:00,10,17697.457000000002,-3.4,41.100051,32.167549,0.992872,-0.212821,-8.932502,0,37.7797,0.0,41.93479,41.100051,0.0029222753,0
2025-02-10 11:00:00,11,17189.145,-2.0,37.7797,26.804872,0.893394,-0.173694,-10.974827999999999,0,37.540818,0.0,39.187225,37.7797,0.0016119312,0
2025-02-10 12:00:00,12,16714.529,-0.7,37.540818,27.802483,0.733392,-0.282574,-9.738335000000003,0,35.043204,0.0,36.543827,37.540818,0.0009105726,0
2025-02-10 13:00:00,13,16252.33,0.3,35.043204,25.901629,0.70274,-0.219536,-9.141575000000003,0,34.330065,0.0,36.135452,35.043204,0.00092332356,0
2025-02-10 14:00:00,14,15935.468,1.3,34.330065,23.741228,0.542511,-0.252446,-10.588836999999998,0,35.372683,0.0,35.182514,34.330065,0.00074309285,0
2025-02-10 15:00:00,15,15870.722,2.2,35.372683,25.269107,0.191553,-0.20887,-10.103576,0,39.150482,0.0,41.618362,35.372683,0.00055313704,0
2025-02-10 16:00:00,16,16107.892,2.8,39.150482,34.687934,0.070933,-0.380451,-4.462547999999998,0,58.283066,0.0,49.225433,39.150482,0.0021699446,0
2025-02-10 17:00:00,17,16691.501,2.9,58.283066,54.278674,0.847355,-0.434289,-4.004391999999996,0,69.129447,0.0,49.391197,58.283066,0.011747954,0
2025-02-10 18:00:00,18,17560.557,2.3,69.129447,70.652522,0.788884,-0.379437,1.5230750000000057,0,57.434699,0.0,56.01624,69.129447,0.23501898,0
2025-02-10 19:00:00,19,17698.215000000004,0.6,57.434699,55.00852,1.381357,-0.116658,-2.4261790000000047,0,56.95058,0.0,58.511295,57.434699,0.014997354,0
2025-02-10 20:00:00,20,17690.959,0.2,56.95058,52.288103,0.696542,-0.125962,-4.662477000000003,0,57.74788,0.0,50.27353,56.95058,0.0013601512,0
2025-02-10 21:00:00,21,17416.139,-0.4,57.74788,51.068748,1.363709,-0.315829,-6.679132000000003,0,49.242541,0.0,49.51081,57.74788,0.0008317762,0
2025-02-10 22:00:00,22,16972.729,-0.9,49.242541,42.16685,0.849299,-0.236758,-7.075691000000006,0,44.215811,0.0,45.442135,49.242541,0.0012633812,0
2025-02-10 23:00:00,23,16436.174,-0.7,44.215811,36.515601,1.01685,-0.341039,-7.7002100000000056,0,37.665063,0.0,41.75677,44.215811,0.0003285357,0
2025-02-11 00:00:00,0,16189.085,-0.9,37.665063,55.673435,1.556629,-0.261566,18.008371999999994,0,36.418083,0.0,38.49348,37.665063,0.00086102326,0
2025-02-11 01:00:00,1,16034.13,-0.9,36.418083,51.28212,1.62497,-0.326887,14.864036999999996,0,34.219107,0.0,34.615417,36.418083,0.00025679605,0
2025-02-11 02:00:00,2,15938.448,-1.0,34.219107,41.591103,1.52739,-0.278283,7.371995999999996,0,34.502302,0.0,35.083733,34.219107,0.00024099533,0
2025-02-11 03:00:00,3,16038.1,-0.8,34.502302,55.140759,1.588306,-0.296004,20.638457000000002,0,35.025089,0.0,34.904297,34.502302,0.00021994436,0
2025-02-11 04:00:00,4,16336.913,-0.9,35.025089,45.561707,1.662821,-0.257732,10.536617999999997,0,36.748957,0.0,39.10467,35.025089,0.00029228738,0
2025-02-11 05:00:00,5,17128.809,-1.0,36.748957,48.087934,1.89665,-0.337693,11.338977,0,47.467625,0.0,55.373997,36.748957,0.021121701,0
2025-02-11 06:00:00,6,18093.201999999997,-1.1,47.467625,52.93582,2.863766,-0.416141,5.4681950000000015,0,54.141655,0.0,74.01564,47.467625,0.32470477,0
2025-02-11 07:00:00,7,18805.468,-1.2,54.141655,56.316025,3.927303,-0.425648,2.1743700000000032,0,53.460466,0.0,49.558876,54.141655,0.018152583,0
2025-02-11 08:00:00,8,18980.14,-1.4,53.460466,43.150341,2.492953,-0.032487,-10.310125,0,53.775644,0.0,45.99068,53.460466,0.019711254,0
2025-02-11 09:00:00,9,18972.035,-1.0,53.775644,174.907776,1.82278,-0.047136,121.13213200000001,0,65.52441,0.0,45.821136,53.775644,0.017918956,0
2025-02-11 10:00:00,10,18838.129999999997,-0.6,65.52441,61.570033,1.968548,-0.474138,-3.954377000000001,0,55.736799,0.0,47.77083,65.52441,0.04079733,0
2025-02-11 11:00:00,11,18736.754,-0.1,55.736799,78.121995,1.329781,-0.332982,22.385196,0,52.546132,0.0,51.347347,55.736799,0.15114263,0
2025-02-11 12:00:00,12,18770.874,0.3,52.546132,58.809342,0.351202,-0.36507,6.263210000000001,0,50.953553,0.0,48.34163,52.546132,0.08651421,0
2025-02-11 13:00:00,13,18527.559,0.9,50.953553,56.520894,1.084085,-0.250532,5.567340999999999,0,45.827991,0.0,46.74372,50.953553,0.020796215,0
2025-02-11 14:00:00,14,18412.97,1.0,45.827991,58.754002,-0.573633,-0.168376,12.926011000000003,0,45.626168,0.0,49.822296,45.827991,0.022270674,0
2025-02-11 15:00:00,15,18343.473,1.3,45.626168,50.416624,-0.051448,-0.282384,4.790455999999999,0,44.168031,0.0,51.49713,45.626168,0.012274183,0
2025-02-11 16:00:00,16,18435.096,1.5,44.168031,54.647182,-0.264166,-0.527803,10.479151000000002,0,50.321327,0.0,63.09278,44.168031,0.12286506,0
2025-02-11 17:00:00,17,18675.701999999997,1.4,50.321327,74.558247,1.682468,-0.501141,24.236919999999998,0,52.527329,0.0,54.708595,50.321327,0.091610216,0
2025-02-11 18:00:00,18,19050.352,1.0,52.527329,76.042932,2.515171,-0.717842,23.51560299999999,0,48.459065,0.0,51.590424,52.527329,0.047640882,0
2025-02-11 19:00:00,19,19098.252,0.4,48.459065,65.452499,2.655384,-0.566319,16.993434,0,45.464173,0.0,47.555576,48.459065,0.009768961,0
2025-02-11 20:00:00,20,18867.917,0.1,45.464173,65.832951,1.094665,-0.520492,20.368777999999992,0,43.390256,0.0,46.320885,45.464173,0.0007437922,0
2025-02-11 21:00:00,21,18295.797,-0.2,43.390256,60.552803,0.951798,-0.491542,17.162546999999996,0,37.561096,0.0,40.527447,43.390256,0.00049169443,0
2025-02-11 22:00:00,22,17675.5,-0.3,37.561096,60.63307,0.703067,-0.611971,23.071973999999997,0,37.001139,0.0,39.66601,37.561096,0.00032849438,0
2025-02-11 23:00:00,23,17074.778,-0.3,37.001139,56.08943,0.880922,-0.589783,19.088290999999998,0,42.574114,0.0,33.336098,37.001139,0.00013281453,0
2025-02-12 00:00:00,0,16613.012,-0.4,42.574114,52.105311,3.217507,-0.703393,9.531196999999999,0,41.015695,0.0,34.3476,42.574114,0.0002923905,0
2025-02-12 01:00:00,1,16348.39,-0.4,41.015695,41.456901,3.092489,-0.676794,0.4412060000000011,0,37.810872,0.0,36.667,41.015695,0.00057001435,0
2025-02-12 02:00:00,2,16195.599,-0.4,37.810872,36.761824,2.908805,-0.587933,-1.0490480000000062,0,38.130302,0.0,36.84293,37.810872,0.00019791775,0
2025-02-12 03:00:00,3,16310.13,-0.5,38.130302,41.295945,2.981624,-0.661322,3.165643000000003,0,39.981687,0.0,35.342052,38.130302,0.00017995694,0
2025-02-12 04:00:00,4,16430.389,-0.6,39.981687,50.91445,3.37196,-0.680273,10.932763000000001,0,43.12468,0.0,39.52182,39.981687,0.00019071059,0
2025-02-12 05:00:00,5,17099.498,-0.5,43.12468,54.46588,3.875674,-0.970994,11.3412,0,47.793289,0.0,50.77002,43.12468,0.0020113047,0
2025-02-12 06:00:00,6,17870.9,-0.5,47.793289,49.616685,4.892687,-1.069398,1.8233959999999954,0,55.024055,0.0,68.13184,47.793289,0.5036157,1
2025-02-12 07:00:00,7,18416.691,-0.6,55.024055,52.074746,5.974256,-1.080201,-2.9493089999999995,0,53.896412,0.0,44.620914,55.024055,0.007269079,0
2025-02-12 08:00:00,8,18422.69,-0.6,53.896412,46.107743,4.155113,-0.938701,-7.788668999999999,0,53.434449,0.0,41.418312,53.896412,0.013997327,0
2025-02-12 09:00:00,9,18377.656000000003,-1.0,53.434449,44.468955,4.118548,-0.824099,-8.965494,0,59.905634,0.0,42.20356,53.434449,0.011137043,0
2025-02-12 10:00:00,10,18406.540999999997,-0.9,59.905634,42.807716,4.270272,-1.204638,-17.097918,0,52.865277,0.0,43.279484,59.905634,0.012042427,0
2025-02-12 11:00:00,11,18273.033,-0.4,52.865277,60.719611,3.596045,-1.040768,7.8543340000000015,0,50.3372,0.0,44.16185,52.865277,0.046614647,0
2025-02-12 12:00:00,12,18379.843,0.7,50.3372,57.072379,3.417461,-1.060261,6.735178999999995,0,49.151485,0.0,47.38279,50.3372,0.03478719,0
2025-02-12 13:00:00,13,18291.372,1.5,49.151485,48.28885,3.159025,-1.07754,-0.8626350000000045,0,44.470007,0.0,45.541065,49.151485,0.0069645834,0
2025-02-12 14:00:00,14,18075.204,1.6,44.470007,45.341562,1.155177,-1.11517,0.8715550000000007,0,44.64654,0.0,49.35101,44.470007,0.01334417,0
2025-02-12 15:00:00,15,17842.609,1.9,44.64654,37.510496,0.593395,-1.186855,-7.136043999999998,0,44.6976,0.0,49.914616,44.64654,0.010628847,0
2025-02-12 16:00:00,16,17955.481,2.2,44.6976,37.531498,0.631519,-1.243919,-7.166102000000002,0,52.436564,0.0,56.47345,44.6976,0.05918924,0
2025-02-12 17:00:00,17,18232.954,2.4,52.436564,70.404103,3.249659,-1.323095,17.96753900000001,0,55.285456,0.0,48.996265,52.436564,0.013946731,0
2025-02-12 18:00:00,18,18430.773,2.3,55.285456,72.969818,4.851443,-1.225987,17.684362,0,53.93498,0.0,46.52712,55.285456,0.008370177,0
2025-02-12 19:00:00,19,18083.195,2.3,53.93498,55.747285,4.672678,-0.977698,1.812304999999995,0,49.616198,0.0,43.131912,53.93498,0.0022376901,0
2025-02-12 20:00:00,20,17837.295,2.8,49.616198,49.609683,3.339777,-1.023579,-0.006515000000000271,0,45.18024,0.0,41.730526,49.616198,0.00020739726,0
2025-02-12 21:00:00,21,17388.037,1.8,45.18024,45.305531,3.363818,-0.923578,0.12529100000000426,0,40.219681,0.0,39.528843,45.18024,0.00018381015,0
2025-02-12 22:00:00,22,16690.143,2.4,40.219681,54.886916,2.457902,-0.788221,14.667234999999998,0,36.533135,0.0,35.889885,40.219681,0.00011690285,0
2025-02-12 23:00:00,23,16093.509000000002,3.3,36.533135,40.344103,2.083631,-0.730496,3.8109679999999955,0,42.0705,0.0,32.895573,36.533135,6.6160705e-05,0
2025-02-13 00:00:00,0,15584.021,4.2,42.0705,67.2925,4.968017,-1.057517,25.222,0,39.122093,0.0,34.23196,42.0705,0.00045359455,0
2025-02-13 01:00:00,1,15087.052,4.7,39.122093,60.581499,4.401583,-0.95949,21.459406,0,37.526388,0.0,37.81901,39.122093,0.00054572534,0
2025-02-13 02:00:00,2,14987.526,5.2,37.526388,39.866413,4.859626,-0.793238,2.3400250000000042,0,36.103178,0.0,35.60409,37.526388,0.00021030215,0
2025-02-13 03:00:00,3,14925.774,5.5,36.103178,39.14815,4.054987,-0.861809,3.0449720000000013,0,38.520852,0.0,33.262424,36.103178,0.00024529907,0
2025-02-13 04:00:00,4,15166.645,5.2,38.520852,49.153948,5.096243,-0.985391,10.633096000000002,0,40.409185,0.0,36.136574,38.520852,0.00038891088,0
2025-02-13 05:00:00,5,15825.804,3.6,40.409185,77.672226,4.209673,-1.090488,37.263040999999994,0,46.561721,0.0,44.25803,40.409185,0.0055047297,0
2025-02-13 06:00:00,6,16778.504,2.5,46.561721,70.574559,6.06635,-1.184629,24.012837999999995,0,54.566411,0.0,55.246006,46.561721,0.07106929,0
2025-02-13 07:00:00,7,17435.873,1.4,54.566411,80.243019,5.656825,-1.190414,25.676608,0,50.846434,0.0,45.137543,54.566411,0.0034627933,0
2025-02-13 08:00:00,8,17683.803,0.4,50.846434,85.404848,4.018635,-1.312201,34.558414,0,48.680327,0.0,45.42211,50.846434,0.015727645,0
2025-02-13 09:00:00,9,17739.629,-0.1,48.680327,90.676919,4.323615,-1.243288,41.996592,0,47.984361,0.0,44.79792,48.680327,0.009879575,0
2025-02-13 10:00:00,10,17891.759,-0.4,47.984361,96.113831,4.935765,-1.071404,48.129470000000005,0,42.675209,0.0,46.393562,47.984361,0.009257725,0
2025-02-13 11:00:00,11,17790.468999999997,-0.6,42.675209,55.956659,4.74879,-1.073581,13.28145,0,42.034207,0.0,45.927574,42.675209,0.014385945,0
2025-02-13 12:00:00,12,17659.906,-0.4,42.034207,38.766729,4.858554,-0.964347,-3.267478000000004,0,39.092577,0.0,43.282345,42.034207,0.0027836768,0
2025-02-13 13:00:00,13,17522.158000000003,0.2,39.092577,38.367743,4.799761,-0.907184,-0.7248340000000013,0,36.140031,0.0,43.170322,39.092577,0.00093056745,0
2025-02-13 14:00:00,14,17432.972,0.6,36.140031,34.389018,4.449549,-0.789518,-1.7510130000000004,0,35.977366,0.0,42.49707,36.140031,0.0010700428,0
2025-02-13 15:00:00,15,17476.984,0.6,35.977366,32.982144,4.33598,-0.848614,-2.9952220000000054,0,39.722769,0.0,47.291096,35.977366,0.0021522003,0
2025-02-13 16:00:00,16,17584.71,0.3,39.722769,38.294241,4.40837,-0.885601,-1.428528,0,53.494805,0.0,57.08613,39.722769,0.0063497196,0
2025-02-13 17:00:00,17,17851.832000000002,0.2,53.494805,48.545195,4.775781,-1.230976,-4.94961,0,63.069257,0.0,49.417812,53.494805,0.009007735,0
2025-02-13 18:00:00,18,18361.283,0.0,63.069257,61.798776,5.554009,-1.254752,-1.2704810000000037,0,57.279501,0.0,53.120342,63.069257,0.015022515,0
2025-02-13 19:00:00,19,18682.367,-1.1,57.279501,57.18532,5.21341,-0.913909,-0.09418100000000607,0,55.589483,0.0,55.25805,57.279501,0.005015117,0
2025-02-13 20:00:00,20,18550.113,-2.0,55.589483,55.555645,4.400984,-0.751501,-0.03383800000000292,0,51.640893,0.0,55.130333,55.589483,0.00034961585,0
2025-02-13 21:00:00,21,18235.923,-3.0,51.640893,69.320013,4.288522,-0.537629,17.679120000000005,0,47.26467,0.0,49.87099,51.640893,0.0004962024,0
2025-02-13 22:00:00,22,17823.21,-4.2,47.26467,47.25964,3.999401,-0.804731,-0.005030000000004975,0,42.746502,0.0,48.056488,47.26467,0.00059472566,0
2025-02-13 23:00:00,23,17356.962,-5.2,42.746502,39.013673,3.531579,-0.585077,-3.7328290000000024,0,48.818101,0.0,44.53952,42.746502,0.0005498111,0
2025-02-14 00:00:00,0,17157.185,-5.8,48.818101,38.775063,5.417439,-0.789338,-10.043037999999996,0,47.984538,0.0,41.743958,48.818101,0.0021707234,0
2025-02-14 01:00:00,1,17020.065000000002,-6.4,47.984538,42.236957,4.753921,-0.669383,-5.747581000000004,0,47.62541,0.0,45.602497,47.984538,0.0046285097,0
2025-02-14 02:00:00,2,17061.771,-6.9,47.62541,38.367148,4.886195,-0.600785,-9.258262000000002,0,48.46661,0.0,46.232098,47.62541,0.002398362,0
2025-02-14 03:00:00,3,17226.837,-7.4,48.46661,40.640075,5.385367,-0.558757,-7.826535,0,53.08202,0.0,47.55885,48.46661,0.0018261577,0
2025-02-14 04:00:00,4,17677.427,-7.8,53.08202,47.273221,5.847683,-0.545663,-5.8087990000000005,0,54.924398,0.0,51.728878,53.08202,0.0026890684,0
2025-02-14 05:00:00,5,18429.178,-8.2,54.924398,53.303642,7.655543,-0.611145,-1.620755999999993,0,78.688709,1.0,65.45872,54.924398,0.5441128,1
2025-02-14 06:00:00,6,19256.672,-8.6,78.688709,74.129685,10.433772,-1.215063,-4.559024000000008,1,99.676111,1.0,83.5009,78.688709,0.9102544,1
2025-02-14 07:00:00,7,19904.376,-8.8,99.676111,137.250042,13.350999,-1.664888,37.573931,1,58.174336,0.0,56.43063,99.676111,0.32588437,0
2025-02-14 08:00:00,8,19800.931,-9.1,58.174336,34.893138,9.485956,-0.82162,-23.281197999999996,0,47.177192,0.0,62.372643,58.174336,0.291719,0
2025-02-14 09:00:00,9,19182.483999999997,-10.1,47.177192,28.585457,7.411985,-0.844793,-18.591734999999996,0,46.793555,0.0,46.44356,47.177192,0.03616765,0
2025-02-14 10:00:00,10,18591.473,-8.9,46.793555,36.200925,5.310439,-0.876884,-10.59263,0,43.937762,0.0,40.021164,46.793555,0.008243073,0
2025-02-14 11:00:00,11,17966.936,-7.2,43.937762,34.777806,5.430162,-0.6824,-9.159956000000001,0,43.052727,0.0,40.534664,43.937762,0.01182291,0
2025-02-14 12:00:00,12,17511.730000000003,-5.2,43.052727,30.727394,6.167265,-0.674538,-12.325332999999997,0,41.763006,0.0,40.61405,43.052727,0.012300485,0
2025-02-14 13:00:00,13,17015.127,-3.3,41.763006,28.280388,5.984162,-0.561156,-13.482617999999999,0,41.544602,0.0,39.1667,41.763006,0.007302256,0
2025-02-14 14:00:00,14,16562.028,-2.0,41.544602,28.20856,6.065416,-0.360814,-13.336041999999999,0,42.222285,0.0,37.361435,41.544602,0.0014002883,0
2025-02-14 15:00:00,15,16271.306,-1.0,42.222285,33.547787,6.46396,-0.331675,-8.674498,0,46.575566,0.0,44.02256,42.222285,0.001482222,0
2025-02-14 16:00:00,16,16482.537,-0.3,46.575566,43.245777,8.078049,-0.142483,-3.329789000000005,0,59.358718,0.0,62.250816,46.575566,0.016220957,0
2025-02-14 17:00:00,17,17063.313000000002,0.0,59.358718,43.526236,9.490088,-0.14137,-15.832482000000006,0,62.181748,0.0,57.77873,59.358718,0.08815201,0
2025-02-14 18:00:00,18,17606.104,-0.2,62.181748,57.62497,11.123564,0.068184,-4.556778000000001,0,57.383858,0.0,56.0082,62.181748,0.106715366,0
2025-02-14 19:00:00,19,17611.776,-1.3,57.383858,48.210069,9.2855,0.098358,-9.173789,0,55.714215,0.0,51.692764,57.383858,0.013751889,0
2025-02-14 20:00:00,20,17436.163,-1.3,55.714215,41.545847,8.394063,-0.059848,-14.168368000000001,0,50.716548,0.0,49.60004,55.714215,0.0007633014,0
2025-02-14 21:00:00,21,17212.001,-1.5,50.716548,38.429418,7.520625,-0.014077,-12.287130000000005,0,47.653657,0.0,49.246773,50.716548,0.000783113,0
2025-02-14 22:00:00,22,16708.957000000002,-1.4,47.653657,36.625247,7.247641,0.086016,-11.028410000000001,0,43.401756,0.0,42.21428,47.653657,0.00038873462,0
2025-02-14 23:00:00,23,16281.967,-1.1,43.401756,35.498479,5.870132,0.011624,-7.903276999999996,0,40.383996,0.0,41.169605,43.401756,0.0004559496,0
2025-02-15 00:00:00,0,15803.7,-1.0,40.383996,37.041746,1.00871,-0.004714,-3.34225,0,38.751763,0.0,39.62029,40.383996,0.0014490975,0
2025-02-15 01:00:00,1,15455.05,-0.9,38.751763,34.479557,0.864036,-0.022273,-4.272205999999997,0,38.222407,0.0,36.587936,38.751763,0.00057716464,0
2025-02-15 02:00:00,2,15325.369,-0.5,38.222407,33.055537,0.835056,-0.012649,-5.166869999999996,0,38.589858,0.0,36.086693,38.222407,0.00051777787,0
2025-02-15 03:00:00,3,15162.602,-0.4,38.589858,31.590833,0.876015,0.073843,-6.999025,0,39.092948,0.0,36.46276,38.589858,0.00043163975,0
2025-02-15 04:00:00,4,15232.149,-0.2,39.092948,34.866123,1.040702,0.092246,-4.226824999999998,0,38.09564,0.0,39.238075,39.092948,0.0006226808,0
2025-02-15 05:00:00,5,15535.608,-0.1,38.09564,33.589058,0.713602,-0.057962,-4.506582000000002,0,38.126627,0.0,41.660805,38.09564,0.0029334424,0
2025-02-15 06:00:00,6,15723.735,0.2,38.126627,35.749919,0.685979,-0.109352,-2.3767080000000007,0,41.341077,0.0,58.949974,38.126627,0.013385278,0
2025-02-15 07:00:00,7,16296.585,0.4,41.341077,36.370642,0.693702,-0.112625,-4.970435000000002,0,43.525119,0.0,40.80642,41.341077,0.000703902,0
2025-02-15 08:00:00,8,16697.748,0.8,43.525119,36.313103,0.363032,-0.057913,-7.212015999999998,0,46.309206,0.0,41.29447,43.525119,0.00048541906,0
2025-02-15 09:00:00,9,17057.268,0.0,46.309206,38.343096,0.250383,-0.261177,-7.9661100000000005,0,50.090422,0.0,41.334812,46.309206,0.00091191666,0
2025-02-15 10:00:00,10,17325.933,0.8,50.090422,44.199111,0.35635,-0.315928,-5.891310999999995,0,47.30389,0.0,41.4597,50.090422,0.0013868158,0
2025-02-15 11:00:00,11,17387.636,1.3,47.30389,55.511339,0.545384,-0.271494,8.207448999999997,0,46.554012,0.0,46.469738,47.30389,0.005377396,0
2025-02-15 12:00:00,12,17340.915999999997,2.3,46.554012,57.205396,0.403362,-0.31935,10.651384,0,45.909989,0.0,44.207172,46.554012,0.010760542,0
2025-02-15 13:00:00,13,17022.818,3.6,45.909989,49.795913,0.58837,-0.348381,3.8859239999999957,0,43.530547,0.0,44.931686,45.909989,0.0068868,0
2025-02-15 14:00:00,14,16856.428,4.1,43.530547,50.010975,0.886236,-0.355689,6.480428000000003,0,41.357854,0.0,46.821182,43.530547,0.00852708,0
2025-02-15 15:00:00,15,16707.424,4.3,41.357854,40.771689,0.875735,-0.487881,-0.5861650000000012,0,40.88053,0.0,50.87954,41.357854,0.0095860865,0
2025-02-15 16:00:00,16,16659.256,4.3,40.88053,47.406776,1.185035,-0.624505,6.526246,0,44.829732,0.0,53.682304,40.88053,0.0043791756,0
2025-02-15 17:00:00,17,16760.041,4.3,44.829732,68.395191,1.386125,-0.806393,23.565458999999997,0,44.853599,0.0,51.43238,44.829732,0.00408919,0
2025-02-15 18:00:00,18,16902.332000000002,4.3,44.853599,54.941482,1.456707,-0.963108,10.087882999999998,0,41.778898,0.0,47.53258,44.853599,0.004906013,0
2025-02-15 19:00:00,19,16802.371,3.8,41.778898,41.607666,1.422649,-0.953751,-0.17123199999999628,0,40.004433,0.0,43.223965,41.778898,0.0016472003,0
2025-02-15 20:00:00,20,16427.326,3.8,40.004433,36.36956,1.350015,-1.015582,-3.634872999999999,0,38.151646,0.0,43.95756,40.004433,0.00017761621,0
2025-02-15 21:00:00,21,16059.763,2.8,38.151646,36.183127,1.530211,-0.908565,-1.9685190000000006,0,37.081855,0.0,37.483803,38.151646,8.679727e-05,0
2025-02-15 22:00:00,22,15626.482,2.7,37.081855,36.781633,1.789119,-0.897264,-0.300221999999998,0,36.681655,0.0,36.018326,37.081855,9.7509044e-05,0
2025-02-15 23:00:00,23,15074.847999999998,2.8,36.681655,36.747938,2.174265,-0.86261,0.06628299999999854,0,33.102602,0.0,34.60847,36.681655,9.7509044e-05,0
2025-02-16 00:00:00,0,14647.981,3.3,33.102602,35.544176,1.258378,-0.945776,2.441574000000003,0,31.356002,0.0,37.13233,33.102602,0.00021172279,0
2025-02-16 01:00:00,1,14374.194,3.5,31.356002,35.621811,1.290999,-0.804997,4.265809000000001,0,29.988379,0.0,32.094997,31.356002,0.00015256701,0
2025-02-16 02:00:00,2,14176.593,3.5,29.988379,34.693185,1.447062,-0.688683,4.704806000000001,0,29.403934,0.0,30.963873,29.988379,0.00014351445,0
2025-02-16 03:00:00,3,14046.833,3.2,29.403934,34.066174,1.466828,-0.632894,4.662239999999997,0,29.899438,0.0,32.339962,29.403934,0.00016157291,0
2025-02-16 04:00:00,4,14131.207,3.3,29.899438,37.464669,1.236046,-0.666608,7.565231000000001,0,29.909915,0.0,31.642052,29.899438,0.00022752727,0
2025-02-16 05:00:00,5,14340.761,3.8,29.909915,33.406791,1.324466,-0.694551,3.4968759999999968,0,31.561442,0.0,37.284706,29.909915,0.00040960748,0
2025-02-16 06:00:00,6,14599.882,3.4,31.561442,32.609398,1.320748,-0.679306,1.0479559999999992,0,32.311707,0.0,38.616474,31.561442,0.0008997447,0
2025-02-16 07:00:00,7,14902.041,2.3,32.311707,33.508201,1.323543,-0.631836,1.1964940000000013,0,32.728244,0.0,31.739855,32.311707,0.00020699266,0
2025-02-16 08:00:00,8,15310.25,1.1,32.728244,34.741895,1.03308,-0.674836,2.013651000000003,0,33.909495,0.0,30.838274,32.728244,0.00018114896,0
2025-02-16 09:00:00,9,15666.994,0.7,33.909495,38.246111,1.118226,-0.688731,4.336615999999999,0,33.676091,0.0,30.996216,33.909495,0.00019362703,0
2025-02-16 10:00:00,10,15982.002,-0.2,33.676091,48.120666,0.737977,-0.961886,14.444575,0,34.233335,0.0,34.417866,33.676091,0.00021336612,0
2025-02-16 11:00:00,11,16248.767,-1.0,34.233335,48.035608,0.794076,-1.010741,13.802273000000007,0,33.291238,0.0,32.72493,34.233335,0.00033999555,0
2025-02-16 12:00:00,12,16323.802,-1.4,33.291238,39.553136,0.946349,-0.885111,6.261898000000002,0,32.08829,0.0,34.23112,33.291238,0.00041178783,0
2025-02-16 13:00:00,13,16336.893,-1.4,32.08829,40.956696,1.275082,-0.966792,8.868406,0,31.100399,0.0,32.59217,32.08829,0.00038924208,0
2025-02-16 14:00:00,14,16499.177,-1.4,31.100399,38.940982,1.188817,-0.898418,7.840582999999999,0,30.387858,0.0,32.274364,31.100399,0.00038106515,0
2025-02-16 15:00:00,15,16516.097999999998,-1.5,30.387858,34.376161,1.09984,-0.851982,3.988303000000002,0,31.731815,0.0,38.0665,30.387858,0.00069764134,0
2025-02-16 16:00:00,16,16991.173,-1.2,31.731815,34.045321,0.984416,-1.002601,2.3135060000000003,0,35.78629,0.0,46.81171,31.731815,0.0013240265,0
2025-02-16 17:00:00,17,17370.999,-1.3,35.78629,46.549756,0.45878,-1.35249,10.763466000000001,0,42.738696,0.0,39.0774,35.78629,0.0016854712,0
2025-02-16 18:00:00,18,17990.459000000003,-1.4,42.738696,49.454862,0.16686,-1.498164,6.716166000000001,0,41.909076,0.0,38.506893,42.738696,0.0021702927,0
2025-02-16 19:00:00,19,18109.983,-1.7,41.909076,45.906283,0.191082,-1.282006,3.997207000000003,0,39.85562,0.0,40.80379,41.909076,0.0036291815,0
2025-02-16 20:00:00,20,17984.412,-2.3,39.85562,45.732636,0.191993,-1.186373,5.877015999999998,0,38.163339,0.0,40.324345,39.85562,0.0009238358,0
2025-02-16 21:00:00,21,17724.972999999998,-2.3,38.163339,38.691805,0.070907,-1.077568,0.5284660000000017,0,36.229273,0.0,37.57741,38.163339,0.0003818683,0
2025-02-16 22:00:00,22,17371.953,-2.8,36.229273,36.585111,0.107262,-0.957989,0.35583799999999854,0,34.926849,0.0,36.028667,36.229273,0.0005394035,0
2025-02-16 23:00:00,23,17049.634,-3.7,34.926849,32.655774,0.170627,-0.763778,-2.271074999999996,0,36.11215,0.0,34.880035,34.926849,0.00059929874,0
2025-02-17 00:00:00,0,16860.671,-4.5,36.11215,36.437882,0.525635,-0.893485,0.32573200000000213,0,35.980309,0.0,34.78091,36.11215,0.00088624936,0
2025-02-17 01:00:00,1,16757.828,-4.6,35.980309,35.584311,0.337825,-1.037516,-0.39599799999999874,0,35.48799,0.0,36.22514,35.980309,0.0008757643,0
2025-02-17 02:00:00,2,16737.581,-4.7,35.48799,35.067813,0.356999,-1.019009,-0.42017700000000247,0,36.357536,0.0,36.555862,35.48799,0.000618299,0
2025-02-17 03:00:00,3,17032.618000000002,-5.3,36.357536,36.987693,0.394398,-0.976862,0.630156999999997,0,38.059834,0.0,36.365414,36.357536,0.00045543574,0
2025-02-17 04:00:00,4,17412.625,-5.8,38.059834,38.61869,0.414636,-1.014802,0.5588559999999987,0,43.015433,0.0,41.03985,38.059834,0.0004907381,0
2025-02-17 05:00:00,5,18054.27,-6.5,43.015433,49.793205,0.77219,-1.106757,6.777771999999999,0,61.014631,0.0,48.979847,43.015433,0.006301495,0
2025-02-17 06:00:00,6,18967.579,-7.7,61.014631,51.075119,1.843262,-1.168631,-9.939512,0,63.947487,0.0,72.36052,61.014631,0.40702027,0
2025-02-17 07:00:00,7,19655.728,-9.2,63.947487,51.53385,2.537836,-1.060349,-12.413637000000001,0,50.063075,0.0,49.906673,63.947487,0.058140356,0
2025-02-17 08:00:00,8,19700.168,-10.6,50.063075,39.568225,1.688632,-0.675557,-10.49485,0,40.943135,0.0,47.73866,50.063075,0.028022744,0
2025-02-17 09:00:00,9,19418.232,-10.9,40.943135,33.511298,0.379919,-0.686784,-7.431837000000002,0,41.584776,0.0,43.819363,40.943135,0.015559402,0
2025-02-17 10:00:00,10,19189.173000000003,-11.0,41.584776,37.22074,0.511903,-0.967127,-4.364035999999999,0,39.605623,0.0,40.917313,41.584776,0.0017374264,0
2025-02-17 11:00:00,11,18869.311,-11.1,39.605623,33.247781,0.314402,-1.018779,-6.357841999999998,0,37.002735,0.0,41.535786,39.605623,0.0024078246,0
2025-02-17 12:00:00,12,18620.713,-10.8,37.002735,32.600689,0.240742,-0.928007,-4.402045999999999,0,36.396674,0.0,38.87299,37.002735,0.0014902884,0
2025-02-17 13:00:00,13,18355.379,-10.4,36.396674,33.141795,0.198875,-0.832201,-3.2548789999999954,0,36.232319,0.0,37.154995,36.396674,0.001344975,0
2025-02-17 14:00:00,14,18074.234,-9.9,36.232319,32.768754,0.201818,-0.679499,-3.4635649999999956,0,36.853673,0.0,37.822937,36.232319,0.00091722823,0
2025-02-17 15:00:00,15,17853.823,-9.5,36.853673,33.402627,0.235858,-0.462185,-3.451045999999998,0,41.577717,0.0,46.06328,36.853673,0.0026390373,0
2025-02-17 16:00:00,16,18222.447,-9.1,41.577717,39.811035,0.409385,-0.461668,-1.766682000000003,0,68.491762,0.0,58.96847,41.577717,0.05614811,0
2025-02-17 17:00:00,17,18813.446,-8.9,68.491762,77.295607,0.909969,-1.148207,8.80384500000001,0,84.470891,1.0,49.527523,68.491762,0.040533375,0
2025-02-17 18:00:00,18,19623.057999999997,-9.0,84.470891,123.611537,2.301095,-1.040204,39.140646000000004,1,70.568541,1.0,58.41455,84.470891,0.09101395,0
2025-02-17 19:00:00,19,19879.391,-9.2,70.568541,112.742678,1.330286,-0.811745,42.174137,1,66.778852,0.0,65.90891,70.568541,0.09630867,0
2025-02-17 20:00:00,20,19729.653,-9.9,66.778852,73.946917,1.305438,-0.936586,7.168064999999999,0,63.327376,0.0,61.675365,66.778852,0.001285257,0
2025-02-17 21:00:00,21,19465.808,-9.9,63.327376,65.658186,1.007003,-0.799627,2.3308099999999996,0,58.876276,0.0,56.637516,63.327376,0.0019044608,0
2025-02-17 22:00:00,22,18939.904,-10.6,58.876276,67.658665,0.944838,-0.588562,8.782389000000002,0,56.753428,0.0,53.324734,58.876276,0.0018789674,0
2025-02-17 23:00:00,23,18323.062,-10.9,56.753428,46.810944,1.233278,-0.30985,-9.942484,0,58.512293,0.0,52.824543,56.753428,0.0014018,0
2025-02-18 00:00:00,0,18023.637,-11.4,58.512293,55.725489,1.023353,-0.47106,-2.7868039999999965,0,57.200276,0.0,53.556015,58.512293,0.029064573,0
2025-02-18 01:00:00,1,17999.559,-11.8,57.200276,53.180782,0.013508,-0.243232,-4.019494000000002,0,56.581435,0.0,53.240845,57.200276,0.04828994,0
2025-02-18 02:00:00,2,17951.395,-12.2,56.581435,62.774766,0.030303,-0.048868,6.193331000000001,0,56.296262,0.0,53.80828,56.581435,0.04018303,0
2025-02-18 03:00:00,3,18089.49,-12.6,56.296262,52.690828,0.060877,-0.094615,-3.6054339999999954,0,58.010412,0.0,53.458836,56.296262,0.015087289,0
2025-02-18 04:00:00,4,18345.103000000003,-12.6,58.010412,48.306912,0.541917,-0.251505,-9.703500000000005,0,66.581069,0.0,58.62603,58.010412,0.018207798,0
2025-02-18 05:00:00,5,19076.337,-13.0,66.581069,45.348744,-0.140031,-0.3189,-21.232324999999996,0,105.141512,1.0,79.72468,66.581069,0.9649425,1
2025-02-18 06:00:00,6,20061.665,-12.9,105.141512,67.9035,0.687293,0.064219,-37.23801200000001,1,120.787281,1.0,105.49644,105.141512,0.9817972,1
2025-02-18 07:00:00,7,20699.717,-13.5,120.787281,81.170152,1.682211,1.02507,-39.61712899999999,1,75.176044,1.0,130.18091,120.787281,0.75434506,1
2025-02-18 08:00:00,8,20711.274,-14.2,75.176044,59.200024,0.907274,0.90877,-15.976020000000005,1,62.121606,0.0,120.58415,75.176044,0.7802374,1
2025-02-18 09:00:00,9,20166.606,-13.1,62.121606,54.538009,-0.081509,0.473115,-7.5835969999999975,0,63.385129,0.0,56.192894,62.121606,0.07346729,0
2025-02-18 10:00:00,10,19596.647,-12.3,63.385129,75.619064,-0.394723,-0.110148,12.233934999999995,0,60.050144,0.0,51.17768,63.385129,0.046959594,0
2025-02-18 11:00:00,11,19150.67,-11.6,60.050144,52.84955,0.003677,-0.333533,-7.200594000000002,0,58.886053,0.0,51.741814,60.050144,0.11582694,0
2025-02-18 12:00:00,12,18752.733,-10.9,58.886053,56.924569,-0.242702,-0.391245,-1.9614839999999987,0,53.709819,0.0,50.222305,58.886053,0.33049282,0
2025-02-18 13:00:00,13,18556.725,-10.3,53.709819,47.635821,-0.412959,-0.417222,-6.073998000000003,0,50.31515,0.0,51.082394,53.709819,0.390221,0
2025-02-18 14:00:00,14,18273.318,-9.8,50.31515,42.005988,-0.212203,-0.412647,-8.309162,0,50.482216,0.0,49.461555,50.31515,0.048550565,0
2025-02-18 15:00:00,15,18104.79,-9.6,50.482216,36.25506,-0.016005,-0.421779,-14.227156,0,58.966613,0.0,55.840137,50.482216,0.11596183,0
2025-02-18 16:00:00,16,18342.701,-9.4,58.966613,39.996559,-0.081464,-0.761923,-18.970054000000005,0,84.222835,1.0,72.22786,58.966613,0.36149174,0
2025-02-18 17:00:00,17,18888.115,-9.5,84.222835,62.097292,-0.338037,-0.729128,-22.125543,1,114.995552,1.0,72.964386,84.222835,0.4791589,1
2025-02-18 18:00:00,18,19558.777,-9.9,114.995552,77.876075,0.163625,-0.298073,-37.119477,1,99.2399,1.0,65.82373,114.995552,0.54010683,1
2025-02-18 19:00:00,19,19830.326999999997,-10.9,99.2399,112.096105,0.200996,-0.151096,12.856204999999989,1,87.707715,1.0,107.33364,99.2399,0.97508913,1
2025-02-18 20:00:00,20,19790.311,-11.2,87.707715,85.478718,-0.391768,0.079483,-2.2289969999999926,1,81.520104,1.0,106.79441,87.707715,0.9736265,1
2025-02-18 21:00:00,21,19345.622,-11.6,81.520104,76.724136,-0.137355,-0.312541,-4.795968000000002,1,74.534087,1.0,62.1396,81.520104,0.32169613,0
2025-02-18 22:00:00,22,18894.123,-11.6,74.534087,71.734975,-0.285202,-0.180711,-2.799111999999994,1,70.304217,1.0,59.651302,74.534087,0.13714537,0
2025-02-18 23:00:00,23,18443.25,-11.5,70.304217,75.991981,0.723116,-0.618899,5.687764000000001,1,79.956546,1.0,62.017933,70.304217,0.015842156,0
2025-02-19 00:00:00,0,18286.812,-11.4,79.956546,72.388284,-0.154433,-0.799021,-7.568262000000004,1,78.226581,1.0,67.73458,79.956546,0.09761646,0
2025-02-19 01:00:00,1,18182.316,-11.1,78.226581,84.560083,-0.324318,-0.729101,6.33350200000001,1,75.21172,1.0,71.00834,78.226581,0.60809743,1
2025-02-19 02:00:00,2,18145.026,-11.2,75.21172,72.110299,0.063752,-0.632032,-3.101421000000002,1,77.060676,1.0,70.78383,75.21172,0.35217315,0
2025-02-19 03:00:00,3,18260.341999999997,-10.9,77.060676,83.487855,0.21957,-0.658894,6.427178999999995,1,71.170868,1.0,69.37048,77.060676,0.14667341,0
2025-02-19 04:00:00,4,18677.725,-10.8,71.170868,65.775004,0.241187,-0.630319,-5.395864000000003,1,75.095344,1.0,75.290474,71.170868,0.3695564,0
2025-02-19 05:00:00,5,19384.153,-10.8,75.095344,68.483605,0.856835,-0.771491,-6.611739,1,126.964245,1.0,91.729996,75.095344,0.92293316,1
2025-02-19 06:00:00,6,20300.363,-10.9,126.964245,86.566945,1.525234,-1.370989,-40.3973,1,146.399429,1.0,112.056366,126.964245,0.92938495,1
2025-02-19 07:00:00,7,20819.748,-10.9,146.399429,97.755293,2.438836,-0.909407,-48.644136,1,126.201019,1.0,118.930885,146.399429,0.86368084,1
2025-02-19 08:00:00,8,20958.786,-11.0,126.201019,141.148922,0.460618,-0.089599,14.947902999999997,1,104.758395,1.0,104.97263,126.201019,0.86339664,1
2025-02-19 09:00:00,9,20883.157,-10.4,104.758395,94.439774,-0.109018,-0.432587,-10.318620999999993,1,128.400584,1.0,95.638664,104.758395,0.90642715,1
2025-02-19 10:00:00,10,20671.89,-10.1,128.400584,92.283248,0.215007,-1.044423,-36.11733600000001,1,112.847199,1.0,84.547295,128.400584,0.7877438,1
2025-02-19 11:00:00,11,20357.681,-9.6,112.847199,112.299082,-2.41459,-0.718211,-0.5481170000000049,1,102.768722,1.0,86.84283,112.847199,0.96567667,1
2025-02-19 12:00:00,12,20129.383,-8.9,102.768722,96.922221,-3.80206,-0.719218,-5.8465010000000035,1,88.028043,1.0,89.23869,102.768722,0.95187664,1
2025-02-19 13:00:00,13,19764.807999999997,-8.4,88.028043,70.69418,-6.123547,-0.86841,-17.333862999999994,1,79.668301,1.0,96.6219,88.028043,0.9412883,1
2025-02-19 14:00:00,14,19475.688,-7.8,79.668301,69.045422,-7.704945,-0.846754,-10.622878999999998,1,77.063862,1.0,79.13518,79.668301,0.8843338,1
2025-02-19 15:00:00,15,19337.368,-7.2,77.063862,82.957557,-7.176279,-0.739859,5.893694999999994,1,86.698021,1.0,81.344345,77.063862,0.90884507,1
2025-02-19 16:00:00,16,19623.846,-6.9,86.698021,80.077362,-8.774683,-0.767296,-6.620659000000003,1,99.302607,1.0,102.936325,86.698021,0.96476406,1
2025-02-19 17:00:00,17,20025.386,-6.8,99.302607,79.36203,-7.739957,-1.057436,-19.94057699999999,1,142.133251,1.0,97.13527,99.302607,0.9654831,1
2025-02-19 18:00:00,18,20474.525,-7.1,142.133251,116.123998,-6.27868,-0.618069,-26.009253,1,129.557359,1.0,105.47059,142.133251,0.98610675,1
2025-02-19 19:00:00,19,20557.485,-8.3,129.557359,130.143881,-3.681795,-0.720846,0.5865220000000022,1,117.451266,1.0,135.36298,129.557359,0.9899685,1
2025-02-19 20:00:00,20,20384.493,-9.4,117.451266,115.336698,-2.901402,-0.617332,-2.1145680000000056,1,106.094663,1.0,103.81961,117.451266,0.988321,1
2025-02-19 21:00:00,21,19940.397,-10.1,106.094663,97.225066,-8.700157,-0.86518,-8.869596999999999,1,91.966786,1.0,99.41257,106.094663,0.98977554,1
2025-02-19 22:00:00,22,19445.44,-10.1,91.966786,91.842314,-5.766531,-0.706683,-0.12447199999999725,1,93.520396,1.0,99.141975,91.966786,0.9870538,1
2025-02-19 23:00:00,23,18979.084000000003,-10.2,93.520396,91.634924,1.479303,-1.188907,-1.8854720000000071,1,90.122086,1.0,72.860695,93.520396,0.9755204,1
2025-02-20 00:00:00,0,18815.195,-9.4,90.122086,130.433352,-1.750803,-1.437111,40.31126600000002,1,86.468457,1.0,89.520584,90.122086,0.9217687,1
2025-02-20 01:00:00,1,18669.067000000003,-8.9,86.468457,107.297608,-1.782504,-1.329039,20.829150999999996,1,82.344245,1.0,84.5077,86.468457,0.9112379,1
2025-02-20 02:00:00,2,18718.617,-9.1,82.344245,94.69888,-1.780611,-1.235144,12.354635000000002,1,80.692473,1.0,77.76733,82.344245,0.7402624,1
2025-02-20 03:00:00,3,18892.301,-9.4,80.692473,100.336123,-1.822178,-0.975349,19.643649999999994,1,82.899916,1.0,74.51094,80.692473,0.6681431,1
2025-02-20 04:00:00,4,19026.466,-9.9,82.899916,111.737858,-2.308415,-0.861669,28.837941999999998,1,91.92288,1.0,78.39867,82.899916,0.81313926,1
2025-02-20 05:00:00,5,19530.54,-10.1,91.92288,76.446743,-4.216602,-1.270518,-15.476137000000008,1,120.824074,1.0,106.084885,91.92288,0.9477928,1
2025-02-20 06:00:00,6,20323.894,-10.4,120.824074,122.216811,-3.418337,-2.107589,1.392737000000011,1,165.425683,1.0,151.5696,120.824074,0.99300426,1
2025-02-20 07:00:00,7,21041.656,-10.1,165.425683,173.779111,-2.586723,-2.257594,8.353428000000008,1,139.146942,1.0,121.66109,165.425683,0.9424755,1
2025-02-20 08:00:00,8,21113.278,-9.8,139.146942,131.428785,-0.795729,-1.277329,-7.718156999999991,1,113.806678,1.0,102.54156,139.146942,0.8459681,1
2025-02-20 09:00:00,9,20795.557,-8.9,113.806678,84.530639,-2.043638,-0.739684,-29.27603900000001,1,113.679155,1.0,88.13927,113.806678,0.6175327,1
2025-02-20 10:00:00,10,20422.403,-8.5,113.679155,64.849486,-3.147838,-1.113007,-48.829668999999996,1,102.250437,1.0,74.487114,113.679155,0.6241818,1
2025-02-20 11:00:00,11,20146.811,-8.8,102.250437,78.49626,-1.340986,-1.408577,-23.754177,1,90.819874,1.0,79.800934,102.250437,0.7005556,1
2025-02-20 12:00:00,12,19949.129,-8.6,90.819874,79.77659,-2.823877,-1.086249,-11.043284,1,86.39026,1.0,82.5641,90.819874,0.82058144,1
2025-02-20 13:00:00,13,19909.132,-8.8,86.39026,88.741974,-2.581079,-1.408661,2.351714000000001,1,77.985811,1.0,82.214005,86.39026,0.77747875,1
2025-02-20 14:00:00,14,19855.648,-8.1,77.985811,77.563764,-0.938305,-1.375884,-0.42204699999999207,1,75.031092,1.0,82.67479,77.985811,0.73663807,1
2025-02-20 15:00:00,15,19943.273,-8.0,75.031092,73.444396,-1.219812,-1.499096,-1.5866960000000034,1,82.556948,1.0,86.56639,75.031092,0.6713629,1
2025-02-20 16:00:00,16,20157.754999999997,-7.8,82.556948,80.567004,-3.079903,-1.553149,-1.9899440000000084,1,108.100286,1.0,98.77939,82.556948,0.81783223,1
2025-02-20 17:00:00,17,20541.597,-7.4,108.100286,96.014617,-3.22529,-2.364424,-12.085668999999996,1,123.549749,1.0,93.36414,108.100286,0.9263267,1
2025-02-20 18:00:00,18,21103.323,-7.3,123.549749,116.935404,-1.200189,-2.520062,-6.614345,1,126.586592,1.0,100.06258,123.549749,0.955333,1
2025-02-20 19:00:00,19,21285.369,-7.6,126.586592,145.051415,-1.791779,-1.671629,18.464822999999996,1,114.607028,1.0,98.61492,126.586592,0.9782828,1
2025-02-20 20:00:00,20,21124.975,-7.6,114.607028,137.497898,-3.157478,-1.345494,22.890869999999993,1,116.561251,1.0,97.90611,114.607028,0.97240037,1
2025-02-20 21:00:00,21,20647.729,-7.2,116.561251,120.840658,-0.881888,-1.366861,4.279407000000006,1,109.658505,1.0,92.85488,116.561251,0.9805295,1
2025-02-20 22:00:00,22,20116.074999999997,-7.2,109.658505,92.070598,-3.519389,-1.352106,-17.587907,1,107.135288,1.0,90.36153,109.658505,0.98082215,1
2025-02-20 23:00:00,23,19605.157,-7.2,107.135288,68.159087,-3.283891,-1.940821,-38.976201,1,130.513965,1.0,97.74945,107.135288,0.9780546,1
2025-02-21 00:00:00,0,19275.83,-7.0,130.513965,102.734535,4.578148,-3.364183,-27.77943000000002,1,128.773855,1.0,110.29568,130.513965,0.96441597,1
2025-02-21 01:00:00,1,19017.252,-6.8,128.773855,108.959253,4.070646,-3.286791,-19.814601999999994,1,130.598942,1.0,103.81843,128.773855,0.975105,1
2025-02-21 02:00:00,2,18908.422,-6.7,130.598942,112.209524,3.036627,-3.387685,-18.389417999999992,1,126.686077,1.0,102.202835,130.598942,0.96943116,1
2025-02-21 03:00:00,3,18987.006,-6.6,126.686077,108.780379,3.199272,-3.713195,-17.905698,1,129.946434,1.0,100.638466,126.686077,0.97485006,1
2025-02-21 04:00:00,4,19165.615,-6.2,129.946434,79.999221,3.074977,-3.528543,-49.947213000000005,1,142.026382,1.0,102.728355,129.946434,0.97691774,1
2025-02-21 05:00:00,5,19831.833,-6.0,142.026382,91.817105,2.898637,-2.852255,-50.209277000000014,1,200.289506,1.0,129.49205,142.026382,0.98771024,1
2025-02-21 06:00:00,6,20606.64,-5.9,200.289506,152.827819,2.922478,-3.262972,-47.46168699999998,1,220.366804,1.0,159.18077,200.289506,0.99012214,1
2025-02-21 07:00:00,7,20989.679,-6.2,220.366804,254.355395,4.551183,-3.494379,33.988590999999985,1,123.702715,1.0,185.17491,220.366804,0.9538903,1
2025-02-21 08:00:00,8,21116.179,-6.2,123.702715,78.174511,0.957464,-1.694749,-45.528204,1,88.686323,1.0,152.4209,123.702715,0.93054706,1
2025-02-21 09:00:00,9,20566.079,-6.4,88.686323,64.821982,0.025087,-1.648764,-23.864340999999996,1,56.10248,0.0,79.32046,88.686323,0.87470233,1
2025-02-21 10:00:00,10,20103.115,-5.9,56.10248,50.364725,-0.051609,-1.315911,-5.737755,0,49.923748,0.0,56.74229,56.10248,0.37600532,0
2025-02-21 11:00:00,11,19398.769,-5.1,49.923748,49.17743,-0.624891,-1.401361,-0.7463180000000023,0,48.302541,0.0,50.289032,49.923748,0.15098801,0
2025-02-21 12:00:00,12,18969.991,-4.1,48.302541,42.431747,-0.293744,-1.413715,-5.8707939999999965,0,42.534034,0.0,47.58013,48.302541,0.14447445,0
2025-02-21 13:00:00,13,18695.13,-3.1,42.534034,41.612075,-0.50665,-1.279316,-0.9219590000000011,0,40.173534,0.0,50.96451,42.534034,0.095790625,0
2025-02-21 14:00:00,14,18198.307,-2.7,40.173534,39.815804,-0.264862,-1.391604,-0.35772999999999655,0,40.293679,0.0,45.471302,40.173534,0.047857676,0
2025-02-21 15:00:00,15,17922.79,-2.3,40.293679,39.210213,0.195995,-1.352316,-1.0834659999999943,0,47.101,0.0,60.81692,40.293679,0.048893843,0
2025-02-21 16:00:00,16,17931.432999999997,-2.2,47.101,43.349007,0.418742,-1.337742,-3.751992999999999,0,77.444091,1.0,76.86234,47.101,0.28770328,0
2025-02-21 17:00:00,17,18249.882,-2.2,77.444091,69.342145,0.388828,-1.814737,-8.101945999999998,1,92.414002,1.0,71.248024,77.444091,0.5870573,1
2025-02-21 18:00:00,18,18818.506,-2.5,92.414002,88.821206,1.000883,-1.796881,-3.5927959999999928,1,82.497259,1.0,77.3815,92.414002,0.9035098,1
2025-02-21 19:00:00,19,19090.086,-2.8,82.497259,53.406347,1.157436,-1.150177,-29.090912000000003,1,68.114313,0.0,76.26473,82.497259,0.972486,1
2025-02-21 20:00:00,20,19136.96,-4.7,68.114313,51.302215,1.452012,-0.847699,-16.812098,0,68.288748,0.0,70.4748,68.114313,0.6854662,1
2025-02-21 21:00:00,21,19099.067,-4.2,68.288748,59.489102,0.435622,-0.396874,-8.799645999999996,0,64.863252,0.0,63.109165,68.288748,0.17534034,0
2025-02-21 22:00:00,22,18792.803,-5.8,64.863252,57.135071,0.166193,-0.182941,-7.728180999999999,0,61.536308,0.0,60.202705,64.863252,0.29855016,0
2025-02-21 23:00:00,23,18428.777,-7.7,61.536308,46.532521,0.891943,-0.105635,-15.003786999999996,0,60.798298,0.0,65.01746,61.536308,0.39793158,0
2025-02-22 00:00:00,0,18379.551,-8.4,60.798298,55.497753,-0.120245,-0.021457,-5.300545,0,60.283566,0.0,64.6972,60.798298,0.37982753,0
2025-02-22 01:00:00,1,18382.822,-9.2,60.283566,65.792872,0.349979,0.103587,5.509306000000002,0,59.258162,0.0,65.85119,60.283566,0.37646687,0
2025-02-22 02:00:00,2,18388.311,-10.0,59.258162,52.004924,-0.600917,0.189079,-7.253237999999996,0,60.338948,0.0,66.309296,59.258162,0.43529272,0
2025-02-22 03:00:00,3,18600.202,-10.2,60.338948,68.97066,-1.087278,0.296226,8.631711999999993,0,63.801727,0.0,67.85264,60.338948,0.38917887,0
2025-02-22 04:00:00,4,18886.375,-10.6,63.801727,52.941329,-0.551596,0.193323,-10.860397999999996,0,65.626103,0.0,74.03131,63.801727,0.4973269,1
2025-02-22 05:00:00,5,19331.887,-11.1,65.626103,63.655751,0.065017,-0.128914,-1.9703519999999983,0,82.366729,1.0,88.36537,65.626103,0.5230757,1
2025-02-22 06:00:00,6,19743.881,-11.1,82.366729,53.121059,1.511595,-0.484866,-29.245670000000004,1,82.411721,1.0,92.07236,82.366729,0.52231175,1
2025-02-22 07:00:00,7,20128.393,-11.5,82.411721,52.265989,-0.318561,0.010282,-30.145732000000002,1,57.862155,0.0,75.77022,82.411721,0.48130512,1
2025-02-22 08:00:00,8,19883.065,-11.9,57.862155,40.25803,-1.408557,0.560712,-17.604125000000003,0,45.06592,0.0,56.340508,57.862155,0.066419035,0
2025-02-22 09:00:00,9,19084.871,-10.6,45.06592,36.861884,-1.574749,0.320669,-8.204035999999995,0,36.078006,0.0,47.06271,45.06592,0.010651843,0
2025-02-22 10:00:00,10,18237.197,-8.1,36.078006,28.114104,-0.866114,-0.08588,-7.963902000000001,0,35.163355,0.0,42.64635,36.078006,0.014695498,0
2025-02-22 11:00:00,11,17488.597,-6.1,35.163355,29.238712,-0.525216,-0.311429,-5.924643000000003,0,32.574853,0.0,39.862762,35.163355,0.0020918436,0
2025-02-22 12:00:00,12,16867.36,-4.0,32.574853,25.881567,-0.357674,-0.317473,-6.693285999999997,0,30.529143,0.0,36.678207,32.574853,0.0013249379,0
2025-02-22 13:00:00,13,16375.195,-2.4,30.529143,23.811696,-0.725455,-0.395402,-6.717447,0,29.973116,0.0,34.433,30.529143,0.0009412276,0
2025-02-22 14:00:00,14,15959.261,-1.7,29.973116,23.391547,-0.595768,-0.401116,-6.581569000000002,0,30.642462,0.0,33.334312,29.973116,0.0009831369,0
2025-02-22 15:00:00,15,15930.494,-1.1,30.642462,26.681255,-0.660598,-0.40694,-3.961206999999998,0,32.926348,0.0,38.254753,30.642462,0.001182054,0
2025-02-22 16:00:00,16,16125.936999999998,-0.8,32.926348,29.731856,-0.405033,-0.368619,-3.194491999999997,0,43.217953,0.0,51.313847,32.926348,0.0039226483,0
2025-02-22 17:00:00,17,16554.075,-0.6,43.217953,39.91015,0.164711,-0.156758,-3.307803,0,50.585926,0.0,47.180508,43.217953,0.004001146,0
2025-02-22 18:00:00,18,17138.27,-1.0,50.585926,49.44264,0.148611,-0.042685,-1.1432860000000034,0,49.926646,0.0,49.19816,50.585926,0.007974045,0
2025-02-22 19:00:00,19,17416.049,-2.2,49.926646,40.889099,0.017604,0.059042,-9.037546999999996,0,45.126738,0.0,47.581333,49.926646,0.0055275504,0
2025-02-22 20:00:00,20,17438.978,-3.8,45.126738,40.711927,0.032373,-0.105635,-4.414811,0,40.793567,0.0,47.538757,45.126738,0.0008141122,0
2025-02-22 21:00:00,21,17280.309999999998,-3.8,40.793567,44.302041,0.138048,-0.144481,3.5084739999999996,0,37.572296,0.0,40.56636,40.793567,0.00045474488,0
2025-02-22 22:00:00,22,16984.75,-4.0,37.572296,34.864677,0.23157,-0.309274,-2.707619000000001,0,35.502445,0.0,37.14488,37.572296,0.00033350888,0
2025-02-22 23:00:00,23,16759.52,-4.2,35.502445,35.511001,0.29099,-0.508545,0.008555999999998676,0,39.31312,0.0,38.34042,35.502445,0.00039129076,0
2025-02-23 00:00:00,0,16534.364999999998,-4.5,39.31312,39.440139,0.463475,-1.400355,0.1270190000000042,0,38.043649,0.0,38.56433,39.31312,0.00064432976,0
2025-02-23 01:00:00,1,16481.243,-4.7,38.043649,37.791007,0.677841,-1.204192,-0.2526420000000016,0,37.918043,0.0,39.984314,38.043649,0.00077394926,0
2025-02-23 02:00:00,2,16439.206,-5.4,37.918043,37.970238,0.673278,-1.255235,0.052195000000004654,0,40.066101,0.0,38.548595,37.918043,0.00076353824,0
2025-02-23 03:00:00,3,16567.939,-6.2,40.066101,52.328276,0.42796,-1.381859,12.262175,0,44.042918,0.0,39.08136,40.066101,0.0009844936,0
2025-02-23 04:00:00,4,16760.368000000002,-6.8,44.042918,52.805549,0.477053,-1.354135,8.762630999999999,0,45.552447,0.0,40.70874,44.042918,0.0010316314,0
2025-02-23 05:00:00,5,17013.835,-7.2,45.552447,38.533369,0.35144,-1.258993,-7.019078,0,47.292575,0.0,47.397877,45.552447,0.021799527,0
2025-02-23 06:00:00,6,17423.047,-7.6,47.292575,41.960755,0.39876,-1.096185,-5.3318200000000004,0,47.729459,0.0,62.692375,47.292575,0.076327436,0
2025-02-23 07:00:00,7,17578.93,-8.0,47.729459,39.746489,0.393844,-1.074385,-7.982970000000002,0,35.009415,0.0,47.76366,47.729459,0.009746826,0
2025-02-23 08:00:00,8,17515.161,-8.3,35.009415,27.188449,0.407164,-0.917749,-7.8209659999999985,0,31.503757,0.0,44.26345,35.009415,0.008053089,0
2025-02-23 09:00:00,9,16749.613,-6.8,31.503757,28.719714,0.258333,-1.154576,-2.7840430000000005,0,30.82268,0.0,34.0171,31.503757,0.0006272332,0
2025-02-23 10:00:00,10,16129.516,-3.9,30.82268,30.087772,-0.140938,-0.856382,-0.7349079999999972,0,29.471524,0.0,30.48577,30.82268,0.0003150222,0
2025-02-23 11:00:00,11,15585.567,-1.7,29.471524,29.819839,-0.145851,-0.792625,0.34831500000000304,0,28.571237,0.0,29.28507,29.471524,0.00023248061,0
2025-02-23 12:00:00,12,15223.357,1.1,28.571237,28.65885,0.103582,-0.842345,0.08761300000000105,0,27.373754,0.0,28.072018,28.571237,0.00017993996,0
2025-02-23 13:00:00,13,14942.525999999998,2.8,27.373754,27.263808,0.184446,-0.850692,-0.10994600000000077,0,27.040427,0.0,27.026682,27.373754,0.00015916213,0
2025-02-23 14:00:00,14,14765.929,3.7,27.040427,25.609407,0.212935,-0.912508,-1.4310200000000002,0,27.947322,0.0,26.858648,27.040427,0.00014605951,0
2025-02-23 15:00:00,15,14765.743,4.1,27.947322,28.15171,0.543391,-0.976069,0.20438800000000157,0,30.435172,0.0,30.507732,27.947322,0.00018126023,0
2025-02-23 16:00:00,16,14955.668,4.3,30.435172,36.553617,0.755017,-1.029845,6.118445000000001,0,42.548738,0.0,35.63584,30.435172,0.0003740432,0
2025-02-23 17:00:00,17,15387.838,4.2,42.548738,46.091102,1.730484,-1.271746,3.542363999999999,0,52.205336,0.0,34.929745,42.548738,0.0006520399,0
2025-02-23 18:00:00,18,16201.178,3.7,52.205336,55.910656,1.331817,-1.626481,3.7053200000000004,0,46.376184,0.0,42.584133,52.205336,0.0035526743,0
2025-02-23 19:00:00,19,16660.595,1.9,46.376184,49.079836,1.682803,-1.326619,2.703651999999998,0,40.903376,0.0,43.73477,46.376184,0.0014554468,0
2025-02-23 20:00:00,20,16668.919,1.2,40.903376,48.631078,2.105415,-1.142039,7.727702000000001,0,38.482989,0.0,41.57174,40.903376,0.0001851297,0
2025-02-23 21:00:00,21,16426.766,1.5,38.482989,36.533175,2.113833,-1.030844,-1.9498140000000035,0,36.804348,0.0,35.70934,38.482989,7.442219e-05,0
2025-02-23 22:00:00,22,16142.864,0.8,36.804348,37.323542,2.355172,-1.080824,0.5191940000000059,0,35.849094,0.0,32.78574,36.804348,6.020418e-05,0
2025-02-23 23:00:00,23,15889.786,-0.3,35.849094,35.345913,2.503801,-0.994707,-0.5031809999999979,0,34.936996,0.0,32.457367,35.849094,5.938004e-05,0
2025-02-24 00:00:00,0,15743.477,-0.9,34.936996,30.831807,2.345677,-0.668681,-4.105188999999999,0,35.084317,0.0,35.213234,34.936996,0.00025273216,0
2025-02-24 01:00:00,1,15723.469,-1.3,35.084317,33.05582,2.559739,-0.735422,-2.0284970000000015,0,34.952263,0.0,32.855877,35.084317,0.00014884019,0
2025-02-24 02:00:00,2,15901.691,-1.6,34.952263,36.357282,2.530468,-0.598205,1.4050189999999958,0,35.269935,0.0,34.616055,34.952263,0.00014884019,0
2025-02-24 03:00:00,3,16137.434,-1.9,35.269935,36.029955,2.522884,-0.492949,0.7600200000000044,0,37.873267,0.0,36.22786,35.269935,0.00047159134,0
2025-02-24 04:00:00,4,16482.521999999997,-2.0,37.873267,36.834902,2.499333,-0.466066,-1.0383649999999989,0,42.823528,0.0,38.324127,37.873267,0.0005063065,0
2025-02-24 05:00:00,5,17329.637000000002,-2.1,42.823528,45.441558,2.900614,-0.437086,2.6180299999999974,0,74.520792,1.0,51.670094,42.823528,0.022234822,0
2025-02-24 06:00:00,6,18543.521,-2.2,74.520792,73.943082,2.588776,-0.917984,-0.5777099999999962,1,64.986271,0.0,67.93495,74.520792,0.8758975,1
2025-02-24 07:00:00,7,19049.046,-2.2,64.986271,74.937396,-0.058942,-0.654787,9.951125000000005,0,38.726187,0.0,53.27742,64.986271,0.062105127,0
2025-02-24 08:00:00,8,18629.045,-2.0,38.726187,34.998655,-2.274305,-0.159508,-3.7275320000000036,0,34.436972,0.0,45.27013,38.726187,0.014028383,0
2025-02-24 09:00:00,9,17975.468,-0.5,34.436972,29.187704,-3.374236,0.011208,-5.249267999999997,0,32.382395,0.0,38.89529,34.436972,0.00038001259,0
2025-02-24 10:00:00,10,17178.659,1.2,32.382395,29.319614,-1.891007,-0.036598,-3.062781000000001,0,30.882198,0.0,35.681328,32.382395,0.0002537956,0
2025-02-24 11:00:00,11,16565.869,2.8,30.882198,28.553003,-1.543954,-0.113848,-2.3291949999999986,0,29.966061,0.0,33.609848,30.882198,0.00026706897,0
2025-02-24 12:00:00,12,16081.324,3.6,29.966061,27.3157,-1.484024,-0.149915,-2.650361,0,29.127094,0.0,32.30914,29.966061,0.00026706897,0
2025-02-24 13:00:00,13,15673.142,5.8,29.127094,26.535679,-1.228721,-0.224185,-2.5914150000000014,0,28.904664,0.0,31.171541,29.127094,0.00026274135,0
2025-02-24 14:00:00,14,15303.691,8.1,28.904664,27.697296,-1.050942,-0.344394,-1.2073679999999989,0,29.918761,0.0,29.836205,28.904664,0.00026944268,0
2025-02-24 15:00:00,15,15117.272,9.4,29.918761,28.441233,-0.571083,-0.510156,-1.4775279999999995,0,31.431266,0.0,34.14994,29.918761,0.0003843868,0
2025-02-24 16:00:00,16,15164.502,9.9,31.431266,33.008444,-0.624866,-0.643868,1.5771779999999964,0,45.169056,0.0,38.645107,31.431266,0.000861693,0
2025-02-24 17:00:00,17,15547.605,9.4,45.169056,38.329815,-1.007782,-0.883162,-6.839240999999994,0,56.265014,0.0,40.52801,45.169056,0.0015957617,0
2025-02-24 18:00:00,18,16142.384,8.6,56.265014,44.187677,-1.203858,-0.981128,-12.077337,0,49.734284,0.0,50.8319,56.265014,0.012987204,0
2025-02-24 19:00:00,19,16456.393,7.5,49.734284,35.807435,-0.569817,-0.965899,-13.926849000000004,0,46.374651,0.0,47.601185,49.734284,0.0036210488,0
2025-02-24 20:00:00,20,16367.77,6.6,46.374651,36.707176,-0.059076,-0.956273,-9.667475000000003,0,42.17792,0.0,43.293777,46.374651,0.00039687738,0
2025-02-24 21:00:00,21,15978.155,6.8,42.17792,33.514196,0.033985,-0.856065,-8.663724000000002,0,35.184322,0.0,39.52771,42.17792,0.00026927702,0
2025-02-24 22:00:00,22,15467.875,6.2,35.184322,28.925437,0.645221,-0.800899,-6.258885000000003,0,34.749254,0.0,35.88832,35.184322,0.00016836723,0
2025-02-24 23:00:00,23,15038.589,5.4,34.749254,30.629251,0.967221,-0.767967,-4.1200030000000005,0,31.519394,0.0,31.533382,34.749254,0.00013812575,0
2025-02-25 00:00:00,0,14736.54,5.0,31.519394,32.793562,0.438312,-0.818918,1.274168000000003,0,31.238216,0.0,33.794216,31.519394,0.0002816098,0
2025-02-25 01:00:00,1,14536.27,4.4,31.238216,35.436548,0.378612,-0.790396,4.198332000000001,0,30.840485,0.0,28.586164,31.238216,0.00024296237,0
2025-02-25 02:00:00,2,14621.988,4.6,30.840485,30.46501,0.342194,-0.801709,-0.37547500000000156,0,31.277475,0.0,29.007965,30.840485,0.00019663342,0
2025-02-25 03:00:00,3,14719.958,4.2,31.277475,32.614509,0.301548,-0.874073,1.3370339999999992,0,32.689678,0.0,31.03455,31.277475,0.00020814648,0
2025-02-25 04:00:00,4,15075.06,3.9,32.689678,30.999546,0.200428,-0.87075,-1.690132000000002,0,37.840128,0.0,35.195942,32.689678,0.00021506709,0
2025-02-25 05:00:00,5,15727.330999999998,3.3,37.840128,33.783243,0.256049,-0.855921,-4.056885000000001,0,58.834361,0.0,47.88969,37.840128,0.0016426649,0
2025-02-25 06:00:00,6,16762.989999999998,2.2,58.834361,54.639135,0.345441,-1.83108,-4.195225999999998,0,64.239109,0.0,60.64733,58.834361,0.061966293,0
2025-02-25 07:00:00,7,17225.212,2.2,64.239109,41.027802,-0.11521,-2.145681,-23.211306999999998,0,37.432834,0.0,45.060173,64.239109,0.022356093,0
2025-02-25 08:00:00,8,16869.949999999997,1.8,37.432834,30.920439,-0.510623,-1.006543,-6.5123950000000015,0,32.682151,0.0,39.03758,37.432834,0.009254214,0
2025-02-25 09:00:00,9,16356.554,1.7,32.682151,33.301903,-1.067679,-0.87017,0.6197520000000054,0,32.221657,0.0,34.986732,32.682151,0.00022768592,0
2025-02-25 10:00:00,10,15915.080999999998,4.2,32.221657,29.979862,-0.993727,-0.814616,-2.2417949999999998,0,30.097848,0.0,31.273718,32.221657,0.00014536356,0
2025-02-25 11:00:00,11,15462.492,7.0,30.097848,22.720544,-0.510653,-0.541499,-7.377303999999999,0,28.845508,0.0,31.10482,30.097848,0.00021090759,0
2025-02-25 12:00:00,12,15018.316,9.4,28.845508,21.850971,-0.660212,-0.47428,-6.994536999999998,0,27.340569,0.0,29.566021,28.845508,0.0002143097,0
2025-02-25 13:00:00,13,14716.876,11.4,27.340569,21.073289,-0.534122,-0.485309,-6.2672799999999995,0,25.57718,0.0,28.090096,27.340569,0.00020409707,0
2025-02-25 14:00:00,14,14404.998,13.0,25.57718,21.082556,-0.622338,-0.380482,-4.494623999999998,0,25.889762,0.0,27.170156,25.57718,0.0002446563,0
2025-02-25 15:00:00,15,14286.214,14.4,25.889762,21.722821,-0.649877,-0.340361,-4.166941000000001,0,28.16811,0.0,30.133884,25.889762,0.00020353291,0
2025-02-25 16:00:00,16,14347.235,14.2,28.16811,24.092434,-0.55958,-0.26231,-4.075675999999998,0,40.170786,0.0,33.0622,28.16811,0.00027859534,0
2025-02-25 17:00:00,17,14524.323,13.8,40.170786,30.708619,-0.303995,-0.935219,-9.462167,0,55.553306,0.0,33.97862,40.170786,0.0028543985,0
2025-02-25 18:00:00,18,15090.765,12.9,55.553306,48.608173,0.014748,-1.531442,-6.9451329999999984,0,50.708979,0.0,40.481,55.553306,0.0053912443,0
2025-02-25 19:00:00,19,15468.337,9.9,50.708979,41.530935,0.770249,-1.04127,-9.178044,0,43.369867,0.0,43.586052,50.708979,0.004926495,0
2025-02-25 20:00:00,20,15461.175,7.5,43.369867,41.921957,0.654797,-0.74493,-1.4479100000000003,0,37.702626,0.0,42.231464,43.369867,0.0005718275,0
2025-02-25 21:00:00,21,15232.062,6.4,37.702626,45.387101,1.109015,-0.496389,7.684474999999999,0,34.666672,0.0,37.22708,37.702626,0.00024521747,0
2025-02-25 22:00:00,22,14901.5,5.5,34.666672,31.230083,1.304518,-0.307846,-3.436588999999998,0,32.084464,0.0,29.259682,34.666672,0.00015110057,0
2025-02-25 23:00:00,23,14598.536,4.3,32.084464,29.112665,1.687553,-0.033089,-2.971798999999997,0,30.090039,0.0,29.308369,32.084464,9.433794e-05,0
2025-02-26 00:00:00,0,14299.703,3.7,30.090039,29.202503,1.161881,-0.381842,-0.8875360000000008,0,28.773264,0.0,28.913843,30.090039,0.0012751094,0
2025-02-26 01:00:00,1,14489.565,1.9,28.773264,33.251267,1.304127,-0.320863,4.4780029999999975,0,27.816134,0.0,28.271206,28.773264,0.0005704323,0
2025-02-26 02:00:00,2,14543.009999999998,1.1,27.816134,28.84901,1.674232,-0.318098,1.0328759999999981,0,28.252271,0.0,28.00438,27.816134,0.00058456574,0
2025-02-26 03:00:00,3,14775.315,-0.3,28.252271,33.856325,1.772037,-0.389766,5.604053999999998,0,30.262898,0.0,29.365768,28.252271,0.0009398328,0
2025-02-26 04:00:00,4,15156.326,-0.9,30.262898,36.625246,2.108181,-0.415283,6.362347999999997,0,35.507222,0.0,33.335384,30.262898,0.00075534446,0
2025-02-26 05:00:00,5,16089.458,-1.5,35.507222,61.79022,1.978112,-0.48089,26.282998,0,55.916592,0.0,53.0489,35.507222,0.015060464,0
2025-02-26 06:00:00,6,17331.292,-1.7,55.916592,76.172702,2.258472,-0.97188,20.25611,0,49.753078,0.0,69.19889,55.916592,0.14222641,0
2025-02-26 07:00:00,7,17863.731,-2.1,49.753078,61.302537,1.92861,-0.645532,11.549458999999999,0,31.992192,0.0,43.630917,49.753078,0.060961884,0
2025-02-26 08:00:00,8,17612.816,-1.6,31.992192,31.559592,0.648603,-0.196411,-0.43260000000000076,0,28.579658,0.0,39.818233,31.992192,0.0068039056,0
2025-02-26 09:00:00,9,17101.185,-0.9,28.579658,24.960895,-0.040267,-0.180075,-3.6187629999999977,0,29.245879,0.0,30.76136,28.579658,0.00035621034,0
2025-02-26 10:00:00,10,16581.905,1.5,29.245879,31.884967,-0.211533,-0.172588,2.639088000000001,0,28.177164,0.0,29.444822,29.245879,0.00035864036,0
2025-02-26 11:00:00,11,16022.199,3.3,28.177164,29.275274,0.246473,-0.119309,1.0981099999999984,0,28.063014,0.0,29.787697,28.177164,0.00056040275,0
2025-02-26 12:00:00,12,15639.541,5.1,28.063014,30.215701,0.59673,-0.173716,2.1526870000000002,0,27.462579,0.0,27.687727,28.063014,0.0005482508,0
2025-02-26 13:00:00,13,15535.627,8.4,27.462579,44.61591,0.682676,-0.200097,17.153330999999998,0,27.4331,0.0,27.76541,27.462579,0.0005482508,0
2025-02-26 14:00:00,14,15195.153,9.8,27.4331,39.081573,1.32186,-0.22876,11.648473,0,28.028356,0.0,27.246006,27.4331,0.00048710688,0
2025-02-26 15:00:00,15,15149.881,11.4,28.028356,41.877374,1.529735,-0.281379,13.849018000000004,0,29.918352,0.0,31.51253,28.028356,0.0014206966,0
2025-02-26 16:00:00,16,15190.298,12.9,29.918352,42.275717,2.033334,-0.274982,12.357365000000001,0,41.167539,0.0,34.424942,29.918352,0.0022266654,0
2025-02-26 17:00:00,17,15320.341,11.3,41.167539,45.036787,2.256499,-0.52896,3.869247999999999,0,48.087202,0.0,37.789795,41.167539,0.004111852,0
2025-02-26 18:00:00,18,15695.54,9.6,48.087202,47.812996,1.364892,-0.59769,-0.2742059999999995,0,38.338142,0.0,45.808285,48.087202,0.0049467348,0
2025-02-26 19:00:00,19,15758.291,8.0,38.338142,69.745638,1.277152,-0.41901,31.407496000000002,0,36.303041,0.0,42.354057,38.338142,0.00345618,0
2025-02-26 20:00:00,20,15716.0,7.0,36.303041,60.128029,1.370687,-0.297646,23.824987999999998,0,31.669726,0.0,33.627792,36.303041,0.00020040214,0
2025-02-26 21:00:00,21,15299.432,7.0,31.669726,33.087282,1.082022,-0.252296,1.4175560000000011,0,28.130493,0.0,29.66868,31.669726,0.00018459244,0
2025-02-26 22:00:00,22,14752.867,6.9,28.130493,27.946483,0.96973,-0.299237,-0.18401000000000067,0,26.923541,0.0,26.594912,28.130493,0.00016844817,0
2025-02-26 23:00:00,23,14220.331,6.3,26.923541,27.491464,0.833889,-0.260348,0.5679230000000004,0,26.292312,0.0,24.692188,26.923541,0.00016844817,0
2025-02-27 00:00:00,0,13750.571,5.4,26.292312,29.617132,0.438752,-0.38644,3.3248200000000026,0,26.131244,0.0,25.831846,26.292312,0.0004210895,0
2025-02-27 01:00:00,1,13538.957,6.5,26.131244,28.260336,0.443787,-0.362543,2.129092,0,25.335824,0.0,26.737366,26.131244,0.00046134874,0
2025-02-27 02:00:00,2,13414.06,6.9,25.335824,27.614266,0.52813,-0.422306,2.278442000000002,0,25.51344,0.0,27.02914,25.335824,0.00016907637,0
2025-02-27 03:00:00,3,13507.216,6.3,25.51344,29.18597,0.662206,-0.458766,3.672530000000002,0,26.126922,0.0,27.98552,25.51344,0.00016868107,0
2025-02-27 04:00:00,4,13768.903,7.0,26.126922,32.24727,0.736687,-0.539765,6.120348,0,28.501266,0.0,29.897362,26.126922,0.00017839219,0
2025-02-27 05:00:00,5,14388.278,6.5,28.501266,35.138599,1.103759,-0.532493,6.637332999999998,0,37.791188,0.0,39.689926,28.501266,0.0005397911,0
2025-02-27 06:00:00,6,15385.211,5.4,37.791188,73.923655,1.149455,-0.948267,36.132467,0,42.156596,0.0,43.104046,37.791188,0.0033775223,0
2025-02-27 07:00:00,7,15953.609,4.7,42.156596,45.867393,0.953716,-1.10712,3.7107969999999995,0,38.275717,0.0,33.024635,42.156596,0.00054072234,0
2025-02-27 08:00:00,8,16017.854,4.0,38.275717,55.041262,0.334836,-0.359119,16.765545000000003,0,36.860986,0.0,31.315214,38.275717,0.00055339676,0
2025-02-27 09:00:00,9,16023.484,6.1,36.860986,103.496129,0.302361,-0.001375,66.635143,0,35.292286,0.0,33.01533,36.860986,0.00041811375,0
2025-02-27 10:00:00,10,16023.836,6.2,35.292286,27.170621,-0.132173,-0.225541,-8.121664999999997,0,31.986985,0.0,33.417328,35.292286,0.0004662957,0
2025-02-27 11:00:00,11,16028.45,6.5,31.986985,41.994056,0.176067,-0.209082,10.007071,0,31.14466,0.0,32.455013,31.986985,0.00057743205,0
2025-02-27 12:00:00,12,15674.633,7.9,31.14466,27.483332,0.478681,-0.264021,-3.6613279999999975,0,29.810964,0.0,29.893818,31.14466,0.0004119975,0
2025-02-27 13:00:00,13,15530.107,8.9,29.810964,60.251452,0.888312,-0.317348,30.440488000000002,0,29.142867,0.0,29.777037,29.810964,0.000423005,0
2025-02-27 14:00:00,14,15316.809,9.8,29.142867,32.886512,1.030699,-0.437832,3.7436450000000043,0,28.357666,0.0,29.66185,29.142867,0.00032931246,0
2025-02-27 15:00:00,15,15145.915,10.2,28.357666,41.132695,0.865625,-0.487959,12.775029,0,29.563584,0.0,33.193527,28.357666,0.0004889367,0
2025-02-27 16:00:00,16,15278.93,10.6,29.563584,31.582685,0.595229,-0.651645,2.0191010000000027,0,35.891135,0.0,33.77556,29.563584,0.00082877895,0
2025-02-27 17:00:00,17,15577.984,7.8,35.891135,29.221391,0.395106,-0.813971,-6.669743999999998,0,47.811735,0.0,35.157604,35.891135,0.001471713,0
2025-02-27 18:00:00,18,15978.177,7.8,47.811735,42.787584,0.408843,-1.327108,-5.024150999999996,0,47.465389,0.0,35.183846,47.811735,0.002446528,0
2025-02-27 19:00:00,19,16398.197,6.2,47.465389,45.176732,0.915859,-1.04047,-2.2886570000000006,0,45.085065,0.0,39.747448,47.465389,0.0017561534,0
2025-02-27 20:00:00,20,16315.315,4.8,45.085065,56.447341,1.156016,-0.850951,11.362276000000001,0,43.157114,0.0,37.430916,45.085065,0.00032969538,0
2025-02-27 21:00:00,21,16003.144,6.0,43.157114,54.532644,1.124202,-0.737088,11.375529999999998,0,32.904486,0.0,33.419525,43.157114,0.00035241005,0
2025-02-27 22:00:00,22,15500.385,4.6,32.904486,35.033442,0.445728,-0.581242,2.1289560000000023,0,29.617027,0.0,33.366486,32.904486,0.0005114594,0
2025-02-27 23:00:00,23,14944.228,3.2,29.617027,28.965822,0.347405,-0.540378,-0.6512050000000009,0,31.196883,0.0,28.384928,29.617027,0.00017072246,0
2025-02-28 00:00:00,0,14641.786,2.4,31.196883,29.675742,0.505769,-0.478886,-1.521141,0,30.084251,0.0,28.641253,31.196883,0.00026125234,0
2025-02-28 01:00:00,1,14466.764,1.8,30.084251,29.882475,0.556162,-0.421911,-0.20177599999999885,0,28.251514,0.0,29.458765,30.084251,0.00030499135,0
2025-02-28 02:00:00,2,14420.928,1.3,28.251514,26.292764,0.603833,-0.332319,-1.958750000000002,0,28.88846,0.0,29.452702,28.251514,0.000405113,0
2025-02-28 03:00:00,3,14570.85,0.7,28.88846,25.894428,0.854839,-0.316379,-2.994031999999997,0,30.701781,0.0,30.06435,28.88846,0.00041515208,0
2025-02-28 04:00:00,4,14886.115000000002,0.1,30.701781,25.737231,1.384327,-0.202546,-4.964549999999999,0,37.100045,0.0,32.762615,30.701781,0.0003609018,0
2025-02-28 05:00:00,5,15727.477,-0.6,37.100045,27.892076,2.017838,-0.187793,-9.207969000000002,0,58.697513,0.0,43.86885,37.100045,0.0014063148,0
2025-02-28 06:00:00,6,16823.802,-1.1,58.697513,66.791672,2.241389,-0.583876,8.094159000000005,0,48.52325,0.0,53.75248,58.697513,0.0102867335,0
2025-02-28 07:00:00,7,17315.891,-1.5,48.52325,53.165199,1.918819,-0.515569,4.641949000000004,0,30.933476,0.0,42.190086,48.52325,0.06491277,0
2025-02-28 08:00:00,8,17114.7,-1.9,30.933476,15.670086,-0.14771,-0.478814,-15.26339,0,29.510797,0.0,41.48524,30.933476,0.0070081903,0
2025-02-28 09:00:00,9,16535.459,-0.1,29.510797,23.201314,0.452103,-0.491306,-6.309483,0,28.249125,0.0,31.374422,29.510797,0.00033770985,0
2025-02-28 10:00:00,10,16032.262,2.0,28.249125,22.765945,1.16446,-0.715335,-5.483180000000001,0,25.657287,0.0,30.716156,28.249125,0.00013353239,0
2025-02-28 11:00:00,11,15582.839,4.8,25.657287,19.164706,0.366294,-0.749007,-6.492581000000001,0,25.753418,0.0,27.579588,25.657287,0.00018018186,0
2025-02-28 12:00:00,12,15158.608,7.8,25.753418,18.122334,0.866736,-0.783318,-7.631084000000001,0,25.094667,0.0,25.701427,25.753418,0.000114327595,0
2025-02-28 13:00:00,13,14961.392,9.6,25.094667,17.372744,0.611464,-0.766797,-7.721923,0,24.68269,0.0,25.288015,25.094667,0.0001152645,0
2025-02-28 14:00:00,14,14574.601,10.6,24.68269,10.925322,0.487472,-0.734782,-13.757368000000001,0,25.10367,0.0,24.822887,24.68269,9.098042e-05,0
2025-02-28 15:00:00,15,14315.844,11.6,25.10367,13.554489,0.55185,-0.71818,-11.549181,0,26.180044,0.0,28.112202,25.10367,0.00013273022,0
2025-02-28 16:00:00,16,14458.304,12.3,26.180044,24.251481,1.107556,-0.707512,-1.9285630000000005,0,33.991068,0.0,31.207947,26.180044,0.00029699135,0
2025-02-28 17:00:00,17,14617.957,12.6,33.991068,28.274639,0.753437,-0.582369,-5.716428999999998,0,40.670174,0.0,32.322098,33.991068,0.00036471052,0
2025-02-28 18:00:00,18,14957.349,12.2,40.670174,30.459514,0.52528,-0.675106,-10.210660000000004,0,36.412517,0.0,32.87053,40.670174,0.0006816575,0
2025-02-28 19:00:00,19,15128.935,11.6,36.412517,29.619189,1.287329,-0.434812,-6.7933280000000025,0,34.030368,0.0,33.14532,36.412517,0.00063007744,0
2025-02-28 20:00:00,20,15061.465,11.2,34.030368,30.059879,1.103122,-0.272754,-3.970489000000004,0,32.658197,0.0,30.034222,34.030368,9.800067e-05,0
2025-02-28 21:00:00,21,14822.89,11.9,32.658197,27.814176,0.93706,-0.258863,-4.8440210000000015,0,30.69595,0.0,28.195913,32.658197,6.790817e-05,0
2025-02-28 22:00:00,22,14447.365000000002,9.8,30.69595,26.890162,1.039592,-0.223642,-3.8057879999999997,0,28.94351,0.0,25.386242,30.69595,5.5968445e-05,0
2025-02-28 23:00:00,23,13930.68,10.3,28.94351,25.697421,0.847797,-0.184287,-3.2460890000000013,0,27.58331,0.0,25.249765,28.94351,7.5102755e-05,0
2025-03-01 00:00:00,0,13570.213,10.0,27.58331,32.761733,1.171701,0.001609,5.178422999999999,0,27.337164,0.0,25.65272,27.58331,0.00015927583,0
2025-03-01 01:00:00,1,13394.552,8.6,27.337164,26.179271,1.269474,0.00769,-1.1578930000000014,0,26.025044,0.0,24.369442,27.337164,0.00015951825,0
2025-03-01 02:00:00,2,13333.732,7.8,26.025044,27.41491,1.348055,0.016989,1.3898659999999978,0,26.702659,0.0,25.395977,26.025044,0.00037817852,0
2025-03-01 03:00:00,3,13292.962,6.6,26.702659,26.031795,1.345983,-0.013324,-0.6708640000000017,0,27.456796,0.0,27.044977,26.702659,0.0001345353,0
2025-03-01 04:00:00,4,13418.802,5.1,27.456796,25.739196,1.331973,-0.075177,-1.717600000000001,0,29.415313,0.0,29.321106,27.456796,0.00038643513,0
2025-03-01 05:00:00,5,13766.632,4.3,29.415313,27.914423,1.309835,-0.124522,-1.5008900000000018,0,30.626604,0.0,35.62977,29.415313,0.0010854846,0
2025-03-01 06:00:00,6,14176.48,3.3,30.626604,36.058846,1.20083,-0.514226,5.432242000000002,0,33.795148,0.0,37.01621,30.626604,0.0011600311,0
2025-03-01 07:00:00,7,14674.806,2.2,33.795148,37.144282,0.980993,-0.865845,3.3491339999999994,0,27.817596,0.0,29.370134,33.795148,0.000394089,0
2025-03-01 08:00:00,8,14958.499,0.9,27.817596,23.754783,0.364922,-0.787326,-4.062813000000002,0,26.448979,0.0,29.48523,27.817596,0.00014227197,0
2025-03-01 09:00:00,9,15149.226,1.2,26.448979,21.332947,-0.233796,-0.457225,-5.116032000000001,0,26.840896,0.0,26.741728,26.448979,0.00013614756,0
2025-03-01 10:00:00,10,15147.054,0.9,26.840896,24.511873,-0.271185,-0.677919,-2.3290229999999994,0,26.178957,0.0,25.56614,26.840896,0.00019163749,0
2025-03-01 11:00:00,11,15075.885,0.7,26.178957,22.967836,-0.103199,-0.627844,-3.211121000000002,0,26.187413,0.0,24.969183,26.178957,0.00022329752,0
2025-03-01 12:00:00,12,14903.303,0.9,26.187413,22.396145,0.089374,-0.601961,-3.7912679999999988,0,26.247312,0.0,24.598328,26.187413,0.00015368882,0
2025-03-01 13:00:00,13,14797.094,1.2,26.247312,22.245825,0.228029,-0.590717,-4.001487000000001,0,26.276893,0.0,24.572279,26.247312,0.00015154138,0
2025-03-01 14:00:00,14,14771.128,1.5,26.276893,22.389902,0.400246,-0.613353,-3.886991000000002,0,26.969738,0.0,24.9108,26.276893,0.00022621512,0
2025-03-01 15:00:00,15,14898.777000000002,1.5,26.969738,24.859845,0.541446,-0.631708,-2.1098929999999996,0,31.885694,0.0,29.989534,26.969738,0.00031373458,0
2025-03-01 16:00:00,16,15228.11,0.6,31.885694,30.018385,0.889501,-0.793807,-1.8673090000000023,0,46.503598,0.0,38.562298,31.885694,0.0005605168,0
2025-03-01 17:00:00,17,15678.209,-0.8,46.503598,36.700245,2.385229,-1.451631,-9.803352999999994,0,62.465446,0.0,37.99122,46.503598,0.0009030057,0
2025-03-01 18:00:00,18,16217.237,-1.9,62.465446,41.228568,4.408501,-2.083055,-21.236877999999997,0,66.667289,0.0,43.531067,62.465446,0.014019984,0
2025-03-01 19:00:00,19,16481.035,-2.7,66.667289,45.366807,4.566125,-1.398836,-21.300481999999995,0,65.52048,0.0,45.015198,66.667289,0.01546168,0
2025-03-01 20:00:00,20,16470.677,-3.4,65.52048,52.204046,4.556668,-1.176188,-13.316434000000008,0,62.887665,0.0,49.777184,65.52048,0.0018782127,0
2025-03-01 21:00:00,21,16324.829000000002,-3.3,62.887665,47.833191,3.542755,-1.06509,-15.054473999999999,0,58.702779,0.0,46.16404,62.887665,0.0016576572,0
2025-03-01 22:00:00,22,16109.527999999998,-3.5,58.702779,42.496017,2.300914,-1.148135,-16.206761999999998,0,57.287066,0.0,44.98206,58.702779,0.0038135557,0
2025-03-01 23:00:00,23,15782.613,-3.5,57.287066,52.11479,1.206722,-1.039656,-5.172276000000004,0,49.696099,0.0,44.96604,57.287066,0.005993321,0
2025-03-02 00:00:00,0,15741.282,-3.6,49.696099,41.869296,1.731776,-0.755677,-7.826802999999998,0,48.181431,0.0,41.198334,49.696099,0.016574817,0
2025-03-02 01:00:00,1,15708.892,-3.8,48.181431,64.696127,1.726876,-0.525445,16.514696,0,48.493305,0.0,40.753902,48.181431,0.0025546204,0
2025-03-02 02:00:00,2,15778.069,-4.0,48.493305,48.856027,1.757515,-0.42421,0.362721999999998,0,50.6635,0.0,41.55426,48.493305,0.0023406846,0
2025-03-02 03:00:00,3,15901.598,-4.4,50.6635,61.286386,2.293423,-0.319923,10.622886000000001,0,51.917294,0.0,44.774967,50.6635,0.0028265694,0
2025-03-02 04:00:00,4,16107.473000000002,-4.7,51.917294,64.978121,2.982637,-0.345343,13.060827000000003,0,54.907761,0.0,47.897297,51.917294,0.0041664103,0
2025-03-02 05:00:00,5,16436.777000000002,-4.9,54.907761,58.679968,3.573564,-0.415803,3.7722070000000016,0,76.687017,1.0,60.57749,54.907761,0.441392,1
2025-03-02 06:00:00,6,17055.917999999998,-5.1,76.687017,51.322469,5.071419,-0.564402,-25.364548,1,77.87578,1.0,74.86088,76.687017,0.8555088,1
2025-03-02 07:00:00,7,17300.777000000002,-5.2,77.87578,57.617645,5.969684,0.036096,-20.258135000000003,1,45.787545,0.0,57.88428,77.87578,0.63237727,1
2025-03-02 08:00:00,8,17255.919,-5.4,45.787545,28.038065,0.163802,-0.116257,-17.749480000000002,0,36.792782,0.0,53.63212,45.787545,0.2968371,0
2025-03-02 09:00:00,9,16885.527000000002,-5.6,36.792782,33.133664,-0.667322,-0.089896,-3.6591179999999994,0,35.582565,0.0,40.539658,36.792782,0.0026842004,0
2025-03-02 10:00:00,10,16278.391,-4.8,35.582565,35.031982,-0.95155,-0.095885,-0.5505830000000032,0,33.911956,0.0,37.12533,35.582565,0.0015039223,0
2025-03-02 11:00:00,11,15912.193,-4.2,33.911956,31.581542,-0.96615,-0.001894,-2.3304140000000046,0,32.350633,0.0,37.22694,33.911956,0.0019202707,0
2025-03-02 12:00:00,12,15649.148,-3.1,32.350633,28.648079,-0.836731,-0.012636,-3.702554000000003,0,30.929312,0.0,34.659943,32.350633,0.0011994804,0
2025-03-02 13:00:00,13,15260.199,-1.9,30.929312,24.812277,-0.420726,-0.039962,-6.117034999999998,0,29.795767,0.0,31.914457,30.929312,0.0005038746,0
2025-03-02 14:00:00,14,15008.963,-0.9,29.795767,26.92294,-0.491983,-0.03225,-2.872827000000001,0,31.493592,0.0,31.56269,29.795767,0.00035015223,0
2025-03-02 15:00:00,15,14803.487,-0.2,31.493592,26.262081,-0.163846,-0.062562,-5.231511000000001,0,36.195174,0.0,37.905445,31.493592,0.00042202784,0
2025-03-02 16:00:00,16,15054.684,0.4,36.195174,36.949192,1.055741,-0.010567,0.754017999999995,0,56.191681,0.0,48.17351,36.195174,0.0007969308,0
2025-03-02 17:00:00,17,15669.112,0.5,56.191681,54.717061,2.757906,-0.196225,-1.4746200000000016,0,88.090635,1.0,57.74035,56.191681,0.011272466,0
2025-03-02 18:00:00,18,16451.191,0.4,88.090635,85.397859,2.768247,0.192388,-2.692776000000009,1,85.07132,1.0,58.847534,88.090635,0.095630325,0
2025-03-02 19:00:00,19,17075.708,-0.9,85.07132,108.338307,6.227331,-0.066011,23.266987,1,74.11401,1.0,66.38746,85.07132,0.074756056,0
2025-03-02 20:00:00,20,17307.284,-1.8,74.11401,91.29937,6.499422,-0.185412,17.185360000000003,1,65.497441,0.0,70.01181,74.11401,0.033723857,0
2025-03-02 21:00:00,21,17242.905,-2.0,65.497441,72.214419,5.856123,-0.068682,6.716978000000012,0,63.147617,0.0,62.429516,65.497441,0.0016368772,0
2025-03-02 22:00:00,22,16870.814,-2.8,63.147617,70.670456,6.143724,-0.156107,7.522839000000005,0,62.767427,0.0,59.363827,63.147617,0.0012521663,0
2025-03-02 23:00:00,23,16615.008,-3.3,62.767427,71.98435,6.103557,-0.36613,9.216923000000008,0,64.648253,0.0,58.738316,62.767427,0.0015318029,0
2025-03-03 00:00:00,0,16582.98,-3.7,64.648253,59.097799,5.341068,-0.342815,-5.550453999999995,0,63.07585,0.0,59.105663,64.648253,0.040153023,0
2025-03-03 01:00:00,1,16592.215,-3.8,63.07585,63.068045,5.261653,-0.715803,-0.007805000000004725,0,60.496798,0.0,58.520447,63.07585,0.042762104,0
2025-03-03 02:00:00,2,16663.468,-4.0,60.496798,49.689971,5.282242,-0.675444,-10.806826999999998,0,61.841381,0.0,60.313828,60.496798,0.04921573,0
2025-03-03 03:00:00,3,16961.444,-4.1,61.841381,59.14465,5.456896,-0.745515,-2.6967309999999998,0,60.438333,0.0,62.296757,61.841381,0.060038775,0
2025-03-03 04:00:00,4,17375.089,-4.2,60.438333,54.776443,5.644243,-0.69591,-5.66189,0,68.238896,0.0,69.99255,60.438333,0.09798307,0
2025-03-03 05:00:00,5,18332.437,-4.4,68.238896,45.240843,7.084877,-0.775981,-22.998053,0,139.035412,1.0,84.65335,68.238896,0.9843097,1
2025-03-03 06:00:00,6,19403.643000000004,-4.5,139.035412,76.609749,11.237481,-1.962069,-62.425663000000014,1,136.14061,1.0,111.41463,139.035412,0.98787385,1
2025-03-03 07:00:00,7,19755.766000000003,-4.7,136.14061,72.498661,14.074142,-0.893532,-63.64194900000001,1,54.814387,0.0,97.237976,136.14061,0.9553518,1
2025-03-03 08:00:00,8,19175.418,-4.8,54.814387,36.432599,1.057853,-0.523466,-18.381788,0,41.960478,0.0,93.36777,54.814387,0.9784494,1
2025-03-03 09:00:00,9,18296.114,-4.4,41.960478,26.747353,-0.447574,-0.461948,-15.213125000000002,0,40.158395,0.0,51.008743,41.960478,0.10852552,0
2025-03-03 10:00:00,10,17633.601000000002,-2.5,40.158395,35.486381,-0.087935,-0.71367,-4.672013999999997,0,37.286313,0.0,45.944874,40.158395,0.004041353,0
2025-03-03 11:00:00,11,17104.215,0.1,37.286313,33.572888,-0.324291,-0.799396,-3.713425000000001,0,34.495651,0.0,42.142204,37.286313,0.0009659031,0
2025-03-03 12:00:00,12,16721.544,1.8,34.495651,31.115867,-0.175554,-0.848795,-3.379784000000001,0,32.350982,0.0,40.017086,34.495651,0.0008396895,0
2025-03-03 13:00:00,13,16435.122,2.6,32.350982,31.793839,-0.176961,-0.832057,-0.5571430000000035,0,30.998391,0.0,38.47957,32.350982,0.00062533986,0
2025-03-03 14:00:00,14,16124.172,4.0,30.998391,32.190599,-0.264827,-0.866782,1.1922079999999973,0,32.376808,0.0,36.664604,30.998391,0.00059123425,0
2025-03-03 15:00:00,15,15968.675,4.3,32.376808,33.894339,0.290949,-0.904141,1.5175310000000053,0,37.445429,0.0,41.1264,32.376808,0.00087946036,0
2025-03-03 16:00:00,16,16050.491,4.4,37.445429,45.332493,1.908304,-1.012875,7.887064000000002,0,54.137546,0.0,51.615334,37.445429,0.0022497484,0
2025-03-03 17:00:00,17,16369.686000000002,4.8,54.137546,50.170973,3.252505,-1.744959,-3.966573000000004,0,66.329594,0.0,59.449062,54.137546,0.10654466,0
2025-03-03 18:00:00,18,16921.688,4.2,66.329594,52.518155,3.857554,-1.87796,-13.811439,0,58.067329,0.0,63.339825,66.329594,0.4309611,0
2025-03-03 19:00:00,19,17310.155,3.2,58.067329,45.519796,3.894512,-1.837183,-12.547533000000001,0,53.482602,0.0,59.875793,58.067329,0.3680552,0
2025-03-03 20:00:00,20,17198.745,2.5,53.482602,45.758003,3.687857,-1.555255,-7.724598999999998,0,56.08629,0.0,51.91634,53.482602,0.02613331,0
2025-03-03 21:00:00,21,16869.068,2.8,56.08629,47.624119,4.15689,-1.6506,-8.462170999999998,0,50.550904,0.0,48.31866,56.08629,0.007357585,0
2025-03-03 22:00:00,22,16301.603,2.7,50.550904,39.748687,3.907571,-1.456667,-10.802217000000006,0,44.847909,0.0,47.858532,50.550904,0.008553569,0
2025-03-03 23:00:00,23,15827.039,2.7,44.847909,34.452071,3.069995,-1.212086,-10.395838000000005,0,45.522348,0.0,42.916355,44.847909,0.007446508,0
2025-03-04 00:00:00,0,15556.084,2.5,45.522348,54.003686,3.547725,-1.315377,8.481338000000001,0,44.113756,0.0,45.274357,45.522348,0.014353907,0
2025-03-04 01:00:00,1,15280.397,2.3,44.113756,42.216529,3.485073,-1.261317,-1.8972270000000009,0,40.820276,0.0,43.49348,44.113756,0.01060477,0
2025-03-04 02:00:00,2,15290.515,2.0,40.820276,40.835262,3.236574,-1.326298,0.014986000000000388,0,40.48621,0.0,44.65847,40.820276,0.0077665052,0
2025-03-04 03:00:00,3,15443.021,1.3,40.48621,37.45339,3.273264,-1.197054,-3.032820000000001,0,41.916258,0.0,43.415546,40.48621,0.0021461016,0
2025-03-04 04:00:00,4,15777.9,1.1,41.916258,44.843564,3.469314,-1.473056,2.9273060000000015,0,43.684291,0.0,44.427162,41.916258,0.0024624832,0
2025-03-04 05:00:00,5,16410.386,1.2,43.684291,36.495801,3.850155,-1.695864,-7.188490000000002,0,74.096494,1.0,60.469913,43.684291,0.040324442,0
2025-03-04 06:00:00,6,17361.525999999998,1.6,74.096494,123.006178,6.278571,-2.842077,48.909684,1,69.215697,0.0,74.27434,74.096494,0.6966188,1
2025-03-04 07:00:00,7,17673.193,2.0,69.215697,65.271873,5.586962,-2.481265,-3.9438240000000064,0,40.750227,0.0,58.56982,69.215697,0.10888988,0
2025-03-04 08:00:00,8,17651.305,2.1,40.750227,56.387873,0.196226,-0.865999,15.637645999999997,0,38.714852,0.0,46.146225,40.750227,0.030117504,0
2025-03-04 09:00:00,9,17257.548000000003,4.6,38.714852,46.698174,0.061582,-1.06673,7.983322000000001,0,35.857901,0.0,37.687866,38.714852,0.0005684751,0
2025-03-04 10:00:00,10,16625.136,6.2,35.857901,44.768571,-0.236789,-1.00531,8.910670000000003,0,32.754743,0.0,39.05692,35.857901,0.0010848292,0
2025-03-04 11:00:00,11,15975.235,8.2,32.754743,34.208803,-0.140545,-1.024712,1.4540600000000055,0,31.423605,0.0,37.236843,32.754743,0.0005258234,0
2025-03-04 12:00:00,12,15580.892,10.7,31.423605,18.418338,0.160684,-1.067079,-13.005267,0,30.63322,0.0,33.597843,31.423605,0.00033619697,0
2025-03-04 13:00:00,13,15163.266,12.1,30.63322,24.417973,0.457484,-1.514264,-6.2152470000000015,0,29.051425,0.0,30.521284,30.63322,0.00032506837,0
2025-03-04 14:00:00,14,14706.403,13.3,29.051425,26.847855,0.743221,-1.401796,-2.203569999999999,0,30.148229,0.0,29.34954,29.051425,0.0003602758,0
2025-03-04 15:00:00,15,14599.752,15.3,30.148229,28.900858,1.116794,-1.198565,-1.2473710000000011,0,31.666663,0.0,31.794975,30.148229,0.00058395375,0
2025-03-04 16:00:00,16,14693.07,16.6,31.666663,39.262043,1.588948,-1.422285,7.595379999999999,0,36.574676,0.0,39.947704,31.666663,0.0009447703,0
2025-03-04 17:00:00,17,14981.247,16.9,36.574676,47.575445,1.900496,-1.58582,11.000769000000005,0,41.526266,0.0,42.64611,36.574676,0.0058571724,0
2025-03-04 18:00:00,18,15528.17,15.6,41.526266,70.664261,1.705095,-1.928829,29.137994999999997,0,39.411008,0.0,51.31785,41.526266,0.007635562,0
2025-03-04 19:00:00,19,15689.766,13.9,39.411008,51.865161,1.663002,-2.021994,12.454152999999998,0,38.692524,0.0,41.433735,39.411008,0.002518411,0
2025-03-04 20:00:00,20,15464.381,12.9,38.692524,50.919502,2.315821,-1.903297,12.226978000000003,0,34.714365,0.0,36.33323,38.692524,0.00024029623,0
2025-03-04 21:00:00,21,15070.457,14.1,34.714365,42.032324,2.11641,-1.742045,7.317959000000002,0,30.358426,0.0,30.586525,34.714365,0.00018502893,0
2025-03-04 22:00:00,22,14440.122,14.1,30.358426,27.835265,1.734422,-1.175996,-2.5231610000000018,0,28.052941,0.0,27.516792,30.358426,0.0001789887,0
2025-03-04 23:00:00,23,13922.73,14.2,28.052941,27.399242,2.155535,-1.452594,-0.6536989999999996,0,30.36258,0.0,26.284103,28.052941,0.00018409027,0
2025-03-05 00:00:00,0,13419.47,13.6,30.36258,25.85036,2.960739,-0.708159,-4.512220000000003,0,29.85323,0.0,24.908962,30.36258,0.00043196284,0
2025-03-05 01:00:00,1,13162.544999999998,12.4,29.85323,27.327983,2.666203,-0.702973,-2.5252470000000002,0,26.582614,0.0,25.79341,29.85323,0.0004590223,0
2025-03-05 02:00:00,2,12941.295,11.4,26.582614,30.299634,2.745097,-0.582483,3.7170200000000015,0,26.446164,0.0,26.685438,26.582614,0.00042186896,0
2025-03-05 03:00:00,3,12902.452,10.9,26.446164,25.252603,2.786712,-0.590548,-1.193560999999999,0,28.175495,0.0,27.837439,26.446164,0.00065073493,0
2025-03-05 04:00:00,4,13215.56,10.8,28.175495,29.914512,2.886502,-0.621007,1.739016999999997,0,31.954207,0.0,29.654734,28.175495,0.0006744042,0
2025-03-05 05:00:00,5,13679.578,11.4,31.954207,30.060098,2.850137,-1.19593,-1.8941090000000003,0,39.985016,0.0,42.40355,31.954207,0.0027211625,0
2025-03-05 06:00:00,6,14662.139,12.1,39.985016,37.548898,3.176844,-1.951828,-2.4361180000000004,0,45.674175,0.0,44.268517,39.985016,0.0068992823,0
2025-03-05 07:00:00,7,15056.134,12.4,45.674175,41.671717,3.101207,-1.447032,-4.002457999999997,0,44.878979,0.0,36.110775,45.674175,0.0007074529,0
2025-03-05 08:00:00,8,15101.428,11.9,44.878979,32.345011,2.004663,-1.175684,-12.533968000000002,0,46.403555,0.0,36.285828,44.878979,0.0014920002,0
2025-03-05 09:00:00,9,14978.184,12.9,46.403555,27.933263,2.222956,-1.359401,-18.470291999999997,0,43.819295,0.0,35.93484,46.403555,0.0011444581,0
2025-03-05 10:00:00,10,14992.706,14.1,43.819295,34.533005,2.022579,-1.743284,-9.286289999999994,0,41.217314,0.0,36.348072,43.819295,0.0006167852,0
2025-03-05 11:00:00,11,14904.983,14.4,41.217314,32.233485,2.209728,-0.662414,-8.983829,0,40.048599,0.0,34.492855,41.217314,0.00093041494,0
2025-03-05 12:00:00,12,14853.292,14.6,40.048599,112.546123,2.368558,-0.579959,72.497524,0,40.907241,0.0,33.914333,40.048599,0.00032960894,0
2025-03-05 13:00:00,13,14801.414,15.3,40.907241,37.605514,2.384114,-0.616873,-3.3017269999999996,0,38.810151,0.0,33.684704,40.907241,0.00026318687,0
2025-03-05 14:00:00,14,14673.555,14.1,38.810151,35.553663,2.926049,-0.665898,-3.2564879999999974,0,38.254185,0.0,35.61135,38.810151,0.00028726764,0
2025-03-05 15:00:00,15,14758.204,11.4,38.254185,38.854696,3.982931,-0.678746,0.6005109999999974,0,38.64926,0.0,38.56108,38.254185,0.0005563606,0
2025-03-05 16:00:00,16,15137.468,9.5,38.64926,39.754959,4.22488,-0.69562,1.1056990000000013,0,47.433382,0.0,42.943153,38.64926,0.0014628265,0
2025-03-05 17:00:00,17,15586.62,7.9,47.433382,55.832776,3.880178,-0.856796,8.399394000000001,0,52.398317,0.0,44.681385,47.433382,0.0011183354,0
2025-03-05 18:00:00,18,16040.866,6.3,52.398317,80.23363,3.587816,-0.899499,27.835313000000006,0,51.005042,0.0,46.69633,52.398317,0.007907161,0
2025-03-05 19:00:00,19,16351.349,5.3,51.005042,97.731459,3.346432,-0.75139,46.726417,0,47.788783,0.0,45.117195,51.005042,0.0021759702,0
2025-03-05 20:00:00,20,16372.122,4.0,47.788783,68.772727,3.27768,-0.698897,20.983944,0,42.31724,0.0,42.59761,47.788783,0.00019400477,0
2025-03-05 21:00:00,21,16046.065,2.8,42.31724,54.975615,2.428351,-0.731111,12.658375,0,37.014119,0.0,37.662083,42.31724,0.00015118242,0
2025-03-05 22:00:00,22,15729.527,2.2,37.014119,52.951852,2.1541,-0.599981,15.937733000000001,0,33.803219,0.0,32.46737,37.014119,7.760919e-05,0
2025-03-05 23:00:00,23,15284.689,1.9,33.803219,33.628477,2.242583,-0.539364,-0.17474200000000195,0,36.938477,0.0,30.695967,33.803219,8.4504434e-05,0
2025-03-06 00:00:00,0,15000.954,1.5,36.938477,59.502073,1.21687,-0.388393,22.563596000000004,0,35.696322,0.0,31.321232,36.938477,0.00016116131,0
2025-03-06 01:00:00,1,14942.185,1.6,35.696322,38.86495,1.124164,-0.427842,3.1686279999999982,0,35.406825,0.0,32.158787,35.696322,0.00019323787,0
2025-03-06 02:00:00,2,14961.856,1.5,35.406825,39.434463,1.114327,-0.237502,4.027638000000003,0,34.798613,0.0,32.745228,35.406825,0.00017727663,0
2025-03-06 03:00:00,3,15138.201,1.4,34.798613,48.13816,1.350967,-0.222354,13.339546999999996,0,37.40927,0.0,33.769894,34.798613,0.00017727663,0
2025-03-06 04:00:00,4,15549.205,0.9,37.40927,53.855319,1.256566,-0.267296,16.446049000000002,0,39.818822,0.0,39.414433,37.40927,0.00021939832,0
2025-03-06 05:00:00,5,16345.856,0.4,39.818822,64.557097,1.264963,-0.436141,24.738275,0,61.044081,0.0,52.1423,39.818822,0.004427579,0
2025-03-06 06:00:00,6,17421.556,-0.4,61.044081,67.150543,3.224904,-0.390823,6.1064620000000005,0,66.438168,0.0,67.56065,61.044081,0.16772944,0
2025-03-06 07:00:00,7,18053.063,-1.0,66.438168,89.78131,3.037988,-0.20982,23.343142,0,50.660953,0.0,59.735302,66.438168,0.15001589,0
2025-03-06 08:00:00,8,18244.129999999997,-1.1,50.660953,50.011546,1.640221,-0.599268,-0.6494069999999965,0,40.451465,0.0,49.041466,50.660953,0.041639835,0
2025-03-06 09:00:00,9,18301.22,-0.7,40.451465,53.910503,-0.857488,-0.551047,13.459038,0,43.410781,0.0,45.27527,40.451465,0.019354409,0
2025-03-06 10:00:00,10,18318.252,-0.2,43.410781,70.66979,-1.010574,-0.758645,27.259009000000006,0,41.43946,0.0,42.99142,43.410781,0.002027997,0
2025-03-06 11:00:00,11,18177.592,0.2,41.43946,45.0843,-0.748342,-0.902198,3.644840000000002,0,39.511262,0.0,46.00236,41.43946,0.013206244,0
2025-03-06 12:00:00,12,18047.445,0.8,39.511262,48.882494,-0.513716,-0.985022,9.371232,0,38.419389,0.0,44.222847,39.511262,0.0031214624,0
2025-03-06 13:00:00,13,17838.391,1.0,38.419389,53.880126,-0.622096,-1.048515,15.460736999999995,0,37.509397,0.0,42.180878,38.419389,0.0029140993,0
2025-03-06 14:00:00,14,17546.594,1.6,37.509397,44.772283,-0.542554,-1.028049,7.262886000000002,0,35.811186,0.0,41.500057,37.509397,0.0027902976,0
2025-03-06 15:00:00,15,17323.728,2.4,35.811186,40.540451,-0.610986,-0.947828,4.729264999999998,0,38.823744,0.0,46.295074,35.811186,0.0013655286,0
2025-03-06 16:00:00,16,17172.3,3.2,38.823744,37.253024,0.218349,-0.914605,-1.5707199999999943,0,49.278719,0.0,52.753307,38.823744,0.0026008328,0
2025-03-06 17:00:00,17,17351.377,4.2,49.278719,61.504678,1.767936,-0.889217,12.225958999999996,0,71.546419,1.0,48.216637,49.278719,0.0073219435,0
2025-03-06 18:00:00,18,17770.751,4.2,71.546419,69.570092,2.943278,-0.986859,-1.9763269999999977,1,81.037812,1.0,51.831192,71.546419,0.027114103,0
2025-03-06 19:00:00,19,18126.721,3.3,81.037812,135.783982,4.391524,-0.793712,54.746170000000006,1,70.469252,1.0,56.981533,81.037812,0.011091814,0
2025-03-06 20:00:00,20,18065.734,2.2,70.469252,71.709912,3.895927,-0.596675,1.2406600000000054,1,60.369346,0.0,59.04936,70.469252,0.011395492,0
2025-03-06 21:00:00,21,17772.498,1.1,60.369346,85.930571,2.848085,-0.188739,25.561225,0,53.976847,0.0,53.422977,60.369346,0.00196991,0
2025-03-06 22:00:00,22,17216.773,0.7,53.976847,110.223958,2.042446,-0.145599,56.247111,0,46.661086,0.0,43.24007,53.976847,0.000763854,0
2025-03-06 23:00:00,23,16769.636,0.3,46.661086,90.844146,1.149261,-0.108175,44.18306,0,46.804263,0.0,41.57214,46.661086,0.00030429693,0
2025-03-07 00:00:00,0,16495.018,-0.2,46.804263,66.823523,2.648176,0.156087,20.019259999999996,0,45.473533,0.0,42.21289,46.804263,0.000968594,0
2025-03-07 01:00:00,1,16316.558,-0.7,45.473533,52.011748,3.0765,0.207033,6.538214999999994,0,43.362051,0.0,41.31036,45.473533,0.0009055,0
2025-03-07 02:00:00,2,16234.053,-1.1,43.362051,42.931903,2.947276,0.264775,-0.43014800000000264,0,43.50927,0.0,38.3966,43.362051,0.0006318222,0
2025-03-07 03:00:00,3,16331.328,-1.5,43.50927,75.502695,3.082001,0.217269,31.993425000000002,0,47.436141,0.0,39.77893,43.50927,0.0005242562,0
2025-03-07 04:00:00,4,16607.686,-1.5,47.436141,43.555986,3.87993,0.356211,-3.880155000000002,0,58.389225,0.0,41.513275,47.436141,0.0005589025,0
2025-03-07 05:00:00,5,17110.407,-1.0,58.389225,66.1656,6.049498,0.389727,7.7763749999999945,0,100.222724,1.0,61.01223,58.389225,0.40372583,0
2025-03-07 06:00:00,6,18118.602,-0.9,100.222724,113.631734,9.061399,0.431325,13.409009999999995,1,90.617078,1.0,88.37071,100.222724,0.986827,1
2025-03-07 07:00:00,7,18429.544,-0.9,90.617078,134.861335,8.350055,0.847023,44.24425699999999,1,53.760204,0.0,98.19873,90.617078,0.41455892,0
2025-03-07 08:00:00,8,18245.284,-1.5,53.760204,59.816946,4.344943,0.425261,6.056742,0,44.312739,0.0,58.099537,53.760204,0.16663809,0
2025-03-07 09:00:00,9,17694.681,-0.3,44.312739,42.720264,1.920402,0.202337,-1.5924750000000003,0,41.010515,0.0,42.49739,44.312739,0.0119569,0
2025-03-07 10:00:00,10,17228.231,1.5,41.010515,42.990488,1.079046,0.071469,1.979973000000001,0,39.603771,0.0,41.05893,41.010515,0.0032829675,0
2025-03-07 11:00:00,11,16799.372,3.3,39.603771,38.725107,1.580395,0.003376,-0.8786640000000006,0,37.039067,0.0,39.1897,39.603771,0.0011829737,0
2025-03-07 12:00:00,12,16444.063000000002,4.4,37.039067,33.416734,1.300176,0.018891,-3.6223330000000047,0,35.388736,0.0,39.13646,37.039067,0.0011849942,0
2025-03-07 13:00:00,13,16382.248,6.1,35.388736,30.191946,1.236936,-0.1282,-5.19679,0,35.00432,0.0,41.75022,35.388736,0.00047184835,0
2025-03-07 14:00:00,14,16122.322,6.8,35.00432,34.142442,1.085012,-0.090692,-0.8618779999999973,0,35.942304,0.0,38.86343,35.00432,0.0004894996,0
2025-03-07 15:00:00,15,15908.577,5.8,35.942304,35.251159,0.875311,-0.173007,-0.6911449999999988,0,39.853159,0.0,43.457733,35.942304,0.0007120333,0
2025-03-07 16:00:00,16,16199.57,5.7,39.853159,45.876165,1.560379,-0.18722,6.023006000000002,0,55.770031,0.0,54.339115,39.853159,0.0032696663,0
2025-03-07 17:00:00,17,16333.534,5.6,55.770031,53.76889,2.356127,-0.146096,-2.001141000000004,0,65.614062,0.0,53.5694,55.770031,0.004558822,0
2025-03-07 18:00:00,18,16531.748,5.2,65.614062,40.01481,2.519113,0.374949,-25.599252000000007,0,54.297386,0.0,55.93306,65.614062,0.042968147,0
2025-03-07 19:00:00,19,16627.126,4.6,54.297386,46.456212,3.282369,0.425017,-7.841174000000002,0,53.460693,0.0,53.016483,54.297386,0.009755433,0
2025-03-07 20:00:00,20,16416.31,4.1,53.460693,48.667917,3.288035,0.382658,-4.792775999999996,0,51.0645,0.0,47.082092,53.460693,0.000643264,0
2025-03-07 21:00:00,21,16038.098,3.4,51.0645,43.882304,3.13037,0.46413,-7.182196000000005,0,43.475755,0.0,45.7725,51.0645,0.0009285508,0
2025-03-07 22:00:00,22,15482.539,3.0,43.475755,31.619653,2.609584,0.146171,-11.856102,0,40.54645,0.0,43.22677,43.475755,0.0010065928,0
2025-03-07 23:00:00,23,14984.912,2.8,40.54645,43.779253,2.004167,0.002283,3.232802999999997,0,42.943183,0.0,38.8622,40.54645,0.000260492,0
2025-03-08 00:00:00,0,14583.009,2.8,42.943183,42.321602,1.710692,-0.367509,-0.621580999999999,0,38.835069,0.0,35.867603,42.943183,0.00036792594,0
2025-03-08 01:00:00,1,14360.835,2.4,38.835069,30.896461,1.741469,-0.2564,-7.9386079999999986,0,36.219063,0.0,38.273357,38.835069,0.0014739037,0
2025-03-08 02:00:00,2,14247.955,1.9,36.219063,44.924223,1.546077,-0.227014,8.70516,0,36.947524,0.0,37.45285,36.219063,0.0004986428,0
2025-03-08 03:00:00,3,14313.045,1.6,36.947524,30.86358,1.774931,-0.257407,-6.0839440000000025,0,38.09104,0.0,36.75237,36.947524,0.00053061324,0
2025-03-08 04:00:00,4,14482.297,0.9,38.09104,32.419919,1.551734,-0.210694,-5.671120999999999,0,40.363062,0.0,36.332905,38.09104,0.00059293484,0
2025-03-08 05:00:00,5,14690.978,0.2,40.363062,33.971383,1.630478,-0.247416,-6.391678999999996,0,48.588536,0.0,41.35346,40.363062,0.004437296,0
2025-03-08 06:00:00,6,15047.434,-0.4,48.588536,39.872558,1.499408,-0.750872,-8.715978,0,46.542773,0.0,53.38548,48.588536,0.014594156,0
2025-03-08 07:00:00,7,15238.173,-0.9,46.542773,66.821262,1.083983,-0.92121,20.278489000000008,0,36.307365,0.0,42.435123,46.542773,0.0066948766,0
2025-03-08 08:00:00,8,15574.606,-1.0,36.307365,55.326469,-1.355669,-0.406966,19.019104000000006,0,34.879127,0.0,40.088028,36.307365,0.0015744197,0
2025-03-08 09:00:00,9,15601.053,0.1,34.879127,28.242326,-1.068355,-0.022518,-6.636800999999998,0,34.719165,0.0,34.714584,34.879127,0.00042440815,0
2025-03-08 10:00:00,10,15603.555,0.1,34.719165,26.322048,-0.474737,-0.036098,-8.397116999999998,0,32.226249,0.0,33.980286,34.719165,0.00047331507,0
2025-03-08 11:00:00,11,15339.732,0.5,32.226249,24.613004,-0.236713,-0.147038,-7.613245000000003,0,29.19997,0.0,32.97556,32.226249,0.00034491796,0
2025-03-08 12:00:00,12,15000.727,1.2,29.19997,24.209331,0.307023,0.042947,-4.990639000000002,0,27.87629,0.0,31.623047,29.19997,0.00024650322,0
2025-03-08 13:00:00,13,14621.089,2.3,27.87629,23.339047,0.651925,0.024365,-4.537243,0,26.902437,0.0,29.990396,27.87629,0.00029416883,0
2025-03-08 14:00:00,14,14123.867,3.0,26.902437,21.550284,1.22585,0.036587,-5.352152999999998,0,27.181557,0.0,29.889109,26.902437,0.00040607306,0
2025-03-08 15:00:00,15,14237.533,4.8,27.181557,20.018035,1.737985,-0.036428,-7.163522,0,31.682175,0.0,31.880342,27.181557,0.0005677433,0
2025-03-08 16:00:00,16,14290.488,5.6,31.682175,26.661508,3.149337,-0.047162,-5.0206669999999995,0,39.757309,0.0,37.79881,31.682175,0.0041945744,0
2025-03-08 17:00:00,17,14574.786,5.4,39.757309,48.556524,4.233136,-0.275827,8.799215000000004,0,65.044133,0.0,41.290535,39.757309,0.008271762,0
2025-03-08 18:00:00,18,15187.445,4.9,65.044133,76.960047,3.823963,-0.93983,11.915914,0,60.768728,0.0,43.042038,65.044133,0.0017300466,0
2025-03-08 19:00:00,19,15634.32,3.8,60.768728,62.683233,4.957534,-0.168806,1.9145049999999983,0,50.484097,0.0,51.01078,60.768728,0.0050209975,0
2025-03-08 20:00:00,20,15747.747,1.9,50.484097,38.996855,4.072355,-0.218258,-11.487242000000002,0,50.62627,0.0,50.12264,50.484097,0.0006747311,0
2025-03-08 21:00:00,21,15566.932,1.1,50.62627,44.730609,4.505742,-0.169472,-5.895660999999997,0,45.522064,0.0,45.914703,50.62627,0.00044010926,0
2025-03-08 22:00:00,22,15245.047,0.2,45.522064,32.518614,3.53401,-0.211946,-13.00345,0,42.989099,0.0,44.269264,45.522064,0.00038676496,0
2025-03-08 23:00:00,23,15043.611,-0.2,42.989099,36.301232,3.198802,-0.209703,-6.687867000000004,0,38.862573,0.0,46.016186,42.989099,0.00039978971,0
2025-03-09 00:00:00,0,14993.538,-0.7,38.862573,39.427701,0.607841,-0.625268,0.5651280000000014,0,37.787061,0.0,49.618,38.862573,0.0018820318,0
2025-03-09 01:00:00,1,14931.138,-0.9,37.787061,42.882093,0.711309,-0.574248,5.095031999999996,0,39.667223,0.0,41.329895,37.787061,0.0006316385,0
2025-03-09 03:00:00,3,14928.254,-0.1,39.667223,25.893941,0.808582,-0.391359,-13.773281999999998,0,42.573798,0.0,40.271614,39.667223,0.00068497215,0
2025-03-09 04:00:00,4,14907.902,0.4,42.573798,32.711621,1.005748,-0.41195,-9.862176999999996,0,45.227661,0.0,44.00322,42.573798,0.00069338636,0
2025-03-09 05:00:00,5,15185.247,1.0,45.227661,41.785445,0.766987,-0.369326,-3.442215999999995,0,55.72414,0.0,47.392815,45.227661,0.027429618,0
2025-03-09 06:00:00,6,15401.64,1.2,55.72414,34.999074,0.53654,-0.6324,-20.725065999999998,0,64.992455,0.0,61.340786,55.72414,0.25631002,0
2025-03-09 07:00:00,7,15662.049,1.1,64.992455,176.263556,2.189247,-0.336792,111.27110099999999,0,47.878185,0.0,47.277298,64.992455,0.081182376,0
2025-03-09 08:00:00,8,16024.432,0.9,47.878185,85.249222,-1.142343,-0.199472,37.371037,0,35.316494,0.0,47.107407,47.878185,0.18519226,0
2025-03-09 09:00:00,9,15880.545,2.0,35.316494,26.398788,-1.436764,-0.226742,-8.917705999999999,0,32.712153,0.0,39.18221,35.316494,0.008658991,0
2025-03-09 10:00:00,10,15307.377,4.0,32.712153,22.526636,-1.621394,-0.236453,-10.185517,0,28.698494,0.0,33.987446,32.712153,0.0012240829,0
2025-03-09 11:00:00,11,14689.055,5.9,28.698494,22.874514,-1.550419,-0.321087,-5.823979999999999,0,26.377069,0.0,32.2219,28.698494,0.0007484454,0
2025-03-09 12:00:00,12,14339.004,7.8,26.377069,22.465147,-1.132818,-0.350113,-3.911921999999997,0,24.447972,0.0,28.356182,26.377069,0.00080651586,0
2025-03-09 13:00:00,13,13971.979,9.4,24.447972,19.339839,-1.204995,-0.387033,-5.108132999999999,0,23.741671,0.0,27.103626,24.447972,0.001142695,0
2025-03-09 14:00:00,14,13459.507,10.7,23.741671,15.404339,-1.150152,-0.438177,-8.337332,0,23.475221,0.0,27.269548,23.741671,0.0003910631,0
2025-03-09 15:00:00,15,13398.722,11.6,23.475221,17.188451,-0.848836,-0.505943,-6.286770000000001,0,25.071571,0.0,28.677711,23.475221,0.00018185159,0
2025-03-09 16:00:00,16,13484.096,12.1,25.071571,20.954219,0.35052,-0.478949,-4.117352,0,27.952852,0.0,34.18154,25.071571,0.00020492073,0
2025-03-09 17:00:00,17,13725.645,12.1,27.952852,23.93579,0.871011,-0.488159,-4.017061999999999,0,37.469743,0.0,39.038605,27.952852,0.00025289823,0
2025-03-09 18:00:00,18,13916.861,11.7,37.469743,27.478171,1.699103,-0.61936,-9.991572000000001,0,62.861942,0.0,41.67874,37.469743,0.0011236715,0
2025-03-09 19:00:00,19,14419.528,10.2,62.861942,79.693087,2.488536,-0.916594,16.831145000000006,0,57.24317,0.0,40.20905,62.861942,0.008188835,0
2025-03-09 20:00:00,20,14812.017,7.9,57.24317,51.163622,2.89618,-0.90301,-6.079548000000003,0,42.546953,0.0,48.211662,57.24317,0.0011164513,0
2025-03-09 21:00:00,21,14839.858,7.7,42.546953,35.656986,1.466581,-0.819628,-6.889966999999999,0,38.054437,0.0,41.743965,42.546953,0.0006128732,0
2025-03-09 22:00:00,22,14525.702,6.7,38.054437,27.020595,1.226588,-0.812151,-11.033842,0,34.711551,0.0,35.92188,38.054437,0.00032468152,0
2025-03-09 23:00:00,23,14191.836,5.8,34.711551,27.850194,1.071773,-0.780222,-6.861357000000002,0,33.834908,0.0,32.950035,34.711551,0.0003044098,0
2025-03-10 00:00:00,0,14066.136,5.1,33.834908,26.147953,2.67023,-0.575322,-7.6869549999999975,0,32.004692,0.0,36.235756,33.834908,0.00089348387,0
2025-03-10 01:00:00,1,14046.986,4.3,32.004692,26.536123,2.62795,-0.513258,-5.468568999999999,0,33.844778,0.0,34.637623,32.004692,0.0018706387,0
2025-03-10 02:00:00,2,14215.915,3.7,33.844778,30.760707,2.924124,-0.539346,-3.084070999999998,0,35.170819,0.0,32.640423,33.844778,0.0012733836,0
2025-03-10 03:00:00,3,14449.613,2.8,35.170819,33.12791,3.248201,-0.427382,-2.0429090000000016,0,37.262403,0.0,37.681442,35.170819,0.002856511,0
2025-03-10 04:00:00,4,14813.887,2.2,37.262403,50.167276,3.286702,-0.594299,12.904873000000002,0,41.954594,0.0,39.83858,37.262403,0.00115682,0
2025-03-10 05:00:00,5,15538.119,1.5,41.954594,34.187803,4.168428,-0.613834,-7.766790999999998,0,83.796286,1.0,54.256813,41.954594,0.069820344,0
2025-03-10 06:00:00,6,16738.072,1.1,83.796286,40.930082,7.739951,-1.273665,-42.866203999999996,1,128.427616,1.0,80.1361,83.796286,0.49493688,1
2025-03-10 07:00:00,7,17468.203,0.8,128.427616,71.84978,10.034062,-2.786446,-56.577836000000005,1,75.604685,1.0,54.020412,128.427616,0.13592678,0
2025-03-10 08:00:00,8,17524.527000000002,0.4,75.604685,49.049334,2.080481,-1.135796,-26.555351,1,42.185365,0.0,90.49365,75.604685,0.67068464,1
2025-03-10 09:00:00,9,17074.283,1.8,42.185365,26.962561,-0.449131,-0.495504,-15.222803999999996,0,37.819036,0.0,45.72157,42.185365,0.059745755,0
2025-03-10 10:00:00,10,16408.061,4.3,37.819036,26.646261,0.099635,-0.550599,-11.172774999999998,0,33.836269,0.0,40.532272,37.819036,0.0007305991,0
2025-03-10 11:00:00,11,15645.2,7.4,33.836269,28.073788,-0.51453,-0.429201,-5.762481000000001,0,32.375075,0.0,36.665104,33.836269,0.0008666187,0
2025-03-10 12:00:00,12,15242.344,10.6,32.375075,31.944559,-0.387742,-0.527183,-0.4305160000000008,0,29.868663,0.0,34.30908,32.375075,0.0005541204,0
2025-03-10 13:00:00,13,14887.429,13.3,29.868663,26.934926,0.298632,-0.479969,-2.9337370000000007,0,28.667395,0.0,31.66885,29.868663,0.0005782287,0
2025-03-10 14:00:00,14,14514.296,15.3,28.667395,24.258512,0.319974,-0.542579,-4.408882999999999,0,28.002852,0.0,30.414448,28.667395,0.0007364369,0
2025-03-10 15:00:00,15,14222.516,16.1,28.002852,23.759466,1.012416,-0.509564,-4.243386000000001,0,27.522872,0.0,33.425106,28.002852,0.001077695,0
2025-03-10 16:00:00,16,14219.677,16.4,27.522872,25.998796,1.37463,-0.501758,-1.5240760000000009,0,31.210145,0.0,36.954506,27.522872,0.002354785,0
2025-03-10 17:00:00,17,14264.482,16.2,31.210145,25.709479,1.9787,-0.448555,-5.500665999999999,0,43.497955,0.0,39.16102,31.210145,0.003039063,0
2025-03-10 18:00:00,18,14338.632,15.6,43.497955,55.030896,2.909834,-0.611879,11.532941000000001,0,62.878956,0.0,47.90149,43.497955,0.002307741,0
2025-03-10 19:00:00,19,14821.06,13.1,62.878956,84.517822,4.275798,-1.066842,21.638865999999993,0,55.916909,0.0,53.402637,62.878956,0.043006722,0
2025-03-10 20:00:00,20,15280.973999999998,10.9,55.916909,48.663559,4.963643,-0.826734,-7.2533499999999975,0,38.559202,0.0,51.9629,55.916909,0.002990536,0
2025-03-10 21:00:00,21,15075.282,10.4,38.559202,38.496507,1.801688,-0.432486,-0.06269499999999795,0,33.591623,0.0,42.317005,38.559202,0.0018630365,0
2025-03-10 22:00:00,22,14533.176,9.5,33.591623,29.532444,1.795642,-0.414019,-4.059178999999997,0,28.597028,0.0,34.03448,33.591623,0.00020575359,0
2025-03-10 23:00:00,23,14095.745,8.4,28.597028,26.054764,1.385092,-0.358064,-2.542264000000003,0,27.654858,0.0,30.318623,28.597028,0.00034254807,0
2025-03-11 00:00:00,0,13706.036,7.7,27.654858,25.523087,3.264582,-0.599724,-2.1317710000000005,0,27.982787,0.0,28.838497,27.654858,0.0010946696,0
2025-03-11 01:00:00,1,13703.854,7.1,27.982787,29.426654,2.806702,-0.593915,1.443867000000001,0,27.341814,0.0,26.105917,27.982787,0.0014949932,0
2025-03-11 02:00:00,2,13873.81,6.6,27.341814,27.650379,2.914586,-0.542772,0.30856500000000153,0,27.828774,0.0,28.87218,27.341814,0.0012697574,0
2025-03-11 03:00:00,3,14007.043,6.4,27.828774,31.840278,3.033615,-0.474841,4.011504000000002,0,28.271845,0.0,29.7882,27.828774,0.0006645591,0
2025-03-11 04:00:00,4,14333.759999999998,6.2,28.271845,30.217845,3.119123,-0.407278,1.9460000000000015,0,32.103371,0.0,34.64369,28.271845,0.0007179942,0
2025-03-11 05:00:00,5,15278.43,5.8,32.103371,67.133296,3.807671,-0.4443,35.029925,0,59.474732,0.0,49.61169,32.103371,0.008958612,0
2025-03-11 06:00:00,6,16340.838,5.6,59.474732,61.746903,3.517531,-1.212799,2.272171,0,76.91123,1.0,57.043793,59.474732,0.014197171,0
2025-03-11 07:00:00,7,17158.77,5.4,76.91123,154.06805,4.219401,-1.898171,77.15682,1,39.482777,0.0,56.095573,76.91123,0.12409811,0
2025-03-11 08:00:00,8,16937.042,5.4,39.482777,57.375385,-2.043193,-1.04403,17.892608000000003,0,27.221786,0.0,46.308487,39.482777,0.054634742,0
2025-03-11 09:00:00,9,16329.852,8.1,27.221786,19.477445,-1.485229,-0.372985,-7.744341000000002,0,26.29946,0.0,39.217125,27.221786,0.00071826315,0
2025-03-11 10:00:00,10,15584.022,10.7,26.29946,23.560018,-1.122255,-0.318285,-2.7394420000000004,0,26.160818,0.0,29.919827,26.29946,0.00019373783,0
2025-03-11 11:00:00,11,14983.58,13.2,26.160818,22.529288,-1.066585,-0.262597,-3.631529999999998,0,25.923171,0.0,26.925514,26.160818,0.00027432648,0
2025-03-11 12:00:00,12,14647.187,15.4,25.923171,25.070074,-0.983488,-0.263341,-0.8530969999999982,0,25.517545,0.0,24.94912,25.923171,0.00012764982,0
2025-03-11 13:00:00,13,14462.043,17.4,25.517545,23.983808,-0.882666,-0.339789,-1.5337369999999986,0,24.725307,0.0,26.065315,25.517545,0.00015093712,0
2025-03-11 14:00:00,14,14048.931,18.5,24.725307,22.840481,-0.701448,-0.393245,-1.8848260000000003,0,24.404342,0.0,25.96131,24.725307,0.00018015987,0
2025-03-11 15:00:00,15,13781.443,19.0,24.404342,21.835737,-0.452602,-0.453056,-2.568604999999998,0,25.591266,0.0,28.926456,24.404342,0.00024254761,0
2025-03-11 16:00:00,16,13864.277,19.2,25.591266,22.065869,0.204551,-0.483285,-3.5253970000000017,0,27.923134,0.0,33.522446,25.591266,0.00031128465,0
2025-03-11 17:00:00,17,14100.254,19.3,27.923134,24.304582,0.244112,-0.620978,-3.618552000000001,0,41.308989,0.0,35.580177,27.923134,0.00033402853,0
2025-03-11 18:00:00,18,14165.421,18.9,41.308989,62.813439,2.23434,-0.955351,21.504450000000006,0,60.945385,0.0,39.954376,41.308989,0.0017354318,0
2025-03-11 19:00:00,19,14570.855,16.6,60.945385,95.544037,3.015984,-1.270599,34.598652,0,50.813775,0.0,40.633354,60.945385,0.0040616766,0
2025-03-11 20:00:00,20,14863.216,13.5,50.813775,39.369343,2.155353,-0.981578,-11.444431999999999,0,36.656202,0.0,42.77868,50.813775,0.00064630987,0
2025-03-11 21:00:00,21,14536.071,10.4,36.656202,36.705206,1.523163,-0.806961,0.049003999999996495,0,31.264023,0.0,34.06756,36.656202,0.0003099399,0
2025-03-11 22:00:00,22,13878.96,7.7,31.264023,33.905097,1.124227,-0.780204,2.641073999999996,0,28.921065,0.0,28.686739,31.264023,0.000119041186,0
2025-03-11 23:00:00,23,13381.129,6.1,28.921065,28.558114,0.988694,-0.667629,-0.3629509999999989,0,30.751447,0.0,26.47297,28.921065,9.451848e-05,0
2025-03-12 00:00:00,0,13046.394,4.8,30.751447,30.724725,1.177723,-0.276276,-0.02672199999999947,0,31.931269,0.0,26.501837,30.751447,0.00024318045,0
2025-03-12 01:00:00,1,12942.465,4.0,31.931269,36.280297,1.110879,-0.21961,4.349027999999997,0,31.763661,0.0,27.282986,31.931269,0.00022611291,0
2025-03-12 02:00:00,2,12907.892,3.2,31.763661,32.266281,0.999574,-0.105913,0.5026200000000003,0,32.774523,0.0,28.0858,31.763661,0.00022611291,0
2025-03-12 03:00:00,3,13006.767,2.9,32.774523,32.593559,1.167828,-0.103305,-0.180964000000003,0,35.513448,0.0,30.2035,32.774523,0.00021340455,0
2025-03-12 04:00:00,4,13435.643,2.5,35.513448,28.378675,1.460209,-0.076761,-7.134772999999996,0,41.06257,0.0,34.63537,35.513448,0.00021365946,0
2025-03-12 05:00:00,5,14166.863,2.2,41.06257,27.841868,2.512103,0.070467,-13.220702,0,64.903923,0.0,46.781178,41.06257,0.0021065932,0
2025-03-12 06:00:00,6,15320.447,1.8,64.903923,36.983469,3.821314,-0.217391,-27.920454000000007,0,100.85386,1.0,61.877,64.903923,0.09809202,0
2025-03-12 07:00:00,7,16068.157,1.5,100.85386,57.907372,5.22998,-1.28612,-42.946487999999995,1,64.349045,0.0,45.14354,100.85386,0.014843435,0
2025-03-12 08:00:00,8,16087.725,1.5,64.349045,47.057294,2.481343,-0.312298,-17.291751000000005,0,36.809916,0.0,74.679184,64.349045,0.17228784,0
2025-03-12 09:00:00,9,15587.588,3.5,36.809916,33.534915,0.240532,-0.150616,-3.275001000000003,0,34.752261,0.0,35.179157,36.809916,0.0065881643,0
2025-03-12 10:00:00,10,14913.442,5.9,34.752261,48.899329,0.375263,-0.463002,14.147068000000004,0,34.488369,0.0,34.027477,34.752261,0.00031190432,0
2025-03-12 11:00:00,11,14459.028,8.7,34.488369,38.394759,-0.049741,-0.29189,3.906390000000002,0,32.977274,0.0,33.06391,34.488369,0.00075350754,0
2025-03-12 12:00:00,12,14147.194,11.4,32.977274,39.395146,-0.194975,-0.087751,6.417871999999996,0,33.147951,0.0,32.019672,32.977274,0.0006281716,0
2025-03-12 13:00:00,13,14139.543,13.7,33.147951,33.39096,-0.216762,-0.045287,0.2430090000000007,0,32.425966,0.0,30.194666,33.147951,0.00061975955,0
2025-03-12 14:00:00,14,13912.828,15.6,32.425966,31.827003,0.904797,0.021169,-0.5989630000000012,0,32.051645,0.0,31.605568,32.425966,0.000619932,0
2025-03-12 15:00:00,15,13683.238,16.9,32.051645,27.430318,0.864558,0.037087,-4.621327000000001,0,33.409936,0.0,35.741642,32.051645,0.00084316434,0
2025-03-12 16:00:00,16,13777.486,18.0,33.409936,28.310019,0.47005,-0.180114,-5.099917000000001,0,40.615729,0.0,39.528492,33.409936,0.0017324605,0
2025-03-12 17:00:00,17,13853.66,19.0,40.615729,29.930216,1.712284,-0.056555,-10.685513,0,61.229321,0.0,47.939777,40.615729,0.0015825854,0
2025-03-12 18:00:00,18,14006.537,18.9,61.229321,77.405239,3.188738,0.040583,16.175917999999996,0,83.388629,1.0,55.118404,61.229321,0.013581408,0
2025-03-12 19:00:00,19,14186.056,16.1,83.388629,163.995212,4.390878,-0.382249,80.60658300000001,1,69.172239,0.0,48.515564,83.388629,0.018657822,0
2025-03-12 20:00:00,20,14605.192,13.2,69.172239,72.40775,3.188131,0.144108,3.2355109999999883,0,55.136005,0.0,48.9221,69.172239,0.029385876,0
2025-03-12 21:00:00,21,14329.393,12.8,55.136005,40.793144,2.818305,0.1977,-14.342861,0,46.825925,0.0,37.143295,55.136005,0.00087738887,0
2025-03-12 22:00:00,22,13860.438,10.1,46.825925,42.812757,2.168846,-0.032921,-4.013168,0,39.011636,0.0,36.52321,46.825925,0.00089146005,0
2025-03-12 23:00:00,23,13214.059,8.1,39.011636,55.038425,1.617479,-0.045843,16.026788999999994,0,35.762903,0.0,35.07088,39.011636,0.00063643773,0
2025-03-13 00:00:00,0,12848.677,6.9,35.762903,38.229691,1.729714,-0.446811,2.466788000000001,0,34.626741,0.0,33.954544,35.762903,0.00045250345,0
2025-03-13 01:00:00,1,12592.001,6.1,34.626741,47.932396,2.145652,-0.288911,13.305654999999994,0,33.816414,0.0,32.30414,34.626741,0.00036629627,0
2025-03-13 02:00:00,2,12668.612,5.6,33.816414,35.750094,2.135086,-0.188672,1.9336799999999954,0,33.732553,0.0,32.020584,33.816414,0.0005078793,0
2025-03-13 03:00:00,3,12866.813999999998,4.8,33.732553,41.810567,2.208054,-0.165501,8.078013999999996,0,34.811586,0.0,33.025497,33.732553,0.000589819,0
2025-03-13 04:00:00,4,13154.055,4.2,34.811586,39.674906,2.596958,-0.155372,4.863320000000002,0,39.072177,0.0,37.34437,34.811586,0.00065731496,0
2025-03-13 05:00:00,5,13951.884,3.7,39.072177,48.800395,3.181114,0.011063,9.728217999999998,0,55.035315,0.0,50.956223,39.072177,0.06523749,0
2025-03-13 06:00:00,6,15068.359,3.3,55.035315,60.480745,4.977845,-0.29253,5.445430000000002,0,85.260448,1.0,75.19315,55.035315,0.37514505,0
2025-03-13 07:00:00,7,15856.068,2.9,85.260448,150.185733,3.788196,-1.307748,64.925285,1,63.429002,0.0,49.704983,85.260448,0.044203624,0
2025-03-13 08:00:00,8,15927.452,2.8,63.429002,106.027516,-0.218259,-0.502739,42.59851400000001,0,46.088842,0.0,46.008305,63.429002,0.06690342,0
2025-03-13 09:00:00,9,15542.661,4.1,46.088842,60.845785,-2.418691,-0.312467,14.756943,0,40.788069,0.0,40.393757,46.088842,0.014627576,0
2025-03-13 10:00:00,10,15033.633,6.8,40.788069,47.197985,-2.589696,-0.492235,6.409916000000003,0,38.97559,0.0,36.330124,40.788069,0.0016638609,0
2025-03-13 11:00:00,11,14722.928,10.3,38.97559,70.094532,-2.685682,-0.298728,31.118942000000004,0,35.913206,0.0,35.649837,38.97559,0.0010843431,0
2025-03-13 12:00:00,12,14326.61,13.5,35.913206,29.329101,-1.918773,-0.148021,-6.584105000000001,0,32.812679,0.0,35.30896,35.913206,0.001042593,0
2025-03-13 13:00:00,13,14330.365,15.9,32.812679,42.947273,-0.811299,-0.096022,10.134594,0,32.854944,0.0,34.32374,32.812679,0.0012182142,0
2025-03-13 14:00:00,14,14025.285,17.7,32.854944,29.369543,0.02737,-0.072426,-3.485401000000003,0,32.083303,0.0,31.475927,32.854944,0.0007255507,0
2025-03-13 15:00:00,15,13814.76,18.9,32.083303,25.098979,1.361519,-0.048216,-6.984324000000001,0,33.823723,0.0,36.190212,32.083303,0.0009996269,0
2025-03-13 16:00:00,16,13812.102,19.6,33.823723,25.17217,1.978532,-0.204809,-8.651553,0,37.13504,0.0,42.067814,33.823723,0.0018530469,0
2025-03-13 17:00:00,17,13977.375,19.9,37.13504,27.856769,4.324869,-0.159829,-9.278270999999997,0,49.99082,0.0,54.73226,37.13504,0.010549081,0
2025-03-13 18:00:00,18,14153.801,19.5,49.99082,69.922493,5.421449,-0.090629,19.931673000000004,0,71.344722,1.0,56.3585,49.99082,0.050087456,0
2025-03-13 19:00:00,19,14359.832,17.2,71.344722,46.711228,6.628212,-0.19349,-24.633494000000006,1,62.846965,0.0,48.617046,71.344722,0.023136549,0
2025-03-13 20:00:00,20,14675.278,14.9,62.846965,35.254779,4.925127,0.101838,-27.592185999999998,0,44.008294,0.0,48.51878,62.846965,0.001963069,0
2025-03-13 21:00:00,21,14337.359,14.5,44.008294,46.353964,2.992886,-0.004592,2.3456699999999984,0,36.364527,0.0,42.58103,44.008294,0.0015305796,0
2025-03-13 22:00:00,22,13674.85,13.4,36.364527,32.557595,2.779953,-0.115426,-3.8069320000000033,0,34.319266,0.0,34.07702,36.364527,0.0007959237,0
2025-03-13 23:00:00,23,13062.319,11.9,34.319266,30.993135,2.965769,-0.076503,-3.326131,0,31.593426,0.0,30.553057,34.319266,0.00026504448,0
2025-03-14 00:00:00,0,12709.862,10.8,31.593426,29.865242,4.029098,-0.345672,-1.7281840000000024,0,31.890287,0.0,30.593254,31.593426,0.00057505356,0
2025-03-14 01:00:00,1,12447.379,10.2,31.890287,32.630684,4.194231,-0.233944,0.7403970000000015,0,30.983852,0.0,27.613369,31.890287,0.00056863006,0
2025-03-14 02:00:00,2,12267.6,9.7,30.983852,31.532708,4.127532,-0.14368,0.5488560000000007,0,31.335912,0.0,28.512348,30.983852,0.0005732876,0
2025-03-14 03:00:00,3,12301.64,9.2,31.335912,36.196245,4.307847,-0.121935,4.860332999999997,0,32.282909,0.0,29.815317,31.335912,0.00034716207,0
2025-03-14 04:00:00,4,12723.432,8.1,32.282909,35.07869,4.052525,-0.129616,2.795781000000005,0,36.808052,0.0,35.93013,32.282909,0.00047518802,0
2025-03-14 05:00:00,5,13299.145,7.5,36.808052,33.35046,4.709346,0.018706,-3.4575920000000053,0,52.901131,0.0,47.470722,36.808052,0.0059945397,0
2025-03-14 06:00:00,6,14369.759,7.2,52.901131,29.139157,3.71484,-0.293709,-23.761974,0,77.490789,1.0,68.954414,52.901131,0.270414,0
2025-03-14 07:00:00,7,15126.696,6.8,77.490789,37.434889,2.083918,-1.203129,-40.05590000000001,1,60.363443,0.0,50.86462,77.490789,0.03963407,0
2025-03-14 08:00:00,8,15102.568,6.6,60.363443,30.922158,1.182696,-0.489253,-29.441284999999997,0,41.913471,0.0,44.87443,60.363443,0.056271672,0
2025-03-14 09:00:00,9,14917.815,9.2,41.913471,29.102058,-0.004902,-0.291627,-12.811413000000002,0,36.781871,0.0,41.596684,41.913471,0.03446076,0
2025-03-14 10:00:00,10,14749.088,12.2,36.781871,33.010379,-1.161746,-0.456383,-3.771492000000002,0,33.60164,0.0,40.57183,36.781871,0.0013770878,0
2025-03-14 11:00:00,11,14475.99,15.6,33.60164,75.052358,0.404502,-0.252862,41.450717999999995,0,29.936805,0.0,37.423855,33.60164,0.0013051814,0
2025-03-14 12:00:00,12,14349.799,18.6,29.936805,32.562624,0.244559,-0.127754,2.625819,0,30.22035,0.0,33.464745,29.936805,0.0005630559,0
2025-03-14 13:00:00,13,14293.522,20.8,30.22035,25.229549,0.39237,-0.10202,-4.990801000000001,0,30.004903,0.0,31.691051,30.22035,0.0005012412,0
2025-03-14 14:00:00,14,14157.003,22.2,30.004903,28.431677,0.802768,-0.077865,-1.5732259999999982,0,30.274413,0.0,32.427807,30.004903,0.0005012412,0
2025-03-14 15:00:00,15,13993.717,22.9,30.274413,28.655357,1.608644,-0.064231,-1.6190560000000005,0,30.841367,0.0,36.01313,30.274413,0.0006472045,0
2025-03-14 16:00:00,16,13944.954,23.3,30.841367,27.283842,1.839978,-0.208611,-3.557525000000002,0,35.727487,0.0,43.605812,30.841367,0.0012028608,0
2025-03-14 17:00:00,17,14110.697,22.8,35.727487,25.961697,3.950073,-0.172586,-9.765790000000003,0,49.425579,0.0,44.80247,35.727487,0.001263167,0
2025-03-14 18:00:00,18,13976.289,21.9,49.425579,32.565747,4.869224,-0.113645,-16.859831999999997,0,67.071664,0.0,49.253326,49.425579,0.005085974,0
2025-03-14 19:00:00,19,14037.064,20.5,67.071664,30.920645,5.163304,-0.21164,-36.151019,0,51.594793,0.0,46.624687,67.071664,0.010408594,0
2025-03-14 20:00:00,20,14298.126,18.4,51.594793,29.639281,4.11213,0.072663,-21.955512000000002,0,40.972538,0.0,45.427685,51.594793,0.0016278133,0
2025-03-14 21:00:00,21,13947.546,18.0,40.972538,38.268751,2.865431,-0.012893,-2.7037869999999984,0,33.645022,0.0,39.432888,40.972538,0.00062321604,0
2025-03-14 22:00:00,22,13286.875,16.9,33.645022,28.510583,2.23632,-0.121298,-5.134438999999997,0,30.932749,0.0,32.391552,33.645022,0.00018410308,0
2025-03-14 23:00:00,23,12720.863,16.9,30.932749,28.826444,2.093447,-0.080698,-2.1063050000000025,0,27.77134,0.0,28.003983,30.932749,0.0002443926,0
2025-03-15 00:00:00,0,12187.907,17.0,27.77134,32.753642,2.365879,-0.614539,4.982302000000001,0,28.321216,0.0,25.47389,27.77134,0.00021560687,0
2025-03-15 01:00:00,1,11781.484,16.7,28.321216,55.89802,2.746908,-0.565692,27.576804000000003,0,26.082465,0.0,22.785606,28.321216,0.00021799978,0
2025-03-15 02:00:00,2,11651.842,16.6,26.082465,24.375822,2.56355,-0.511085,-1.7066429999999997,0,26.098554,0.0,23.072035,26.082465,0.00017207534,0
2025-03-15 03:00:00,3,11584.996,16.4,26.098554,20.199657,2.691621,-0.513067,-5.898897000000002,0,25.890326,0.0,23.083664,26.098554,7.83257e-05,0
2025-03-15 04:00:00,4,11737.967,16.1,25.890326,24.652233,2.856064,-0.495738,-1.2380930000000028,0,26.14079,0.0,26.173399,25.890326,8.4357016e-05,0
2025-03-15 05:00:00,5,11901.099,15.8,26.14079,24.538566,3.252658,-0.561868,-1.6022239999999996,0,29.447453,0.0,36.01548,26.14079,0.00029608834,0
2025-03-15 06:00:00,6,12154.917,15.6,29.447453,23.027034,3.665751,-0.738298,-6.420418999999999,0,34.20777,0.0,40.242107,29.447453,0.001444674,0
2025-03-15 07:00:00,7,12582.415,15.5,34.20777,22.970042,2.880475,-1.162705,-11.237727999999997,0,36.409572,0.0,34.866127,34.20777,0.0029880705,0
2025-03-15 08:00:00,8,12943.205000000002,15.7,36.409572,28.370576,1.2402,-1.420628,-8.038995999999997,0,34.787438,0.0,36.346313,36.409572,0.0039228313,0
2025-03-15 09:00:00,9,13296.701,16.6,34.787438,31.637944,1.136906,-1.279468,-3.1494940000000007,0,32.992894,0.0,32.805508,34.787438,0.00076458923,0
2025-03-15 10:00:00,10,13608.127,16.2,32.992894,139.664448,0.102526,-1.109632,106.67155399999999,0,30.477611,0.0,31.643784,32.992894,0.0003733572,0
2025-03-15 11:00:00,11,13549.114,16.5,30.477611,27.663753,-0.457237,-1.005152,-2.8138579999999997,0,25.117908,0.0,30.035545,30.477611,0.0004665347,0
2025-03-15 12:00:00,12,13523.62,19.0,25.117908,28.813561,0.07691,-0.659002,3.695653,0,24.067498,0.0,29.647331,25.117908,0.00052727433,0
2025-03-15 13:00:00,13,13415.653,19.8,24.067498,25.738942,1.305946,-0.548448,1.671444000000001,0,23.317077,0.0,25.36024,24.067498,0.00017213539,0
2025-03-15 14:00:00,14,13275.207,20.0,23.317077,72.740839,1.981245,-0.474168,49.423761999999996,0,23.034131,0.0,24.23956,23.317077,0.00015281161,0
2025-03-15 15:00:00,15,13376.89,20.4,23.034131,28.886613,1.838115,-0.423984,5.852482000000002,0,24.461089,0.0,26.101454,23.034131,0.00018419826,0
2025-03-15 16:00:00,16,13467.095,20.4,24.461089,31.687841,2.783948,-0.402859,7.226751999999998,0,26.081209,0.0,31.27726,24.461089,0.0002572722,0
2025-03-15 17:00:00,17,13494.747,19.1,26.081209,28.794408,3.102417,-0.431208,2.7131989999999995,0,31.208422,0.0,37.11001,26.081209,0.0002825705,0
2025-03-15 18:00:00,18,13417.993,16.2,31.208422,26.08586,3.349061,-0.580639,-5.1225619999999985,0,39.849718,0.0,38.710136,31.208422,0.00041282622,0
2025-03-15 19:00:00,19,13569.087,15.2,39.849718,25.186749,3.25751,-0.827792,-14.662969000000004,0,37.739057,0.0,38.259743,39.849718,0.0048019164,0
2025-03-15 20:00:00,20,13631.401,15.1,37.739057,24.918189,2.939936,-0.620879,-12.820868,0,33.568412,0.0,37.85328,37.739057,0.0006875703,0
2025-03-15 21:00:00,21,13320.59,14.5,33.568412,25.36205,2.852625,-0.514213,-8.206362000000002,0,30.609618,0.0,31.031342,33.568412,0.00016546287,0
2025-03-15 22:00:00,22,12860.686,14.1,30.609618,32.202687,2.70887,-0.489252,1.5930689999999963,0,26.034511,0.0,28.535437,30.609618,0.0001428704,0
2025-03-15 23:00:00,23,12343.443,13.9,26.034511,32.523366,1.845196,-0.480685,6.4888550000000045,0,24.413247,0.0,25.702307,26.034511,0.00018176058,0
2025-03-16 00:00:00,0,11977.371,14.3,24.413247,29.174724,1.878939,-0.495692,4.761477000000003,0,24.754535,0.0,22.480515,24.413247,8.251659e-05,0
2025-03-16 01:00:00,1,11699.555,14.2,24.754535,23.87451,1.370868,-0.456333,-0.8800249999999998,0,23.384546,0.0,21.507576,24.754535,8.646814e-05,0
2025-03-16 02:00:00,2,11495.037,14.1,23.384546,24.925511,1.238317,-0.473771,1.540965,0,21.757749,0.0,20.713972,23.384546,8.646814e-05,0
2025-03-16 03:00:00,3,11287.88,14.9,21.757749,24.260373,1.343721,-0.455972,2.502624000000001,0,21.640664,0.0,22.61495,21.757749,6.4745946e-05,0
2025-03-16 04:00:00,4,11354.498,15.1,21.640664,25.991722,1.359773,-0.459109,4.351057999999998,0,22.775491,0.0,24.838154,21.640664,6.4745946e-05,0
2025-03-16 05:00:00,5,11465.684,16.1,22.775491,29.576497,1.351166,-0.535675,6.801006000000001,0,23.265582,0.0,29.568869,22.775491,0.00017719298,0
2025-03-16 06:00:00,6,11707.803,15.2,23.265582,32.022268,1.341062,-0.55548,8.756685999999998,0,23.826214,0.0,35.411224,23.265582,0.00025689497,0
2025-03-16 07:00:00,7,11987.164,15.1,23.826214,42.561016,1.812417,-0.576203,18.734802000000002,0,27.722815,0.0,32.68518,23.826214,0.00014402566,0
2025-03-16 08:00:00,8,12261.177,14.8,27.722815,68.08343,2.035024,-0.712209,40.36061500000001,0,30.060397,0.0,26.735415,27.722815,0.00025745525,0
2025-03-16 09:00:00,9,12749.624,15.4,30.060397,73.62719,1.722619,-0.772222,43.566793000000004,0,31.841795,0.0,26.446033,30.060397,0.00012679724,0
2025-03-16 10:00:00,10,12857.843,14.6,31.841795,44.993928,1.729085,-0.88729,13.152132999999996,0,31.984143,0.0,27.352558,31.841795,0.00015167132,0
2025-03-16 11:00:00,11,12916.698,13.8,31.984143,37.262567,1.171049,-0.876906,5.278423999999998,0,31.100767,0.0,27.560175,31.984143,0.00019077315,0
2025-03-16 12:00:00,12,12942.801,13.4,31.100767,35.127675,0.976877,-0.71611,4.026908000000002,0,29.700808,0.0,26.800697,31.100767,0.00012556804,0
2025-03-16 13:00:00,13,12967.559,14.9,29.700808,23.368699,0.573919,-0.543111,-6.332108999999999,0,29.077496,0.0,26.644573,29.700808,0.00012539573,0
2025-03-16 14:00:00,14,13035.508,15.5,29.077496,22.914561,0.978519,-0.471023,-6.162935000000001,0,28.869956,0.0,26.664759,29.077496,0.00015050755,0
2025-03-16 15:00:00,15,13209.441,16.0,28.869956,26.326596,0.89212,-0.392164,-2.54336,0,30.813639,0.0,29.758507,28.869956,0.00021538105,0
2025-03-16 16:00:00,16,13382.575,14.9,30.813639,34.007019,1.349398,-0.275759,3.193380000000001,0,34.241145,0.0,31.77934,30.813639,0.00030365383,0
2025-03-16 17:00:00,17,13565.809,13.4,34.241145,31.577033,1.841922,-0.290777,-2.664112000000003,0,41.619599,0.0,35.71055,34.241145,0.00033975093,0
2025-03-16 18:00:00,18,13622.916,11.8,41.619599,36.604873,2.869801,-0.460202,-5.014726000000003,0,62.282284,0.0,37.27912,41.619599,0.0002088751,0
2025-03-16 19:00:00,19,14099.064,9.3,62.282284,84.393387,3.298243,-0.655959,22.111103000000007,0,61.495245,0.0,39.046738,62.282284,0.0039472473,0
2025-03-16 20:00:00,20,14340.903,7.5,61.495245,47.859652,3.708614,-0.543369,-13.635593,0,50.479013,0.0,40.15967,61.495245,0.0007464009,0
2025-03-16 21:00:00,21,14057.932,4.6,50.479013,39.230799,3.381443,-0.26243,-11.248214000000004,0,45.097313,0.0,34.605446,50.479013,0.0008048326,0
2025-03-16 22:00:00,22,13535.827,4.4,45.097313,40.623217,2.878758,-0.181445,-4.474096000000003,0,35.859153,0.0,31.480211,45.097313,0.00040016146,0
2025-03-16 23:00:00,23,13088.605,4.2,35.859153,36.716009,1.548519,-0.009366,0.8568560000000005,0,35.324262,0.0,32.06767,35.859153,0.00056328357,0
2025-03-17 00:00:00,0,12859.498,3.8,35.324262,30.966649,2.410271,-0.306009,-4.357612999999997,0,34.625937,0.0,32.171787,35.324262,0.0002798735,0
2025-03-17 01:00:00,1,12751.235,3.7,34.625937,54.418465,2.517868,-0.121931,19.792527999999997,0,33.501659,0.0,30.903582,34.625937,0.00026126727,0
2025-03-17 02:00:00,2,12595.784,3.5,33.501659,31.541055,2.664216,0.057443,-1.9606039999999965,0,34.02456,0.0,31.586748,33.501659,0.00036654936,0
2025-03-17 03:00:00,3,12801.819,3.2,34.02456,100.449387,3.113406,0.151154,66.424827,0,34.474594,0.0,31.25471,34.02456,0.00061621907,0
2025-03-17 04:00:00,4,13211.906,2.7,34.474594,28.168672,2.820493,0.174101,-6.3059220000000025,0,41.011034,0.0,35.57853,34.474594,0.00072184956,0
2025-03-17 05:00:00,5,13930.539,2.1,41.011034,44.579657,4.205673,0.225361,3.568622999999995,0,57.772613,0.0,59.81394,41.011034,0.06475613,0
2025-03-17 06:00:00,6,15174.496,1.5,57.772613,37.040338,6.110449,0.382164,-20.732275,0,84.455254,1.0,75.51949,57.772613,0.5052117,1
2025-03-17 07:00:00,7,16001.417,0.9,84.455254,58.917689,6.168166,0.257088,-25.537564999999994,1,66.157594,0.0,47.675976,84.455254,0.08423081,0
2025-03-17 08:00:00,8,16189.386,0.2,66.157594,47.537526,5.07507,-0.147476,-18.620068000000003,0,43.804058,0.0,38.74564,66.157594,0.029291432,0
2025-03-17 09:00:00,9,16144.969,-0.1,43.804058,34.11112,3.639747,-0.375689,-9.692937999999998,0,42.703784,0.0,38.380646,43.804058,0.022176176,0
2025-03-17 10:00:00,10,16179.748,0.9,42.703784,44.055533,2.136102,-0.562318,1.351748999999998,0,39.830103,0.0,39.004776,42.703784,0.0017610104,0
2025-03-17 11:00:00,11,15985.784,2.0,39.830103,47.990865,2.506377,-0.756274,8.160761999999998,0,35.178402,0.0,39.999054,39.830103,0.0032076875,0
2025-03-17 12:00:00,12,15782.358,3.4,35.178402,30.44398,2.300787,-0.762385,-4.734421999999999,0,33.580493,0.0,37.78805,35.178402,0.0008599889,0
2025-03-17 13:00:00,13,15538.479,4.8,33.580493,36.880774,2.398732,-0.748239,3.3002810000000053,0,32.090964,0.0,33.907436,33.580493,0.00069021876,0
2025-03-17 14:00:00,14,15149.377,5.9,32.090964,33.537872,2.208301,-0.677337,1.4469080000000005,0,29.976302,0.0,31.979984,32.090964,0.0005242899,0
2025-03-17 15:00:00,15,14790.693,6.9,29.976302,23.094069,2.250655,-0.644353,-6.882232999999999,0,30.431338,0.0,35.501022,29.976302,0.0006714323,0
2025-03-17 16:00:00,16,14545.046,7.9,30.431338,23.833943,2.49781,-0.666472,-6.597394999999999,0,32.394438,0.0,39.490913,30.431338,0.0013014172,0
2025-03-17 17:00:00,17,14632.503,8.6,32.394438,22.542217,2.796032,-0.541594,-9.852221,0,46.623689,0.0,45.00731,32.394438,0.0009826252,0
2025-03-17 18:00:00,18,14919.129,8.6,46.623689,33.918487,5.127518,-0.883829,-12.705202,0,72.228766,1.0,49.372612,46.623689,0.003927988,0
2025-03-17 19:00:00,19,15265.923,7.9,72.228766,121.304421,6.323187,-1.364421,49.07565500000001,1,58.882989,0.0,48.481262,72.228766,0.01813444,0
2025-03-17 20:00:00,20,15758.225,5.9,58.882989,83.750964,7.273806,-0.900817,24.867974999999994,0,45.260116,0.0,53.611324,58.882989,0.0017041821,0
2025-03-17 21:00:00,21,15643.079,5.2,45.260116,43.84209,5.55353,-0.543414,-1.4180259999999976,0,40.360213,0.0,45.447964,45.260116,0.002302865,0
2025-03-17 22:00:00,22,15267.414,4.5,40.360213,72.740494,5.004833,-0.39462,32.380281,0,35.928782,0.0,36.52432,40.360213,0.0008121852,0
2025-03-17 23:00:00,23,14929.037,4.0,35.928782,40.663793,4.415764,-0.086982,4.735011,0,38.617507,0.0,31.873882,35.928782,0.00012782437,0
2025-03-18 00:00:00,0,14558.4,3.5,38.617507,31.818617,4.509289,-0.001782,-6.798890000000004,0,37.077246,0.0,32.880894,38.617507,0.00027837817,0
2025-03-18 01:00:00,1,14485.986,3.1,37.077246,63.459407,5.445955,0.041291,26.382160999999996,0,37.044095,0.0,34.4716,37.077246,0.00034474768,0
2025-03-18 02:00:00,2,14519.507,3.0,37.044095,37.221758,5.463641,0.190454,0.17766300000000257,0,38.277727,0.0,34.327785,37.044095,0.00034734,0
2025-03-18 03:00:00,3,14632.312,2.7,38.277727,37.652667,6.02165,0.236077,-0.6250599999999977,0,38.656319,0.0,35.606052,38.277727,0.00030999634,0
2025-03-18 04:00:00,4,14956.905,2.3,38.656319,58.583463,5.38075,0.185569,19.927144,0,45.791327,0.0,42.23591,38.656319,0.00027375587,0
2025-03-18 05:00:00,5,15671.722000000002,2.1,45.791327,60.758853,6.166604,0.274723,14.967526,0,76.759145,1.0,58.189217,45.791327,0.22673246,0
2025-03-18 06:00:00,6,16772.103,2.0,76.759145,84.126771,-5.913425,0.41257,7.367626000000001,1,108.133932,1.0,90.17749,76.759145,0.96068674,1
2025-03-18 07:00:00,7,17395.58,2.0,108.133932,146.878061,-9.046568,0.2805,38.744129,1,48.442751,0.0,59.508453,108.133932,0.30362287,0
2025-03-18 08:00:00,8,17150.788,2.0,48.442751,31.245976,2.742364,-0.189613,-17.196775000000002,0,37.001758,0.0,92.90179,48.442751,0.38324687,0
2025-03-18 09:00:00,9,16451.379,3.6,37.001758,31.64659,2.607444,-0.355686,-5.355168000000003,0,33.527534,0.0,43.119247,37.001758,0.013482513,0
2025-03-18 10:00:00,10,15740.924,6.1,33.527534,22.680836,0.717139,-0.399605,-10.846698000000004,0,31.55853,0.0,38.009945,33.527534,0.0011516814,0
2025-03-18 11:00:00,11,15126.214,8.8,31.55853,25.884512,1.222663,-0.444133,-5.674018,0,30.15169,0.0,34.620895,31.55853,0.00095491734,0
2025-03-18 12:00:00,12,14889.582,11.7,30.15169,27.840089,1.557693,-0.296003,-2.3116009999999996,0,28.253233,0.0,29.592339,30.15169,0.00039649734,0
2025-03-18 13:00:00,13,14577.231,14.3,28.253233,17.912299,2.529372,-0.286139,-10.340934,0,26.262721,0.0,28.679274,28.253233,0.0009393306,0
2025-03-18 14:00:00,14,14324.041,16.4,26.262721,16.45187,2.075838,-0.303117,-9.810851,0,26.70227,0.0,27.309855,26.262721,0.001098007,0
2025-03-18 15:00:00,15,14124.832,17.9,26.70227,18.34614,3.4691,-0.33683,-8.35613,0,25.060361,0.0,30.072746,26.70227,0.0012136347,0
2025-03-18 16:00:00,16,14133.563999999998,18.9,25.060361,16.110328,2.192297,-0.251936,-8.950033000000001,0,28.966258,0.0,34.31928,25.060361,0.002142772,0
2025-03-18 17:00:00,17,14262.944,19.1,28.966258,28.773191,3.68996,-0.433702,-0.1930669999999992,0,47.94885,0.0,35.128117,28.966258,0.0003645051,0
2025-03-18 18:00:00,18,14303.73,18.6,47.94885,49.106227,2.872961,-0.954111,1.1573769999999968,0,58.436812,0.0,45.503143,47.94885,0.0043588607,0
2025-03-18 19:00:00,19,14600.911,17.3,58.436812,73.165659,0.641733,-1.204921,14.728847000000002,0,49.147765,0.0,45.231026,58.436812,0.017318571,0
2025-03-18 20:00:00,20,14911.962,15.4,49.147765,32.244008,0.973947,-0.876182,-16.903757,0,40.890367,0.0,45.202248,49.147765,0.0013270495,0
2025-03-18 21:00:00,21,14573.076,14.8,40.890367,31.927232,3.32726,-0.756893,-8.963134999999998,0,37.474874,0.0,34.13156,40.890367,0.00055813295,0
2025-03-18 22:00:00,22,13934.566,14.1,37.474874,39.073438,3.545292,-0.680418,1.5985640000000032,0,31.297197,0.0,32.102917,37.474874,0.00022379776,0
2025-03-18 23:00:00,23,13315.156,13.1,31.297197,46.009446,3.591122,-0.583925,14.712248999999996,0,30.334484,0.0,28.485565,31.297197,0.00014105179,0
2025-03-19 00:00:00,0,12875.268,12.9,30.334484,34.924214,4.738041,-0.763557,4.589729999999999,0,30.332971,0.0,28.89507,30.334484,0.00032866042,0
2025-03-19 01:00:00,1,12705.089,12.9,30.332971,32.989806,4.370842,-0.527871,2.656835000000001,0,30.45897,0.0,25.351845,30.332971,0.0003526562,0
2025-03-19 02:00:00,2,12702.479,12.8,30.45897,30.953372,4.651483,-0.532513,0.4944020000000009,0,30.976889,0.0,26.191235,30.45897,0.0003136984,0
2025-03-19 03:00:00,3,12757.476,12.1,30.976889,31.437888,5.129687,-0.502798,0.46099900000000105,0,31.420257,0.0,31.527943,30.976889,0.0003113066,0
2025-03-19 04:00:00,4,13142.116999999998,11.2,31.420257,32.829045,6.345319,-0.565062,1.4087880000000013,0,33.945141,0.0,33.270615,31.420257,0.00031606667,0
2025-03-19 05:00:00,5,13822.207,11.0,33.945141,49.337868,5.699496,-0.704355,15.392727,0,53.341626,0.0,50.07006,33.945141,0.0040328875,0
2025-03-19 06:00:00,6,14978.271,10.1,53.341626,78.797329,1.764219,-1.622593,25.455703000000007,0,69.502066,0.0,63.35771,53.341626,0.038399838,0
2025-03-19 07:00:00,7,15576.329,9.4,69.502066,61.80403,-0.018348,-2.549586,-7.698036000000002,0,37.12448,0.0,46.830215,69.502066,0.013241886,0
2025-03-19 08:00:00,8,15639.619,9.4,37.12448,22.864515,-1.256396,-1.099124,-14.259964999999998,0,26.892539,0.0,41.596996,37.12448,0.021709457,0
2025-03-19 09:00:00,9,15317.647,12.1,26.892539,16.816897,-0.429889,-0.717572,-10.075641999999998,0,26.699889,0.0,33.029133,26.892539,0.00025347326,0
2025-03-19 10:00:00,10,14871.345,13.6,26.699889,24.757616,0.242197,-0.702308,-1.9422730000000001,0,25.871685,0.0,26.912182,26.699889,0.00015356415,0
2025-03-19 11:00:00,11,14578.021,15.6,25.871685,20.728586,0.518601,-0.516916,-5.143098999999999,0,27.146411,0.0,26.746742,25.871685,0.00032291055,0
2025-03-19 12:00:00,12,14357.576,17.4,27.146411,23.937977,1.252225,-0.435814,-3.2084340000000005,0,27.473528,0.0,26.520037,27.146411,0.00013794673,0
2025-03-19 13:00:00,13,14294.498,18.6,27.473528,29.619117,1.315549,-0.352021,2.1455889999999975,0,27.043471,0.0,27.66144,27.473528,0.00051739375,0
2025-03-19 14:00:00,14,14218.355,18.8,27.043471,43.641049,1.420782,-0.407311,16.597578000000002,0,26.689185,0.0,28.321142,27.043471,0.00051739375,0
2025-03-19 15:00:00,15,14177.713,18.9,26.689185,53.531305,1.006488,-0.417303,26.842120000000005,0,28.5816,0.0,31.061022,26.689185,0.0007842362,0
2025-03-19 16:00:00,16,14088.432,19.2,28.5816,26.422405,1.570677,-0.529077,-2.1591950000000004,0,31.385049,0.0,34.636993,28.5816,0.0014572365,0
2025-03-19 17:00:00,17,14328.604,19.6,31.385049,34.756891,1.178753,-0.713704,3.3718420000000044,0,40.642662,0.0,39.781483,31.385049,0.0018241387,0
2025-03-19 18:00:00,18,14338.197,19.1,40.642662,52.212052,1.809007,-1.046345,11.569389999999999,0,54.577575,0.0,41.269623,40.642662,0.0016826973,0
2025-03-19 19:00:00,19,14477.765,18.4,54.577575,75.792061,1.031561,-1.513986,21.214486,0,49.1697,0.0,40.607384,54.577575,0.0050744247,0
2025-03-19 20:00:00,20,14764.434,17.4,49.1697,39.949104,-0.198333,-1.051967,-9.220596,0,37.574384,0.0,40.351997,49.1697,0.00025513678,0
2025-03-19 21:00:00,21,14435.412,18.2,37.574384,28.813836,2.480134,-0.74575,-8.760548000000004,0,32.240198,0.0,36.286522,37.574384,0.00023728027,0
2025-03-19 22:00:00,22,13767.228,18.7,32.240198,26.788818,2.515998,-0.5958,-5.45138,0,29.799293,0.0,29.137255,32.240198,0.00013878322,0
2025-03-19 23:00:00,23,13029.973,17.4,29.799293,25.277998,3.017782,-0.578489,-4.5212949999999985,0,29.874175,0.0,26.585432,29.799293,8.931578e-05,0
2025-03-20 00:00:00,0,12521.141,16.8,29.874175,27.278272,4.386666,-0.572491,-2.595903,0,31.443753,0.0,24.441404,29.874175,0.00022320599,0
2025-03-20 01:00:00,1,12270.274,13.8,31.443753,27.284605,4.122392,-0.558639,-4.159148000000002,0,28.979496,0.0,24.172178,31.443753,0.0002201932,0
2025-03-20 02:00:00,2,12098.334,13.6,28.979496,24.665419,4.199579,-0.520083,-4.314077000000001,0,28.061868,0.0,25.398033,28.979496,0.0002201932,0
2025-03-20 03:00:00,3,12173.307,14.1,28.061868,24.879322,4.418093,-0.476225,-3.182546000000002,0,29.250601,0.0,25.875765,28.061868,0.00023250608,0
2025-03-20 04:00:00,4,12366.66,13.6,29.250601,29.980869,4.589733,-0.529132,0.7302679999999988,0,33.560677,0.0,29.786795,29.250601,0.0002296571,0
2025-03-20 05:00:00,5,12978.766,13.1,33.560677,35.641277,4.955647,-0.66497,2.080600000000004,0,49.065666,0.0,49.45819,33.560677,0.0028872532,0
2025-03-20 06:00:00,6,14023.523,11.1,49.065666,47.65697,5.140172,-1.554506,-1.408695999999999,0,56.162482,0.0,59.143444,49.065666,0.07534243,0
2025-03-20 07:00:00,7,14807.241,9.7,56.162482,47.093011,3.834417,-1.601935,-9.069471,0,46.041043,0.0,43.800068,56.162482,0.0061990446,0
2025-03-20 08:00:00,8,14872.103,8.9,46.041043,32.641382,0.13973,-1.148687,-13.399661000000002,0,45.030876,0.0,34.63947,46.041043,0.0016215438,0
2025-03-20 09:00:00,9,15027.858,8.6,45.030876,36.793026,0.00498,-1.004104,-8.237850000000002,0,44.560705,0.0,34.178677,45.030876,0.0007092421,0
2025-03-20 10:00:00,10,15003.044999999998,8.1,44.560705,26.786965,0.57953,-0.898825,-17.77374,0,41.486389,0.0,35.03148,44.560705,0.00077442697,0
2025-03-20 11:00:00,11,15008.48,9.1,41.486389,27.44593,0.027683,-0.691294,-14.040459000000002,0,39.066404,0.0,36.090237,41.486389,0.0015352038,0
2025-03-20 12:00:00,12,15134.623,8.6,39.066404,29.058092,0.522497,-0.566093,-10.008312,0,39.676129,0.0,35.354588,39.066404,0.00043555893,0
2025-03-20 13:00:00,13,15170.259,8.1,39.676129,32.240617,0.329064,-0.542935,-7.435512000000003,0,36.16423,0.0,33.97084,39.676129,0.00042197917,0
2025-03-20 14:00:00,14,15127.781,7.7,36.16423,74.153133,0.525228,-0.530998,37.98890299999999,0,34.864847,0.0,35.59811,36.16423,0.0005283323,0
2025-03-20 15:00:00,15,15138.076,8.1,34.864847,63.832551,0.496144,-0.581297,28.967704000000005,0,36.75353,0.0,39.08093,34.864847,0.0008254341,0
2025-03-20 16:00:00,16,15459.208,7.1,36.75353,62.280956,0.958763,-0.675233,25.527426000000006,0,39.887118,0.0,42.781803,36.75353,0.0021398773,0
2025-03-20 17:00:00,17,15520.053,6.7,39.887118,37.202633,2.515306,-0.738188,-2.6844850000000022,0,47.944656,0.0,46.72533,39.887118,0.0014648304,0
2025-03-20 18:00:00,18,15787.743,5.4,47.944656,34.874553,3.655006,-1.14035,-13.070103000000003,0,78.297195,1.0,47.159504,47.944656,0.0021545475,0
2025-03-20 19:00:00,19,15955.507,5.1,78.297195,37.96174,5.444172,-1.806977,-40.335455,1,79.329603,1.0,49.278946,78.297195,0.007486283,0
2025-03-20 20:00:00,20,16247.916,4.8,79.329603,48.823856,4.996643,-1.96704,-30.505747000000007,1,59.984908,0.0,53.416065,79.329603,0.0044546747,0
2025-03-20 21:00:00,21,15875.134,3.5,59.984908,48.495223,3.394505,-1.079597,-11.489684999999994,0,53.128603,0.0,44.226288,59.984908,0.0037970017,0
2025-03-20 22:00:00,22,15432.254,3.0,53.128603,45.701429,3.236692,-0.728089,-7.427174000000001,0,47.563375,0.0,38.145943,53.128603,0.00078395405,0
2025-03-20 23:00:00,23,14834.435,2.7,47.563375,33.418714,3.275398,-0.532023,-14.144661,0,42.055129,0.0,35.726315,47.563375,0.00060688495,0
2025-03-21 00:00:00,0,14595.462,2.2,42.055129,35.86085,3.896842,-0.701713,-6.194279000000002,0,39.00212,0.0,35.422436,42.055129,0.0012484934,0
2025-03-21 01:00:00,1,14422.415,1.2,39.00212,36.847385,4.037418,-0.545298,-2.154734999999995,0,37.431868,0.0,34.78288,39.00212,0.00036509108,0
2025-03-21 02:00:00,2,14403.548,0.1,37.431868,39.173517,3.96341,-0.431542,1.7416489999999953,0,40.170711,0.0,34.734047,37.431868,0.00034662368,0
2025-03-21 03:00:00,3,14486.172,-0.6,40.170711,31.810567,4.980781,-0.40007,-8.360143999999998,0,38.895301,0.0,34.493187,40.170711,0.00030879994,0
2025-03-21 04:00:00,4,14860.381,-1.3,38.895301,28.749527,6.932457,-0.467156,-10.145774000000003,0,47.320896,0.0,39.058018,38.895301,0.00028831052,0
2025-03-21 05:00:00,5,15635.192,-1.9,47.320896,30.765003,9.719406,-0.67851,-16.555892999999998,0,89.664432,1.0,54.68518,47.320896,0.27202287,0
2025-03-21 06:00:00,6,16671.091,-2.3,89.664432,72.030333,14.416053,-1.381621,-17.634099000000006,1,112.375266,1.0,83.732574,89.664432,0.9680695,1
2025-03-21 07:00:00,7,17460.142,-2.7,112.375266,144.629504,15.619412,-1.724146,32.254238,1,43.495148,0.0,72.13414,112.375266,0.5049068,1
2025-03-21 08:00:00,8,17260.574,-2.3,43.495148,29.214493,2.455965,-0.970817,-14.280655,0,33.890755,0.0,81.69905,43.495148,0.23425081,0
2025-03-21 09:00:00,9,16786.491,-0.7,33.890755,23.785797,0.902909,-0.752154,-10.104958,0,32.780307,0.0,43.64635,33.890755,0.0033908917,0
2025-03-21 10:00:00,10,16309.321,1.5,32.780307,23.557903,1.424735,-0.724428,-9.222404000000001,0,28.82934,0.0,41.159573,32.780307,0.0006183783,0
2025-03-21 11:00:00,11,15911.830999999998,4.2,28.82934,18.131249,1.457303,-0.597963,-10.698090999999998,0,28.285645,0.0,38.222797,28.82934,0.0011462026,0
2025-03-21 12:00:00,12,15432.687,6.4,28.285645,18.339988,1.876079,-0.490434,-9.945656999999997,0,25.127385,0.0,32.93024,28.285645,0.00089964096,0
2025-03-21 13:00:00,13,15116.327,8.0,25.127385,19.10068,1.232041,-0.554656,-6.026705,0,23.361134,0.0,32.340252,25.127385,0.001835549,0
2025-03-21 14:00:00,14,14642.920999999998,9.4,23.361134,14.970004,0.805636,-0.514502,-8.39113,0,23.034856,0.0,27.75845,23.361134,0.00022443541,0
2025-03-21 15:00:00,15,14375.953,10.2,23.034856,8.24179,1.147563,-0.522707,-14.793066000000001,0,23.437983,0.0,27.922253,23.034856,0.00018862922,0
2025-03-21 16:00:00,16,14158.788,10.9,23.437983,13.502617,-0.035545,-0.516472,-9.935365999999998,0,27.85518,0.0,38.109203,23.437983,0.00031716388,0
2025-03-21 17:00:00,17,14182.151000000002,10.9,27.85518,18.164636,0.484519,-0.609339,-9.690544,0,40.717399,0.0,44.183357,27.85518,0.0013585401,0
2025-03-21 18:00:00,18,14361.011,10.4,40.717399,24.370572,-0.028858,-0.703743,-16.346827,0,55.662955,0.0,48.780876,40.717399,0.0018475922,0
2025-03-21 19:00:00,19,14673.131,9.6,55.662955,37.344981,0.250664,-0.667709,-18.317974,0,44.461202,0.0,50.559196,55.662955,0.008526761,0
2025-03-21 20:00:00,20,15020.124,8.4,44.461202,33.25996,0.011952,-0.27075,-11.201242,0,38.896649,0.0,50.273117,44.461202,0.0013460866,0
2025-03-21 21:00:00,21,14836.171,8.0,38.896649,33.62587,0.729848,-0.143199,-5.270778999999997,0,38.327838,0.0,36.473175,38.896649,0.00033327876,0
2025-03-21 22:00:00,22,14440.441,7.6,38.327838,28.625237,0.953757,-0.045919,-9.702601000000001,0,33.054016,0.0,34.666786,38.327838,0.0001930839,0
2025-03-21 23:00:00,23,14022.954000000002,7.2,33.054016,26.831852,1.606215,0.067801,-6.222163999999996,0,32.651963,0.0,35.025566,33.054016,0.00016956411,0
2025-03-22 00:00:00,0,13525.131,7.2,32.651963,29.237243,1.279821,0.112142,-3.4147200000000026,0,32.849248,0.0,32.82856,32.651963,0.00032205373,0
2025-03-22 01:00:00,1,13420.797,7.4,32.849248,33.313789,1.067289,-0.038041,0.464540999999997,0,31.861547,0.0,32.01536,32.849248,0.00026340075,0
2025-03-22 02:00:00,2,13289.573,7.6,31.861547,30.603316,1.783926,0.067621,-1.258231000000002,0,31.498542,0.0,30.021193,31.861547,0.00016380157,0
2025-03-22 03:00:00,3,13468.782,7.9,31.498542,29.620858,0.850326,0.088216,-1.8776840000000021,0,33.446878,0.0,34.209152,31.498542,0.00037958968,0
2025-03-22 04:00:00,4,13505.929,8.5,33.446878,28.67481,1.688298,-0.06142,-4.772067999999997,0,34.450522,0.0,33.320286,33.446878,0.00024358329,0
2025-03-22 05:00:00,5,13673.539,8.6,34.450522,31.028064,1.450001,-0.279479,-3.422457999999999,0,36.444407,0.0,38.586086,34.450522,0.0013309396,0
2025-03-22 06:00:00,6,13950.714,7.3,36.444407,27.747519,0.337832,-0.543425,-8.696887999999998,0,43.847973,0.0,49.842773,36.444407,0.0023906983,0
2025-03-22 07:00:00,7,14408.945,7.0,43.847973,35.666721,-0.229578,-0.892449,-8.181252,0,35.909077,0.0,36.93854,43.847973,0.0004625165,0
2025-03-22 08:00:00,8,14495.77,6.5,35.909077,29.669572,-2.99519,-0.635733,-6.239505000000005,0,29.922793,0.0,34.154915,35.909077,0.001062814,0
2025-03-22 09:00:00,9,14527.847,7.1,29.922793,30.019583,-2.613018,-0.424189,0.09679000000000215,0,32.102563,0.0,31.460262,29.922793,0.00016762446,0
2025-03-22 10:00:00,10,14340.526,8.7,32.102563,24.329751,-2.563818,-0.603619,-7.772812000000002,0,29.115763,0.0,27.72658,32.102563,0.000160636,0
2025-03-22 11:00:00,11,14158.824,9.3,29.115763,40.059518,-2.170944,-0.543293,10.943754999999996,0,26.563502,0.0,28.759436,29.115763,0.00030902345,0
2025-03-22 12:00:00,12,13832.905,10.0,26.563502,22.948838,-1.84516,-0.491338,-3.614664000000001,0,25.145022,0.0,25.846016,26.563502,0.0006258043,0
2025-03-22 13:00:00,13,13588.15,10.1,25.145022,19.528907,-1.306372,-0.418606,-5.616115000000001,0,23.999712,0.0,23.732754,25.145022,0.00058024906,0
2025-03-22 14:00:00,14,13427.726,10.6,23.999712,18.401827,-0.859951,-0.360337,-5.597884999999998,0,23.020557,0.0,23.996136,23.999712,0.0002467332,0
2025-03-22 15:00:00,15,13263.899,10.1,23.020557,18.545783,-0.460105,-0.399338,-4.474774,0,24.332375,0.0,25.056818,23.020557,0.0002687351,0
2025-03-22 16:00:00,16,13328.378,8.9,24.332375,19.243528,0.013203,-0.460828,-5.088846999999998,0,27.392778,0.0,29.094975,24.332375,0.00037837613,0
2025-03-22 17:00:00,17,13357.809,8.8,27.392778,22.71458,1.149399,-0.686621,-4.678197999999998,0,39.121196,0.0,31.778282,27.392778,0.0003759599,0
2025-03-22 18:00:00,18,13472.368,8.4,39.121196,29.126847,2.911681,-1.010485,-9.994348999999996,0,62.973366,0.0,34.956516,39.121196,0.00058260537,0
2025-03-22 19:00:00,19,13819.276,7.8,62.973366,74.482636,2.908029,-1.644663,11.50927,0,56.479049,0.0,35.32154,62.973366,0.0021739802,0
2025-03-22 20:00:00,20,14225.454000000002,6.4,56.479049,43.064086,3.134022,-1.414973,-13.414963,0,40.424953,0.0,38.83512,56.479049,0.00072878,0
2025-03-22 21:00:00,21,14133.222,5.5,40.424953,45.159917,2.997852,-0.932899,4.734963999999998,0,37.2115,0.0,36.316597,40.424953,0.00067310454,0
2025-03-22 22:00:00,22,13857.456,4.4,37.2115,37.637254,3.412377,-0.930877,0.42575399999999775,0,34.894185,0.0,29.877443,37.2115,0.0011035532,0
2025-03-22 23:00:00,23,13577.15,3.5,34.894185,38.558264,3.238986,-0.884801,3.664079000000001,0,31.780715,0.0,29.602291,34.894185,0.0008935078,0
2025-03-23 00:00:00,0,13325.214,2.2,31.780715,32.131905,2.989212,-0.958497,0.35119000000000256,0,32.726844,0.0,30.72819,31.780715,0.001292397,0
2025-03-23 01:00:00,1,13142.181,1.2,32.726844,33.860647,3.419502,-1.002658,1.1338030000000003,0,31.509581,0.0,27.95393,32.726844,0.0044340347,0
2025-03-23 02:00:00,2,13334.624,0.5,31.509581,32.974817,3.650877,-0.841296,1.4652360000000009,0,31.270374,0.0,28.726742,31.509581,0.0044340347,0
2025-03-23 03:00:00,3,13343.806,-0.2,31.270374,32.924536,4.217731,-0.837357,1.654162000000003,0,32.676028,0.0,29.92651,31.270374,0.0044340347,0
2025-03-23 04:00:00,4,13588.526,-0.9,32.676028,34.311033,4.529513,-0.833485,1.6350049999999996,0,34.67987,0.0,32.511864,32.676028,0.0053802356,0
2025-03-23 05:00:00,5,13901.585,-1.4,34.67987,39.890203,4.075003,-0.995133,5.2103329999999985,0,37.572849,0.0,43.950623,34.67987,0.067463264,0
2025-03-23 06:00:00,6,14324.658,-1.5,37.572849,37.367075,3.20778,-1.064931,-0.20577399999999813,0,42.002913,0.0,52.8077,37.572849,0.36426613,0
2025-03-23 07:00:00,7,14863.424,-1.9,42.002913,39.337286,1.775842,-1.342929,-2.6656270000000006,0,30.919946,0.0,33.25421,42.002913,0.018097498,0
2025-03-23 08:00:00,8,15107.701,-1.4,30.919946,34.18315,-0.753428,-0.916626,3.263203999999998,0,25.861216,0.0,30.379416,30.919946,0.0022009662,0
2025-03-23 09:00:00,9,14983.48,-0.9,25.861216,24.047422,-1.074858,-0.633926,-1.813793999999998,0,25.324999,0.0,27.701878,25.861216,0.00062990387,0
2025-03-23 10:00:00,10,14564.602,0.9,25.324999,27.750896,-1.21963,-0.705371,2.4258970000000026,0,25.249741,0.0,25.28401,25.324999,0.00029647307,0
2025-03-23 11:00:00,11,14277.036,3.3,25.249741,32.528011,-0.286115,-0.604144,7.278269999999999,0,25.024351,0.0,24.506968,25.249741,0.00029355133,0
2025-03-23 12:00:00,12,14050.15,5.6,25.024351,29.709216,0.062661,-0.69831,4.684865000000002,0,23.989609,0.0,24.650501,25.024351,0.00043305315,0
2025-03-23 13:00:00,13,14061.409,6.6,23.989609,26.75823,-0.016889,-0.593502,2.7686209999999996,0,23.450928,0.0,23.961987,23.989609,0.0004597113,0
2025-03-23 14:00:00,14,13951.767,6.9,23.450928,26.354321,0.099793,-0.548865,2.9033929999999977,0,23.869093,0.0,23.090784,23.450928,0.0004597113,0
2025-03-23 15:00:00,15,13993.407,7.1,23.869093,29.494654,0.21324,-0.604147,5.625561000000001,0,26.633028,0.0,25.781183,23.869093,0.00051079877,0
2025-03-23 16:00:00,16,14182.702,7.3,26.633028,105.238502,0.178955,-0.745927,78.605474,0,29.610285,0.0,31.114847,26.633028,0.00062883587,0
2025-03-23 17:00:00,17,14514.364,7.1,29.610285,59.080946,-0.723544,-0.796171,29.470660999999996,0,35.511289,0.0,36.156963,29.610285,0.0024439436,0
2025-03-23 18:00:00,18,14588.534,6.9,35.511289,44.864836,-2.026238,-0.652473,9.353546999999999,0,38.283714,0.0,39.123405,35.511289,0.00092926365,0
2025-03-23 19:00:00,19,14837.593,7.6,38.283714,51.633014,-3.507756,-0.73853,13.3493,0,38.679284,0.0,36.967915,38.283714,0.003313967,0
2025-03-23 20:00:00,20,14900.885,8.2,38.679284,45.512469,-2.425745,-0.714971,6.833185,0,33.995627,0.0,35.257782,38.679284,0.00032164162,0
2025-03-23 21:00:00,21,14476.554,6.1,33.995627,53.129701,-1.089591,-0.504782,19.134074,0,30.85993,0.0,31.50356,33.995627,0.00016577555,0
2025-03-23 22:00:00,22,14053.291,6.1,30.85993,34.762448,0.073367,-0.363437,3.9025180000000006,0,30.03049,0.0,28.69873,30.85993,0.0001491462,0
2025-03-23 23:00:00,23,13582.052,6.0,30.03049,27.662679,0.56305,-0.34256,-2.3678109999999997,0,28.672372,0.0,26.907368,30.03049,0.00014871194,0
2025-03-24 00:00:00,0,13217.678,6.1,28.672372,26.252485,1.176209,-0.453837,-2.4198869999999992,0,28.772829,0.0,27.64608,28.672372,0.00041600782,0
2025-03-24 01:00:00,1,13004.047,6.5,28.772829,29.889737,0.916754,-0.573925,1.1169079999999987,0,28.577362,0.0,25.705597,28.772829,0.00039304356,0
2025-03-24 02:00:00,2,12852.184,7.0,28.577362,25.314744,0.88193,-0.524568,-3.262618,0,27.872976,0.0,26.09596,28.577362,0.00039304356,0
2025-03-24 03:00:00,3,12987.573,6.6,27.872976,25.936773,1.647551,-0.654575,-1.9362030000000026,0,27.760985,0.0,28.093164,27.872976,0.00033262392,0
2025-03-24 04:00:00,4,13296.404,5.4,27.760985,26.606559,1.932403,-0.731418,-1.1544260000000008,0,33.774528,0.0,31.537857,27.760985,0.00053653686,0
2025-03-24 05:00:00,5,13947.868,4.1,33.774528,68.953496,2.438847,-1.034319,35.178968000000005,0,37.750855,0.0,47.495377,33.774528,0.004807628,0
2025-03-24 06:00:00,6,15052.524,3.4,37.750855,70.735804,-4.959957,-1.549188,32.984949,0,49.412939,0.0,58.55095,37.750855,0.011350338,0
2025-03-24 07:00:00,7,15800.978,3.0,49.412939,94.425515,-4.411417,-1.845644,45.012576,0,41.276201,0.0,38.357872,49.412939,0.0032470652,0
2025-03-24 08:00:00,8,15923.583,2.6,41.276201,39.650406,-5.843046,-1.290753,-1.6257950000000037,0,36.735803,0.0,33.26582,41.276201,0.0009242258,0
2025-03-24 09:00:00,9,15959.612,4.5,36.735803,36.946469,-9.234108,-1.130089,0.21066600000000335,0,36.871983,0.0,32.59654,36.735803,0.00027488414,0
2025-03-24 10:00:00,10,15923.68,6.0,36.871983,68.576683,-8.572219,-1.025798,31.704700000000003,0,33.717906,0.0,33.01296,36.871983,0.00023858152,0
2025-03-24 11:00:00,11,15788.521,8.3,33.717906,60.986768,-8.392913,-0.809181,27.268862,0,33.921906,0.0,33.442436,33.717906,0.00030066678,0
2025-03-24 12:00:00,12,15576.242000000002,9.7,33.921906,50.013416,-4.451875,-0.826219,16.09151,0,31.824802,0.0,30.552858,33.921906,0.0002362892,0
2025-03-24 13:00:00,13,15339.549,10.6,31.824802,45.267851,-1.59762,-0.817578,13.443049000000002,0,27.830107,0.0,31.945356,31.824802,0.0002362892,0
2025-03-24 14:00:00,14,15014.032,11.1,27.830107,40.87414,-2.866441,-0.783452,13.044032999999995,0,25.484897,0.0,28.822536,27.830107,0.0002029411,0
2025-03-24 15:00:00,15,14758.447,12.0,25.484897,32.296257,-3.769244,-0.715859,6.811359999999997,0,25.815211,0.0,30.04217,25.484897,0.00042690337,0
2025-03-24 16:00:00,16,14608.472,11.1,25.815211,25.683837,-2.29627,-0.818519,-0.131374000000001,0,27.782307,0.0,33.15048,25.815211,0.00031902865,0
2025-03-24 17:00:00,17,14545.141,10.6,27.782307,28.722142,-2.340184,-0.957509,0.9398350000000022,0,32.845179,0.0,33.51955,27.782307,0.00029978435,0
2025-03-24 18:00:00,18,14614.898,10.2,32.845179,31.636212,-1.099487,-1.245334,-1.2089670000000012,0,54.041816,0.0,35.69206,32.845179,0.00042577618,0
2025-03-24 19:00:00,19,14968.437,9.6,54.041816,66.006746,-1.836535,-2.141649,11.96493000000001,0,59.493055,0.0,36.53656,54.041816,0.00031447512,0
2025-03-24 20:00:00,20,15377.646,8.0,59.493055,69.82708,-0.112205,-2.05474,10.334024999999997,0,46.482787,0.0,39.54821,59.493055,0.00014999065,0
2025-03-24 21:00:00,21,15161.511,7.2,46.482787,64.716051,2.033281,-1.530494,18.23326399999999,0,36.59414,0.0,36.043015,46.482787,0.0004330484,0
2025-03-24 22:00:00,22,14574.097,6.6,36.59414,62.861912,1.444728,-1.180588,26.267771999999994,0,34.49841,0.0,32.45808,36.59414,0.0002325522,0
2025-03-24 23:00:00,23,14010.306,5.7,34.49841,29.561513,0.748731,-0.980321,-4.936896999999998,0,34.429287,0.0,29.691292,34.49841,0.000115257586,0
2025-03-25 00:00:00,0,13632.434,5.0,34.429287,33.005684,1.234547,-0.97526,-1.423603,0,35.998685,0.0,31.956057,34.429287,0.00020512148,0
2025-03-25 01:00:00,1,13598.863,4.9,35.998685,36.653088,1.230384,-0.921699,0.654402999999995,0,34.615315,0.0,31.17355,35.998685,0.00020512148,0
2025-03-25 02:00:00,2,13529.241,4.3,34.615315,32.987948,1.236083,-0.810768,-1.6273669999999996,0,36.77938,0.0,33.354122,34.615315,0.00024189564,0
2025-03-25 03:00:00,3,13666.628,4.0,36.77938,32.634682,1.398835,-0.919455,-4.144698000000005,0,36.629963,0.0,34.251896,36.77938,0.00019834262,0
2025-03-25 04:00:00,4,13984.71,3.5,36.629963,29.782899,1.733148,-0.873185,-6.847063999999996,0,43.470562,0.0,40.249958,36.629963,0.00034379965,0
2025-03-25 05:00:00,5,14638.037,3.0,43.470562,34.578459,3.13156,-1.090998,-8.892102999999999,0,71.347223,1.0,50.550694,43.470562,0.0036509184,0
2025-03-25 06:00:00,6,15710.092,2.5,71.347223,45.892823,2.846172,-2.668949,-25.4544,1,86.187953,1.0,69.23824,71.347223,0.42117867,0
2025-03-25 07:00:00,7,16317.365,1.5,86.187953,48.822436,4.794463,-4.08651,-37.36551699999999,1,48.284107,0.0,43.882744,86.187953,0.032205537,0
2025-03-25 08:00:00,8,16356.008000000002,1.8,48.284107,39.44364,1.716915,-2.322808,-8.840466999999997,0,39.471611,0.0,39.955616,48.284107,0.04178731,0
2025-03-25 09:00:00,9,15997.697,3.6,39.471611,32.045785,0.648145,-2.096534,-7.425826000000001,0,39.387677,0.0,37.74702,39.471611,0.00361618,0
2025-03-25 10:00:00,10,15567.037,5.3,39.387677,28.442897,1.744834,-2.137157,-10.944779999999998,0,37.839527,0.0,35.528015,39.387677,0.00045931074,0
2025-03-25 11:00:00,11,15257.153,6.8,37.839527,50.542259,0.963649,-2.144122,12.702732000000005,0,36.338336,0.0,34.426178,37.839527,0.00072852586,0
2025-03-25 12:00:00,12,15080.616,8.1,36.338336,24.207791,1.112964,-1.954628,-12.130544999999998,0,34.898625,0.0,33.347443,36.338336,0.0005529241,0
2025-03-25 13:00:00,13,14892.297,9.4,34.898625,24.311615,1.097659,-1.889034,-10.587010000000003,0,34.701102,0.0,32.14699,34.898625,0.0004474903,0
2025-03-25 14:00:00,14,14656.174,10.1,34.701102,23.452085,1.227034,-1.835932,-11.249016999999998,0,34.770796,0.0,31.533756,34.701102,0.00050308014,0
2025-03-25 15:00:00,15,14554.185,11.1,34.770796,26.143279,1.754125,-1.683329,-8.627516999999997,0,36.363222,0.0,37.307552,34.770796,0.0005126682,0
2025-03-25 16:00:00,16,14652.285,10.6,36.363222,37.30958,2.440813,-1.737591,0.9463579999999965,0,38.362439,0.0,42.559273,36.363222,0.0018650078,0
2025-03-25 17:00:00,17,14812.417,9.9,38.362439,31.553366,0.844041,-1.891602,-6.8090730000000015,0,49.173503,0.0,43.3681,38.362439,0.0013772551,0
2025-03-25 18:00:00,18,14946.89,8.4,49.173503,40.310054,3.39248,-2.338977,-8.863448999999996,0,69.797762,0.0,45.849445,49.173503,0.00072562677,0
2025-03-25 19:00:00,19,15169.325,7.4,69.797762,55.667699,3.916235,-2.868473,-14.130063000000007,0,71.083252,1.0,45.87954,69.797762,0.0073739225,0
2025-03-25 20:00:00,20,15570.039,6.9,71.083252,71.183801,4.297202,-2.99395,0.10054900000000089,1,56.965795,0.0,48.991917,71.083252,0.0008751553,0
2025-03-25 21:00:00,21,15373.149,5.8,56.965795,51.229432,3.097071,-1.341276,-5.736362999999997,0,46.858138,0.0,44.727165,56.965795,0.00088060333,0
2025-03-25 22:00:00,22,14907.209,5.5,46.858138,68.019521,2.477437,-0.899299,21.161383,0,39.331128,0.0,37.862198,46.858138,0.00046787874,0
2025-03-25 23:00:00,23,14414.522,4.3,39.331128,55.691056,1.357936,-0.876808,16.359928000000004,0,39.447191,0.0,37.118076,39.331128,0.00022894656,0
2025-03-26 00:00:00,0,14149.105,3.2,39.447191,38.020244,1.069874,-0.622683,-1.4269469999999984,0,38.080175,0.0,35.60816,39.447191,0.00036237665,0
2025-03-26 01:00:00,1,14001.037,2.0,38.080175,33.637233,1.331716,-0.571541,-4.442941999999995,0,37.944855,0.0,37.18943,38.080175,0.00039777413,0
2025-03-26 02:00:00,2,14093.522,1.0,37.944855,33.186822,1.939364,-0.504509,-4.7580329999999975,0,37.481379,0.0,37.261818,37.944855,0.00036237665,0
2025-03-26 03:00:00,3,14187.937,0.4,37.481379,34.421411,2.12976,-0.498381,-3.059967999999998,0,40.581003,0.0,38.61475,37.481379,0.0005809565,0
2025-03-26 04:00:00,4,14591.268,-0.2,40.581003,30.129449,3.018738,-0.547735,-10.451554000000002,0,48.635916,0.0,42.24451,40.581003,0.0007752085,0
2025-03-26 05:00:00,5,15301.245,-1.0,48.635916,33.277154,4.064083,-1.028167,-15.358761999999999,0,73.825472,1.0,55.79108,48.635916,0.24856731,0
2025-03-26 06:00:00,6,16445.979,-1.6,73.825472,52.479222,4.996624,-1.981152,-21.346250000000005,1,88.685425,1.0,95.18717,73.825472,0.97574264,1
2025-03-26 07:00:00,7,17078.791,-2.0,88.685425,63.309476,2.02393,-3.088505,-25.375949,1,44.943312,0.0,54.711636,88.685425,0.15713023,0
2025-03-26 08:00:00,8,16905.465,-1.5,44.943312,33.374716,-1.381563,-1.535125,-11.568596,0,34.830455,0.0,44.318436,44.943312,0.05512893,0
2025-03-26 09:00:00,9,16313.181,0.5,34.830455,26.238752,-1.156661,-0.962884,-8.591702999999999,0,34.349368,0.0,41.69442,34.830455,0.003095324,0
2025-03-26 10:00:00,10,15732.865,3.0,34.349368,30.081749,-1.166331,-0.894301,-4.267619,0,33.626414,0.0,37.248947,34.349368,0.00092189555,0
2025-03-26 11:00:00,11,15358.763,5.6,33.626414,28.992582,-1.132276,-0.83131,-4.633831999999998,0,33.33519,0.0,33.582405,33.626414,0.00036105115,0
2025-03-26 12:00:00,12,14994.782,7.2,33.33519,28.150116,-0.270482,-0.284328,-5.185073999999997,0,31.307951,0.0,31.893805,33.33519,0.0003555947,0
2025-03-26 13:00:00,13,14965.167,8.7,31.307951,25.353537,-0.359223,-0.402826,-5.954414,0,30.927832,0.0,31.476664,31.307951,0.00040105052,0
2025-03-26 14:00:00,14,14675.217,9.2,30.927832,25.548295,0.026098,-0.798266,-5.379536999999999,0,30.169994,0.0,30.399578,30.927832,0.00033459358,0
2025-03-26 15:00:00,15,14515.121,9.5,30.169994,25.919932,0.166199,-0.996205,-4.250062,0,30.997368,0.0,33.81007,30.169994,0.00050272857,0
2025-03-26 16:00:00,16,14586.806,9.9,30.997368,27.830541,0.251283,-1.113915,-3.1668270000000014,0,32.559745,0.0,42.79858,30.997368,0.0011825304,0
2025-03-26 17:00:00,17,14629.987,9.6,32.559745,32.334077,0.791312,-1.311567,-0.22566799999999887,0,48.788195,0.0,44.630684,32.559745,0.0008895442,0
2025-03-26 18:00:00,18,14855.255,8.9,48.788195,39.394845,0.999922,-2.111727,-9.393350000000005,0,84.867381,1.0,45.51775,48.788195,0.0014628606,0
2025-03-26 19:00:00,19,15263.946,8.1,84.867381,58.218468,2.699785,-3.602404,-26.648912999999993,1,71.005396,1.0,47.27096,84.867381,0.007368713,0
2025-03-26 20:00:00,20,15772.229,6.0,71.005396,71.38648,2.602663,-2.667267,0.3810840000000013,1,59.0021,0.0,54.869247,71.005396,0.017720232,0
2025-03-26 21:00:00,21,15549.182,5.2,59.0021,57.106271,2.985112,-1.543012,-1.895828999999999,0,52.404603,0.0,45.98607,59.0021,0.0009569556,0
2025-03-26 22:00:00,22,15129.383,4.9,52.404603,52.22947,2.044057,-0.859454,-0.17513300000000243,0,47.772017,0.0,42.576794,52.404603,0.000874087,0
2025-03-26 23:00:00,23,14650.344,4.3,47.772017,47.988927,2.964283,-0.792266,0.2169099999999986,0,40.588007,0.0,40.82215,47.772017,0.00042797645,0
2025-03-27 00:00:00,0,14486.381,3.5,40.588007,54.100881,0.370772,-0.362765,13.512874000000004,0,40.35385,0.0,42.74387,40.588007,0.003653832,0
2025-03-27 01:00:00,1,14333.830000000002,3.5,40.35385,35.425609,0.313224,-0.439374,-4.928241,0,39.926584,0.0,36.21378,40.35385,0.00046761322,0
2025-03-27 02:00:00,2,14393.883,2.8,39.926584,37.873952,0.486497,-0.329913,-2.0526319999999956,0,39.395846,0.0,37.269363,39.926584,0.00045523868,0
2025-03-27 03:00:00,3,14457.581,2.8,39.395846,54.630866,0.504374,-0.358528,15.235019999999999,0,39.289968,0.0,37.21768,39.395846,0.00045523868,0
2025-03-27 04:00:00,4,14903.824,2.4,39.289968,39.583402,0.841977,-0.252009,0.29343399999999775,0,45.81858,0.0,41.200512,39.289968,0.001084292,0
2025-03-27 05:00:00,5,15607.135,2.5,45.81858,37.396497,-2.060135,-0.801285,-8.422083,0,89.490896,1.0,53.456837,45.81858,0.071357384,0
2025-03-27 06:00:00,6,16695.114,1.1,89.490896,51.447907,-7.669527,-3.119577,-38.042989000000006,1,115.901248,1.0,86.83937,89.490896,0.7866733,1
2025-03-27 07:00:00,7,17278.354,0.4,115.901248,54.322298,-7.720442,-3.81831,-61.57894999999999,1,49.996689,0.0,68.50088,115.901248,0.24997565,0
2025-03-27 08:00:00,8,17020.607,0.9,49.996689,31.905612,-0.332397,-1.040914,-18.091077000000002,0,36.016831,0.0,83.51056,49.996689,0.2759946,0
2025-03-27 09:00:00,9,16184.621,3.2,36.016831,19.609986,-0.650625,-0.592544,-16.406845000000004,0,33.405474,0.0,38.515934,36.016831,0.0027985347,0
2025-03-27 10:00:00,10,15516.952,6.1,33.405474,23.148075,-1.223592,-0.570934,-10.257399,0,32.768872,0.0,39.40425,33.405474,0.000553257,0
2025-03-27 11:00:00,11,15058.607,9.2,32.768872,24.807193,-1.627573,-0.453555,-7.961679,0,31.231878,0.0,32.341564,32.768872,0.00048974203,0
2025-03-27 12:00:00,12,14807.046,11.6,31.231878,25.999577,-1.108102,-0.51002,-5.232301,0,30.185346,0.0,31.55842,31.231878,0.0005247379,0
2025-03-27 13:00:00,13,14531.424,13.2,30.185346,25.133561,-1.075441,-0.539213,-5.051784999999999,0,28.31559,0.0,30.494055,30.185346,0.0006244135,0
2025-03-27 14:00:00,14,14339.828,14.1,28.31559,22.563309,-1.05014,-0.46427,-5.752281,0,27.558051,0.0,29.639256,28.31559,0.00072393485,0
2025-03-27 15:00:00,15,14071.076,14.9,27.558051,22.148526,-1.146462,-0.525487,-5.409524999999999,0,29.744298,0.0,31.73016,27.558051,0.0015299874,0
2025-03-27 16:00:00,16,13960.465,15.1,29.744298,25.07797,-0.747722,-0.53798,-4.666328,0,32.04137,0.0,36.40206,29.744298,0.0030370555,0
2025-03-27 17:00:00,17,14090.879,14.8,32.04137,43.698758,-0.592817,-0.515813,11.657387999999997,0,43.787923,0.0,40.328014,32.04137,0.0027392244,0
2025-03-27 18:00:00,18,14215.483,14.1,43.787923,42.374403,0.582456,-1.274533,-1.4135199999999983,0,61.551986,0.0,49.37584,43.787923,0.0053282566,0
2025-03-27 19:00:00,19,14660.443,12.6,61.551986,50.275942,-0.634025,-2.153989,-11.276043999999999,0,50.891763,0.0,48.687622,61.551986,0.02565174,0
2025-03-27 20:00:00,20,14890.68,10.5,50.891763,49.241085,-0.512632,-1.545605,-1.6506779999999992,0,40.270272,0.0,48.590164,50.891763,0.0012872614,0
2025-03-27 21:00:00,21,14550.238,9.9,40.270272,49.032394,0.214375,-0.914103,8.762121999999998,0,35.471378,0.0,39.110954,40.270272,0.00077722006,0
2025-03-27 22:00:00,22,14060.058,9.9,35.471378,51.351927,0.61799,-0.706612,15.880549000000002,0,32.613713,0.0,38.691647,35.471378,0.00041145724,0
2025-03-27 23:00:00,23,13398.998,9.4,32.613713,36.619098,0.575525,-0.701812,4.005385000000004,0,30.213287,0.0,36.753757,32.613713,0.0003742645,0
2025-03-28 00:00:00,0,13040.232,9.1,30.213287,29.050152,0.482917,-0.45963,-1.1631350000000005,0,31.085472,0.0,32.811035,30.213287,0.0005048523,0
2025-03-28 01:00:00,1,12792.417,8.6,31.085472,68.074147,0.69473,-0.479258,36.988675,0,29.573825,0.0,30.405796,31.085472,0.00047113374,0
2025-03-28 02:00:00,2,12726.91,8.4,29.573825,29.563044,0.619763,-0.445938,-0.010780999999997931,0,28.587606,0.0,31.214533,29.573825,0.00044299377,0
2025-03-28 03:00:00,3,12714.613,7.8,28.587606,36.114761,0.366595,-0.508989,7.5271550000000005,0,29.576561,0.0,35.09916,28.587606,0.00040432013,0
2025-03-28 04:00:00,4,12860.717,7.2,29.576561,25.202737,0.252939,-0.516378,-4.373824000000003,0,32.992325,0.0,33.940807,29.576561,0.0005040642,0
2025-03-28 05:00:00,5,13396.1,7.7,32.992325,82.068197,-0.630128,-0.837547,49.075872,0,44.963137,0.0,46.05948,32.992325,0.0031950925,0
2025-03-28 06:00:00,6,14435.77,8.1,44.963137,46.814091,-3.385734,-1.821129,1.8509539999999944,0,56.684174,0.0,57.07226,44.963137,0.007385858,0
2025-03-28 07:00:00,7,15081.132,8.0,56.684174,37.037052,-4.919062,-2.406764,-19.647121999999996,0,43.187308,0.0,44.622066,56.684174,0.0022756206,0
2025-03-28 08:00:00,8,15218.178,8.1,43.187308,49.105342,-2.782205,-0.910487,5.918033999999999,0,38.924127,0.0,37.65018,43.187308,0.005869477,0
2025-03-28 09:00:00,9,15148.845,10.0,38.924127,34.00892,-2.469393,-0.88648,-4.915206999999995,0,34.252461,0.0,34.500355,38.924127,0.0004891141,0
2025-03-28 10:00:00,10,15073.739,11.3,34.252461,35.195594,-2.990493,-0.637046,0.9431330000000031,0,33.741471,0.0,34.353878,34.252461,0.00020838875,0
2025-03-28 11:00:00,11,14849.739,10.7,33.741471,29.419914,-2.807488,-0.511041,-4.3215569999999985,0,30.052192,0.0,30.6055,33.741471,0.000175219,0
2025-03-28 12:00:00,12,14616.841,13.6,30.052192,21.89838,-2.811602,-0.366206,-8.153812000000002,0,30.503661,0.0,30.366516,30.052192,0.00019515428,0
2025-03-28 13:00:00,13,14443.47,16.9,30.503661,22.85881,-2.108982,-0.307357,-7.644851000000003,0,27.874671,0.0,27.993382,30.503661,0.0003031774,0
2025-03-28 14:00:00,14,14098.531,19.2,27.874671,57.104228,-1.903528,-0.241801,29.229557,0,27.46514,0.0,29.867214,27.874671,0.00037139782,0
2025-03-28 15:00:00,15,13938.946,23.2,27.46514,27.287826,-2.195268,-0.279592,-0.17731400000000264,0,27.064763,0.0,32.751698,27.46514,0.0005401328,0
2025-03-28 16:00:00,16,14005.647,23.7,27.064763,20.335409,-1.60288,-0.342357,-6.729354000000001,0,27.879442,0.0,36.700764,27.064763,0.0010137922,0
2025-03-28 17:00:00,17,13968.08,23.1,27.879442,45.376576,-1.401054,-0.449504,17.497134,0,31.348668,0.0,37.945225,27.879442,0.000782963,0
2025-03-28 18:00:00,18,13919.075,22.5,31.348668,109.704983,-1.282624,-0.608708,78.356315,0,36.875446,0.0,39.465096,31.348668,0.0006669584,0
2025-03-28 19:00:00,19,13846.672,21.4,36.875446,47.590264,-0.901824,-0.87273,10.714818000000001,0,35.282219,0.0,35.58731,36.875446,0.0014884383,0
2025-03-28 20:00:00,20,14066.237,19.8,35.282219,32.070203,-0.248564,-0.749217,-3.2120159999999984,0,32.529192,0.0,32.766087,35.282219,0.0001219688,0
2025-03-28 21:00:00,21,13851.539,19.7,32.529192,31.383677,0.622395,-0.583203,-1.1455150000000032,0,28.738717,0.0,29.671083,32.529192,8.583834e-05,0
2025-03-28 22:00:00,22,13371.424,18.2,28.738717,29.262187,0.466709,-0.407992,0.5234699999999997,0,25.904707,0.0,25.515707,28.738717,4.6585417e-05,0
2025-03-28 23:00:00,23,12776.686000000002,18.2,25.904707,26.958542,0.714052,-0.409345,1.053835000000003,0,27.669353,0.0,23.239525,25.904707,5.032965e-05,0
2025-03-29 00:00:00,0,12187.759999999998,17.9,27.669353,48.260729,0.217678,-0.678325,20.591375999999997,0,26.895242,0.0,21.232775,27.669353,5.8978625e-05,0
2025-03-29 01:00:00,1,11724.066,17.4,26.895242,21.673843,0.781731,-0.656489,-5.221398999999998,0,25.396969,0.0,21.962736,26.895242,0.00010407221,0
2025-03-29 02:00:00,2,11616.574,17.0,25.396969,30.702987,1.29798,-0.621011,5.306018000000002,0,25.035876,0.0,20.88812,25.396969,0.00010656423,0
2025-03-29 03:00:00,3,11518.57,17.1,25.035876,23.491215,1.277686,-0.65181,-1.5446609999999978,0,25.245431,0.0,22.590725,25.035876,6.3457526e-05,0
2025-03-29 04:00:00,4,11530.721,17.2,25.245431,24.104614,1.23234,-0.736909,-1.1408169999999984,0,26.558531,0.0,25.28736,25.245431,7.059025e-05,0
2025-03-29 05:00:00,5,11732.366999999998,17.2,26.558531,27.776424,1.121706,-0.833175,1.2178930000000001,0,29.407335,0.0,31.05598,26.558531,0.00014995718,0
2025-03-29 06:00:00,6,11978.371,17.1,29.407335,40.639882,0.764999,-0.967664,11.232547,0,32.014828,0.0,34.53591,29.407335,0.0005809845,0
2025-03-29 07:00:00,7,12226.789,16.6,32.014828,31.381183,0.052208,-0.91738,-0.6336450000000013,0,30.939811,0.0,30.552277,32.014828,0.0011265336,0
2025-03-29 08:00:00,8,12669.009,16.2,30.939811,38.914333,-0.922526,-0.887663,7.974522,0,30.152891,0.0,27.700834,30.939811,0.0002775971,0
2025-03-29 09:00:00,9,12985.919,17.8,30.152891,29.140585,-1.301533,-0.815576,-1.0123059999999988,0,29.982635,0.0,29.694605,30.152891,0.00019987297,0
2025-03-29 10:00:00,10,13156.949,18.4,29.982635,28.022777,-1.2589,-0.808465,-1.959857999999997,0,28.307882,0.0,29.195831,29.982635,0.00014936182,0
2025-03-29 11:00:00,11,13153.532,19.1,28.307882,27.642153,-1.585893,-0.766225,-0.6657289999999989,0,28.159288,0.0,29.842226,28.307882,0.0002603857,0
2025-03-29 12:00:00,12,13141.714,20.3,28.159288,21.748562,-1.255057,-0.755655,-6.410726,0,28.903732,0.0,28.711231,28.159288,0.00030255457,0
2025-03-29 13:00:00,13,13087.41,21.0,28.903732,34.64906,-1.469558,-0.77671,5.745327999999997,0,30.227221,0.0,28.197142,28.903732,0.00028958326,0
2025-03-29 14:00:00,14,13154.226,22.4,30.227221,32.35132,-2.049641,-0.863138,2.124099000000001,0,29.953961,0.0,30.351263,30.227221,0.0001514466,0
2025-03-29 15:00:00,15,13241.275,22.5,29.953961,35.649438,-3.385189,-1.03085,5.695477000000004,0,33.132341,0.0,34.813656,29.953961,0.0005029953,0
2025-03-29 16:00:00,16,13244.122,22.4,33.132341,39.090583,-4.247368,-1.270291,5.958242000000006,0,36.07481,0.0,37.894794,33.132341,0.0009935091,0
2025-03-29 17:00:00,17,13396.445,22.5,36.07481,39.364866,-5.281299,-1.343891,3.290056,0,41.413149,0.0,43.833412,36.07481,0.0008758707,0
2025-03-29 18:00:00,18,13334.813999999998,21.7,41.413149,35.255269,-5.755755,-1.221096,-6.157879999999999,0,53.811635,0.0,44.44091,41.413149,0.00043112304,0
2025-03-29 19:00:00,19,13408.208,20.5,53.811635,43.666848,-4.963052,-1.355313,-10.144787,0,48.994751,0.0,44.625805,53.811635,0.0005125991,0
2025-03-29 20:00:00,20,13597.339,18.8,48.994751,61.939416,-4.114762,-1.090487,12.944665,0,37.297523,0.0,38.523575,48.994751,0.00018330678,0
2025-03-29 21:00:00,21,13247.911,19.4,37.297523,29.849577,-1.567354,-0.605123,-7.447945999999998,0,32.109243,0.0,31.860785,37.297523,0.00013971626,0
2025-03-29 22:00:00,22,12749.371,18.5,32.109243,40.517219,-0.709317,-0.66144,8.407975999999998,0,31.74017,0.0,27.269442,32.109243,9.386764e-05,0
2025-03-29 23:00:00,23,12139.313999999998,18.0,31.74017,25.038851,-0.2316,-0.69823,-6.701318999999998,0,29.556712,0.0,25.026651,31.74017,7.062526e-05,0
2025-03-30 00:00:00,0,11589.001,17.0,29.556712,13.514029,-1.118989,-0.994299,-16.042683,0,27.736975,0.0,25.999798,29.556712,0.00012153215,0
2025-03-30 01:00:00,1,11370.162,16.7,27.736975,25.601482,-0.786329,-0.796696,-2.1354930000000003,0,23.660185,0.0,24.440226,27.736975,0.00012843784,0
2025-03-30 02:00:00,2,11073.733,15.8,23.660185,20.972992,-0.182254,-0.627561,-2.687192999999997,0,23.656876,0.0,22.281174,23.660185,0.00012746762,0
2025-03-30 03:00:00,3,11049.608,14.5,23.656876,23.825774,0.046457,-0.549581,0.16889799999999866,0,22.914073,0.0,21.976444,23.656876,6.688489e-05,0
2025-03-30 04:00:00,4,11038.763,13.8,22.914073,20.68599,0.366406,-0.502333,-2.228082999999998,0,24.177048,0.0,25.234303,22.914073,8.163702e-05,0
2025-03-30 05:00:00,5,11051.369,14.1,24.177048,27.482807,0.201456,-0.524408,3.305759000000002,0,26.459854,0.0,30.13406,24.177048,0.00020142068,0
2025-03-30 06:00:00,6,11377.741,14.4,26.459854,20.6403,-0.551898,-0.608248,-5.819554,0,26.273397,0.0,32.254803,26.459854,0.00026388487,0
2025-03-30 07:00:00,7,11813.075,14.6,26.273397,25.709845,-0.544113,-0.60249,-0.5635519999999978,0,27.925715,0.0,30.057714,26.273397,0.00034967685,0
2025-03-30 08:00:00,8,12212.234,14.9,27.925715,35.757689,-1.251875,-0.72241,7.831973999999999,0,29.312082,0.0,26.090206,27.925715,0.00025632296,0
2025-03-30 09:00:00,9,12621.101,15.6,29.312082,30.096612,-1.726635,-0.781283,0.7845300000000002,0,31.149563,0.0,26.803082,29.312082,0.00023279423,0
2025-03-30 10:00:00,10,12780.672,15.3,31.149563,25.93677,-2.37161,-0.768827,-5.212793000000001,0,29.351199,0.0,28.220718,31.149563,0.00018903542,0
2025-03-30 11:00:00,11,12997.552,15.6,29.351199,28.281473,-2.533729,-0.755072,-1.0697260000000028,0,28.574788,0.0,28.65507,29.351199,0.0003938552,0
2025-03-30 12:00:00,12,13102.882,16.8,28.574788,25.442156,-2.681564,-0.763648,-3.132632000000001,0,27.978532,0.0,27.982616,28.574788,0.00036818752,0
2025-03-30 13:00:00,13,13184.209,19.9,27.978532,21.392029,-2.919335,-0.772133,-6.586503,0,27.845084,0.0,28.41406,27.978532,0.00037810585,0
2025-03-30 14:00:00,14,13167.456,20.6,27.845084,25.537187,-3.728149,-0.926767,-2.3078970000000005,0,28.795077,0.0,29.36348,27.845084,0.00037810585,0
2025-03-30 15:00:00,15,13297.455999999998,22.1,28.795077,31.997354,-4.651896,-1.163027,3.2022770000000023,0,30.998704,0.0,31.586294,28.795077,0.00058235915,0
2025-03-30 16:00:00,16,13494.718,22.5,30.998704,32.450767,-5.681242,-1.310054,1.452062999999999,0,32.965173,0.0,39.795273,30.998704,0.001357351,0
2025-03-30 17:00:00,17,13524.268,23.1,32.965173,29.797645,-6.629458,-1.495369,-3.167528000000001,0,34.869286,0.0,44.782005,32.965173,0.00150975,0
2025-03-30 18:00:00,18,13628.064,21.9,34.869286,38.559825,-6.083851,-1.586863,3.690538999999994,0,43.809223,0.0,46.06553,34.869286,0.0018885831,0
2025-03-30 19:00:00,19,13766.476,21.0,43.809223,42.395227,-5.892053,-1.648724,-1.4139960000000045,0,41.582737,0.0,43.190094,43.809223,0.008626168,0
2025-03-30 20:00:00,20,14017.73,17.6,41.582737,42.683195,-4.275814,-1.421449,1.1004579999999962,0,33.955995,0.0,40.141926,41.582737,0.0006181258,0
2025-03-30 21:00:00,21,13753.921,17.0,33.955995,33.124921,-2.210068,-0.963937,-0.831074000000001,0,31.220808,0.0,30.983238,33.955995,0.0001038766,0
2025-03-30 22:00:00,22,13131.169,16.6,31.220808,32.871954,-0.637283,-0.931909,1.6511460000000007,0,27.788912,0.0,26.021532,31.220808,0.000108994565,0
2025-03-30 23:00:00,23,12465.578,16.2,27.788912,19.494661,-0.63552,-0.695568,-8.294251,0,26.651618,0.0,24.095396,27.788912,8.884542e-05,0
2025-03-31 00:00:00,0,12070.727,15.9,26.651618,24.111359,-0.447087,-0.801295,-2.540258999999999,0,26.839898,0.0,22.647898,26.651618,0.00019062006,0
2025-03-31 01:00:00,1,11847.085,15.8,26.839898,19.846686,0.286481,-0.666583,-6.993212000000003,0,23.773758,0.0,21.957148,26.839898,0.00019062006,0
2025-03-31 02:00:00,2,11738.686,14.8,23.773758,20.887013,1.077343,-0.503585,-2.8867450000000012,0,23.820945,0.0,21.063416,23.773758,0.00017702545,0
2025-03-31 03:00:00,3,11652.611,14.4,23.820945,19.341498,0.701514,-0.450569,-4.479446999999997,0,27.566699,0.0,22.009771,23.820945,7.900406e-05,0
2025-03-31 04:00:00,4,11768.428,14.1,27.566699,21.403136,0.603816,-0.477117,-6.163563,0,30.392147,0.0,29.208803,27.566699,7.900406e-05,0
2025-03-31 05:00:00,5,12471.170999999998,13.8,30.392147,20.81233,0.836686,-0.594539,-9.579817000000002,0,36.249631,0.0,43.99892,30.392147,0.0006701752,0
2025-03-31 06:00:00,6,13360.55,13.6,36.249631,29.943613,0.46307,-0.723439,-6.306018000000002,0,39.771185,0.0,51.82641,36.249631,0.0031678907,0
2025-03-31 07:00:00,7,14078.294,14.0,39.771185,31.672492,0.017982,-0.906797,-8.098693000000004,0,39.57019,0.0,37.17858,39.771185,0.00048461324,0
2025-03-31 08:00:00,8,14383.631,14.2,39.57019,35.574476,-0.902176,-1.117634,-3.9957139999999995,0,39.876033,0.0,33.833645,39.57019,0.00048181735,0
2025-03-31 09:00:00,9,14452.517,10.4,39.876033,27.542062,-1.546535,-1.217432,-12.333970999999998,0,43.223374,0.0,34.37309,39.876033,0.00033980713,0
2025-03-31 10:00:00,10,14566.446,9.3,43.223374,26.854861,-1.600324,-1.346302,-16.368513,0,44.472856,0.0,35.204052,43.223374,0.00037896907,0
2025-03-31 11:00:00,11,14682.623,8.6,44.472856,37.779615,-1.242937,-1.524207,-6.693241,0,43.377563,0.0,35.83159,44.472856,0.0015503392,0
2025-03-31 12:00:00,12,14668.114,8.9,43.377563,34.825515,-1.998178,-1.444259,-8.552048,0,44.10931,0.0,35.971985,43.377563,0.0014844276,0
2025-03-31 13:00:00,13,14864.245,11.1,44.10931,39.420148,-2.720203,-1.570487,-4.689162000000003,0,41.198243,0.0,36.050835,44.10931,0.0013813383,0
2025-03-31 14:00:00,14,14716.232,11.5,41.198243,32.93757,-3.592385,-1.579372,-8.260672999999997,0,39.069812,0.0,36.799263,41.198243,0.0019003195,0
2025-03-31 15:00:00,15,14804.551,12.1,39.069812,41.085738,-4.764522,-1.585666,2.0159260000000003,0,40.286112,0.0,40.724613,39.069812,0.0009914973,0
2025-03-31 16:00:00,16,14817.918,10.9,40.286112,47.967907,-3.909626,-1.504262,7.681794999999994,0,41.663909,0.0,46.833416,40.286112,0.0022681863,0
2025-03-31 17:00:00,17,15024.172,9.6,41.663909,57.3755,-2.820124,-1.535967,15.711591000000006,0,43.534276,0.0,47.01385,41.663909,0.0017553278,0
2025-03-31 18:00:00,18,15006.251,8.6,43.534276,69.156995,-1.70944,-1.496284,25.622718999999996,0,61.396706,0.0,43.691223,43.534276,0.00050955266,0
2025-03-31 19:00:00,19,15049.691,7.6,61.396706,117.907412,0.23746,-2.110754,56.51070599999999,0,63.950564,0.0,42.458176,61.396706,0.0028648651,0
2025-03-31 20:00:00,20,15172.34,6.8,63.950564,91.602489,2.039267,-2.078703,27.651925000000006,0,48.553398,0.0,44.361923,63.950564,0.0007937428,0
2025-03-31 21:00:00,21,14817.583,5.4,48.553398,45.606633,2.348084,-1.224686,-2.946764999999999,0,41.49416,0.0,40.061787,48.553398,0.00083905685,0
2025-03-31 22:00:00,22,14211.097,5.4,41.49416,38.508729,1.151506,-1.097346,-2.9854309999999984,0,36.152073,0.0,34.39298,41.49416,0.00037584038,0
2025-03-31 23:00:00,23,13545.165,5.6,36.152073,40.437895,0.605178,-1.003105,4.285821999999996,0,32.606018,0.0,31.844711,36.152073,0.00016062942,0
2025-04-01 00:00:00,0,13153.743,5.7,32.606018,35.976338,1.265604,-0.969586,3.3703199999999995,0,30.669238,0.0,33.604427,32.606018,0.00021316989,0
2025-04-01 01:00:00,1,12943.622,5.6,30.669238,25.906415,1.577934,-0.698696,-4.762823000000001,0,29.334907,0.0,29.350166,30.669238,0.0001694064,0
2025-04-01 02:00:00,2,12873.661,4.8,29.334907,22.524113,1.576177,-0.54127,-6.810794000000001,0,29.240338,0.0,28.452536,29.334907,0.0003616116,0
2025-04-01 03:00:00,3,12908.306,4.4,29.240338,26.234483,1.573517,-0.443179,-3.0058550000000004,0,30.169418,0.0,30.442078,29.240338,0.00037668314,0
2025-04-01 04:00:00,4,13220.865,4.3,30.169418,31.917588,1.690294,-0.530876,1.7481699999999982,0,33.917683,0.0,34.14264,30.169418,0.00037059974,0
2025-04-01 05:00:00,5,13907.212,4.2,33.917683,30.15067,3.279365,-0.651682,-3.767012999999995,0,54.57109,0.0,56.734077,33.917683,0.016849432,0
2025-04-01 06:00:00,6,15017.342,4.2,54.57109,64.36439,3.946248,-1.245158,9.793300000000002,0,60.965237,0.0,73.50071,54.57109,0.1690225,0
2025-04-01 07:00:00,7,15618.042,3.8,60.965237,56.123131,1.819515,-1.504278,-4.842106000000001,0,38.661296,0.0,47.85987,60.965237,0.033450745,0
2025-04-01 08:00:00,8,15728.499,3.7,38.661296,38.855271,-0.850667,-0.898037,0.19397500000000178,0,31.586697,0.0,41.0548,38.661296,0.03171612,0
2025-04-01 09:00:00,9,15503.648,4.2,31.586697,27.596181,-0.476674,-0.866629,-3.9905159999999995,0,30.65723,0.0,36.657425,31.586697,0.0010098323,0
2025-04-01 10:00:00,10,15376.463,4.6,30.65723,27.906167,-0.931396,-0.871374,-2.7510629999999985,0,29.775095,0.0,32.234074,30.65723,0.00051452144,0
2025-04-01 11:00:00,11,15119.936000000002,5.2,29.775095,27.89035,-1.039562,-0.835343,-1.8847449999999988,0,28.668465,0.0,30.278545,29.775095,0.0009461575,0
2025-04-01 12:00:00,12,14844.778,6.0,28.668465,26.83367,-0.979503,-0.952032,-1.8347949999999997,0,27.573839,0.0,29.804499,28.668465,0.00088105985,0
2025-04-01 13:00:00,13,14685.449,7.1,27.573839,25.529675,-0.982661,-1.0335,-2.0441639999999985,0,26.847166,0.0,28.823154,27.573839,0.0005880032,0
2025-04-01 14:00:00,14,14311.07,7.7,26.847166,24.330914,-1.0768,-1.026034,-2.5162520000000015,0,26.822091,0.0,29.865683,26.847166,0.0008015831,0
2025-04-01 15:00:00,15,14005.872,8.6,26.822091,24.297435,-0.898766,-1.049143,-2.5246560000000002,0,27.709694,0.0,33.91877,26.822091,0.0012613463,0
2025-04-01 16:00:00,16,13817.998,9.1,27.709694,25.282317,0.362814,-1.07312,-2.427377,0,30.592006,0.0,40.12828,27.709694,0.0037382303,0
2025-04-01 17:00:00,17,13895.552,9.2,30.592006,30.348683,1.749472,-1.117466,-0.24332300000000018,0,40.47078,0.0,39.04065,30.592006,0.0042617787,0
2025-04-01 18:00:00,18,14135.208,9.4,40.47078,38.525637,2.142293,-1.311513,-1.9451429999999945,0,65.230728,0.0,38.353127,40.47078,0.004537723,0
2025-04-01 19:00:00,19,14489.256,8.8,65.230728,58.585699,0.57517,-2.274442,-6.645029000000001,0,55.677457,0.0,38.67819,65.230728,0.004064731,0
2025-04-01 20:00:00,20,15054.563999999998,7.6,55.677457,69.372509,2.167322,-1.639865,13.695051999999997,0,40.830153,0.0,45.347378,55.677457,0.0009596057,0
2025-04-01 21:00:00,21,14868.05,7.5,40.830153,43.96524,1.940542,-1.100389,3.1350869999999986,0,37.167719,0.0,39.567024,40.830153,0.0005701182,0
2025-04-01 22:00:00,22,14274.964,7.2,37.167719,38.848972,2.47231,-0.674591,1.6812530000000052,0,32.377504,0.0,33.35993,37.167719,0.00025199878,0
2025-04-01 23:00:00,23,13764.052,6.6,32.377504,28.716159,3.67605,-0.388546,-3.6613450000000007,0,31.042095,0.0,30.758415,32.377504,0.000119715296,0
2025-04-02 00:00:00,0,13457.794,6.2,31.042095,27.349124,0.527894,-0.335799,-3.692971,0,31.127152,0.0,29.52681,31.042095,0.00024231347,0
2025-04-02 01:00:00,1,13360.253,5.8,31.127152,32.352679,0.249119,-0.241967,1.2255270000000031,0,29.911377,0.0,27.858547,31.127152,0.0001766737,0
2025-04-02 02:00:00,2,13220.734,5.6,29.911377,26.993062,0.143592,-0.182215,-2.9183150000000033,0,29.695187,0.0,28.295347,29.911377,0.00018651596,0
2025-04-02 03:00:00,3,13330.703,5.5,29.695187,28.195962,0.570037,-0.18485,-1.4992249999999991,0,31.145556,0.0,30.012228,29.695187,0.00018651596,0
2025-04-02 04:00:00,4,13667.691,5.4,31.145556,29.490432,0.597476,-0.23192,-1.6551240000000007,0,30.903991,0.0,34.339058,31.145556,0.00019562712,0
2025-04-02 05:00:00,5,14178.287,5.4,30.903991,28.098061,-2.984294,-0.291715,-2.80593,0,48.267396,0.0,52.51983,30.903991,0.0035665482,0
2025-04-02 06:00:00,6,15167.715,5.1,48.267396,49.315996,-4.812676,-0.509928,1.0486000000000004,0,57.158124,0.0,54.081696,48.267396,0.027215853,0
2025-04-02 07:00:00,7,15687.121,5.5,57.158124,63.719936,-6.378968,-0.722908,6.561811999999996,0,43.261432,0.0,46.320595,57.158124,0.005185756,0
2025-04-02 08:00:00,8,15683.217,6.3,43.261432,77.756621,-3.164749,-0.443819,34.495188999999996,0,38.740813,0.0,39.24196,43.261432,0.003672127,0
2025-04-02 09:00:00,9,15529.968,7.8,38.740813,69.582863,-1.478466,-0.330721,30.84205,0,36.57932,0.0,34.488018,38.740813,0.0004743822,0
2025-04-02 10:00:00,10,15306.336,10.5,36.57932,55.522453,-1.297704,-0.552976,18.943132999999996,0,35.901914,0.0,33.707436,36.57932,0.00023359756,0
2025-04-02 11:00:00,11,15215.822,11.4,35.901914,32.558762,-0.789016,-0.55907,-3.3431519999999963,0,35.436951,0.0,32.949753,35.901914,0.00033660815,0
2025-04-02 12:00:00,12,14977.7,13.9,35.436951,38.780064,-1.202607,-0.500442,3.3431130000000024,0,36.484191,0.0,32.1043,35.436951,0.00028458115,0
2025-04-02 13:00:00,13,15015.649,16.6,36.484191,35.816805,-1.063845,-0.541964,-0.6673860000000005,0,35.830227,0.0,33.319553,36.484191,0.0002884744,0
2025-04-02 14:00:00,14,14882.262,22.1,35.830227,39.163011,-0.90349,-0.466283,3.3327839999999966,0,36.265818,0.0,37.92974,35.830227,0.00041531477,0
2025-04-02 15:00:00,15,14861.616,25.0,36.265818,37.946396,-0.802326,-0.641856,1.680577999999997,0,38.728222,0.0,44.81002,36.265818,0.0006459819,0
2025-04-02 16:00:00,16,14831.571,23.5,38.728222,41.300093,0.052247,-0.904025,2.5718709999999945,0,42.98171,0.0,49.560738,38.728222,0.0015460993,0
2025-04-02 17:00:00,17,14909.962,24.2,42.98171,54.771849,0.620783,-1.119073,11.790139000000003,0,48.847447,0.0,51.910072,42.98171,0.0014198803,0
2025-04-02 18:00:00,18,15009.065,24.4,48.847447,45.763432,0.076478,-0.789031,-3.084015000000001,0,55.359736,0.0,53.265125,48.847447,0.0066574304,0
2025-04-02 19:00:00,19,15125.8,19.5,55.359736,50.980333,0.40104,-0.791304,-4.379402999999996,0,58.792755,0.0,46.161144,55.359736,0.0037652047,0
2025-04-02 20:00:00,20,15172.64,17.8,58.792755,47.758129,0.114697,-1.091942,-11.034626000000003,0,47.023575,0.0,44.681927,58.792755,0.00050873833,0
2025-04-02 21:00:00,21,14881.198,22.4,47.023575,40.855623,-0.241563,-0.814862,-6.167952,0,39.19931,0.0,40.10618,47.023575,0.00060224417,0
2025-04-02 22:00:00,22,14104.049,22.4,39.19931,33.274112,0.662144,-0.782834,-5.925197999999995,0,33.085794,0.0,35.822285,39.19931,0.00020858913,0
2025-04-02 23:00:00,23,13454.595,22.7,33.085794,30.533693,0.808918,-0.883124,-2.5521010000000004,0,29.330202,0.0,32.335934,33.085794,9.848435e-05,0
2025-04-03 00:00:00,0,12957.329,22.6,29.330202,28.878036,1.43216,-0.921958,-0.4521659999999983,0,27.731025,0.0,27.399656,29.330202,0.00018639718,0
2025-04-03 01:00:00,1,12571.887,19.5,27.731025,24.94446,1.352192,-0.901167,-2.7865649999999995,0,25.890126,0.0,24.477137,27.731025,0.00042806027,0
2025-04-03 02:00:00,2,12244.475,18.2,25.890126,25.40214,1.441797,-0.821671,-0.48798599999999936,0,25.943117,0.0,23.447113,25.890126,0.0002639538,0
2025-04-03 03:00:00,3,12129.556,18.4,25.943117,26.152042,1.413172,-0.830055,0.2089250000000007,0,27.592511,0.0,25.116613,25.943117,8.704552e-05,0
2025-04-03 04:00:00,4,12199.409,17.5,27.592511,27.234731,1.469627,-0.867116,-0.3577799999999982,0,30.787886,0.0,29.152733,27.592511,9.850041e-05,0
2025-04-03 05:00:00,5,12762.416,17.8,30.787886,32.147968,1.712273,-1.014387,1.3600819999999985,0,38.520744,0.0,44.03849,30.787886,0.0070989085,0
2025-04-03 06:00:00,6,13619.787,19.2,38.520744,34.855598,1.703029,-1.402285,-3.665146,0,46.748749,0.0,42.91526,38.520744,0.02520927,0
2025-04-03 07:00:00,7,14119.795,18.8,46.748749,42.078084,1.553599,-1.59485,-4.670665,0,45.183025,0.0,42.150093,46.748749,0.0014587222,0
2025-04-03 08:00:00,8,14348.154,18.0,45.183025,39.215989,0.994336,-1.251311,-5.967036,0,44.474055,0.0,42.298233,45.183025,0.004352041,0
2025-04-03 09:00:00,9,14431.342,18.5,44.474055,34.561498,0.583553,-1.149498,-9.912557,0,41.38362,0.0,41.637726,44.474055,0.0023454397,0
2025-04-03 10:00:00,10,14507.636,19.1,41.38362,32.311136,0.088293,-1.154673,-9.072484000000003,0,42.848972,0.0,38.714146,41.38362,0.0012210464,0
2025-04-03 11:00:00,11,14469.988,19.1,42.848972,49.292373,0.945979,-1.317007,6.443400999999994,0,41.367719,0.0,38.521362,42.848972,0.001039162,0
2025-04-03 12:00:00,12,14491.371,18.4,41.367719,36.278349,-1.471473,-1.270808,-5.089370000000002,0,42.209304,0.0,37.840042,41.367719,0.0028301494,0
2025-04-03 13:00:00,13,14502.381,19.3,42.209304,36.995018,-3.399198,-1.261498,-5.214286000000001,0,41.136562,0.0,38.336487,42.209304,0.0008872848,0
2025-04-03 14:00:00,14,14383.925,21.5,41.136562,48.217609,-4.231969,-1.231469,7.081047000000005,0,42.335452,0.0,40.38141,41.136562,0.0010822538,0
2025-04-03 15:00:00,15,14413.008000000002,21.6,42.335452,62.085173,-3.6665,-1.238048,19.749721,0,43.187279,0.0,44.74032,42.335452,0.0019954152,0
2025-04-03 16:00:00,16,14536.464,21.4,43.187279,58.874813,-3.355241,-1.40748,15.687534000000007,0,48.827332,0.0,53.708836,43.187279,0.020093897,0
2025-04-03 17:00:00,17,14515.621,20.5,48.827332,44.52379,-2.976512,-1.486156,-4.303542,0,56.549754,0.0,53.185146,48.827332,0.04838695,0
2025-04-03 18:00:00,18,14565.83,20.1,56.549754,37.518206,-1.098179,-1.622067,-19.031548,0,78.22425,1.0,49.350082,56.549754,0.012425652,0
2025-04-03 19:00:00,19,14576.706000000002,17.7,78.22425,98.216265,1.034224,-2.159974,19.99201500000001,1,76.72206,1.0,44.104378,78.22425,0.0068138405,0
2025-04-03 20:00:00,20,14771.244,16.7,76.72206,93.080003,3.365616,-1.973556,16.357943000000006,1,54.276774,0.0,48.058796,76.72206,0.0060716663,0
2025-04-03 21:00:00,21,14465.728,12.6,54.276774,44.721762,1.653523,-1.046749,-9.555012000000005,0,47.078967,0.0,40.365887,54.276774,0.0050625918,0
2025-04-03 22:00:00,22,13859.801,12.3,47.078967,66.269989,0.904452,-0.945485,19.191021999999997,0,38.828041,0.0,36.390945,47.078967,0.00047327153,0
2025-04-03 23:00:00,23,13187.114,12.2,38.828041,52.367248,0.491479,-0.933438,13.539206999999998,0,36.453667,0.0,33.50188,38.828041,0.00027699725,0
2025-04-04 00:00:00,0,12658.043999999998,11.9,36.453667,97.750677,1.22428,-0.930613,61.29700999999999,0,35.812256,0.0,33.055836,36.453667,0.00024098062,0
2025-04-04 01:00:00,1,12452.538,11.9,35.812256,71.655083,1.016751,-0.824495,35.84282700000001,0,33.503957,0.0,31.18749,35.812256,0.00022081278,0
2025-04-04 02:00:00,2,12281.227,11.6,33.503957,34.860105,1.087487,-0.76353,1.3561479999999975,0,33.424198,0.0,30.264189,33.503957,0.00019978857,0
2025-04-04 03:00:00,3,12204.793,11.1,33.424198,33.347942,1.131514,-0.717316,-0.07625599999999366,0,34.811837,0.0,29.376993,33.424198,0.00016300337,0
2025-04-04 04:00:00,4,12286.698,10.8,34.811837,34.334655,1.270524,-0.768687,-0.4771819999999991,0,37.047432,0.0,34.484478,34.811837,0.0001699962,0
2025-04-04 05:00:00,5,12822.507,9.9,37.047432,32.199343,1.763011,-0.645579,-4.848089000000002,0,45.480409,0.0,47.691776,37.047432,0.0029544272,0
2025-04-04 06:00:00,6,13678.85,9.6,45.480409,37.126895,2.459104,-0.628695,-8.353514000000004,0,51.077184,0.0,64.45889,45.480409,0.053561978,0
2025-04-04 07:00:00,7,14270.721,9.7,51.077184,62.74245,1.024911,-0.837727,11.665265999999995,0,49.089114,0.0,47.120594,51.077184,0.0077232243,0
2025-04-04 08:00:00,8,14484.685,9.7,49.089114,60.757205,1.095546,-0.936432,11.668090999999997,0,49.451821,0.0,41.12742,49.089114,0.01050268,0
2025-04-04 09:00:00,9,14528.004,10.0,49.451821,47.820012,1.254986,-1.003165,-1.631809000000004,0,53.134376,0.0,41.62851,49.451821,0.01431594,0
2025-04-04 10:00:00,10,14601.642,10.4,53.134376,34.679357,1.378761,-1.384385,-18.455019,0,49.068337,0.0,41.855427,53.134376,0.014838611,0
2025-04-04 11:00:00,11,14538.891,11.6,49.068337,49.773892,1.095782,-1.437445,0.7055549999999968,0,49.101795,0.0,44.431557,49.068337,0.076098874,0
2025-04-04 12:00:00,12,14536.409,11.9,49.101795,39.425312,0.386034,-1.304239,-9.676483000000005,0,48.628191,0.0,42.01143,49.101795,0.020798746,0
2025-04-04 13:00:00,13,14481.145,12.9,48.628191,54.929901,0.703939,-1.535748,6.30171,0,48.978955,0.0,44.509735,48.628191,0.020993348,0
2025-04-04 14:00:00,14,14433.136,13.2,48.978955,84.7543,1.765577,-1.496622,35.775345,0,47.140711,0.0,47.286987,48.978955,0.030465279,0
2025-04-04 15:00:00,15,14359.015,14.2,47.140711,46.945596,1.724149,-1.403438,-0.19511500000000126,0,50.491729,0.0,50.931923,47.140711,0.043542217,0
2025-04-04 16:00:00,16,14462.232,14.4,50.491729,48.931441,2.867218,-1.555489,-1.560288,0,49.286023,0.0,54.777218,50.491729,0.08765575,0
2025-04-04 17:00:00,17,14440.412,14.1,49.286023,39.445846,2.909545,-1.653522,-9.840176999999997,0,50.122576,0.0,51.46312,49.286023,0.052158378,0
2025-04-04 18:00:00,18,14456.217,13.9,50.122576,49.959728,3.837938,-1.535362,-0.16284800000000388,0,54.103221,0.0,48.66762,50.122576,0.031612284,0
2025-04-04 19:00:00,19,14418.305,13.4,54.103221,56.137365,3.563109,-1.489888,2.034144000000005,0,52.546116,0.0,43.713352,54.103221,0.006513588,0
2025-04-04 20:00:00,20,14618.695,13.0,52.546116,46.295442,2.69561,-1.309494,-6.2506739999999965,0,42.393847,0.0,42.864956,52.546116,0.0008777827,0
2025-04-04 21:00:00,21,14277.609,11.4,42.393847,47.58346,2.117875,-0.784028,5.189613000000001,0,39.17353,0.0,37.214268,42.393847,0.0006322252,0
2025-04-04 22:00:00,22,13752.35,11.2,39.17353,58.139903,1.555446,-0.691916,18.966372999999997,0,35.028232,0.0,33.495804,39.17353,0.000290626,0
2025-04-04 23:00:00,23,13207.458,11.4,35.028232,42.777659,1.329499,-0.631267,7.749426999999997,0,40.513678,0.0,32.3161,35.028232,0.0001047086,0
2025-04-05 00:00:00,0,12717.6,11.4,40.513678,101.089673,1.209818,-0.35614,60.575995000000006,0,38.158351,0.0,30.543785,40.513678,0.00013211163,0
2025-04-05 01:00:00,1,12342.536,11.6,38.158351,51.4563,1.010334,-0.021983,13.297948999999996,0,33.200461,0.0,34.05605,38.158351,0.00016131905,0
2025-04-05 02:00:00,2,12077.207,12.2,33.200461,37.081248,1.04574,-0.025279,3.880787000000005,0,31.414557,0.0,33.481808,33.200461,0.00015178765,0
2025-04-05 03:00:00,3,11957.844,12.2,31.414557,31.291789,1.209581,0.034976,-0.1227679999999971,0,31.503378,0.0,29.939602,31.414557,0.00010397897,0
2025-04-05 04:00:00,4,11846.633,13.4,31.503378,42.66265,1.301523,0.071855,11.159271999999998,0,33.000247,0.0,32.350952,31.503378,0.000104823885,0
2025-04-05 05:00:00,5,12067.514,14.3,33.000247,41.509302,1.40328,0.206967,8.509054999999996,0,33.902763,0.0,40.35767,33.000247,0.0004236777,0
2025-04-05 06:00:00,6,12344.865,14.6,33.902763,33.481369,0.896978,-0.084215,-0.4213939999999994,0,36.521912,0.0,42.277504,33.902763,0.0028805481,0
2025-04-05 07:00:00,7,12623.512,15.6,36.521912,38.091201,0.929984,-0.128072,1.5692889999999977,0,41.767559,0.0,35.88429,36.521912,0.00056258444,0
2025-04-05 08:00:00,8,13013.356,17.4,41.767559,41.56943,0.647039,-0.36948,-0.19812900000000155,0,41.914783,0.0,33.98455,41.767559,0.00061110494,0
2025-04-05 09:00:00,9,13372.231,14.4,41.914783,61.892073,0.815767,-0.470984,19.977290000000004,0,44.185891,0.0,36.173496,41.914783,0.00083666336,0
2025-04-05 10:00:00,10,13601.416,15.4,44.185891,48.55328,0.693772,-0.587881,4.367389000000003,0,46.087195,0.0,38.936455,44.185891,0.0028399522,0
2025-04-05 11:00:00,11,13738.273,16.3,46.087195,117.156109,0.162791,-0.595596,71.068914,0,43.387512,0.0,38.388664,46.087195,0.004357311,0
2025-04-05 12:00:00,12,13938.365,17.0,43.387512,37.308898,-0.196092,-0.556396,-6.078614000000002,0,41.709862,0.0,39.783524,43.387512,0.005591987,0
2025-04-05 13:00:00,13,14013.895,17.7,41.709862,52.459464,-0.554412,-0.565726,10.749601999999996,0,40.688276,0.0,40.71355,41.709862,0.0054453816,0
2025-04-05 14:00:00,14,14014.378,17.5,40.688276,59.51377,-1.620072,-0.621652,18.825494,0,41.218361,0.0,40.81375,40.688276,0.0021171325,0
2025-04-05 15:00:00,15,14173.554,17.8,41.218361,56.547877,-1.410741,-0.690898,15.329515999999998,0,46.99421,0.0,42.27748,41.218361,0.0024213975,0
2025-04-05 16:00:00,16,14305.119,18.4,46.99421,63.315173,-1.95747,-0.80832,16.320963,0,47.924032,0.0,49.41761,46.99421,0.007715591,0
2025-04-05 17:00:00,17,14320.726,17.2,47.924032,76.242248,0.396307,-0.962275,28.318216000000007,0,51.264041,0.0,55.36809,47.924032,0.027972167,0
2025-04-05 18:00:00,18,14270.118,16.5,51.264041,99.827729,-0.145629,-1.00033,48.563688000000006,0,57.648161,0.0,49.728676,51.264041,0.009291213,0
2025-04-05 19:00:00,19,14107.86,14.9,57.648161,83.443986,-0.377055,-0.924784,25.795824999999994,0,54.752393,0.0,45.589123,57.648161,0.00604175,0
2025-04-05 20:00:00,20,14267.525,12.8,54.752393,63.020898,0.524151,-0.261758,8.268505000000005,0,48.797919,0.0,42.882114,54.752393,0.00045067907,0
2025-04-05 21:00:00,21,13923.425,9.6,48.797919,79.161638,0.378723,-0.240804,30.363718999999996,0,41.205228,0.0,38.845036,48.797919,0.00031328233,0
2025-04-05 22:00:00,22,13467.949,9.1,41.205228,67.145543,0.312736,-0.567508,25.940315000000005,0,40.53377,0.0,35.992405,41.205228,0.0002332846,0
2025-04-05 23:00:00,23,12923.152999999998,9.1,40.53377,65.206307,1.086734,-0.422964,24.672537,0,44.946219,0.0,32.011257,40.53377,8.791651e-05,0
2025-04-06 00:00:00,0,12482.195,8.9,44.946219,66.435173,2.06534,-0.829121,21.488954000000007,0,41.348443,0.0,36.171597,44.946219,0.00044722314,0
2025-04-06 01:00:00,1,12219.684,8.6,41.348443,42.983674,1.592064,-0.643621,1.6352309999999974,0,34.632588,0.0,37.716267,41.348443,0.00048767088,0
2025-04-06 02:00:00,2,11971.729,8.4,34.632588,35.016595,1.414938,-0.41235,0.384007000000004,0,34.717646,0.0,35.68658,34.632588,0.00014272062,0
2025-04-06 03:00:00,3,11839.639,8.2,34.717646,32.813689,1.418611,-0.430965,-1.9039570000000055,0,34.657237,0.0,32.436707,34.717646,0.00010659961,0
2025-04-06 04:00:00,4,11891.574,8.1,34.657237,32.672285,1.298348,-0.401111,-1.9849519999999998,0,34.874478,0.0,34.79573,34.657237,0.00010746581,0
2025-04-06 05:00:00,5,12036.352,7.9,34.874478,34.607678,1.459924,-0.395446,-0.2668000000000035,0,35.955959,0.0,40.949833,34.874478,0.00034785116,0
2025-04-06 06:00:00,6,12259.41,7.8,35.955959,59.832034,1.232186,-0.366227,23.876075,0,38.683035,0.0,46.847687,35.955959,0.0019165877,0
2025-04-06 07:00:00,7,12548.189,6.8,38.683035,41.966612,1.203729,-0.330694,3.283577000000001,0,38.837831,0.0,35.391552,38.683035,0.00034082195,0
2025-04-06 08:00:00,8,13047.014,5.8,38.837831,36.265347,1.015935,-0.548104,-2.572484000000003,0,42.79708,0.0,35.51122,38.837831,0.0011521532,0
2025-04-06 09:00:00,9,13414.653,5.1,42.79708,41.160971,1.187973,-0.620893,-1.6361089999999976,0,46.010217,0.0,34.549873,42.79708,0.0014618747,0
2025-04-06 10:00:00,10,13604.76,4.7,46.010217,33.45438,1.126233,-0.616016,-12.555836999999997,0,46.647221,0.0,36.34813,46.010217,0.0048966478,0
2025-04-06 11:00:00,11,13811.988,4.1,46.647221,42.896233,1.076235,-0.729014,-3.7509879999999995,0,46.970745,0.0,37.91247,46.647221,0.010349327,0
2025-04-06 12:00:00,12,13965.46,4.3,46.970745,48.095065,0.43697,-0.766225,1.1243199999999973,0,47.976557,0.0,39.613075,46.970745,0.0083038565,0
2025-04-06 13:00:00,13,14049.506,4.4,47.976557,51.540316,1.470029,-0.683472,3.5637589999999975,0,48.429776,0.0,42.38754,47.976557,0.011152418,0
2025-04-06 14:00:00,14,14085.283,4.4,48.429776,71.634816,1.744595,-0.734819,23.205040000000004,0,49.708669,0.0,45.286057,48.429776,0.027721053,0
2025-04-06 15:00:00,15,13979.971,4.7,49.708669,37.933035,2.407706,-0.709037,-11.775634000000004,0,50.016286,0.0,48.51923,49.708669,0.039689142,0
2025-04-06 16:00:00,16,14148.096,4.7,50.016286,51.558411,2.862057,-0.575771,1.5421249999999986,0,55.805827,0.0,54.476807,50.016286,0.056928404,0
2025-04-06 17:00:00,17,14395.939,4.6,55.805827,78.994381,3.29965,-0.583823,23.188554000000003,0,62.103122,0.0,58.01823,55.805827,0.037947487,0
2025-04-06 18:00:00,18,14333.82,4.6,62.103122,62.208295,3.661493,-1.178371,0.10517300000000063,0,75.149152,1.0,56.44369,62.103122,0.07423539,0
2025-04-06 19:00:00,19,14664.874,4.3,75.149152,73.072581,3.00005,-1.350898,-2.0765710000000013,1,75.652878,1.0,56.48165,75.149152,0.004930318,0
2025-04-06 20:00:00,20,14810.494,4.0,75.652878,65.863423,1.851168,-0.98829,-9.789455000000004,1,65.871207,0.0,50.16944,75.652878,0.0006969722,0
2025-04-06 21:00:00,21,14539.929,3.5,65.871207,71.62795,1.56696,-0.575753,5.756743,0,56.642235,0.0,43.946785,65.871207,0.004687281,0
2025-04-06 22:00:00,22,14064.142,3.5,56.642235,68.069519,1.982688,-0.740453,11.427284,0,47.796978,0.0,41.664097,56.642235,0.00089961704,0
2025-04-06 23:00:00,23,13669.364,3.5,47.796978,62.136764,1.87915,-0.602172,14.339785999999997,0,48.034671,0.0,40.08889,47.796978,0.0009858519,0
2025-04-07 00:00:00,0,13332.433,2.8,48.034671,72.316399,2.555638,-0.420967,24.281728,0,43.161881,0.0,45.412525,48.034671,0.0076283035,0
2025-04-07 01:00:00,1,13201.518,2.5,43.161881,43.013436,2.623312,-0.301431,-0.14844500000000238,0,38.958155,0.0,43.98531,43.161881,0.0069576944,0
2025-04-07 02:00:00,2,13097.170999999998,2.3,38.958155,49.391376,3.041401,-0.273246,10.433221000000003,0,38.976186,0.0,39.07114,38.958155,0.0010037037,0
2025-04-07 03:00:00,3,13190.458,2.2,38.976186,44.633315,3.366088,-0.179902,5.657129000000005,0,42.21605,0.0,36.50275,38.976186,0.00031330567,0
2025-04-07 04:00:00,4,13461.39,1.4,42.21605,55.132392,3.435954,-0.189904,12.916342,0,52.671641,0.0,40.14161,42.21605,0.00030136964,0
2025-04-07 05:00:00,5,14126.482,0.9,52.671641,55.219446,5.561297,-0.189656,2.5478049999999968,0,71.766839,1.0,58.72874,52.671641,0.02363629,0
2025-04-07 06:00:00,6,15201.8,0.3,71.766839,60.494899,8.561871,-0.245032,-11.271940000000008,1,84.741047,1.0,87.13174,71.766839,0.54706264,1
2025-04-07 07:00:00,7,15763.673,0.0,84.741047,84.775523,11.914534,-0.263487,0.034476000000012164,1,79.293832,1.0,59.633312,84.741047,0.13390045,0
2025-04-07 08:00:00,8,15887.551,0.4,79.293832,95.392619,7.731474,-0.577642,16.098787,1,76.516794,1.0,47.504463,79.293832,0.14331532,0
2025-04-07 09:00:00,9,15793.452,1.5,76.516794,73.55463,6.756633,-0.599839,-2.9621640000000014,1,70.954902,1.0,47.68719,76.516794,0.0712008,0
2025-04-07 10:00:00,10,15569.241999999998,3.5,70.954902,98.225785,5.67076,-0.515858,27.270882999999998,1,65.308522,0.0,45.668705,70.954902,0.13199325,0
2025-04-07 11:00:00,11,15435.086,5.4,65.308522,41.105112,4.840414,-0.601892,-24.203409999999998,0,55.391699,0.0,48.994274,65.308522,0.209397,0
2025-04-07 12:00:00,12,15332.805,7.2,55.391699,49.270142,-0.002429,-0.505872,-6.121557000000003,0,49.30873,0.0,55.442177,55.391699,0.6430597,1
2025-04-07 13:00:00,13,15045.762,8.7,49.30873,49.188836,-3.091351,-0.359919,-0.11989399999999506,0,48.149992,0.0,56.71832,49.30873,0.18214068,0
2025-04-07 14:00:00,14,14914.344,10.1,48.149992,33.156774,-3.670701,-0.319307,-14.993217999999999,0,50.128795,0.0,52.31824,48.149992,0.06179863,0
2025-04-07 15:00:00,15,14705.626,11.4,50.128795,31.924738,-0.267928,-0.233277,-18.204056999999995,0,52.428702,0.0,56.231243,50.128795,0.11225825,0
2025-04-07 16:00:00,16,14662.985,12.4,52.428702,40.077063,0.329809,-0.261107,-12.351638999999999,0,49.233671,0.0,61.685844,52.428702,0.31944126,0
2025-04-07 17:00:00,17,14902.22,12.6,49.233671,43.842975,-3.179379,-0.18695,-5.390695999999998,0,58.899292,0.0,63.69465,49.233671,0.41335297,0
2025-04-07 18:00:00,18,15046.486,10.6,58.899292,36.87369,-0.642693,-0.148015,-22.025602,0,78.512761,1.0,59.143005,58.899292,0.20196256,0
2025-04-07 19:00:00,19,15132.367,7.9,78.512761,49.347584,-0.663082,0.035843,-29.165177,1,97.817131,1.0,53.112583,78.512761,0.040708397,0
2025-04-07 20:00:00,20,15496.057,6.9,97.817131,61.49646,2.713996,0.143135,-36.320671000000004,1,79.261419,1.0,53.908703,97.817131,0.020200593,0
2025-04-07 21:00:00,21,15277.913,5.2,79.261419,57.018421,3.895413,0.066006,-22.242998000000007,1,69.53744,0.0,92.45422,79.261419,0.84685856,1
2025-04-07 22:00:00,22,14707.849,4.9,69.53744,46.895633,3.403414,0.264026,-22.641807000000007,0,62.181271,0.0,45.292854,69.53744,0.067583114,0
2025-04-07 23:00:00,23,14203.552,3.7,62.181271,45.469653,3.226854,0.204417,-16.711618,0,51.853735,0.0,42.528538,62.181271,0.003779388,0
2025-04-08 00:00:00,0,13827.298,2.7,51.853735,42.648532,3.512477,0.041258,-9.205202999999997,0,48.915863,0.0,50.023094,51.853735,0.032267977,0
2025-04-08 01:00:00,1,13789.93,1.5,48.915863,39.460623,3.272686,-0.046823,-9.455240000000003,0,47.289501,0.0,44.457882,48.915863,0.007990243,0
2025-04-08 02:00:00,2,13691.273,0.9,47.289501,34.140455,2.888186,-0.088685,-13.149045999999998,0,48.853785,0.0,44.228214,47.289501,0.0025405067,0
2025-04-08 03:00:00,3,13911.665,-0.6,48.853785,43.785432,2.820449,-0.086664,-5.068353000000002,0,51.627811,0.0,47.050903,48.853785,0.0031323559,0
2025-04-08 04:00:00,4,14277.593,-2.8,51.627811,43.97314,3.572557,-0.234746,-7.6546710000000004,0,69.233944,0.0,51.224136,51.627811,0.009639819,0
2025-04-08 05:00:00,5,15099.205,-4.2,69.233944,41.415186,7.277118,-0.063174,-27.818757999999995,0,119.054428,1.0,74.58167,69.233944,0.9057022,1
2025-04-08 06:00:00,6,16231.761,-4.8,119.054428,67.046884,7.552466,-1.568038,-52.007543999999996,1,124.197304,1.0,104.42705,119.054428,0.98931956,1
2025-04-08 07:00:00,7,16815.879,-5.2,124.197304,918.578577,8.519113,-1.871809,794.381273,1,65.445515,0.0,110.43541,124.197304,0.85119826,1
2025-04-08 08:00:00,8,16718.486,-4.8,65.445515,28.256194,2.236474,-1.230959,-37.189321,0,50.182535,0.0,92.509575,65.445515,0.7146465,1
2025-04-08 09:00:00,9,16455.273,-3.2,50.182535,26.91144,1.245492,-1.112957,-23.271095000000003,0,45.095484,0.0,55.089237,50.182535,0.06509765,0
2025-04-08 10:00:00,10,16167.157,-1.9,45.095484,40.876654,0.619376,-1.203892,-4.218829999999997,0,41.908442,0.0,51.466602,45.095484,0.04609062,0
2025-04-08 11:00:00,11,15794.475,-0.4,41.908442,33.86817,0.50246,-1.264018,-8.040272000000002,0,38.166561,0.0,47.022552,41.908442,0.03455097,0
2025-04-08 12:00:00,12,15628.616,1.1,38.166561,32.148236,0.118514,-1.211953,-6.018325000000004,0,36.609643,0.0,45.576767,38.166561,0.0063265325,0
2025-04-08 13:00:00,13,15370.443,2.5,36.609643,28.454841,0.301496,-1.291853,-8.154802,0,34.65387,0.0,40.80879,36.609643,0.0035259975,0
2025-04-08 14:00:00,14,15049.759,3.5,34.65387,25.896093,0.115861,-1.151991,-8.757776999999997,0,33.559957,0.0,39.673607,34.65387,0.004765504,0
2025-04-08 15:00:00,15,14715.5,4.8,33.559957,22.946971,0.022398,-1.062441,-10.612985999999996,0,34.585744,0.0,42.6295,33.559957,0.003672239,0
2025-04-08 16:00:00,16,14547.099,5.1,34.585744,22.795705,0.326062,-1.050318,-11.790038999999997,0,39.907223,0.0,51.51733,34.585744,0.06356993,0
2025-04-08 17:00:00,17,14655.651000000002,5.1,39.907223,27.694269,1.050172,-1.172949,-12.212954000000003,0,58.285336,0.0,51.34248,39.907223,0.009204212,0
2025-04-08 18:00:00,18,14908.299,4.9,58.285336,29.587023,4.583497,-1.498161,-28.698313000000002,0,102.897825,1.0,53.80654,58.285336,0.025004994,0
2025-04-08 19:00:00,19,15302.68,4.4,102.897825,59.577206,6.415615,-2.04779,-43.320619,1,125.334045,1.0,56.344227,102.897825,0.10367088,0
2025-04-08 20:00:00,20,16003.08,3.0,125.334045,83.856964,6.670602,-2.076557,-41.477081,1,85.170164,1.0,100.09106,125.334045,0.8341862,1
2025-04-08 21:00:00,21,15935.112,2.0,85.170164,44.19045,7.127485,-0.727321,-40.979714,1,80.526284,1.0,93.08178,85.170164,0.8427287,1
2025-04-08 22:00:00,22,15524.856,1.5,80.526284,40.564628,7.3106,-0.014316,-39.961656000000005,1,73.622978,1.0,53.482292,80.526284,0.11519204,0
2025-04-08 23:00:00,23,15000.28,1.0,73.622978,43.793294,6.938656,-0.315678,-29.829684,1,68.429729,0.0,49.78912,73.622978,0.08188083,0
2025-04-09 00:00:00,0,14769.094,0.0,68.429729,59.408742,7.943868,0.315861,-9.020986999999998,0,64.548889,0.0,61.637383,68.429729,0.058432866,0
2025-04-09 01:00:00,1,14756.793,-0.6,64.548889,93.637159,7.507141,0.251748,29.088269999999994,0,64.327403,0.0,51.812542,64.548889,0.039909203,0
2025-04-09 02:00:00,2,14704.077,-0.8,64.327403,63.518694,8.446008,0.291395,-0.8087090000000003,0,65.538679,0.0,52.821625,64.327403,0.04122963,0
2025-04-09 03:00:00,3,14882.835,-1.0,65.538679,42.363455,9.146383,0.232296,-23.175224,0,66.294641,0.0,55.27975,65.538679,0.038177013,0
2025-04-09 04:00:00,4,15294.191,-1.2,66.294641,45.514976,9.195272,0.299369,-20.779665,0,77.023161,1.0,63.86759,66.294641,0.11456785,0
2025-04-09 05:00:00,5,16057.589,-1.5,77.023161,50.142929,8.614132,0.729029,-26.880232,1,147.602335,1.0,84.7581,77.023161,0.96171653,1
2025-04-09 06:00:00,6,17164.871,-1.5,147.602335,67.592938,13.236143,-0.813808,-80.009397,1,167.812859,1.0,113.544525,147.602335,0.9773426,1
2025-04-09 07:00:00,7,17688.444,-1.8,167.812859,63.765887,15.056411,-0.163552,-104.04697200000001,1,66.756114,0.0,85.81591,167.812859,0.9594138,1
2025-04-09 08:00:00,8,17280.801,-0.7,66.756114,31.663806,2.517743,0.198371,-35.092307999999996,0,44.821248,0.0,67.591606,66.756114,0.9100477,1
2025-04-09 09:00:00,9,16611.029,1.0,44.821248,28.79673,1.337056,0.314192,-16.024517999999997,0,37.707035,0.0,48.85908,44.821248,0.1619772,0
2025-04-09 10:00:00,10,15989.887,3.2,37.707035,28.801498,-0.267019,-0.115946,-8.905536999999999,0,35.677436,0.0,46.091892,37.707035,0.017463483,0
2025-04-09 11:00:00,11,15488.173,5.0,35.677436,28.996571,-0.139195,0.026631,-6.680865000000001,0,34.921472,0.0,39.590805,35.677436,0.0039275796,0
2025-04-09 12:00:00,12,15242.065,6.4,34.921472,43.475856,0.369157,0.112315,8.554383999999999,0,34.316458,0.0,36.096077,34.921472,0.0013116616,0
2025-04-09 13:00:00,13,14929.017,7.7,34.316458,38.45952,0.12631,0.130148,4.1430620000000005,0,33.611617,0.0,34.471638,34.316458,0.00143251,0
2025-04-09 14:00:00,14,14783.198,8.4,33.611617,30.037877,0.323126,0.168491,-3.573740000000001,0,33.19333,0.0,34.19964,33.611617,0.00079028873,0
2025-04-09 15:00:00,15,14737.431,8.4,33.19333,27.32089,0.283758,0.069572,-5.8724400000000045,0,34.654242,0.0,38.20657,33.19333,0.0010320992,0
2025-04-09 16:00:00,16,14740.431,8.6,34.654242,31.072384,0.2559,-0.021658,-3.581858000000004,0,43.846191,0.0,49.31263,34.654242,0.0018739303,0
2025-04-09 17:00:00,17,14824.46,8.1,43.846191,32.942836,0.512553,0.073638,-10.903354999999998,0,62.082631,0.0,55.8281,43.846191,0.011549061,0
2025-04-09 18:00:00,18,14957.735,7.8,62.082631,54.389029,1.975929,0.096702,-7.6936019999999985,0,75.569317,1.0,59.09775,62.082631,0.18910964,0
2025-04-09 19:00:00,19,15279.804,7.4,75.569317,54.642323,2.65552,-0.396203,-20.926994,1,74.676989,1.0,54.565453,75.569317,0.33890498,0
2025-04-09 20:00:00,20,15574.926,6.8,74.676989,64.680192,2.697298,-0.250309,-9.996797,1,62.907397,0.0,56.154644,74.676989,0.07759156,0
2025-04-09 21:00:00,21,15269.393,4.8,62.907397,43.6249,2.372522,0.404875,-19.282497000000006,0,57.574978,0.0,49.23487,62.907397,0.028653193,0
2025-04-09 22:00:00,22,14672.446,4.8,57.574978,57.306281,2.253839,0.661139,-0.2686970000000031,0,47.179376,0.0,47.77225,57.574978,0.013360433,0
2025-04-09 23:00:00,23,14083.242,5.0,47.179376,67.845182,1.403568,0.335808,20.665805999999996,0,55.219859,0.0,46.005344,47.179376,0.009476932,0
2025-04-10 00:00:00,0,13659.706,5.1,55.219859,51.891211,2.158734,0.521125,-3.328648000000001,0,47.266035,0.0,49.85464,55.219859,0.009803728,0
2025-04-10 01:00:00,1,13528.369,5.2,47.266035,45.048018,2.096516,0.309519,-2.2180170000000032,0,43.085792,0.0,58.43936,47.266035,0.026354896,0
2025-04-10 02:00:00,2,13489.836,5.1,43.085792,43.59694,2.130313,0.315479,0.5111479999999986,0,43.000771,0.0,51.314735,43.085792,0.010344377,0
2025-04-10 03:00:00,3,13470.181,5.0,43.000771,44.007093,2.599531,0.27124,1.0063219999999973,0,41.761352,0.0,48.70683,43.000771,0.0073569124,0
2025-04-10 04:00:00,4,13669.357,4.9,41.761352,35.284442,2.689479,0.201873,-6.476910000000004,0,45.38147,0.0,49.37185,41.761352,0.00830899,0
2025-04-10 05:00:00,5,14261.051,5.2,45.38147,43.043364,2.642923,-0.191453,-2.3381060000000033,0,65.308205,0.0,56.59641,45.38147,0.07611772,0
2025-04-10 06:00:00,6,15293.81,5.3,65.308205,41.910471,2.967253,-0.909048,-23.397734,0,90.538289,1.0,72.370964,65.308205,0.68548936,1
2025-04-10 07:00:00,7,15808.581,5.2,90.538289,51.030805,2.828612,-1.020323,-39.507484000000005,1,61.098368,0.0,56.39442,90.538289,0.09438274,0
2025-04-10 08:00:00,8,15930.098,5.4,61.098368,40.586071,2.124335,-0.825967,-20.512297000000004,0,62.683308,0.0,51.702568,61.098368,0.07591075,0
2025-04-10 09:00:00,9,15688.861,7.0,62.683308,42.467892,1.604809,-0.461501,-20.215415999999998,0,53.538218,0.0,45.012146,62.683308,0.018749487,0
2025-04-10 10:00:00,10,15601.341,8.8,53.538218,33.965363,0.726062,-0.227844,-19.572854999999997,0,51.591632,0.0,39.575016,53.538218,0.011820887,0
2025-04-10 11:00:00,11,15377.5,10.9,51.591632,39.589649,0.271176,-0.049544,-12.001982999999996,0,53.139901,0.0,40.59747,51.591632,0.011518097,0
2025-04-10 12:00:00,12,15111.553,12.7,53.139901,38.565261,1.093705,0.126196,-14.574640000000002,0,50.173573,0.0,40.976856,53.139901,0.0042970637,0
2025-04-10 13:00:00,13,14949.49,13.2,50.173573,37.443564,1.147721,0.305852,-12.730008999999995,0,48.031857,0.0,46.075497,50.173573,0.021667829,0
2025-04-10 14:00:00,14,14776.411,14.4,48.031857,40.059333,1.107708,0.284149,-7.972524,0,48.897901,0.0,44.870552,48.031857,0.0070066284,0
2025-04-10 15:00:00,15,14622.899,15.4,48.897901,58.192789,1.676682,0.371219,9.294888,0,47.695761,0.0,49.72632,48.897901,0.010875904,0
2025-04-10 16:00:00,16,14472.013,15.7,47.695761,53.910558,1.983627,0.212134,6.214797000000004,0,47.024724,0.0,56.883293,47.695761,0.02983688,0
2025-04-10 17:00:00,17,14482.846,15.1,47.024724,34.638018,3.391386,0.213338,-12.386705999999997,0,48.533302,0.0,62.185658,47.024724,0.082032464,0
2025-04-10 18:00:00,18,14482.978,14.2,48.533302,46.144058,4.419924,0.293378,-2.389243999999998,0,62.25379,0.0,55.362556,48.533302,0.020692082,0
2025-04-10 19:00:00,19,14689.762,11.9,62.25379,55.423963,4.410449,-0.366659,-6.829827000000002,0,62.727066,0.0,48.338314,62.25379,0.0065766335,0
2025-04-10 20:00:00,20,15148.803,8.6,62.727066,45.135743,4.449715,-0.362649,-17.591323000000003,0,56.536287,0.0,51.432327,62.727066,0.0020249526,0
2025-04-10 21:00:00,21,14947.916,6.4,56.536287,58.508177,4.243434,-0.147147,1.971890000000002,0,50.783009,0.0,44.697884,56.536287,0.0006716739,0
2025-04-10 22:00:00,22,14433.97,5.8,50.783009,77.234943,3.675538,0.477471,26.451934,0,45.581093,0.0,45.3897,50.783009,0.00062610913,0
2025-04-10 23:00:00,23,13871.638,5.0,45.581093,62.247024,3.409431,0.161662,16.665931,0,43.751946,0.0,43.622143,45.581093,0.0003735062,0
2025-04-11 00:00:00,0,13504.207,4.2,43.751946,58.080806,2.586022,0.035924,14.328860000000006,0,43.746013,0.0,45.243073,43.751946,0.0039952504,0
2025-04-11 01:00:00,1,13331.632,4.0,43.746013,43.641395,2.552197,0.013816,-0.10461799999999499,0,39.69127,0.0,42.461067,43.746013,0.0024277351,0
2025-04-11 02:00:00,2,13225.414,3.7,39.69127,39.333835,2.584536,0.006734,-0.3574350000000024,0,39.47287,0.0,42.765602,39.69127,0.0025030572,0
2025-04-11 03:00:00,3,13283.3,3.5,39.47287,37.139083,2.543861,0.039009,-2.333787000000001,0,41.270969,0.0,38.12078,39.47287,0.000966607,0
2025-04-11 04:00:00,4,13499.53,3.3,41.270969,58.811006,2.669924,0.081045,17.540036999999998,0,43.342017,0.0,39.628708,41.270969,0.0010470254,0
2025-04-11 05:00:00,5,14006.637,3.2,43.342017,43.702123,3.396753,-0.084736,0.3601060000000018,0,55.182169,0.0,52.313263,43.342017,0.022558616,0
2025-04-11 06:00:00,6,15185.592,3.0,55.182169,76.600647,4.832942,-0.270773,21.418477999999993,0,66.523609,0.0,90.99666,55.182169,0.6117361,1
2025-04-11 07:00:00,7,15628.58,2.8,66.523609,44.763591,3.621923,-0.148314,-21.760017999999995,0,79.318129,1.0,49.190796,66.523609,0.017796628,0
2025-04-11 08:00:00,8,15996.258,2.8,79.318129,64.162338,2.179755,-0.051626,-15.155790999999994,1,74.395905,1.0,46.393974,79.318129,0.010425877,0
2025-04-11 09:00:00,9,15896.89,3.0,74.395905,61.972017,1.710923,-0.025018,-12.423887999999998,1,65.910293,0.0,48.623028,74.395905,0.022617819,0
2025-04-11 10:00:00,10,15966.127,3.8,65.910293,60.910324,1.689643,-0.04935,-4.999968999999993,0,64.143863,0.0,47.212128,65.910293,0.0274322,0
2025-04-11 11:00:00,11,15821.133,4.6,64.143863,70.426138,2.768453,-0.10459,6.2822749999999985,0,60.88979,0.0,49.889965,64.143863,0.10438242,0
2025-04-11 12:00:00,12,15701.332,5.7,60.88979,68.156777,2.274635,-0.244845,7.266987000000007,0,59.425716,0.0,61.29868,60.88979,0.41012982,0
2025-04-11 13:00:00,13,15569.585,6.8,59.425716,55.031059,2.632181,-0.236465,-4.394657000000002,0,55.11835,0.0,61.79864,59.425716,0.41128302,0
2025-04-11 14:00:00,14,15239.849,7.4,55.11835,57.129579,2.233994,-0.305644,2.011229,0,52.032413,0.0,65.29139,55.11835,0.48552388,1
2025-04-11 15:00:00,15,15204.922,7.7,52.032413,60.139186,2.4836,-0.381187,8.106773000000004,0,48.992097,0.0,61.84449,52.032413,0.09390837,0
2025-04-11 16:00:00,16,15251.92,8.1,48.992097,133.188842,2.628104,-0.516007,84.19674499999999,0,47.44069,0.0,63.603935,48.992097,0.049659196,0
2025-04-11 17:00:00,17,15238.13,7.9,47.44069,74.04571,2.539546,-0.368856,26.605020000000003,0,44.784672,0.0,61.981323,47.44069,0.032211844,0
2025-04-11 18:00:00,18,15185.512,7.9,44.784672,48.538569,2.188219,-0.233547,3.753897000000002,0,55.678429,0.0,54.198208,44.784672,0.011028248,0
2025-04-11 19:00:00,19,15330.791,7.7,55.678429,56.951141,2.25053,-0.072101,1.2727119999999985,0,61.101515,0.0,45.350918,55.678429,0.0036500164,0
2025-04-11 20:00:00,20,15473.073,6.9,61.101515,56.578793,1.696019,0.025496,-4.522722000000002,0,62.782266,0.0,48.184494,61.101515,0.0004894725,0
2025-04-11 21:00:00,21,15388.901,5.1,62.782266,52.769106,2.424942,0.257324,-10.01316,0,59.083798,0.0,44.318527,62.782266,0.0004134822,0
2025-04-11 22:00:00,22,14901.809,3.5,59.083798,72.328686,3.034894,0.378904,13.244888000000003,0,51.756729,0.0,43.926956,59.083798,0.0004849665,0
2025-04-11 23:00:00,23,14405.475,2.6,51.756729,52.995861,2.443149,0.19358,1.239131999999998,0,74.514554,1.0,43.81814,51.756729,0.0005857389,0
2025-04-12 00:00:00,0,14027.993,2.0,74.514554,63.420963,7.220814,0.38374,-11.093591000000004,1,67.553893,0.0,47.50322,74.514554,0.0038187364,0
2025-04-12 01:00:00,1,13831.945,1.4,67.553893,71.150713,6.862225,0.511668,3.596819999999994,0,59.880426,0.0,48.352707,67.553893,0.021620052,0
2025-04-12 02:00:00,2,13658.906,0.9,59.880426,92.893609,6.476701,0.423725,33.013183,0,60.624548,0.0,47.23355,59.880426,0.021069847,0
2025-04-12 03:00:00,3,13768.414,0.6,60.624548,78.99211,6.820148,0.4944,18.367562,0,61.244003,0.0,47.543854,60.624548,0.019057209,0
2025-04-12 04:00:00,4,13976.696,0.3,61.244003,82.820289,7.401262,0.522741,21.576286000000003,0,66.285358,0.0,48.07103,61.244003,0.029555362,0
2025-04-12 05:00:00,5,14227.955,-0.1,66.285358,93.020682,8.004997,0.710361,26.73532399999999,0,68.408662,0.0,58.273235,66.285358,0.43037784,0
2025-04-12 06:00:00,6,14705.154,-0.3,68.408662,97.189524,7.858925,0.599737,28.780862,0,75.711513,1.0,75.08261,68.408662,0.7369273,1
2025-04-12 07:00:00,7,15070.881,-0.7,75.711513,71.053611,9.857222,0.604291,-4.657901999999993,1,66.8303,0.0,48.16941,75.711513,0.02425117,0
2025-04-12 08:00:00,8,15229.878,0.2,66.8303,64.017779,7.236754,-0.056454,-2.8125209999999896,0,61.33014,0.0,51.687828,66.8303,0.04195074,0
2025-04-12 09:00:00,9,15051.205,2.4,61.33014,66.934941,6.419124,-0.148984,5.604800999999995,0,60.861088,0.0,52.080353,61.33014,0.07609006,0
2025-04-12 10:00:00,10,14855.608,5.4,60.861088,50.073964,6.000974,-0.209886,-10.787124000000006,0,57.982589,0.0,50.553772,60.861088,0.048385534,0
2025-04-12 11:00:00,11,14447.798,7.7,57.982589,110.472374,5.978483,-0.145894,52.489785000000005,0,55.52147,0.0,51.55715,57.982589,0.11310616,0
2025-04-12 12:00:00,12,14196.937,9.0,55.52147,56.650133,6.350545,-0.229075,1.128662999999996,0,49.43389,0.0,55.330074,55.52147,0.41352624,0
2025-04-12 13:00:00,13,13890.712,10.2,49.43389,43.555438,5.882023,-0.148133,-5.878451999999996,0,40.982493,0.0,55.956276,49.43389,0.14224899,0
2025-04-12 14:00:00,14,13640.844,11.1,40.982493,55.145107,5.421251,-0.128758,14.162614000000005,0,39.958661,0.0,53.688766,40.982493,0.050968546,0
2025-04-12 15:00:00,15,13427.012,10.8,39.958661,50.137277,5.258547,-0.199886,10.178615999999998,0,44.045447,0.0,52.848866,39.958661,0.011685985,0
2025-04-12 16:00:00,16,13427.109,10.4,44.045447,41.999245,5.565461,-0.280014,-2.046202000000001,0,50.852491,0.0,57.10132,44.045447,0.012727801,0
2025-04-12 17:00:00,17,13434.044,10.4,50.852491,43.89867,6.262006,-0.119515,-6.953820999999998,0,54.379189,0.0,59.721428,50.852491,0.039290164,0
2025-04-12 18:00:00,18,13488.652,9.9,54.379189,38.939719,7.420091,0.149098,-15.43947,0,77.740697,1.0,54.12959,54.379189,0.016763933,0
2025-04-12 19:00:00,19,13618.571,9.5,77.740697,54.890436,8.491838,0.548859,-22.850260999999996,1,80.801267,1.0,47.56003,77.740697,0.017424459,0
2025-04-12 20:00:00,20,14067.295,8.6,80.801267,68.180859,8.392856,0.708411,-12.620407999999998,1,64.526499,0.0,51.95085,80.801267,0.019362358,0
2025-04-12 21:00:00,21,14272.063,7.0,64.526499,74.410514,7.758781,0.617718,9.884015000000005,0,60.936435,0.0,51.593815,64.526499,0.048265964,0
2025-04-12 22:00:00,22,13970.895,6.1,60.936435,76.004696,8.574991,0.621444,15.068260999999993,0,59.731444,0.0,45.81265,60.936435,0.004431381,0
2025-04-12 23:00:00,23,13547.612,4.8,59.731444,49.57324,8.437529,0.643915,-10.158204000000005,0,69.773841,0.0,47.152267,59.731444,0.0046600443,0
2025-04-13 00:00:00,0,13420.576,3.8,69.773841,48.275345,10.726409,0.497432,-21.498496000000003,0,54.324688,0.0,61.79949,69.773841,0.055324256,0
2025-04-13 01:00:00,1,13309.7,3.2,54.324688,45.000944,11.836353,0.208335,-9.323744000000005,0,51.118711,0.0,58.150402,54.324688,0.06372418,0
2025-04-13 02:00:00,2,13446.381,2.8,51.118711,63.572974,13.860216,0.338495,12.454263000000005,0,51.821989,0.0,52.201706,51.118711,0.026328256,0
2025-04-13 03:00:00,3,13482.526,2.1,51.821989,48.11341,14.138171,0.243818,-3.7085790000000003,0,51.979223,0.0,48.954727,51.821989,0.010450233,0
2025-04-13 04:00:00,4,13743.961,1.4,51.979223,71.105472,14.607915,0.341308,19.12624900000001,0,51.254541,0.0,49.19412,51.979223,0.010805026,0
2025-04-13 05:00:00,5,13953.418,0.8,51.254541,40.336428,10.937408,0.427133,-10.918113000000005,0,55.719178,0.0,58.835266,51.254541,0.20965245,0
2025-04-13 06:00:00,6,14348.485,0.8,55.719178,53.779404,10.472543,0.486635,-1.9397739999999999,0,53.11702,0.0,74.221466,55.719178,0.40725306,0
2025-04-13 07:00:00,7,14606.825,0.7,53.11702,46.795863,11.497546,0.359474,-6.3211569999999995,0,40.330764,0.0,52.10749,53.11702,0.19412254,0
2025-04-13 08:00:00,8,14797.446,2.3,40.330764,33.751255,7.731359,0.079405,-6.579509000000002,0,36.09926,0.0,54.47156,40.330764,0.13736962,0
2025-04-13 09:00:00,9,14388.153,4.0,36.09926,33.407472,6.457519,-0.228259,-2.6917880000000025,0,34.259554,0.0,45.961582,36.09926,0.0076862513,0
2025-04-13 10:00:00,10,13946.499,7.1,34.259554,34.198508,6.133904,-0.34435,-0.0610460000000046,0,33.96847,0.0,45.641945,34.259554,0.010111799,0
2025-04-13 11:00:00,11,13475.336,9.8,33.96847,31.575609,6.123462,-0.204992,-2.3928610000000035,0,32.709318,0.0,43.61384,33.96847,0.032301586,0
2025-04-13 12:00:00,12,13235.684,11.6,32.709318,23.388369,5.710399,-0.351081,-9.320949000000002,0,32.075224,0.0,45.170834,32.709318,0.034762487,0
2025-04-13 13:00:00,13,12978.528,12.9,32.075224,24.209818,5.749034,-0.35381,-7.865406,0,31.219749,0.0,42.076508,32.075224,0.011062797,0
2025-04-13 14:00:00,14,12714.231,12.1,31.219749,21.610403,5.503398,-0.423649,-9.609345999999999,0,31.056958,0.0,42.206795,31.219749,0.010831228,0
2025-04-13 15:00:00,15,12756.477,13.9,31.056958,25.668593,5.488992,-0.472034,-5.388365,0,33.205916,0.0,45.476505,31.056958,0.010663462,0
2025-04-13 16:00:00,16,12804.573,14.7,33.205916,28.670097,5.721263,-0.325347,-4.535819000000004,0,36.615881,0.0,54.417603,33.205916,0.021796793,0
2025-04-13 17:00:00,17,12973.538,14.9,36.615881,64.012037,5.877838,-0.191957,27.396156000000005,0,45.27071,0.0,62.67999,36.615881,0.026318902,0
2025-04-13 18:00:00,18,13054.496,14.3,45.27071,91.702598,7.011581,-0.120871,46.431887999999994,0,67.996545,0.0,63.160404,45.27071,0.021896427,0
2025-04-13 19:00:00,19,13380.0,13.1,67.996545,51.824224,10.565248,-0.008703,-16.172320999999997,0,70.310392,1.0,48.68184,67.996545,0.02879776,0
2025-04-13 20:00:00,20,13805.96,11.3,70.310392,48.990884,9.301862,0.02853,-21.319507999999992,1,55.473707,0.0,48.374855,70.310392,0.0067052348,0
2025-04-13 21:00:00,21,13626.936,12.4,55.473707,60.930823,7.780713,0.052994,5.457115999999999,0,50.101874,0.0,42.809475,55.473707,0.0035831241,0
2025-04-13 22:00:00,22,13142.872,11.8,50.101874,43.398229,7.106677,0.085197,-6.703645000000002,0,47.584408,0.0,40.47664,50.101874,0.0041389633,0
2025-04-13 23:00:00,23,12750.767,10.9,47.584408,38.549386,7.780834,0.033574,-9.035022000000005,0,42.835365,0.0,42.58311,47.584408,0.0014058889,0
2025-04-14 00:00:00,0,12474.080999999998,9.7,42.835365,41.113298,6.885076,-0.069711,-1.7220670000000027,0,42.431075,0.0,56.66562,42.835365,0.023521721,0
2025-04-14 01:00:00,1,12336.886,9.2,42.431075,39.624729,7.443457,0.047618,-2.806345999999998,0,38.068424,0.0,48.869083,42.431075,0.022321554,0
2025-04-14 02:00:00,2,12315.099,9.1,38.068424,39.123384,6.584551,0.163873,1.0549600000000012,0,38.212615,0.0,46.724884,38.068424,0.013250045,0
2025-04-14 03:00:00,3,12405.302,8.9,38.212615,40.216315,7.169912,0.202703,2.003700000000002,0,41.414141,0.0,43.994347,38.212615,0.0038287006,0
2025-04-14 04:00:00,4,12748.019,9.9,41.414141,41.452747,7.414378,0.259763,0.03860600000000147,0,53.791014,0.0,46.424316,41.414141,0.0028779197,0
2025-04-14 05:00:00,5,13308.067,10.8,53.791014,31.099854,9.866279,0.334735,-22.691159999999996,0,98.346956,1.0,61.729942,53.791014,0.26796934,0
2025-04-14 06:00:00,6,14255.489,10.9,98.346956,45.590452,14.895922,0.601034,-52.75650400000001,1,99.625419,1.0,94.517815,98.346956,0.9661206,1
2025-04-14 07:00:00,7,14829.141,10.4,99.625419,39.701821,13.151552,0.563867,-59.92359799999999,1,59.94688,0.0,103.395386,99.625419,0.5304814,1
2025-04-14 08:00:00,8,14806.959,11.4,59.94688,67.587115,6.851579,0.465301,7.640234999999997,0,52.144191,0.0,92.20114,59.94688,0.39148512,0
2025-04-14 09:00:00,9,14608.295,15.1,52.144191,108.512416,5.444435,0.329756,56.368225,0,50.157753,0.0,50.34429,52.144191,0.03690505,0
2025-04-14 10:00:00,10,14487.458,16.9,50.157753,34.469187,4.876933,0.21082,-15.688566000000002,0,47.937225,0.0,52.125965,50.157753,0.008082735,0
2025-04-14 11:00:00,11,14490.393,18.3,47.937225,29.649733,5.635144,0.062081,-18.287491999999997,0,48.195801,0.0,56.137794,47.937225,0.010686683,0
2025-04-14 12:00:00,12,14444.53,19.8,48.195801,30.64771,7.355936,-0.100135,-17.548091000000003,0,48.673661,0.0,53.37821,48.195801,0.011381425,0
2025-04-14 13:00:00,13,14500.043,20.9,48.673661,35.986084,7.801741,-0.04808,-12.687577000000005,0,46.468029,0.0,51.14486,48.673661,0.012002074,0
2025-04-14 14:00:00,14,14429.995,21.4,46.468029,38.103596,6.316704,-0.058675,-8.364432999999998,0,46.084954,0.0,54.221184,46.468029,0.02082737,0
2025-04-14 15:00:00,15,14464.999,22.5,46.084954,70.493508,5.854301,-0.059347,24.408554000000002,0,45.978299,0.0,58.03268,46.084954,0.01440013,0
2025-04-14 16:00:00,16,14585.39,23.0,45.978299,22.007305,5.056402,-0.058103,-23.970994,0,55.023573,0.0,64.90807,45.978299,0.02349969,0
2025-04-14 17:00:00,17,14633.747,19.0,55.023573,50.440619,7.086858,-0.013285,-4.582954000000001,0,66.985578,0.0,66.37466,55.023573,0.027218448,0
2025-04-14 18:00:00,18,14706.146,18.1,66.985578,63.447168,8.919303,0.246275,-3.538410000000006,0,96.19533,1.0,67.87391,66.985578,0.48495522,1
2025-04-14 19:00:00,19,14693.97,17.2,96.19533,87.086998,11.331882,0.003448,-9.108332000000004,1,107.496816,1.0,55.977596,96.19533,0.054997247,0
2025-04-14 20:00:00,20,14856.452,15.9,107.496816,90.946442,10.724973,0.161843,-16.55037399999999,1,72.633891,1.0,58.332344,107.496816,0.6951356,1
2025-04-14 21:00:00,21,14534.328,16.8,72.633891,50.909544,8.32296,0.150931,-21.72434700000001,1,63.199422,0.0,90.15972,72.633891,0.8423785,1
2025-04-14 22:00:00,22,13607.953,15.5,63.199422,47.316289,7.181236,0.068186,-15.883133,0,45.953438,0.0,37.464928,63.199422,0.012170933,0
2025-04-14 23:00:00,23,12986.377,13.9,45.953438,32.911412,4.331584,0.191854,-13.042026,0,38.576837,0.0,37.29947,45.953438,0.009291941,0
2025-04-15 00:00:00,0,12451.15,12.6,38.576837,33.546906,5.300233,-0.073396,-5.029930999999998,0,36.482424,0.0,42.80123,38.576837,0.007849978,0
2025-04-15 01:00:00,1,12180.325,11.8,36.482424,28.069191,5.725727,0.116697,-8.413233000000002,0,33.406949,0.0,40.202858,36.482424,0.0019809296,0
2025-04-15 02:00:00,2,11930.951,11.1,33.406949,27.092249,6.078407,0.168542,-6.314699999999998,0,33.230859,0.0,37.56218,33.406949,0.00049056456,0
2025-04-15 03:00:00,3,11884.156,10.6,33.230859,25.91764,5.984867,0.195992,-7.313219000000004,0,34.581418,0.0,36.710205,33.230859,0.0008583753,0
2025-04-15 04:00:00,4,12237.694,10.2,34.581418,37.244604,6.057926,0.243492,2.663186000000003,0,36.896609,0.0,42.830513,34.581418,0.003322767,0
2025-04-15 05:00:00,5,12770.181,9.4,36.896609,36.887037,6.17939,0.077219,-0.009571999999998582,0,47.045182,0.0,57.674515,36.896609,0.22371998,0
2025-04-15 06:00:00,6,13814.384,9.2,47.045182,43.249192,6.582086,0.013096,-3.795989999999996,0,48.389324,0.0,75.37281,47.045182,0.5753851,1
2025-04-15 07:00:00,7,14359.986,8.4,48.389324,38.99033,5.994413,0.084911,-9.398994000000002,0,44.471326,0.0,53.310513,48.389324,0.032700498,0
2025-04-15 08:00:00,8,14526.216,8.6,44.471326,35.675869,4.600204,-0.118878,-8.795456999999999,0,41.0191,0.0,50.933537,44.471326,0.04122967,0
2025-04-15 09:00:00,9,14595.397,8.9,41.0191,41.300951,3.802923,0.016177,0.2818509999999961,0,40.643735,0.0,48.583763,41.0191,0.020444792,0
2025-04-15 10:00:00,10,14662.824,9.6,40.643735,53.85993,3.845919,0.177816,13.216194999999999,0,40.348874,0.0,43.607788,40.643735,0.0021869682,0
2025-04-15 11:00:00,11,14720.317,9.0,40.348874,46.998059,4.047419,0.261455,6.649184999999996,0,40.815543,0.0,41.48529,40.348874,0.0039851572,0
2025-04-15 12:00:00,12,14649.331,9.4,40.815543,33.931556,4.037024,0.398519,-6.883986999999998,0,39.644037,0.0,40.30975,40.815543,0.0030690038,0
2025-04-15 13:00:00,13,14658.429,8.9,39.644037,35.714187,4.261275,0.292762,-3.9298499999999947,0,37.861896,0.0,41.614697,39.644037,0.0035257193,0
2025-04-15 14:00:00,14,14685.547,9.9,37.861896,47.669085,4.477468,-0.115572,9.807189000000001,0,36.931781,0.0,41.176212,37.861896,0.0041974117,0
2025-04-15 15:00:00,15,14589.74,9.6,36.931781,31.929814,4.329705,-0.187924,-5.0019670000000005,0,36.445841,0.0,44.301853,36.931781,0.0052417847,0
2025-04-15 16:00:00,16,14605.583,9.2,36.445841,30.841435,4.175024,-0.239183,-5.604406000000001,0,36.807464,0.0,54.213318,36.445841,0.01808019,0
2025-04-15 17:00:00,17,14755.728,9.1,36.807464,43.120059,3.185075,-0.327611,6.312594999999995,0,44.811543,0.0,56.333576,36.807464,0.07933413,0
2025-04-15 18:00:00,18,14846.009,8.9,44.811543,45.643201,4.369786,-0.348243,0.8316579999999973,0,73.267202,1.0,59.010456,44.811543,0.01642388,0
2025-04-15 19:00:00,19,14945.17,8.4,73.267202,47.359504,6.566698,0.050504,-25.907697999999996,1,106.097855,1.0,48.59105,73.267202,0.049864665,0
2025-04-15 20:00:00,20,15171.985,7.8,106.097855,74.522091,8.906914,0.540941,-31.575763999999992,1,73.365243,1.0,50.975086,106.097855,0.021188084,0
2025-04-15 21:00:00,21,14990.588,7.1,73.365243,44.551914,4.151951,0.673292,-28.81332900000001,1,57.763958,0.0,93.589264,73.365243,0.63954693,1
2025-04-15 22:00:00,22,14265.169,6.1,57.763958,34.66506,3.113711,0.520247,-23.098898000000005,0,48.457548,0.0,45.747925,57.763958,0.0031898986,0
2025-04-15 23:00:00,23,13765.043,5.2,48.457548,44.53848,2.299855,0.297693,-3.919068000000003,0,38.952327,0.0,42.58482,48.457548,0.0032777975,0
2025-04-16 00:00:00,0,13424.717,5.2,38.952327,47.090043,2.749496,0.122831,8.137716000000005,0,38.13163,0.0,44.879124,38.952327,0.002363712,0
2025-04-16 01:00:00,1,13195.959,6.1,38.13163,41.336285,2.876319,0.095311,3.2046549999999954,0,37.279052,0.0,38.310017,38.13163,0.00044846584,0
2025-04-16 02:00:00,2,13180.896,5.7,37.279052,33.207587,3.163541,-0.024489,-4.071465000000003,0,37.640806,0.0,38.668663,37.279052,0.00032523827,0
2025-04-16 03:00:00,3,13209.879,4.6,37.640806,35.777698,3.267359,-0.046553,-1.8631079999999969,0,38.987424,0.0,38.266163,37.640806,0.0004577078,0
2025-04-16 04:00:00,4,13502.468,4.0,38.987424,25.327228,3.454024,-0.0066,-13.660195999999996,0,50.147251,0.0,45.014423,38.987424,0.0004959915,0
2025-04-16 05:00:00,5,14109.604,3.5,50.147251,41.500275,5.953243,0.114008,-8.646975999999995,0,90.776251,1.0,58.810223,50.147251,0.08114821,0
2025-04-16 06:00:00,6,15070.701,3.0,90.776251,68.689764,9.860842,0.095409,-22.086487000000005,1,78.678585,1.0,85.1339,90.776251,0.97679603,1
2025-04-16 07:00:00,7,15522.786,2.6,78.678585,53.806128,5.693433,-0.454848,-24.872456999999997,1,49.718993,0.0,69.12956,78.678585,0.636386,1
2025-04-16 08:00:00,8,15375.991999999998,3.3,49.718993,33.147353,3.740789,-0.281796,-16.571639999999995,0,37.94608,0.0,57.78408,49.718993,0.15032461,0
2025-04-16 09:00:00,9,15017.602,5.8,37.94608,33.908901,1.171631,-0.255551,-4.037179000000002,0,36.750796,0.0,50.526688,37.94608,0.019334862,0
2025-04-16 10:00:00,10,14799.295,7.3,36.750796,40.133433,0.853874,-0.413078,3.3826369999999955,0,35.095055,0.0,44.29465,36.750796,0.0033894049,0
2025-04-16 11:00:00,11,14618.672,8.5,35.095055,34.619196,0.547161,-0.332106,-0.4758589999999998,0,34.235582,0.0,43.313705,35.095055,0.0037210067,0
2025-04-16 12:00:00,12,14339.692,9.4,34.235582,33.206558,0.688923,-0.273341,-1.0290239999999997,0,32.307557,0.0,42.930088,34.235582,0.0050222673,0
2025-04-16 13:00:00,13,14126.279,10.3,32.307557,33.31554,0.746101,-0.238544,1.0079829999999959,0,31.010305,0.0,43.255844,32.307557,0.004076649,0
2025-04-16 14:00:00,14,13842.527,11.2,31.010305,28.347184,0.568208,-0.277903,-2.6631210000000003,0,30.355738,0.0,36.714794,31.010305,0.0012381822,0
2025-04-16 15:00:00,15,13529.84,12.1,30.355738,28.013668,0.436535,-0.000797,-2.3420699999999997,0,31.117747,0.0,38.16348,30.355738,0.001605732,0
2025-04-16 16:00:00,16,13490.125,11.9,31.117747,26.835524,0.586687,-0.19894,-4.282223000000002,0,35.000903,0.0,48.34673,31.117747,0.0024991836,0
2025-04-16 17:00:00,17,13564.973,11.5,35.000903,28.781658,1.152365,-0.311462,-6.219245000000001,0,45.452945,0.0,52.528194,35.000903,0.0034943672,0
2025-04-16 18:00:00,18,13706.352,11.1,45.452945,36.107245,3.404861,-0.251916,-9.3457,0,79.621958,1.0,56.450977,45.452945,0.009054014,0
2025-04-16 19:00:00,19,13938.177,10.4,79.621958,45.934071,5.492574,-0.120616,-33.687887,1,89.218233,1.0,49.148266,79.621958,0.04228772,0
2025-04-16 20:00:00,20,14498.171,8.4,89.218233,81.921461,6.519978,0.528255,-7.296772000000004,1,60.098702,0.0,54.962605,89.218233,0.062576175,0
2025-04-16 21:00:00,21,14559.346,7.2,60.098702,57.354479,5.284377,0.614325,-2.744223000000005,0,54.344121,0.0,57.826595,60.098702,0.52283967,1
2025-04-16 22:00:00,22,13975.7,6.2,54.344121,48.692749,5.1394,0.774721,-5.651372000000002,0,51.720463,0.0,46.773716,54.344121,0.0019594932,0
2025-04-16 23:00:00,23,13512.608,5.5,51.720463,46.57978,6.108383,0.72208,-5.140683000000003,0,43.884842,0.0,45.556896,51.720463,0.0013993817,0
2025-04-17 00:00:00,0,13348.27,4.3,43.884842,44.300745,7.945924,0.458918,0.41590300000000013,0,43.660568,0.0,49.149124,43.884842,0.0026411405,0
2025-04-17 01:00:00,1,13169.925,3.5,43.660568,56.14544,9.905088,0.49548,12.484872000000003,0,40.802308,0.0,44.477276,43.660568,0.0012636713,0
2025-04-17 02:00:00,2,13207.109,3.0,40.802308,42.485663,9.609053,0.493255,1.683355000000006,0,41.881432,0.0,42.18541,40.802308,0.0013656041,0
2025-04-17 03:00:00,3,13412.597,2.7,41.881432,41.146113,9.875746,0.515686,-0.735318999999997,0,42.509035,0.0,43.774185,41.881432,0.0006853682,0
2025-04-17 04:00:00,4,13820.657,2.1,42.509035,37.352047,8.214869,0.564166,-5.156987999999998,0,47.792876,0.0,51.083473,42.509035,0.0018393899,0
2025-04-17 05:00:00,5,14634.877,1.4,47.792876,41.250724,11.82522,0.577656,-6.5421520000000015,0,94.830349,1.0,65.200356,47.792876,0.46591353,1
2025-04-17 06:00:00,6,15677.744,0.7,94.830349,89.028332,18.36766,0.922689,-5.802016999999992,1,71.623539,1.0,92.6054,94.830349,0.9756503,1
2025-04-17 07:00:00,7,16199.694,0.3,71.623539,50.7542,11.669956,1.023583,-20.869338999999997,1,38.464399,0.0,69.5661,71.623539,0.37410843,0
2025-04-17 08:00:00,8,15906.227,2.0,38.464399,28.628451,4.035579,0.63882,-9.835948000000002,0,31.220678,0.0,49.906727,38.464399,0.024236541,0
2025-04-17 09:00:00,9,15286.119,4.4,31.220678,25.345887,2.960758,0.18992,-5.874790999999998,0,30.120114,0.0,45.454746,31.220678,0.00046995765,0
2025-04-17 10:00:00,10,14842.934,7.6,30.120114,26.27654,2.850983,0.219131,-3.8435740000000003,0,28.820742,0.0,36.008617,30.120114,0.0009041784,0
2025-04-17 11:00:00,11,14524.804,10.4,28.820742,25.122188,2.581021,0.069721,-3.698553999999998,0,28.133223,0.0,35.483234,28.820742,0.0016150961,0
2025-04-17 12:00:00,12,14339.748,12.2,28.133223,21.319359,2.935641,0.127582,-6.813864000000002,0,28.788176,0.0,34.60284,28.133223,0.0019440352,0
2025-04-17 13:00:00,13,14150.008,13.5,28.788176,22.836365,3.246522,0.121654,-5.951810999999999,0,28.190566,0.0,33.97654,28.788176,0.0018452589,0
2025-04-17 14:00:00,14,14014.4,14.6,28.190566,21.154697,2.836579,0.113987,-7.035869000000002,0,29.029635,0.0,33.85471,28.190566,0.002505411,0
2025-04-17 15:00:00,15,13758.373,15.4,29.029635,21.849564,3.301853,0.137782,-7.180070999999998,0,31.068374,0.0,37.263496,29.029635,0.0039292513,0
2025-04-17 16:00:00,16,13897.212,15.9,31.068374,26.281184,3.446645,0.151729,-4.787189999999999,0,36.089056,0.0,43.681824,31.068374,0.007870203,0
2025-04-17 17:00:00,17,14016.881,16.0,36.089056,27.124063,4.485103,0.233953,-8.964993,0,44.437737,0.0,50.463734,36.089056,0.0076630744,0
2025-04-17 18:00:00,18,14035.433,15.9,44.437737,42.083415,6.196945,0.350792,-2.3543219999999963,0,52.070123,0.0,57.95456,44.437737,0.010824129,0
2025-04-17 19:00:00,19,13946.159,15.1,52.070123,41.900193,6.619103,0.36102,-10.16993,0,53.72127,0.0,46.280605,52.070123,0.024543114,0
2025-04-17 20:00:00,20,14198.297,13.4,53.72127,42.636962,6.794232,0.527038,-11.084308,0,43.724459,0.0,42.285156,53.72127,0.0019920128,0
2025-04-17 21:00:00,21,14039.47,13.1,43.724459,57.03885,5.433802,0.370657,13.314390999999993,0,38.843171,0.0,40.045506,43.724459,0.0022110813,0
2025-04-17 22:00:00,22,13441.281,12.5,38.843171,33.05606,5.325017,0.328154,-5.787110999999996,0,33.4576,0.0,34.772682,38.843171,0.0015151615,0
2025-04-17 23:00:00,23,12790.605,12.1,33.4576,27.939505,4.791576,0.256024,-5.518094999999999,0,33.710924,0.0,37.285168,33.4576,0.00083066063,0
2025-04-18 00:00:00,0,12334.174,11.9,33.710924,28.78492,6.362232,0.268692,-4.926003999999999,0,34.039906,0.0,33.318817,33.710924,0.00063673896,0
2025-04-18 01:00:00,1,12089.31,11.1,34.039906,44.217777,4.637212,0.372694,10.177870999999996,0,33.214866,0.0,32.70991,34.039906,0.0006895074,0
2025-04-18 02:00:00,2,11968.103,10.2,33.214866,31.02746,4.475201,0.399665,-2.1874059999999993,0,32.755296,0.0,35.477947,33.214866,0.0003864639,0
2025-04-18 03:00:00,3,11911.376,10.4,32.755296,31.212324,4.319038,0.366258,-1.5429720000000025,0,34.776493,0.0,35.60902,32.755296,0.0004288694,0
2025-04-18 04:00:00,4,12045.577,10.3,34.776493,25.012644,4.689661,0.386832,-9.763849,0,37.129555,0.0,36.710365,34.776493,0.0003899422,0
2025-04-18 05:00:00,5,12520.191,10.0,37.129555,28.900098,5.28613,0.203425,-8.229457000000004,0,46.693064,0.0,49.246796,37.129555,0.00793686,0
2025-04-18 06:00:00,6,13208.363,10.0,46.693064,35.032043,5.822249,0.380815,-11.661020999999998,0,47.02549,0.0,65.36054,46.693064,0.098631695,0
2025-04-18 07:00:00,7,13677.573,10.2,47.02549,36.520054,4.707827,0.327663,-10.505435999999996,0,33.723141,0.0,37.90183,47.02549,0.003724038,0
2025-04-18 08:00:00,8,13683.687,11.6,33.723141,21.082902,2.716673,0.166468,-12.640238999999998,0,28.655148,0.0,37.145985,33.723141,0.0020579542,0
2025-04-18 09:00:00,9,13737.617,15.8,28.655148,18.397762,2.728584,-0.143436,-10.257386,0,26.522169,0.0,34.21556,28.655148,0.0006364402,0
2025-04-18 10:00:00,10,13608.907,18.8,26.522169,15.628586,2.273749,-0.04158,-10.893583000000001,0,26.840273,0.0,29.65515,26.522169,0.00047400885,0
2025-04-18 11:00:00,11,13589.291,21.0,26.840273,21.482495,2.325664,-0.085391,-5.357778,0,30.2069,0.0,30.054958,26.840273,0.00060808664,0
2025-04-18 12:00:00,12,13691.058,22.4,30.2069,19.123233,2.422552,-0.035652,-11.083667000000002,0,31.62008,0.0,30.710424,30.2069,0.0006346282,0
2025-04-18 13:00:00,13,13700.8,23.5,31.62008,20.112359,2.10402,0.00606,-11.507721,0,34.085937,0.0,34.747276,31.62008,0.00053947966,0
2025-04-18 14:00:00,14,13765.285,24.0,34.085937,21.742814,1.781889,-0.015952,-12.343123000000002,0,35.996276,0.0,37.179947,34.085937,0.00058821205,0
2025-04-18 15:00:00,15,14019.222,24.3,35.996276,24.566404,1.525621,-0.029345,-11.429872000000003,0,37.633573,0.0,44.76777,35.996276,0.00083066104,0
2025-04-18 16:00:00,16,14211.969,24.2,37.633573,33.138113,2.801138,0.022435,-4.495460000000001,0,43.276189,0.0,52.60585,37.633573,0.0018356714,0
2025-04-18 17:00:00,17,14369.85,23.8,43.276189,30.571977,3.555139,0.07105,-12.704212000000002,0,55.846993,0.0,53.282066,43.276189,0.0019721442,0
2025-04-18 18:00:00,18,14284.179,23.2,55.846993,42.944145,6.032435,0.104558,-12.902847999999999,0,76.481563,1.0,56.106937,55.846993,0.0044260765,0
2025-04-18 19:00:00,19,14073.371,22.2,76.481563,52.871193,7.839822,-0.238259,-23.610369999999996,1,69.800276,0.0,51.342136,76.481563,0.016489211,0
2025-04-18 20:00:00,20,14221.493,21.2,69.800276,45.946198,6.173135,-0.162859,-23.854077999999994,0,52.896464,0.0,49.493694,69.800276,0.006115821,0
2025-04-18 21:00:00,21,13909.513,21.9,52.896464,40.383179,4.289152,-0.132688,-12.513285000000003,0,46.674261,0.0,41.742252,52.896464,0.0010215008,0
2025-04-18 22:00:00,22,13379.197,20.4,46.674261,45.665097,4.060391,0.01387,-1.0091639999999984,0,36.666091,0.0,36.432682,46.674261,0.00050392724,0
2025-04-18 23:00:00,23,12828.366,20.7,36.666091,31.1917,2.879641,-0.02355,-5.474391000000001,0,33.381376,0.0,34.783142,36.666091,0.0003025618,0
2025-04-19 00:00:00,0,12296.551,20.8,33.381376,26.67832,2.711404,-0.140028,-6.703056000000004,0,28.6807,0.0,37.135605,33.381376,0.00040686663,0
2025-04-19 01:00:00,1,11837.214,20.9,28.6807,20.687719,1.806989,-0.036289,-7.992981,0,25.131954,0.0,29.705408,28.6807,0.0006134944,0
2025-04-19 02:00:00,2,11524.917,20.3,25.131954,22.01553,1.203719,-0.001765,-3.116424000000002,0,25.10331,0.0,26.439173,25.131954,0.00052359374,0
2025-04-19 03:00:00,3,11391.144,20.0,25.10331,22.214716,0.659904,-0.016594,-2.888594000000001,0,25.838861,0.0,26.162846,25.10331,0.00015272727,0
2025-04-19 04:00:00,4,11293.276,20.2,25.838861,24.917329,0.741688,0.027173,-0.9215320000000027,0,27.934339,0.0,27.98432,25.838861,0.00010112849,0
2025-04-19 05:00:00,5,11371.608,19.6,27.934339,23.363018,0.929626,-0.015287,-4.571321000000001,0,30.943847,0.0,35.42759,27.934339,0.00037940266,0
2025-04-19 06:00:00,6,11521.013,18.9,30.943847,38.987366,1.546081,-0.122234,8.043519,0,32.255758,0.0,40.653423,30.943847,0.0048431936,0
2025-04-19 07:00:00,7,11713.791,18.5,32.255758,37.612144,1.367737,-0.151979,5.3563860000000005,0,28.979073,0.0,41.579464,32.255758,0.0022552202,0
2025-04-19 08:00:00,8,12414.951,18.7,28.979073,71.979497,0.818079,-0.209006,43.000423999999995,0,32.81928,0.0,33.130913,28.979073,0.00041500074,0
2025-04-19 09:00:00,9,12854.358,21.2,32.81928,29.951091,1.717137,-0.297857,-2.8681889999999974,0,35.125616,0.0,32.217278,32.81928,0.0003844649,0
2025-04-19 10:00:00,10,13276.596,22.6,35.125616,71.6257,2.402683,-0.277067,36.500083999999994,0,35.76798,0.0,35.34586,35.125616,0.00077078666,0
2025-04-19 11:00:00,11,13611.269,23.4,35.76798,54.976627,2.951473,-0.203493,19.208647,0,37.456057,0.0,37.910976,35.76798,0.0007586932,0
2025-04-19 12:00:00,12,13676.102,23.9,37.456057,24.006993,3.63116,-0.145103,-13.449064,0,39.263442,0.0,40.649982,37.456057,0.0007836105,0
2025-04-19 13:00:00,13,13813.667,23.5,39.263442,23.29285,3.077557,-0.084115,-15.970591999999996,0,41.49313,0.0,40.22248,39.263442,0.0006852866,0
2025-04-19 14:00:00,14,14076.105,23.1,41.49313,48.945934,1.821132,-0.108002,7.452804,0,47.192192,0.0,41.657024,41.49313,0.0007287626,0
2025-04-19 15:00:00,15,14244.722,24.5,47.192192,37.255856,1.494856,-0.142664,-9.936335999999997,0,58.46731,0.0,47.56002,47.192192,0.0013978153,0
2025-04-19 16:00:00,16,14384.104,24.8,58.46731,36.902192,3.034182,0.003128,-21.565118,0,65.985643,0.0,59.890614,58.46731,0.026726358,0
2025-04-19 17:00:00,17,14347.839,23.1,65.985643,38.724186,4.474069,-0.098426,-27.261456999999993,0,81.968566,1.0,72.911545,65.985643,0.6660394,1
2025-04-19 18:00:00,18,14229.41,22.0,81.968566,46.90981,9.36498,-0.196414,-35.058755999999995,1,101.689264,1.0,63.779377,81.968566,0.10279759,0
2025-04-19 19:00:00,19,13918.815,21.3,101.689264,56.520383,12.203564,-0.2143,-45.16888099999999,1,96.794561,1.0,54.02597,101.689264,0.046147488,0
2025-04-19 20:00:00,20,14023.496,20.0,96.794561,65.153256,9.710823,-0.226262,-31.641305000000003,1,63.828778,0.0,95.047485,96.794561,0.58008194,1
2025-04-19 21:00:00,21,13772.789,17.6,63.828778,56.343208,5.843899,0.024879,-7.485570000000003,0,57.022585,0.0,54.555504,63.828778,0.3933397,0
2025-04-19 22:00:00,22,13188.634,15.9,57.022585,41.248189,5.368747,0.033838,-15.774395999999996,0,49.726648,0.0,37.873703,57.022585,0.0027309149,0
2025-04-19 23:00:00,23,12484.917,15.2,49.726648,33.587782,6.193264,0.193384,-16.138866,0,44.653577,0.0,33.628685,49.726648,0.0011923142,0
2025-04-20 00:00:00,0,11883.069,14.4,44.653577,32.399657,4.973987,-0.09041,-12.25392,0,35.852902,0.0,39.204597,44.653577,0.0013082381,0
2025-04-20 01:00:00,1,11365.737,13.1,35.852902,26.045299,2.804249,-0.121347,-9.807603,0,30.565644,0.0,36.73961,35.852902,0.0008786575,0
2025-04-20 02:00:00,2,11074.271,12.4,30.565644,25.383845,2.953686,-0.048042,-5.181798999999998,0,27.995093,0.0,35.08929,30.565644,0.00029326516,0
2025-04-20 03:00:00,3,10830.186,11.6,27.995093,24.725951,3.248749,0.046344,-3.269142000000002,0,28.067837,0.0,31.856607,27.995093,0.0004968655,0
2025-04-20 04:00:00,4,10887.702,10.9,28.067837,23.220763,3.800757,0.06708,-4.847073999999999,0,26.843551,0.0,35.054173,28.067837,0.0005997819,0
2025-04-20 05:00:00,5,11052.042,10.4,26.843551,25.542624,4.241038,0.112513,-1.3009270000000015,0,26.444403,0.0,44.12025,26.843551,0.0023940236,0
2025-04-20 06:00:00,6,11151.589,10.1,26.444403,24.320957,3.770079,0.254324,-2.1234460000000013,0,25.882859,0.0,44.025757,26.444403,0.0023351014,0
2025-04-20 07:00:00,7,11510.605,10.1,25.882859,26.769921,4.607547,0.195312,0.8870620000000002,0,28.406334,0.0,36.199306,25.882859,0.0010122273,0
2025-04-20 08:00:00,8,12092.338,10.4,28.406334,24.830326,4.779484,0.16685,-3.5760080000000016,0,28.204709,0.0,29.17593,28.406334,0.00018227429,0
2025-04-20 09:00:00,9,12459.137,12.3,28.204709,17.820439,5.009856,0.074853,-10.38427,0,27.998169,0.0,28.344336,28.204709,0.00040327717,0
2025-04-20 10:00:00,10,12613.663,13.6,27.998169,19.902867,5.056211,-0.268042,-8.095302,0,30.868038,0.0,30.336462,27.998169,0.00043781725,0
2025-04-20 11:00:00,11,12834.903,15.1,30.868038,19.816648,5.957269,-0.229231,-11.051389999999998,0,31.292608,0.0,30.16376,30.868038,0.0009287644,0
2025-04-20 12:00:00,12,13080.057,16.5,31.292608,19.23278,6.306045,-0.393437,-12.059828,0,33.609735,0.0,31.50308,31.292608,0.00089163927,0
2025-04-20 13:00:00,13,13130.812,17.7,33.609735,23.753351,6.02442,-0.484685,-9.856384000000002,0,36.131337,0.0,35.59918,33.609735,0.0021554662,0
2025-04-20 14:00:00,14,13239.572,18.8,36.131337,25.690708,5.655664,-0.694327,-10.440629000000001,0,38.783917,0.0,36.956566,36.131337,0.0030333113,0
2025-04-20 15:00:00,15,13496.221,19.6,38.783917,25.661271,5.306497,-0.83258,-13.122646000000003,0,45.073538,0.0,44.68304,38.783917,0.00567978,0
2025-04-20 16:00:00,16,13638.919000000002,20.1,45.073538,28.939456,6.683108,-1.09957,-16.134082,0,49.617754,0.0,57.9132,45.073538,0.16927396,0
2025-04-20 17:00:00,17,13772.678,20.4,49.617754,28.401812,6.561714,-1.32396,-21.215942,0,55.044183,0.0,69.14771,49.617754,0.4866006,1
2025-04-20 18:00:00,18,13842.781,20.2,55.044183,128.454014,8.554138,-1.319955,73.409831,0,69.968814,1.0,68.7478,55.044183,0.25589964,0
2025-04-20 19:00:00,19,13822.471999999998,19.2,69.968814,65.493585,11.055506,-1.676692,-4.475228999999999,1,66.656157,0.0,51.378666,69.968814,0.17988114,0
2025-04-20 20:00:00,20,14096.293,17.9,66.656157,57.285303,9.638906,-1.312749,-9.370853999999994,0,49.908851,0.0,48.68056,66.656157,0.031961143,0
2025-04-20 21:00:00,21,13944.462,17.7,49.908851,29.500398,6.874298,-1.045447,-20.408452999999998,0,39.991005,0.0,45.774246,49.908851,0.00337344,0
2025-04-20 22:00:00,22,13293.098,17.1,39.991005,75.298396,5.130866,-0.759861,35.307390999999996,0,31.088249,0.0,37.544285,39.991005,0.003673057,0
2025-04-20 23:00:00,23,12620.686,16.4,31.088249,37.017385,3.92082,-0.362571,5.929135999999996,0,28.042824,0.0,34.613884,31.088249,0.0006886884,0
2025-04-21 00:00:00,0,12068.777,16.3,28.042824,19.215879,4.368603,-0.285779,-8.826944999999998,0,25.99505,0.0,29.334223,28.042824,0.0011318744,0
2025-04-21 01:00:00,1,11753.309,16.2,25.99505,18.62524,4.2944,-0.13935,-7.3698099999999975,0,22.577172,0.0,24.727474,25.99505,0.00046390094,0
2025-04-21 02:00:00,2,11482.521,16.1,22.577172,19.293473,3.317026,-0.089854,-3.283699000000002,0,22.496224,0.0,21.792757,22.577172,0.00011323319,0
2025-04-21 03:00:00,3,11443.491,15.6,22.496224,17.860361,3.341088,-0.084864,-4.6358630000000005,0,23.602673,0.0,23.442877,22.496224,9.853367e-05,0
2025-04-21 04:00:00,4,11802.236,15.2,23.602673,19.199954,3.431024,-0.068351,-4.402718999999998,0,26.318847,0.0,30.82454,23.602673,9.1307826e-05,0
2025-04-21 05:00:00,5,12345.406,16.1,26.318847,30.021531,3.74949,-0.120643,3.702683999999998,0,37.056678,0.0,46.195976,26.318847,0.0010003833,0
2025-04-21 06:00:00,6,13167.938,17.4,37.056678,39.462666,4.045246,-0.278568,2.4059880000000007,0,39.828815,0.0,53.10442,37.056678,0.022476789,0
2025-04-21 07:00:00,7,13802.42,18.4,39.828815,140.188801,3.101149,-0.322334,100.35998600000002,0,36.862684,0.0,44.742104,39.828815,0.001090418,0
2025-04-21 08:00:00,8,14215.073,19.1,36.862684,47.209134,2.687156,-0.444472,10.346449999999997,0,38.196413,0.0,41.508842,36.862684,0.0006154983,0
2025-04-21 09:00:00,9,14506.469,18.7,38.196413,75.614895,3.081436,-0.375023,37.418482000000004,0,37.395225,0.0,43.009785,38.196413,0.0004211983,0
2025-04-21 10:00:00,10,14775.954,19.7,37.395225,27.768712,2.618498,-0.443273,-9.626513000000003,0,36.617048,0.0,44.7487,37.395225,0.00043973347,0
2025-04-21 11:00:00,11,14989.061,20.5,36.617048,31.8326,3.14096,-0.353912,-4.784447999999998,0,36.523293,0.0,44.516552,36.617048,0.00070266746,0
2025-04-21 12:00:00,12,15196.96,21.1,36.523293,30.141295,3.256916,-0.303623,-6.381998000000003,0,37.436826,0.0,43.522354,36.523293,0.00070266746,0
2025-04-21 13:00:00,13,15266.535,22.1,37.436826,29.574332,3.355162,-0.268336,-7.862494000000005,0,40.603746,0.0,43.63574,37.436826,0.0007209699,0
2025-04-21 14:00:00,14,15277.602,22.0,40.603746,26.466009,4.47601,-0.432264,-14.137737000000001,0,39.754117,0.0,43.411842,40.603746,0.0008271501,0
2025-04-21 15:00:00,15,15175.542,22.6,39.754117,26.682329,3.779286,-0.415169,-13.071788000000002,0,43.355046,0.0,50.131367,39.754117,0.0031561675,0
2025-04-21 16:00:00,16,15068.052,23.0,43.355046,30.657247,4.575747,-0.560701,-12.697799,0,53.329282,0.0,57.953964,43.355046,0.022808934,0
2025-04-21 17:00:00,17,15051.729,23.1,53.329282,35.014863,7.102539,-0.633257,-18.314419,0,59.807816,0.0,65.057274,53.329282,0.085005574,0
2025-04-21 18:00:00,18,15027.876,22.5,59.807816,51.1886,8.099274,-0.631458,-8.619216000000002,0,90.776165,1.0,64.42154,59.807816,0.22990146,0
2025-04-21 19:00:00,19,14952.85,21.4,90.776165,86.950189,8.896249,-0.730084,-3.8259760000000114,1,110.498894,1.0,54.88862,90.776165,0.026281318,0
2025-04-21 20:00:00,20,14947.439,19.9,110.498894,116.774317,8.00654,-0.647646,6.275422999999989,1,69.867673,0.0,57.114563,110.498894,0.39986172,0
2025-04-21 21:00:00,21,14667.869,16.7,69.867673,60.708025,5.297534,-0.369861,-9.159647999999997,0,49.665232,0.0,91.01423,69.867673,0.6166038,1
2025-04-21 22:00:00,22,13884.301,15.0,49.665232,34.289577,3.527148,-0.101916,-15.375655000000002,0,36.886649,0.0,38.092426,49.665232,0.0031875703,0
2025-04-21 23:00:00,23,13072.099,13.3,36.886649,38.82142,2.837066,-0.070417,1.934771000000005,0,33.759722,0.0,31.99598,36.886649,0.00064761983,0
2025-04-22 00:00:00,0,12485.346,12.1,33.759722,25.89422,1.954439,-0.264717,-7.865501999999996,0,27.645421,0.0,31.063435,33.759722,0.0003376849,0
2025-04-22 01:00:00,1,12172.206,11.3,27.645421,23.566327,2.143103,-0.037682,-4.079093999999998,0,24.537138,0.0,27.800655,27.645421,0.0003462447,0
2025-04-22 02:00:00,2,11987.91,10.9,24.537138,22.926409,1.597319,-0.070181,-1.6107289999999992,0,24.41309,0.0,22.438656,24.537138,0.00037976453,0
2025-04-22 03:00:00,3,11921.066,10.4,24.41309,23.001382,1.720667,-0.047577,-1.4117080000000009,0,25.396332,0.0,24.224085,24.41309,0.00011582488,0
2025-04-22 04:00:00,4,12072.029,9.9,25.396332,32.615905,2.067704,-0.061372,7.219572999999997,0,31.275537,0.0,28.60676,25.396332,0.00011759626,0
2025-04-22 05:00:00,5,12568.095,9.1,31.275537,38.627241,2.947873,-0.012336,7.351703999999998,0,48.076907,0.0,41.130257,31.275537,0.00031694715,0
2025-04-22 06:00:00,6,13537.917,8.0,48.076907,88.932648,5.892312,-0.185405,40.855741,0,45.20089,0.0,57.016624,48.076907,0.042602886,0
2025-04-22 07:00:00,7,13961.795,7.8,45.20089,46.232386,3.594439,-0.113549,1.031495999999997,0,34.697084,0.0,47.433907,45.20089,0.01998994,0
2025-04-22 08:00:00,8,14111.84,9.0,34.697084,21.01071,2.39286,-0.625776,-13.686373999999997,0,31.454065,0.0,40.921932,34.697084,0.0032136359,0
2025-04-22 09:00:00,9,14074.984,11.1,31.454065,20.863186,2.158176,-0.624111,-10.590879000000001,0,31.894156,0.0,35.71062,31.454065,0.00050993875,0
2025-04-22 10:00:00,10,14277.785,12.8,31.894156,28.765822,2.062566,-0.43841,-3.128333999999999,0,32.103265,0.0,33.0686,31.894156,0.00053600146,0
2025-04-22 11:00:00,11,14392.626,13.9,32.103265,27.690973,2.206785,-0.35352,-4.412292000000001,0,33.819753,0.0,33.829494,32.103265,0.00122928,0
2025-04-22 12:00:00,12,14401.478,15.0,33.819753,18.989644,2.414775,-0.345022,-14.830109,0,35.379073,0.0,34.37621,33.819753,0.0010975599,0
2025-04-22 13:00:00,13,14490.84,16.0,35.379073,28.694998,2.161591,-0.302518,-6.684075,0,36.68121,0.0,35.47254,35.379073,0.0012080502,0
2025-04-22 14:00:00,14,14437.777,16.9,36.68121,28.812829,1.477689,-1.086479,-7.868380999999999,0,36.400026,0.0,37.9033,36.68121,0.006805598,0
2025-04-22 15:00:00,15,14418.458,17.7,36.400026,25.285285,-0.553668,-1.126306,-11.114740999999999,0,37.908725,0.0,44.045704,36.400026,0.009847699,0
2025-04-22 16:00:00,16,14538.603,18.1,37.908725,29.956603,-0.521015,-1.23026,-7.952121999999996,0,43.798784,0.0,53.918922,37.908725,0.042286795,0
2025-04-22 17:00:00,17,14607.994,18.5,43.798784,35.599815,1.579997,-1.561213,-8.198968999999998,0,60.618173,0.0,56.532593,43.798784,0.03810335,0
2025-04-22 18:00:00,18,14650.841,18.4,60.618173,36.882598,3.273063,-1.85489,-23.735574999999997,0,90.060329,1.0,59.194702,60.618173,0.09585742,0
2025-04-22 19:00:00,19,14671.144,18.0,90.060329,60.784612,6.460594,-2.430265,-29.275716999999993,1,88.850812,1.0,50.438683,90.060329,0.16190879,0
2025-04-22 20:00:00,20,14764.643,16.2,88.850812,84.425639,5.649112,-1.2983,-4.425173000000001,1,49.234819,0.0,56.511707,88.850812,0.6651431,1
2025-04-22 21:00:00,21,14445.992,15.2,49.234819,49.563481,4.53314,-0.088321,0.32866200000000134,0,40.090497,0.0,51.97417,49.234819,0.5260927,1
2025-04-22 22:00:00,22,13735.637,14.4,40.090497,32.816623,3.676697,-0.0362,-7.273873999999999,0,35.107674,0.0,33.9304,40.090497,0.0010535762,0
2025-04-22 23:00:00,23,12892.271,13.8,35.107674,45.416071,3.380855,0.066819,10.308397,0,35.156176,0.0,31.08552,35.107674,0.00018453524,0
2025-04-23 00:00:00,0,12435.217,13.0,35.156176,29.099461,2.188707,0.087469,-6.0567150000000005,0,31.716498,0.0,29.724977,35.156176,0.000215815,0
2025-04-23 01:00:00,1,12066.254,12.1,31.716498,28.649944,2.070278,0.09622,-3.066554,0,27.694552,0.0,27.955677,31.716498,0.000215815,0
2025-04-23 02:00:00,2,11809.302,11.4,27.694552,25.907753,1.459875,0.124677,-1.786799000000002,0,29.093112,0.0,24.960018,27.694552,0.0002394589,0
2025-04-23 03:00:00,3,11754.431,10.9,29.093112,26.333339,2.042671,0.110441,-2.7597730000000027,0,32.063515,0.0,25.18625,29.093112,0.00026264368,0
2025-04-23 04:00:00,4,11982.138,10.1,32.063515,48.049691,2.533655,0.08986,15.986176,0,34.960478,0.0,32.10545,32.063515,0.00027662565,0
2025-04-23 05:00:00,5,12606.74,9.3,34.960478,34.363762,3.219831,0.030647,-0.5967160000000007,0,50.51105,0.0,54.374268,34.960478,0.005250417,0
2025-04-23 06:00:00,6,13532.33,8.7,50.51105,118.022942,4.651293,-0.190243,67.511892,0,50.608737,0.0,73.85445,50.51105,0.5884627,1
2025-04-23 07:00:00,7,14081.424,8.6,50.608737,48.483886,4.329588,-0.430851,-2.1248509999999996,0,35.472201,0.0,45.96141,50.608737,0.021687785,0
2025-04-23 08:00:00,8,14241.86,10.2,35.472201,26.908373,1.871794,-0.449593,-8.563827999999997,0,33.020004,0.0,39.743263,35.472201,0.004216677,0
2025-04-23 09:00:00,9,14223.513,13.1,33.020004,24.829922,1.679739,-0.719735,-8.190082,0,31.515126,0.0,32.8168,33.020004,0.0004701781,0
2025-04-23 10:00:00,10,14360.396,15.8,31.515126,25.936273,1.531451,-0.716325,-5.578852999999999,0,32.916806,0.0,31.96303,31.515126,0.00047758565,0
2025-04-23 11:00:00,11,14323.136,18.3,32.916806,85.307087,2.010327,-0.853521,52.390280999999995,0,33.774565,0.0,32.1861,32.916806,0.00071468705,0
2025-04-23 12:00:00,12,14490.263,20.2,33.774565,26.950955,1.888932,-0.774367,-6.823610000000002,0,34.836035,0.0,34.840336,33.774565,0.00071468705,0
2025-04-23 13:00:00,13,14675.522,21.6,34.836035,65.114,1.637669,-0.881634,30.277965000000002,0,35.950471,0.0,36.124584,34.836035,0.0007056691,0
2025-04-23 14:00:00,14,14904.699,22.5,35.950471,41.331554,1.756157,-0.995686,5.381082999999997,0,37.963425,0.0,36.622787,35.950471,0.00072077825,0
2025-04-23 15:00:00,15,15051.007,23.1,37.963425,46.840309,1.736713,-1.373288,8.876883999999997,0,41.616604,0.0,43.10175,37.963425,0.0010098794,0
2025-04-23 16:00:00,16,15406.405,23.5,41.616604,210.177489,2.072571,-1.505967,168.560885,0,52.952409,0.0,54.209423,41.616604,0.0034316026,0
2025-04-23 17:00:00,17,15757.276,23.5,52.952409,65.55529,3.286301,-2.093892,12.602880999999996,0,69.879784,1.0,61.44382,52.952409,0.010583483,0
2025-04-23 18:00:00,18,15822.27,23.4,69.879784,54.627074,5.007188,-2.427404,-15.25271,1,99.996469,1.0,58.84058,69.879784,0.12017548,0
2025-04-23 19:00:00,19,15616.175,22.8,99.996469,104.769837,7.707733,-2.921264,4.773367999999991,1,93.68455,1.0,53.95707,99.996469,0.03350301,0
2025-04-23 20:00:00,20,15575.384,20.1,93.68455,139.803053,8.66655,-2.252,46.118503000000004,1,60.504987,0.0,95.60483,93.68455,0.6650142,1
2025-04-23 21:00:00,21,15143.347,18.6,60.504987,93.235907,4.579689,-1.184702,32.73092,0,47.083867,0.0,52.25156,60.504987,0.4124235,0
2025-04-23 22:00:00,22,14301.549,17.1,47.083867,72.680889,3.860888,-0.657021,25.597021999999996,0,40.05688,0.0,39.49443,47.083867,0.0014751884,0
2025-04-23 23:00:00,23,13354.448,16.0,40.05688,79.122105,3.365049,-0.188169,39.065225000000005,0,33.254479,0.0,34.657978,40.05688,0.0005255931,0
2025-04-24 00:00:00,0,12709.852,15.3,33.254479,52.301172,2.77472,-0.070241,19.046692999999998,0,29.692947,0.0,34.950813,33.254479,0.0003686469,0
2025-04-24 01:00:00,1,12209.945,14.6,29.692947,40.080904,2.432587,0.07036,10.387956999999997,0,26.333461,0.0,27.75173,29.692947,0.0005206304,0
2025-04-24 02:00:00,2,11921.886,14.6,26.333461,38.115007,2.132256,0.061205,11.781545999999999,0,26.655019,0.0,25.601404,26.333461,0.00030263825,0
2025-04-24 03:00:00,3,11852.36,13.8,26.655019,44.963278,2.250985,0.064034,18.308259000000003,0,30.955833,0.0,25.52894,26.655019,0.00038523588,0
2025-04-24 04:00:00,4,11989.468,12.7,30.955833,46.789811,3.01836,0.077473,15.833978000000002,0,36.638664,0.0,29.878416,30.955833,0.00040594165,0
2025-04-24 05:00:00,5,12504.609,12.3,36.638664,52.951269,3.858878,-0.000214,16.312605000000005,0,49.86353,0.0,49.318497,36.638664,0.002978803,0
2025-04-24 06:00:00,6,13362.801,11.7,49.86353,64.971293,5.131978,-0.008448,15.107763000000006,0,43.217998,0.0,68.25686,49.86353,0.28541645,0
2025-04-24 07:00:00,7,13903.552,11.6,43.217998,120.267291,2.977067,-0.329069,77.049293,0,30.921646,0.0,47.300873,43.217998,0.013735181,0
2025-04-24 08:00:00,8,14166.29,13.3,30.921646,31.86746,1.231371,-0.299725,0.9458140000000022,0,28.615798,0.0,37.16749,30.921646,0.0021805293,0
2025-04-24 09:00:00,9,14307.469,16.4,28.615798,28.805649,0.959243,-0.343445,0.18985099999999733,0,32.087637,0.0,30.101381,28.615798,0.0004385074,0
2025-04-24 10:00:00,10,14478.222,18.5,32.087637,35.673965,0.804013,-0.446376,3.5863280000000017,0,33.329133,0.0,29.85533,32.087637,0.00042937073,0
2025-04-24 11:00:00,11,14715.263,20.5,33.329133,81.158414,-0.290253,-0.410614,47.829280999999995,0,35.13841,0.0,33.407368,33.329133,0.00055682374,0
2025-04-24 12:00:00,12,14993.966,22.6,35.13841,39.476078,-1.533795,-0.437795,4.337668000000001,0,36.767674,0.0,33.979534,35.13841,0.00043490218,0
2025-04-24 13:00:00,13,15378.468,24.4,36.767674,37.313429,-1.597822,-0.574504,0.5457549999999998,0,40.96285,0.0,37.174038,36.767674,0.00070368533,0
2025-04-24 14:00:00,14,15613.224000000002,25.8,40.96285,50.840313,-1.694866,-0.702284,9.877462999999999,0,41.89526,0.0,42.930763,40.96285,0.00092191703,0
2025-04-24 15:00:00,15,15932.431,25.8,41.89526,67.382743,-4.647566,-1.027174,25.487483000000005,0,48.775521,0.0,51.672523,41.89526,0.0012698089,0
2025-04-24 16:00:00,16,16024.607,25.0,48.775521,121.571025,-2.556067,-1.138412,72.79550400000001,0,61.653245,0.0,59.302486,48.775521,0.015717026,0
2025-04-24 17:00:00,17,16120.91,25.0,61.653245,54.159832,-0.851366,-1.495389,-7.493412999999997,0,75.473462,1.0,63.395496,61.653245,0.05149308,0
2025-04-24 18:00:00,18,15988.511,22.4,75.473462,153.778758,1.494768,-1.741306,78.30529600000001,1,88.530882,1.0,61.163754,75.473462,0.051859297,0
2025-04-24 19:00:00,19,15550.174,20.9,88.530882,58.788885,1.675416,-1.714534,-29.741997000000005,1,78.524789,1.0,54.750576,88.530882,0.11533598,0
2025-04-24 20:00:00,20,15443.27,19.9,78.524789,78.405315,2.574623,-1.099834,-0.11947399999999675,1,58.023372,0.0,52.997116,78.524789,0.11862052,0
2025-04-24 21:00:00,21,15233.782,20.2,58.023372,46.869727,4.038806,-0.055434,-11.153645000000004,0,46.49895,0.0,44.82676,58.023372,0.0064849323,0
2025-04-24 22:00:00,22,14407.823,18.9,46.49895,33.806556,3.763781,-0.134831,-12.692394,0,35.141566,0.0,37.2065,46.49895,0.0010065219,0
2025-04-24 23:00:00,23,13522.187000000002,18.1,35.141566,64.317448,3.225501,-0.003935,29.175882,0,37.019401,0.0,33.32032,35.141566,0.00083187176,0
2025-04-25 00:00:00,0,12806.486,17.8,37.019401,53.557189,3.568001,0.2714,16.537788,0,32.854618,0.0,28.343819,37.019401,0.00020773389,0
2025-04-25 01:00:00,1,12399.017,17.2,32.854618,27.822158,3.37398,0.210638,-5.03246,0,30.106138,0.0,29.47382,32.854618,0.00025890706,0
2025-04-25 02:00:00,2,12141.366999999998,16.6,30.106138,23.752502,2.91217,0.223968,-6.353636000000002,0,29.564487,0.0,25.577337,30.106138,0.00022599997,0
2025-04-25 03:00:00,3,11973.792,16.3,29.564487,23.114017,3.132824,0.231663,-6.450469999999999,0,32.415669,0.0,26.641373,29.564487,0.00022599997,0
2025-04-25 04:00:00,4,12106.583,16.2,32.415669,42.131284,3.534306,0.271363,9.715615,0,39.523709,0.0,30.204222,32.415669,0.0002085229,0
2025-04-25 05:00:00,5,12546.556,16.0,39.523709,47.440939,4.41008,0.323629,7.9172300000000035,0,50.851683,0.0,46.414604,39.523709,0.0008397163,0
2025-04-25 06:00:00,6,13463.247,15.4,50.851683,32.475702,5.038528,0.293155,-18.375981000000003,0,54.027436,0.0,64.90629,50.851683,0.14983818,0
2025-04-25 07:00:00,7,14133.073,15.4,54.027436,43.942705,4.896964,-0.079528,-10.084731000000005,0,52.269006,0.0,45.27342,54.027436,0.006717276,0
2025-04-25 08:00:00,8,14394.137,15.4,52.269006,36.388352,4.797914,-0.188908,-15.880654,0,51.885969,0.0,32.760376,52.269006,0.0075706895,0
2025-04-25 09:00:00,9,14456.297,17.0,51.885969,33.681251,4.837175,-0.391206,-18.204718,0,46.335875,0.0,33.69588,51.885969,0.003709499,0
2025-04-25 10:00:00,10,14720.424,18.1,46.335875,38.78005,4.77073,-0.304855,-7.555824999999999,0,51.056732,0.0,39.07489,46.335875,0.0037982499,0
2025-04-25 11:00:00,11,14916.569,20.0,51.056732,145.521565,4.593079,-0.506347,94.46483300000001,0,57.800374,0.0,41.688026,51.056732,0.0022649427,0
2025-04-25 12:00:00,12,15105.774,21.5,57.800374,55.535587,3.890938,-0.470564,-2.2647869999999983,0,59.616454,0.0,42.69995,57.800374,0.007865469,0
2025-04-25 13:00:00,13,15362.589,22.7,59.616454,40.391518,3.402893,-0.616439,-19.224936,0,56.507003,0.0,48.121418,59.616454,0.2997229,0
2025-04-25 14:00:00,14,15526.074,23.4,56.507003,72.318164,2.782094,-0.795091,15.811160999999998,0,57.366655,0.0,64.33637,56.507003,0.54668313,1
2025-04-25 15:00:00,15,15265.915,19.8,57.366655,32.380801,3.469139,-1.062484,-24.985854000000003,0,56.187122,0.0,60.626442,57.366655,0.1858883,0
2025-04-25 16:00:00,16,15231.828,19.6,56.187122,37.712177,2.400719,-1.163597,-18.474945000000005,0,61.355865,0.0,67.3045,56.187122,0.58267957,1
2025-04-25 17:00:00,17,15222.074,21.0,61.355865,42.935224,3.481829,-1.465964,-18.420641000000003,0,58.928014,0.0,65.17157,61.355865,0.29032487,0
2025-04-25 18:00:00,18,14952.008,21.4,58.928014,30.648187,6.53114,-1.213126,-28.279826999999997,0,64.064731,0.0,60.70886,58.928014,0.06079073,0
2025-04-25 19:00:00,19,14682.685,19.0,64.064731,32.621549,7.926349,-1.061618,-31.443181999999993,0,66.526946,0.0,48.02152,64.064731,0.05640573,0
2025-04-25 20:00:00,20,14689.571,17.2,66.526946,45.420642,7.005324,-0.958378,-21.106303999999994,0,58.57884,0.0,47.523705,66.526946,0.004617164,0
2025-04-25 21:00:00,21,14409.379,17.5,58.57884,57.07247,5.666992,-0.098152,-1.5063699999999969,0,50.341933,0.0,42.684868,58.57884,0.0012225093,0
2025-04-25 22:00:00,22,13739.495,17.5,50.341933,49.671121,4.476873,0.12506,-0.670811999999998,0,40.543616,0.0,37.93993,50.341933,0.0006460333,0
2025-04-25 23:00:00,23,12896.291,17.4,40.543616,25.861838,4.223219,0.130397,-14.681778000000001,0,40.070203,0.0,33.70877,40.543616,0.0002916085,0
2025-04-26 00:00:00,0,12359.581,17.2,40.070203,22.165227,1.569932,0.430271,-17.904975999999998,0,32.680032,0.0,33.718643,40.070203,0.00023568483,0
2025-04-26 01:00:00,1,11916.032,17.3,32.680032,25.584202,1.199073,0.390959,-7.095829999999996,0,27.491048,0.0,31.619099,32.680032,0.00022556147,0
2025-04-26 02:00:00,2,11695.636,17.1,27.491048,21.453828,1.125382,0.265666,-6.037219999999998,0,25.412552,0.0,25.925375,27.491048,0.00014057512,0
2025-04-26 03:00:00,3,11475.325,16.9,25.412552,22.066019,1.051626,0.240926,-3.346533000000001,0,26.55322,0.0,24.76169,25.412552,0.00014643282,0
2025-04-26 04:00:00,4,11496.105,16.5,26.55322,21.303874,1.114873,0.268347,-5.249345999999999,0,27.660467,0.0,28.39702,26.55322,7.3006086e-05,0
2025-04-26 05:00:00,5,11644.85,15.8,27.660467,21.467511,1.522588,0.237879,-6.192956000000002,0,30.7923,0.0,38.210297,27.660467,0.0009693982,0
2025-04-26 06:00:00,6,11905.047,13.6,30.7923,23.542003,1.527251,0.195049,-7.250297,0,32.906605,0.0,37.259735,30.7923,0.0016712211,0
2025-04-26 07:00:00,7,12114.858,11.7,32.906605,24.293968,1.649619,-0.043014,-8.612637,0,33.58837,0.0,31.642916,32.906605,0.00073891284,0
2025-04-26 08:00:00,8,12564.794,11.4,33.58837,24.901804,0.92302,-0.11465,-8.686566,0,34.165377,0.0,32.035744,33.58837,0.0007627023,0
2025-04-26 09:00:00,9,12990.16,11.7,34.165377,22.919444,0.986114,-0.210737,-11.245933,0,33.919347,0.0,32.561718,34.165377,0.00094598543,0
2025-04-26 10:00:00,10,13217.995,12.1,33.919347,28.686509,1.305169,-0.325822,-5.232838000000001,0,39.576083,0.0,35.672825,33.919347,0.00043381815,0
2025-04-26 11:00:00,11,13374.175,12.6,39.576083,24.885354,1.512748,-0.366665,-14.690728999999997,0,34.555673,0.0,36.167183,39.576083,0.0014161667,0
2025-04-26 12:00:00,12,13301.533,13.0,34.555673,23.133663,1.791517,-0.405844,-11.42201,0,33.599642,0.0,40.448406,34.555673,0.0031000033,0
2025-04-26 13:00:00,13,13218.245,13.5,33.599642,21.445795,0.82432,-0.414678,-12.153847000000003,0,33.169888,0.0,36.513885,33.599642,0.0026231185,0
2025-04-26 14:00:00,14,13155.112,13.9,33.169888,19.464595,0.736503,-0.606615,-13.705293000000001,0,33.365195,0.0,33.7547,33.169888,0.0025678435,0
2025-04-26 15:00:00,15,13089.919,14.6,33.365195,21.27308,0.033696,-0.718501,-12.092115,0,34.881432,0.0,42.132435,33.365195,0.0038444188,0
2025-04-26 16:00:00,16,13185.887,15.1,34.881432,28.350848,0.632266,-0.790834,-6.5305839999999975,0,38.324745,0.0,45.849186,34.881432,0.008647083,0
2025-04-26 17:00:00,17,13234.534,15.3,38.324745,21.425579,1.365367,-0.880622,-16.899166,0,42.432943,0.0,52.058907,38.324745,0.022144249,0
2025-04-26 18:00:00,18,13175.348999999998,15.1,42.432943,23.382299,1.52477,-0.841827,-19.050644000000002,0,52.363663,0.0,51.46541,42.432943,0.010366503,0
2025-04-26 19:00:00,19,13282.339,14.4,52.363663,26.120003,2.335713,-0.95205,-26.243660000000002,0,52.970107,0.0,47.090973,52.363663,0.025460977,0
2025-04-26 20:00:00,20,13264.556,12.8,52.970107,35.101289,2.275583,-0.835476,-17.868817999999997,0,42.111083,0.0,41.931408,52.970107,0.002399293,0
2025-04-26 21:00:00,21,13159.349,11.4,42.111083,46.694927,2.560499,-0.459416,4.583843999999999,0,36.168437,0.0,36.476776,42.111083,0.0008951302,0
2025-04-26 22:00:00,22,12712.855,10.8,36.168437,24.451859,2.693616,-0.085179,-11.716577999999998,0,32.948817,0.0,33.961205,36.168437,0.00036032475,0
2025-04-26 23:00:00,23,12283.888,9.5,32.948817,26.149512,2.599257,0.09956,-6.799304999999997,0,26.455893,0.0,32.635983,32.948817,0.00028863506,0
2025-04-27 00:00:00,0,11798.357,8.4,26.455893,24.378616,0.710701,-0.014808,-2.0772769999999987,0,23.726952,0.0,32.94101,26.455893,0.0013511266,0
2025-04-27 01:00:00,1,11539.021,7.7,23.726952,19.361147,0.51496,-0.018008,-4.365805000000002,0,23.385823,0.0,24.135565,23.726952,0.00013178575,0
2025-04-27 02:00:00,2,11322.554,7.4,23.385823,19.360051,0.66617,0.029653,-4.025772,0,23.580317,0.0,22.224396,23.385823,8.216506e-05,0
2025-04-27 03:00:00,3,11306.909,6.4,23.580317,17.878153,0.959553,0.010764,-5.702164,0,23.355305,0.0,23.246374,23.580317,8.510732e-05,0
2025-04-27 04:00:00,4,11367.122,6.1,23.355305,19.924203,1.33265,0.052655,-3.4311020000000028,0,27.365607,0.0,25.944393,23.355305,8.640896e-05,0
2025-04-27 05:00:00,5,11538.484,5.7,27.365607,20.855758,1.385276,0.070331,-6.509848999999999,0,24.025385,0.0,30.62584,27.365607,0.00024127007,0
2025-04-27 06:00:00,6,11862.692,5.2,24.025385,21.044615,1.536623,0.028762,-2.9807699999999997,0,21.132181,0.0,36.08312,24.025385,0.005066734,0
2025-04-27 07:00:00,7,12193.217,5.1,21.132181,15.433421,1.031268,-0.009087,-5.69876,0,17.80184,0.0,26.465588,21.132181,0.00014578666,0
2025-04-27 08:00:00,8,12522.143,6.8,17.80184,6.445371,0.810763,-0.078923,-11.356468999999999,0,17.446688,0.0,21.766544,17.80184,0.00016718436,0
2025-04-27 09:00:00,9,12611.446,8.2,17.446688,11.96431,0.738003,-0.211315,-5.482378000000002,0,17.021008,0.0,20.15965,17.446688,0.00013260674,0
2025-04-27 10:00:00,10,12588.472,10.4,17.021008,7.219825,0.713052,-0.262044,-9.801182999999998,0,17.265284,0.0,20.483498,17.021008,0.00014318625,0
2025-04-27 11:00:00,11,12530.147,12.3,17.265284,1.920315,0.916976,-0.311692,-15.344969,0,15.960872,0.0,23.20373,17.265284,0.00069688086,0
2025-04-27 12:00:00,12,12449.693,13.8,15.960872,6.538754,1.041346,-0.330474,-9.422118000000001,0,16.879162,0.0,19.811651,15.960872,0.00037281855,0
2025-04-27 13:00:00,13,12410.277,14.9,16.879162,10.66975,1.083553,-0.424391,-6.209412,0,16.984575,0.0,19.124506,16.879162,0.00039357072,0
2025-04-27 14:00:00,14,12419.611,15.8,16.984575,6.560193,0.952714,-0.458139,-10.424382,0,16.962682,0.0,20.515081,16.984575,0.00017498493,0
2025-04-27 15:00:00,15,12554.829,16.5,16.962682,8.454725,1.057559,-0.444877,-8.507957000000001,0,17.8396,0.0,22.851562,16.962682,0.00020751475,0
2025-04-27 16:00:00,16,12718.84,17.0,17.8396,11.032167,1.077397,-0.547797,-6.807433000000001,0,22.751219,0.0,35.21416,17.8396,0.00024397424,0
2025-04-27 17:00:00,17,13057.221,17.1,22.751219,13.723139,1.41863,-0.677411,-9.02808,0,35.10382,0.0,41.795322,22.751219,0.00025869167,0
2025-04-27 18:00:00,18,13247.471,17.0,35.10382,20.104533,2.088151,-0.894331,-14.999286999999999,0,48.689485,0.0,40.494625,35.10382,0.0008378261,0
2025-04-27 19:00:00,19,13416.534,16.4,48.689485,50.595137,2.107908,-1.118423,1.9056520000000035,0,56.813404,0.0,37.115093,48.689485,0.0043122116,0
2025-04-27 20:00:00,20,13745.21,14.9,56.813404,53.072639,2.039778,-0.696374,-3.740764999999996,0,37.235846,0.0,37.304142,56.813404,0.0010578441,0
2025-04-27 21:00:00,21,13667.463,13.8,37.235846,27.554025,1.936104,-0.130258,-9.681821000000003,0,29.388555,0.0,34.031116,37.235846,0.0005666518,0
2025-04-27 22:00:00,22,13102.423,12.1,29.388555,21.338117,1.820139,-0.051584,-8.050438,0,26.242323,0.0,28.095692,29.388555,0.00015902953,0
2025-04-27 23:00:00,23,12452.761,11.8,26.242323,22.639292,1.980695,0.051628,-3.603030999999998,0,20.288895,0.0,22.308163,26.242323,0.00046939604,0
2025-04-28 00:00:00,0,12053.112,10.9,20.288895,23.603047,1.926654,0.132241,3.314152,0,22.040632,0.0,21.117575,20.288895,0.0014378539,0
2025-04-28 01:00:00,1,11834.311000000002,10.0,22.040632,20.496229,1.379503,0.191129,-1.544402999999999,0,19.372531,0.0,19.049398,22.040632,0.00028900846,0
2025-04-28 02:00:00,2,11840.493,9.3,19.372531,20.559133,2.495876,0.186655,1.1866020000000006,0,20.642645,0.0,19.48881,19.372531,0.00012874279,0
2025-04-28 03:00:00,3,11911.866,8.6,20.642645,19.422348,2.462807,0.209838,-1.2202970000000022,0,22.825667,0.0,20.607412,20.642645,0.00029679463,0
2025-04-28 04:00:00,4,12306.857,8.2,22.825667,20.899309,2.430212,0.225455,-1.9263580000000005,0,27.738065,0.0,26.888636,22.825667,0.00030641744,0
2025-04-28 05:00:00,5,12940.863,7.9,27.738065,40.241981,2.312326,0.245739,12.503916000000004,0,46.785174,0.0,45.369167,27.738065,0.0019188859,0
2025-04-28 06:00:00,6,13918.673,7.4,46.785174,57.93618,2.011376,0.593798,11.151006000000002,0,33.667949,0.0,52.284264,46.785174,0.24582301,0
2025-04-28 07:00:00,7,14378.32,7.2,33.667949,28.386008,1.106518,0.401431,-5.281941,0,21.905009,0.0,34.85162,33.667949,0.002604783,0
2025-04-28 08:00:00,8,14481.447,8.6,21.905009,17.687227,0.29828,0.226729,-4.217782,0,21.880708,0.0,26.864876,21.905009,0.00022859145,0
2025-04-28 09:00:00,9,14413.772,11.7,21.880708,17.56988,0.233786,0.136922,-4.310827999999997,0,22.074893,0.0,22.211828,21.880708,6.077872e-05,0
2025-04-28 10:00:00,10,14354.419,14.0,22.074893,18.45442,0.234946,0.089947,-3.6204730000000005,0,22.477835,0.0,21.575163,22.074893,6.801764e-05,0
2025-04-28 11:00:00,11,14206.23,16.6,22.477835,17.448915,0.057153,0.090682,-5.028919999999999,0,22.207139,0.0,23.889318,22.477835,0.00010759922,0
2025-04-28 12:00:00,12,14445.105,18.6,22.207139,18.270124,0.064336,0.062803,-3.9370150000000024,0,23.931796,0.0,24.048512,22.207139,0.00010759922,0
2025-04-28 13:00:00,13,14461.223,20.0,23.931796,17.111423,0.153598,0.088198,-6.820373,0,24.240791,0.0,24.839148,23.931796,0.00011082877,0
2025-04-28 14:00:00,14,14566.714,21.1,24.240791,16.048232,-0.045702,0.096493,-8.192559000000003,0,25.369961,0.0,26.515278,24.240791,0.00011082877,0
2025-04-28 15:00:00,15,14724.141,22.0,25.369961,18.0056,0.074619,0.115342,-7.364360999999999,0,30.778599,0.0,30.323719,25.369961,0.00012469533,0
2025-04-28 16:00:00,16,14936.95,22.5,30.778599,22.776341,0.456138,0.132461,-8.002258000000001,0,36.126911,0.0,35.288094,30.778599,0.00013837041,0
2025-04-28 17:00:00,17,15333.996,22.6,36.126911,24.875344,0.447383,-0.000472,-11.251567000000001,0,52.481025,0.0,42.863857,36.126911,0.0004213258,0
2025-04-28 18:00:00,18,15517.552,22.2,52.481025,32.476729,1.90151,0.149515,-20.004296000000004,0,69.290605,0.0,44.112488,52.481025,0.0009608151,0
2025-04-28 19:00:00,19,15473.035,21.2,69.290605,107.902867,3.083142,-0.002537,38.612262,0,59.291807,0.0,45.553875,69.290605,0.008207779,0
2025-04-28 20:00:00,20,15429.473999999998,19.4,59.291807,42.14731,3.614175,-0.042368,-17.144497,0,37.775006,0.0,45.5184,59.291807,0.0010262091,0
2025-04-28 21:00:00,21,15177.379,19.0,37.775006,53.384475,1.976271,0.108735,15.609469000000004,0,28.629413,0.0,35.28771,37.775006,0.0007201566,0
2025-04-28 22:00:00,22,14409.15,18.1,28.629413,24.380161,1.36003,0.079383,-4.2492519999999985,0,23.084167,0.0,28.056429,28.629413,0.00014012452,0
2025-04-28 23:00:00,23,13387.351,17.3,23.084167,24.818771,0.898156,0.056011,1.734604000000001,0,24.055266,0.0,22.161955,23.084167,0.00011232715,0
2025-04-29 00:00:00,0,12700.634,16.9,24.055266,21.396137,1.061071,0.024195,-2.659129,0,23.291791,0.0,19.304766,24.055266,8.623602e-05,0
2025-04-29 01:00:00,1,12228.887,16.6,23.291791,18.499918,1.272473,0.029318,-4.791872999999999,0,21.960761,0.0,19.440329,23.291791,8.395304e-05,0
2025-04-29 02:00:00,2,12053.595,16.5,21.960761,18.72953,1.101946,-0.011185,-3.231231000000001,0,19.628502,0.0,18.954859,21.960761,0.00010009874,0
2025-04-29 03:00:00,3,11897.307,16.8,19.628502,17.710383,1.750247,0.018255,-1.9181190000000008,0,21.782827,0.0,20.088966,19.628502,0.00010009874,0
2025-04-29 04:00:00,4,12103.567,17.4,21.782827,18.400259,1.808446,-0.015619,-3.3825680000000027,0,25.859033,0.0,25.41226,21.782827,9.8264274e-05,0
2025-04-29 05:00:00,5,12670.266,18.0,25.859033,29.331543,2.06187,-0.042837,3.4725099999999998,0,35.304657,0.0,34.382824,25.859033,0.00040739446,0
2025-04-29 06:00:00,6,13608.433,18.4,35.304657,39.701031,1.717121,-0.222464,4.396374000000002,0,30.994979,0.0,45.27537,35.304657,0.0012779874,0
2025-04-29 07:00:00,7,14213.238,18.4,30.994979,28.624277,1.466064,-0.421085,-2.3707020000000014,0,24.433233,0.0,35.26158,30.994979,0.00048370677,0
2025-04-29 08:00:00,8,14474.155,19.0,24.433233,20.099821,0.616694,-0.293461,-4.333412000000003,0,24.094277,0.0,30.280338,24.433233,0.00041179606,0
2025-04-29 09:00:00,9,14652.105,21.2,24.094277,18.505162,0.574521,-0.270244,-5.589115000000003,0,26.533913,0.0,28.17893,24.094277,0.000118598844,0
2025-04-29 10:00:00,10,15039.547,22.1,26.533913,20.772683,0.244322,-0.290409,-5.761229999999998,0,29.043826,0.0,26.854843,26.533913,0.000104969025,0
2025-04-29 11:00:00,11,15445.631,23.0,29.043826,21.069214,-0.809302,-0.256872,-7.9746120000000005,0,33.184435,0.0,29.779284,29.043826,0.00036418118,0
2025-04-29 12:00:00,12,15802.949,24.8,33.184435,24.759607,-1.591082,-0.274483,-8.424828000000002,0,37.965618,0.0,34.473137,33.184435,0.00045329632,0
2025-04-29 13:00:00,13,16175.495,24.8,37.965618,30.119475,-2.030796,-0.313586,-7.846142999999998,0,39.963165,0.0,37.560337,37.965618,0.0003119058,0
2025-04-29 14:00:00,14,16302.989,24.9,39.963165,27.516654,-2.375607,-0.351228,-12.446510999999997,0,44.310891,0.0,42.091927,39.963165,0.0005812074,0
2025-04-29 15:00:00,15,16026.245,26.1,44.310891,28.310876,-2.120806,-0.578303,-16.000014999999998,0,50.323235,0.0,48.352264,44.310891,0.0012050776,0
2025-04-29 16:00:00,16,15873.515,23.5,50.323235,23.198206,-3.847124,-0.859641,-27.125028999999998,0,66.629749,0.0,52.914234,50.323235,0.015036357,0
2025-04-29 17:00:00,17,15774.875,23.5,66.629749,39.704178,-3.916533,-1.153718,-26.925571000000005,0,79.566857,1.0,54.49281,66.629749,0.010618773,0
2025-04-29 18:00:00,18,15903.918,24.9,79.566857,55.975158,-2.099127,-1.604016,-23.591699,1,92.113598,1.0,58.428234,79.566857,0.047681995,0
2025-04-29 19:00:00,19,15669.138,22.9,92.113598,54.287609,-0.37838,-1.998022,-37.82598899999999,1,102.993072,1.0,55.20427,92.113598,0.022691188,0
2025-04-29 20:00:00,20,15562.939,20.7,102.993072,81.803694,-0.608835,-1.748093,-21.189378000000005,1,63.77145,0.0,59.096363,102.993072,0.3055307,0
2025-04-29 21:00:00,21,15098.966,19.3,63.77145,51.155684,0.510969,-0.539519,-12.615766,0,49.163998,0.0,92.01446,63.77145,0.21516968,0
2025-04-29 22:00:00,22,14230.856,18.5,49.163998,31.778872,-0.29444,0.048438,-17.385126,0,38.771389,0.0,34.03123,49.163998,0.0022646196,0
2025-04-29 23:00:00,23,13252.546,18.2,38.771389,34.042352,0.426534,-0.005145,-4.729036999999998,0,33.74991,0.0,32.639366,38.771389,0.0004282413,0
2025-04-30 00:00:00,0,12554.45,17.9,33.74991,33.049671,-0.261651,-0.158439,-0.7002390000000034,0,27.579734,0.0,32.64421,33.74991,0.0003425543,0
2025-04-30 01:00:00,1,12149.76,17.2,27.579734,23.52834,-0.080027,-0.040239,-4.051393999999998,0,25.343232,0.0,27.058584,27.579734,0.00028938314,0
2025-04-30 02:00:00,2,11900.881,15.9,25.343232,24.26677,0.158319,0.044913,-1.0764619999999994,0,23.88836,0.0,21.346436,25.343232,0.00025587538,0
2025-04-30 03:00:00,3,11693.461,14.9,23.88836,21.809867,0.251093,-0.022733,-2.078492999999998,0,25.265492,0.0,22.806505,23.88836,9.2297385e-05,0
2025-04-30 04:00:00,4,11804.429,13.4,25.265492,22.478395,0.504674,-0.039182,-2.7870969999999993,0,30.62485,0.0,27.57623,25.265492,0.0001046046,0
2025-04-30 05:00:00,5,12345.893,12.1,30.62485,32.562228,0.755801,-0.150951,1.937377999999999,0,43.484666,0.0,37.791767,30.62485,0.00022745527,0
2025-04-30 06:00:00,6,13189.708,10.2,43.484666,33.751048,1.224038,-0.069372,-9.733618,0,40.146692,0.0,58.145092,43.484666,0.009482734,0
2025-04-30 07:00:00,7,13755.869,9.4,40.146692,40.237558,0.431488,-0.184796,0.09086599999999834,0,30.497608,0.0,41.24177,40.146692,0.0023620224,0
2025-04-30 08:00:00,8,13932.763,9.8,30.497608,28.531661,0.07771,-0.160102,-1.965947,0,28.864837,0.0,34.28598,30.497608,0.0006396604,0
2025-04-30 09:00:00,9,14044.61,12.2,28.864837,26.696786,-0.601953,-0.25321,-2.168051000000002,0,29.482669,0.0,28.826239,28.864837,0.00036092158,0
2025-04-30 10:00:00,10,14164.218,13.9,29.482669,22.668006,-2.039827,-0.327504,-6.814663000000003,0,32.270503,0.0,28.727333,29.482669,0.00040409472,0
2025-04-30 11:00:00,11,14592.214,15.6,32.270503,28.864979,-4.357324,-0.332173,-3.405523999999996,0,34.098878,0.0,30.027975,32.270503,0.000977932,0
2025-04-30 12:00:00,12,14688.054,17.2,34.098878,29.257275,-6.999393,-0.511729,-4.841602999999999,0,37.715331,0.0,31.91639,34.098878,0.0007800638,0
2025-04-30 13:00:00,13,15131.111,18.5,37.715331,33.55783,-10.196654,-0.618015,-4.157500999999996,0,40.760321,0.0,36.43689,37.715331,0.0009844009,0
2025-04-30 14:00:00,14,15332.003,19.7,40.760321,25.210044,-13.003628,-0.826051,-15.550276999999998,0,44.923575,0.0,42.13125,40.760321,0.0045115636,0
2025-04-30 15:00:00,15,15470.287,20.2,44.923575,26.325083,-17.942547,-1.183878,-18.598492,0,59.484023,0.0,47.43471,44.923575,0.00619493,0
2025-04-30 16:00:00,16,15562.221,20.5,59.484023,29.785275,-13.937066,-1.868911,-29.698748000000002,0,61.882144,0.0,58.993725,59.484023,0.12472354,0
2025-04-30 17:00:00,17,15717.1,21.0,61.882144,57.220404,-13.129678,-2.218178,-4.661739999999995,0,71.86603,1.0,76.58832,61.882144,0.65321773,1
2025-04-30 18:00:00,18,15658.764,21.0,71.86603,46.918858,-6.303363,-1.990607,-24.947171999999995,1,84.851251,1.0,66.764206,71.86603,0.21748051,0
2025-04-30 19:00:00,19,15471.12,21.4,84.851251,62.717283,-5.661386,-1.967363,-22.133968000000003,1,85.08475,1.0,52.93464,84.851251,0.048377994,0
2025-04-30 20:00:00,20,15415.869,19.9,85.08475,49.992789,-4.239189,-1.526061,-35.091961,1,54.612657,0.0,54.674297,85.08475,0.14353622,0
2025-04-30 21:00:00,21,15211.573,18.2,54.612657,35.093171,-0.915975,-0.831368,-19.519486,0,37.880651,0.0,48.767242,54.612657,0.027208071,0
2025-04-30 22:00:00,22,14197.577,17.4,37.880651,27.906064,-0.494062,-0.575287,-9.974587,0,29.767205,0.0,36.836002,37.880651,0.00080917473,0
