datetime,hour,total_lmp_day_ahead,total_lmp_real_time,rt_da_spread,load_mw,pred_next_hour_da_lmp,pred_spread,spread_signal,signal_direction
2025-01-25 02:00:00,2,67.248694,66.799678,-0.4490160000000003,18671.343,67.24809,-0.0006013486328129147,-0.4490160000000003,Neutral
2025-01-25 03:00:00,3,68.338441,52.949644,-15.388797000000004,18786.979,69.21872,0.8802784824218719,-15.388797000000004,Neutral
2025-01-25 04:00:00,4,68.117745,52.661607,-15.456138000000003,19066.331,71.928986,3.8112405957031257,-15.456138000000003,Neutral
2025-01-25 05:00:00,5,73.355788,73.958804,0.6030159999999967,19366.605,83.45871,10.102921716796871,0.6030159999999967,Neutral
2025-01-25 06:00:00,6,87.484376,67.687288,-19.797088000000002,19662.431,98.75794,11.273566199707034,-19.797088000000002,Neutral
2025-01-25 07:00:00,7,101.498152,171.384319,69.886167,20029.739,78.49299,-23.005163413574223,69.886167,RT premium / potential DA hedge
2025-01-25 08:00:00,8,86.600361,59.803606,-26.796755000000005,20171.968,80.14428,-6.456081520019538,-26.796755000000005,DA premium / potential RT hedge
2025-01-25 09:00:00,9,61.849718,44.918477,-16.931241,19498.028,50.330666,-11.519052411621097,-16.931241,Neutral
2025-01-25 10:00:00,10,42.176678,27.263672,-14.913006000000003,18733.648,47.91684,5.7401615996093724,-14.913006000000003,Neutral
2025-01-25 11:00:00,11,38.81304,30.704015,-8.109025000000003,17968.394,42.79951,3.986470955810546,-8.109025000000003,Neutral
2025-01-25 12:00:00,12,33.953744,29.016927,-4.936817000000001,17326.95,39.744946,5.7912015261230465,-4.936817000000001,Neutral
2025-01-25 13:00:00,13,33.024763,23.613912,-9.410851000000001,16819.978,35.80565,2.7808858037109374,-9.410851000000001,Neutral
2025-01-25 14:00:00,14,32.250175,21.873014,-10.377160999999997,16340.76,33.312817,1.0626416198730482,-10.377160999999997,Neutral
2025-01-25 15:00:00,15,33.543089,26.876953,-6.666136000000002,16289.819,38.97797,5.434881123291014,-6.666136000000002,Neutral
2025-01-25 16:00:00,16,37.118367,31.365623,-5.752744,16486.175000000003,51.404552,14.286185459716798,-5.752744,Neutral
2025-01-25 17:00:00,17,45.629966,36.293854,-9.336112,17066.665,52.692345,7.062378665527341,-9.336112,Neutral
2025-01-25 18:00:00,18,45.135451,33.355245,-11.780206000000007,17666.711,47.457436,2.321984607910153,-11.780206000000007,Neutral
2025-01-25 19:00:00,19,44.585808,37.659316,-6.926492000000003,17712.326,41.662205,-2.9236032575683595,-6.926492000000003,Neutral
2025-01-25 20:00:00,20,42.221252,36.686476,-5.534776000000001,17621.371,42.285713,0.06446119580078147,-5.534776000000001,Neutral
2025-01-25 21:00:00,21,39.685232,36.695942,-2.989289999999997,17377.977,37.67934,-2.005891637451171,-2.989289999999997,Neutral
2025-01-25 22:00:00,22,38.636134,31.033102,-7.603031999999999,16964.034,36.84966,-1.7864750339355453,-7.603031999999999,Neutral
2025-01-25 23:00:00,23,38.059411,32.329743,-5.729667999999997,16530.16,39.656277,1.5968657028808622,-5.729667999999997,Neutral
2025-01-26 00:00:00,0,36.97044,33.149692,-3.820748000000002,16302.891,39.32871,2.358268648681637,-3.820748000000002,Neutral
2025-01-26 01:00:00,1,33.61126,30.985018,-2.6262420000000013,16043.969,39.12374,5.512481149902342,-2.6262420000000013,Neutral
2025-01-26 02:00:00,2,33.139698,34.266684,1.1269859999999952,16063.037,32.739594,-0.40010449414062776,1.1269859999999952,Neutral
2025-01-26 03:00:00,3,33.661447,37.795718,4.134270999999998,16138.45,35.12253,1.461084890869138,4.134270999999998,Neutral
2025-01-26 04:00:00,4,33.831397,34.247251,0.41585399999999595,16178.212,36.51146,2.680062350585935,0.41585399999999595,Neutral
2025-01-26 05:00:00,5,35.524346,44.887328,9.362981999999995,16268.828,44.25582,8.731475228027342,9.362981999999995,Neutral
2025-01-26 06:00:00,6,39.177393,38.888103,-0.28929000000000116,16556.248,57.591827,18.414434392578123,-0.28929000000000116,Neutral
2025-01-26 07:00:00,7,42.908246,42.842291,-0.06595499999999532,16954.496,42.296124,-0.6121224953613265,-0.06595499999999532,Neutral
2025-01-26 08:00:00,8,42.276762,47.535319,5.258557000000003,17330.076,43.343204,1.0664424982910177,5.258557000000003,Neutral
2025-01-26 09:00:00,9,34.864873,37.472688,2.607814999999995,17190.272,41.581837,6.71696370043945,2.607814999999995,Neutral
2025-01-26 10:00:00,10,34.892103,34.789304,-0.10279899999999742,16826.064,35.152313,0.26021023242187624,-0.10279899999999742,Neutral
2025-01-26 11:00:00,11,33.504511,31.873338,-1.6311730000000004,16380.025,35.87059,2.3660792099609367,-1.6311730000000004,Neutral
2025-01-26 12:00:00,12,33.722588,32.353928,-1.3686599999999984,16115.565,33.058743,-0.6638454768066424,-1.3686599999999984,Neutral
2025-01-26 13:00:00,13,32.48793,28.565352,-3.922577999999998,15782.576,32.185562,-0.30236786621093614,-3.922577999999998,Neutral
2025-01-26 14:00:00,14,31.662372,27.499649,-4.162723,15610.911,32.092422,0.4300504853515612,-4.162723,Neutral
2025-01-26 15:00:00,15,33.542771,26.392406,-7.150365000000001,15589.104,36.846367,3.303595882324217,-7.150365000000001,Neutral
2025-01-26 16:00:00,16,35.915624,38.40819,2.4925659999999965,15939.345,49.285145,13.369520805908202,2.4925659999999965,Neutral
2025-01-26 17:00:00,17,47.298734,49.387269,2.0885350000000003,16598.516,42.737747,-4.560986807617191,2.0885350000000003,Neutral
2025-01-26 18:00:00,18,47.855615,46.774837,-1.0807780000000022,17325.087,44.943558,-2.9120572607421877,-1.0807780000000022,Neutral
2025-01-26 19:00:00,19,45.625187,98.312352,52.68716500000001,17533.156,45.799213,0.1740264094238313,52.68716500000001,RT premium / potential DA hedge
2025-01-26 20:00:00,20,44.138837,48.63913,4.500292999999999,17432.642,42.920033,-1.2188044987792992,4.500292999999999,Neutral
2025-01-26 21:00:00,21,42.686885,41.069607,-1.6172779999999989,17047.732,40.86892,-1.8179656274414029,-1.6172779999999989,Neutral
2025-01-26 22:00:00,22,40.596042,41.019796,0.4237540000000024,16729.487,40.237423,-0.3586190568847627,0.4237540000000024,Neutral
2025-01-26 23:00:00,23,37.658414,37.008374,-0.6500399999999971,16225.354,37.20686,-0.4515544113769536,-0.6500399999999971,Neutral
2025-01-27 00:00:00,0,35.799242,34.69827,-1.1009719999999987,16025.178,36.266354,0.4671116071777348,-1.1009719999999987,Neutral
2025-01-27 01:00:00,1,34.25104,32.545992,-1.705048000000005,16002.128,35.94462,1.693578225097653,-1.705048000000005,Neutral
2025-01-27 02:00:00,2,33.806016,32.058298,-1.747717999999999,16174.304,35.464638,1.6586217563476566,-1.747717999999999,Neutral
2025-01-27 03:00:00,3,33.992778,33.761165,-0.23161300000000296,16363.196,37.203876,3.211098495361327,-0.23161300000000296,Neutral
2025-01-27 04:00:00,4,35.552527,34.973026,-0.5795010000000005,16744.34,43.36956,7.817033241699221,-0.5795010000000005,Neutral
2025-01-27 05:00:00,5,38.781974,34.128554,-4.653419999999997,17598.411,59.25978,20.477806883789064,-4.653419999999997,Neutral
2025-01-27 06:00:00,6,57.304922,63.575497,6.270575000000001,18791.387,76.21315,18.908228024414065,6.270575000000001,Neutral
2025-01-27 07:00:00,7,70.558691,64.661006,-5.897684999999996,19679.389,58.414783,-12.143907522216793,-5.897684999999996,Neutral
2025-01-27 08:00:00,8,46.472918,47.616716,1.1437979999999968,19608.914,52.59965,6.126733336669922,1.1437979999999968,Neutral
2025-01-27 09:00:00,9,38.062941,27.062976,-10.999965000000003,18920.108,45.657047,7.5941062717285135,-10.999965000000003,Neutral
2025-01-27 10:00:00,10,33.61146,26.086631,-7.524829,18304.096,42.453426,8.841966361083983,-7.524829,Neutral
2025-01-27 11:00:00,11,30.94591,25.871544,-5.074366000000001,17848.437,37.23782,6.291909671630858,-5.074366000000001,Neutral
2025-01-27 12:00:00,12,30.285723,26.765821,-3.519902000000002,17446.72,35.069656,4.783933372070312,-3.519902000000002,Neutral
2025-01-27 13:00:00,13,29.073342,25.461238,-3.6121039999999986,17061.274,35.276623,6.203280772216797,-3.6121039999999986,Neutral
2025-01-27 14:00:00,14,28.068917,24.949245,-3.119671999999998,16777.724000000002,33.250183,5.181266105468751,-3.119671999999998,Neutral
2025-01-27 15:00:00,15,28.842676,25.309135,-3.5335409999999996,16675.628,37.211777,8.369100733398437,-3.5335409999999996,Neutral
2025-01-27 16:00:00,16,32.686928,28.493983,-4.192945000000002,16890.954999999998,49.507393,16.82046488330078,-4.192945000000002,Neutral
2025-01-27 17:00:00,17,46.58985,55.399169,8.809319000000002,17499.551,43.32463,-3.265219262695311,8.809319000000002,Neutral
2025-01-27 18:00:00,18,45.746647,39.445307,-6.301340000000003,18246.986,45.83529,0.0886420014648408,-6.301340000000003,Neutral
2025-01-27 19:00:00,19,41.330483,43.191047,1.8605639999999966,18479.191,43.814087,2.483603914062499,1.8605639999999966,Neutral
2025-01-27 20:00:00,20,40.888522,53.491549,12.603026999999997,18432.749,38.68549,-2.203032345458986,12.603026999999997,Neutral
2025-01-27 21:00:00,21,39.193123,38.564051,-0.6290720000000007,18092.266,34.348457,-4.844665663574219,-0.6290720000000007,Neutral
2025-01-27 22:00:00,22,35.741957,30.346926,-5.3950309999999995,17508.976,33.11376,-2.6281950981445306,-5.3950309999999995,Neutral
2025-01-27 23:00:00,23,32.881488,27.188107,-5.693380999999999,16930.495,30.190815,-2.6906730280761693,-5.693380999999999,Neutral
2025-01-28 00:00:00,0,31.08366,29.629274,-1.4543859999999995,16596.083,29.26531,-1.8183497125244124,-1.4543859999999995,Neutral
2025-01-28 01:00:00,1,30.951888,30.483745,-0.4681430000000013,16336.395,28.101385,-2.850502883422852,-0.4681430000000013,Neutral
2025-01-28 02:00:00,2,29.943105,29.246449,-0.6966560000000008,16262.869,28.62687,-1.316235798339843,-0.6966560000000008,Neutral
2025-01-28 03:00:00,3,30.24486,30.994899,0.750039000000001,16251.335,30.422878,0.17801826538086019,0.750039000000001,Neutral
2025-01-28 04:00:00,4,32.550982,32.187396,-0.36358599999999797,16478.114,34.90438,2.353398798339846,-0.36358599999999797,Neutral
2025-01-28 05:00:00,5,35.928544,32.952222,-2.9763220000000032,17174.042,50.986244,15.057700201660154,-2.9763220000000032,Neutral
2025-01-28 06:00:00,6,53.280996,50.610185,-2.6708110000000005,18064.763,61.49453,8.213533724121092,-2.6708110000000005,Neutral
2025-01-28 07:00:00,7,74.05078,52.138862,-21.911918,18585.622,44.113586,-29.937193574218753,-21.911918,Neutral
2025-01-28 08:00:00,8,39.843662,41.757344,1.9136820000000014,18351.43,41.225815,1.3821528193359356,1.9136820000000014,Neutral
2025-01-28 09:00:00,9,34.457271,25.3711,-9.086171,17638.811999999998,35.091938,0.6346670187988295,-9.086171,Neutral
2025-01-28 10:00:00,10,30.942857,31.25478,0.3119230000000002,17135.851,30.667492,-0.2753650871582032,0.3119230000000002,Neutral
2025-01-28 11:00:00,11,28.919957,27.570136,-1.3498209999999986,16687.417,28.920557,0.0006000220947264268,-1.3498209999999986,Neutral
2025-01-28 12:00:00,12,27.096204,20.183143,-6.913060999999999,16431.811999999998,28.403172,1.3069675393066404,-6.913060999999999,Neutral
2025-01-28 13:00:00,13,25.401683,21.364883,-4.0367999999999995,16133.412,27.109818,1.708134504882814,-4.0367999999999995,Neutral
2025-01-28 14:00:00,14,24.077011,20.059372,-4.017638999999999,15880.817,25.14832,1.0713082443847668,-4.017638999999999,Neutral
2025-01-28 15:00:00,15,24.638711,19.777062,-4.861649,15667.507999999998,26.808979,2.1702680344238274,-4.861649,Neutral
2025-01-28 16:00:00,16,27.98066,22.770292,-5.210367999999999,15815.522,32.469852,4.489192447509765,-5.210367999999999,Neutral
2025-01-28 17:00:00,17,42.792692,36.578464,-6.214228000000006,16466.434,34.95168,-7.841012770263674,-6.214228000000006,Neutral
2025-01-28 18:00:00,18,41.912863,39.896033,-2.016829999999999,17166.4,39.694874,-2.2179891901855484,-2.016829999999999,Neutral
2025-01-28 19:00:00,19,39.933396,36.714118,-3.2192780000000027,17351.156,35.806664,-4.126732486816408,-3.2192780000000027,Neutral
2025-01-28 20:00:00,20,36.845147,43.004311,6.159164000000004,17366.021,31.461187,-5.383959637329099,6.159164000000004,Neutral
2025-01-28 21:00:00,21,34.86296,31.824187,-3.0387730000000026,17048.264,27.943905,-6.919055123291017,-3.0387730000000026,Neutral
2025-01-28 22:00:00,22,30.754069,26.572245,-4.181824000000002,16467.169,28.135899,-2.6181704099121106,-4.181824000000002,Neutral
2025-01-28 23:00:00,23,26.964971,25.497133,-1.4678379999999969,15999.333,26.617256,-0.3477148354492172,-1.4678379999999969,Neutral
2025-01-29 00:00:00,0,27.840922,27.163033,-0.6778890000000004,15546.712,24.63116,-3.2097612639160147,-0.6778890000000004,Neutral
2025-01-29 01:00:00,1,27.702223,30.13572,2.433496999999999,15236.312,24.732624,-2.969598946044922,2.433496999999999,Neutral
2025-01-29 02:00:00,2,27.240706,29.826802,2.5860960000000013,15217.669,25.055712,-2.184994253784179,2.5860960000000013,Neutral
2025-01-29 03:00:00,3,29.16337,35.632141,6.468770999999997,15272.415,27.18003,-1.9833391772460942,6.468770999999997,Neutral
2025-01-29 04:00:00,4,29.857382,30.140737,0.28335500000000025,15506.999,33.023697,3.1663148994140613,0.28335500000000025,Neutral
2025-01-29 05:00:00,5,33.005924,37.213284,4.207360000000001,16105.537,50.72865,17.722725139404297,4.207360000000001,Neutral
2025-01-29 06:00:00,6,48.144761,51.924424,3.7796629999999993,17185.725,55.574463,7.429701890624997,3.7796629999999993,Neutral
2025-01-29 07:00:00,7,50.816433,61.457033,10.6406,17745.395,39.384274,-11.43215947094727,10.6406,Neutral
2025-01-29 08:00:00,8,34.867324,27.234944,-7.632380000000005,17434.958,37.992165,3.1248406118164027,-7.632380000000005,Neutral
2025-01-29 09:00:00,9,27.888633,24.86009,-3.028542999999999,16949.13,30.563316,2.674683345214845,-3.028542999999999,Neutral
2025-01-29 10:00:00,10,25.758958,23.065064,-2.6938940000000002,16529.472999999998,26.699545,0.9405869066162111,-2.6938940000000002,Neutral
2025-01-29 11:00:00,11,25.674835,22.734725,-2.9401100000000007,16179.263,25.468178,-0.20665720458984538,-2.9401100000000007,Neutral
2025-01-29 12:00:00,12,25.369128,23.797991,-1.5711370000000002,15869.3,25.319988,-0.049139749267578026,-1.5711370000000002,Neutral
2025-01-29 13:00:00,13,25.194609,22.628488,-2.566120999999999,15670.237,24.705124,-0.4894850986328123,-2.566120999999999,Neutral
2025-01-29 14:00:00,14,24.93556,21.716376,-3.2191839999999985,15460.919,25.408882,0.4733221411132824,-3.2191839999999985,Neutral
2025-01-29 15:00:00,15,25.325752,21.288019,-4.037733000000003,15332.001,28.179852,2.8540995319824205,-4.037733000000003,Neutral
2025-01-29 16:00:00,16,29.014905,28.141338,-0.8735669999999978,15433.267,32.511868,3.4969625231933605,-0.8735669999999978,Neutral
2025-01-29 17:00:00,17,49.881153,84.267489,34.386336,16069.75,33.32449,-16.55666340649414,34.386336,RT premium / potential DA hedge
2025-01-29 18:00:00,18,51.087065,105.437789,54.35072399999999,16732.554,41.846634,-9.24043108886719,54.35072399999999,RT premium / potential DA hedge
2025-01-29 19:00:00,19,46.288885,74.547997,28.259111999999995,16930.72,40.24546,-6.043424489746094,28.259111999999995,RT premium / potential DA hedge
2025-01-29 20:00:00,20,46.48659,46.882063,0.39547300000000263,16895.29,35.6943,-10.79228839477539,0.39547300000000263,Neutral
2025-01-29 21:00:00,21,39.765158,41.113371,1.3482130000000012,16664.25,33.804085,-5.961073222167968,1.3482130000000012,Neutral
2025-01-29 22:00:00,22,35.771518,48.803846,13.032328,16239.064,30.348082,-5.423436411254883,13.032328,Neutral
2025-01-29 23:00:00,23,33.248015,34.371095,1.1230799999999945,15878.868,29.986107,-3.2619081274414086,1.1230799999999945,Neutral
2025-01-30 00:00:00,0,32.515996,30.918573,-1.5974230000000027,15624.713,31.364464,-1.1515321938476575,-1.5974230000000027,Neutral
2025-01-30 01:00:00,1,31.242122,31.632007,0.38988500000000315,15461.324,30.876303,-0.36581928088378746,0.38988500000000315,Neutral
2025-01-30 02:00:00,2,30.928885,30.766022,-0.16286300000000153,15553.23,30.425621,-0.5032639672851573,-0.16286300000000153,Neutral
2025-01-30 03:00:00,3,32.448032,36.017997,3.5699650000000034,15620.112,32.34005,-0.10798225634765402,3.5699650000000034,Neutral
2025-01-30 04:00:00,4,34.361044,35.943212,1.582168000000003,16071.705000000002,38.535183,4.17413895288086,1.582168000000003,Neutral
2025-01-30 05:00:00,5,37.366164,38.777663,1.4114989999999992,16923.587,56.430286,19.064122407470705,1.4114989999999992,Neutral
2025-01-30 06:00:00,6,56.893871,71.472704,14.578832999999996,18077.438,65.97101,9.077137300781253,14.578832999999996,Neutral
2025-01-30 07:00:00,7,62.762044,47.485069,-15.276975,18800.2,50.652084,-12.109959649414066,-15.276975,Neutral
2025-01-30 08:00:00,8,37.863125,31.916668,-5.946456999999995,18701.004999999997,44.691544,6.828418579101566,-5.946456999999995,Neutral
2025-01-30 09:00:00,9,30.639355,27.023798,-3.615556999999999,17994.847999999998,36.324944,5.68558854248047,-3.615556999999999,Neutral
2025-01-30 10:00:00,10,27.866103,42.284479,14.418375999999999,17246.534,30.918892,3.0527889067382823,14.418375999999999,Neutral
2025-01-30 11:00:00,11,27.080183,23.084597,-3.995586000000003,16482.976,28.3089,1.2287178331298811,-3.995586000000003,Neutral
2025-01-30 12:00:00,12,26.96745,27.605076,0.6376260000000009,16117.717,27.966599,0.999148510742188,0.6376260000000009,Neutral
2025-01-30 13:00:00,13,26.607391,39.01627,12.408878999999999,15961.177,26.918768,0.31137692907714865,12.408878999999999,Neutral
2025-01-30 14:00:00,14,26.738464,37.500122,10.761657999999997,15759.49,26.63929,-0.0991741440429692,10.761657999999997,Neutral
2025-01-30 15:00:00,15,28.109092,40.695431,12.586338999999999,15829.819,30.671017,2.561924693115234,12.586338999999999,Neutral
2025-01-30 16:00:00,16,32.745003,38.210813,5.465810000000005,15976.237,35.715313,2.970309957763675,5.465810000000005,Neutral
2025-01-30 17:00:00,17,37.972743,67.277269,29.304526000000003,16540.735,39.536972,1.5642290458984363,29.304526000000003,RT premium / potential DA hedge
2025-01-30 18:00:00,18,37.848537,48.228006,10.379469,17039.065000000002,41.281292,3.4327549616699216,10.379469,Neutral
2025-01-30 19:00:00,19,37.155786,44.560553,7.404767,16835.957,36.413654,-0.742131672607421,7.404767,Neutral
2025-01-30 20:00:00,20,36.560591,38.912253,2.3516619999999975,16781.09,34.14759,-2.413000362792971,2.3516619999999975,Neutral
2025-01-30 21:00:00,21,33.995309,36.453035,2.457726000000001,16390.542999999998,31.22635,-2.768958215698241,2.457726000000001,Neutral
2025-01-30 22:00:00,22,30.650449,32.967747,2.3172980000000045,15676.026000000002,28.678568,-1.9718811136474592,2.3172980000000045,Neutral
2025-01-30 23:00:00,23,28.286219,26.899188,-1.3870310000000003,15026.08,27.025862,-1.2603572598876944,-1.3870310000000003,Neutral
2025-01-31 00:00:00,0,28.682606,27.115024,-1.5675820000000016,14558.45,26.321783,-2.3608229342041014,-1.5675820000000016,Neutral
2025-01-31 01:00:00,1,28.051596,26.646029,-1.4055670000000013,14438.297,26.861412,-1.1901839516601562,-1.4055670000000013,Neutral
2025-01-31 02:00:00,2,27.105336,24.266286,-2.8390500000000003,14306.649,26.696224,-0.40911178735351683,-2.8390500000000003,Neutral
2025-01-31 03:00:00,3,27.071658,29.059028,1.987370000000002,14418.06,28.268963,1.1973048601074225,1.987370000000002,Neutral
2025-01-31 04:00:00,4,27.414072,35.780303,8.366231000000003,14589.152,32.104065,4.689992941406249,8.366231000000003,Neutral
2025-01-31 05:00:00,5,28.983047,30.351605,1.3685580000000002,15262.887,43.01261,14.029564389160157,1.3685580000000002,Neutral
2025-01-31 06:00:00,6,33.994189,35.88528,1.891091000000003,16158.692,41.786823,7.7926342727050795,1.891091000000003,Neutral
2025-01-31 07:00:00,7,37.06368,33.90097,-3.162709999999997,16514.997,33.084198,-3.979482001953123,-3.162709999999997,Neutral
2025-01-31 08:00:00,8,40.59513,34.478009,-6.117120999999997,16667.859,32.476646,-8.118483576660154,-6.117120999999997,Neutral
2025-01-31 09:00:00,9,38.750986,34.382757,-4.3682289999999995,16640.284,33.24324,-5.507745643554685,-4.3682289999999995,Neutral
2025-01-31 10:00:00,10,35.757597,37.373577,1.6159800000000004,16647.784,34.53673,-1.2208652800292938,1.6159800000000004,Neutral
2025-01-31 11:00:00,11,33.959678,29.493614,-4.466063999999996,16479.452,33.62319,-0.33648616650390295,-4.466063999999996,Neutral
2025-01-31 12:00:00,12,32.654885,30.712919,-1.9419660000000007,16315.318,32.38626,-0.26862401367187516,-1.9419660000000007,Neutral
2025-01-31 13:00:00,13,30.472779,23.661718,-6.811060999999999,16111.485,30.266733,-0.2060458304443351,-6.811060999999999,Neutral
2025-01-31 14:00:00,14,27.465702,24.915585,-2.550117,15776.748,29.388964,1.92326169934082,-2.550117,Neutral
2025-01-31 15:00:00,15,29.13018,23.629647,-5.500533000000001,15652.218,30.953514,1.8233340991210945,-5.500533000000001,Neutral
2025-01-31 16:00:00,16,30.224657,27.32484,-2.8998170000000023,15660.457,35.626904,5.402246533935546,-2.8998170000000023,Neutral
2025-01-31 17:00:00,17,36.584958,34.305289,-2.2796689999999984,15820.682,34.338284,-2.246674461181641,-2.2796689999999984,Neutral
2025-01-31 18:00:00,18,35.126417,30.663256,-4.463160999999996,16087.745,34.669304,-0.4571131059570277,-4.463160999999996,Neutral
2025-01-31 19:00:00,19,31.146962,23.126134,-8.020827999999998,16005.666,32.59572,1.448756383789064,-8.020827999999998,Neutral
2025-01-31 20:00:00,20,30.531641,22.559377,-7.972263999999999,15802.541,27.724678,-2.8069629604492192,-7.972263999999999,Neutral
2025-01-31 21:00:00,21,29.43339,21.596513,-7.836876999999998,15473.804,25.607231,-3.8261588598632805,-7.836876999999998,Neutral
2025-01-31 22:00:00,22,26.523388,21.269014,-5.254374000000002,15027.669,25.050373,-1.4730149226074225,-5.254374000000002,Neutral
2025-01-31 23:00:00,23,25.202548,24.360898,-0.8416500000000013,14598.003,23.923882,-1.2786664692382814,-0.8416500000000013,Neutral
2025-02-01 00:00:00,0,24.354646,30.158919,5.804273000000002,14150.85,23.799326,-0.5553200570068348,5.804273000000002,Neutral
2025-02-01 01:00:00,1,24.096936,24.82026,0.7233240000000016,14023.905,23.630745,-0.4661910659179682,0.7233240000000016,Neutral
2025-02-01 02:00:00,2,24.331565,24.520837,0.189271999999999,13958.111,23.629704,-0.7018614782714856,0.189271999999999,Neutral
2025-02-01 03:00:00,3,24.378035,26.330844,1.9528089999999985,14030.483,25.035717,0.6576820104980463,1.9528089999999985,Neutral
2025-02-01 04:00:00,4,24.982725,30.425805,5.443080000000002,14273.136,26.762554,1.7798291687011734,5.443080000000002,Neutral
2025-02-01 05:00:00,5,25.278985,27.196794,1.9178090000000019,14635.178,32.04546,6.766474747314454,1.9178090000000019,Neutral
2025-02-01 06:00:00,6,26.585102,26.571433,-0.013669000000000153,15049.006,32.359295,5.774192891357423,-0.013669000000000153,Neutral
2025-02-01 07:00:00,7,32.025441,38.73344,6.707999000000001,15583.981,29.714947,-2.310494253173829,6.707999000000001,Neutral
2025-02-01 08:00:00,8,30.879625,31.911069,1.0314440000000005,15926.591,30.80682,-0.07280508422851639,1.0314440000000005,Neutral
2025-02-01 09:00:00,9,26.487106,22.237114,-4.249992000000002,16089.908,29.936409,3.4493029965820305,-4.249992000000002,Neutral
2025-02-01 10:00:00,10,26.17383,25.405414,-0.7684159999999984,16060.445,26.582468,0.40863803283691524,-0.7684159999999984,Neutral
2025-02-01 11:00:00,11,25.942413,25.457035,-0.4853779999999972,15831.854,26.27991,0.3374961339111344,-0.4853779999999972,Neutral
2025-02-01 12:00:00,12,25.556115,22.908003,-2.6481119999999976,15500.693,24.731785,-0.8243301794433577,-2.6481119999999976,Neutral
2025-02-01 13:00:00,13,24.849163,21.388635,-3.460528,15125.633,24.35287,-0.4962920588378914,-3.460528,Neutral
2025-02-01 14:00:00,14,25.263046,21.134014,-4.129031999999999,14911.398,24.239313,-1.0237328743896477,-4.129031999999999,Neutral
2025-02-01 15:00:00,15,25.666715,22.199534,-3.467181,14898.843,29.520716,3.8540007135009766,-3.467181,Neutral
2025-02-01 16:00:00,16,30.102632,27.571094,-2.531538000000001,15068.716,38.22918,8.126547382324219,-2.531538000000001,Neutral
2025-02-01 17:00:00,17,40.511717,72.700516,32.188798999999996,15573.148,35.99144,-4.52027718066406,32.188798999999996,RT premium / potential DA hedge
2025-02-01 18:00:00,18,41.350692,39.340849,-2.0098430000000036,16444.689,35.41675,-5.933940138427737,-2.0098430000000036,Neutral
2025-02-01 19:00:00,19,40.217712,59.119333,18.901621,16699.497,34.712967,-5.504745081054686,18.901621,Neutral
2025-02-01 20:00:00,20,38.980861,51.731457,12.750596000000002,16748.521,34.892178,-4.088683418212888,12.750596000000002,Neutral
2025-02-01 21:00:00,21,38.14033,38.446512,0.30618199999999973,16645.442,32.634327,-5.506003065185546,0.30618199999999973,Neutral
2025-02-01 22:00:00,22,36.096838,31.592833,-4.504004999999999,16401.481,31.490595,-4.606243136108397,-4.504004999999999,Neutral
2025-02-01 23:00:00,23,33.988236,30.998854,-2.989381999999999,16057.345,30.950386,-3.0378499526367193,-2.989381999999999,Neutral
2025-02-02 00:00:00,0,34.427522,43.932631,9.505108999999997,15802.627,31.694927,-2.7325947844238314,9.505108999999997,Neutral
2025-02-02 01:00:00,1,33.899286,46.619135,12.719849000000004,15680.297,31.788223,-2.111062733398434,12.719849000000004,Neutral
2025-02-02 02:00:00,2,33.958577,27.985298,-5.973278999999998,15580.838,31.94535,-2.013226353027342,-5.973278999999998,Neutral
2025-02-02 03:00:00,3,34.307493,35.718675,1.4111819999999966,15638.754,32.21078,-2.0967119025878915,1.4111819999999966,Neutral
2025-02-02 04:00:00,4,34.992514,31.374754,-3.6177600000000005,15629.023,33.27558,-1.7169326401367186,-3.6177600000000005,Neutral
2025-02-02 05:00:00,5,35.827069,42.144346,6.317276999999997,15850.763,39.65596,3.828891083007811,6.317276999999997,Neutral
2025-02-02 06:00:00,6,39.770682,30.573875,-9.196807,16146.451,47.284332,7.513650275390624,-9.196807,Neutral
2025-02-02 07:00:00,7,45.24452,34.755705,-10.488815000000002,16526.95,34.29989,-10.944631389160158,-10.488815000000002,Neutral
2025-02-02 08:00:00,8,40.613078,45.592918,4.979839999999996,16783.295,32.938572,-7.674506070068361,4.979839999999996,Neutral
2025-02-02 09:00:00,9,37.217974,57.967911,20.749937000000003,16914.099000000002,34.2531,-2.964872651123045,20.749937000000003,Neutral
2025-02-02 10:00:00,10,35.33949,85.699635,50.360145,16827.864999999998,33.583435,-1.7560549414062478,50.360145,RT premium / potential DA hedge
2025-02-02 11:00:00,11,33.876773,40.310857,6.434083999999999,16563.023,31.90963,-1.9671431782226563,6.434083999999999,Neutral
2025-02-02 12:00:00,12,31.931296,57.998883,26.067587,16278.043,33.859283,1.9279874472656253,26.067587,RT premium / potential DA hedge
2025-02-02 13:00:00,13,31.461869,87.383847,55.921978,15883.046000000002,29.90865,-1.553219555419922,55.921978,RT premium / potential DA hedge
2025-02-02 14:00:00,14,30.497913,43.966932,13.469019,15597.664,29.680182,-0.8177314967041021,13.469019,Neutral
2025-02-02 15:00:00,15,31.36688,44.973485,13.606604999999998,15328.664,32.280113,0.9132332202148454,13.606604999999998,Neutral
2025-02-02 16:00:00,16,34.01015,32.587143,-1.4230070000000055,15352.608,37.377777,3.367627099609372,-1.4230070000000055,Neutral
2025-02-02 17:00:00,17,40.751926,48.18665,7.434724000000003,15628.264,40.297997,-0.4539294790039037,7.434724000000003,Neutral
2025-02-02 18:00:00,18,46.540207,69.314925,22.774718,16236.307,38.469044,-8.07116326831055,22.774718,Neutral
2025-02-02 19:00:00,19,41.489214,36.804792,-4.684421999999998,16270.558,40.252552,-1.2366619675292938,-4.684421999999998,Neutral
2025-02-02 20:00:00,20,37.116924,39.430674,2.313750000000006,16056.728,37.03663,-0.08029527685546611,2.313750000000006,Neutral
2025-02-02 21:00:00,21,33.9613,38.695087,4.7337869999999995,15818.342,29.627317,-4.333982571411134,4.7337869999999995,Neutral
2025-02-02 22:00:00,22,32.145879,49.633726,17.487847000000002,15435.043,28.565367,-3.5805122550048836,17.487847000000002,Neutral
2025-02-02 23:00:00,23,30.288134,32.460244,2.1721100000000035,15137.555,28.739328,-1.5488056156005854,2.1721100000000035,Neutral
2025-02-03 00:00:00,0,25.986637,31.386102,5.399464999999999,14967.124,28.439362,2.4527245722656232,5.399464999999999,Neutral
2025-02-03 01:00:00,1,24.653868,30.16536,5.5114920000000005,14797.078,25.83041,1.1765420036621101,5.5114920000000005,Neutral
2025-02-03 02:00:00,2,25.252448,28.670368,3.4179199999999987,14722.039,25.04419,-0.20825854687500112,3.4179199999999987,Neutral
2025-02-03 03:00:00,3,25.500387,33.966385,8.465998000000003,14939.095,27.27708,1.776693535888672,8.465998000000003,Neutral
2025-02-03 04:00:00,4,26.478587,33.355376,6.876788999999999,15252.496,29.929281,3.45069423474121,6.876788999999999,Neutral
2025-02-03 05:00:00,5,30.276074,33.713985,3.4379109999999997,15904.376,43.036064,12.759990147949217,3.4379109999999997,Neutral
2025-02-03 06:00:00,6,46.804967,66.071552,19.266585,16919.118000000002,48.123035,1.3180684309082054,19.266585,Neutral
2025-02-03 07:00:00,7,52.827257,71.182148,18.354890999999995,17526.474,42.85084,-9.976415477783206,18.354890999999995,Neutral
2025-02-03 08:00:00,8,32.866672,45.454821,12.588149000000001,17471.012000000002,41.027817,8.161144772460936,12.588149000000001,Neutral
2025-02-03 09:00:00,9,29.702938,45.676973,15.974034999999997,17175.510000000002,30.615046,0.9121075474853519,15.974034999999997,Neutral
2025-02-03 10:00:00,10,27.17941,35.180894,8.001484000000001,16741.940000000002,29.149475,1.9700650976562493,8.001484000000001,Neutral
2025-02-03 11:00:00,11,25.104815,24.604236,-0.5005789999999983,16119.81,26.810457,1.7056422296142593,-0.5005789999999983,Neutral
2025-02-03 12:00:00,12,24.805832,30.635663,5.829831000000002,15564.017,24.261822,-0.5440102531738269,5.829831000000002,Neutral
2025-02-03 13:00:00,13,24.622803,29.621129,4.998325999999999,15225.129,24.352072,-0.27073123791504017,4.998325999999999,Neutral
2025-02-03 14:00:00,14,24.278721,23.890622,-0.3880990000000004,14893.766,24.39562,0.11689934606933505,-0.3880990000000004,Neutral
2025-02-03 15:00:00,15,24.859297,22.405434,-2.453863000000002,14596.078,27.700367,2.8410699738769516,-2.453863000000002,Neutral
2025-02-03 16:00:00,16,27.968419,33.128413,5.159994000000001,14639.712,33.71582,5.747401312499999,5.159994000000001,Neutral
2025-02-03 17:00:00,17,36.347718,46.76229,10.414572,14798.273,34.37194,-1.9757773872070317,10.414572,Neutral
2025-02-03 18:00:00,18,36.024597,48.476829,12.452232000000002,15598.118,34.620743,-1.4038542021484375,12.452232000000002,Neutral
2025-02-03 19:00:00,19,34.086302,47.069895,12.983592999999999,15598.281,33.040386,-1.0459158000488316,12.983592999999999,Neutral
2025-02-03 20:00:00,20,31.740122,27.396925,-4.343197,15549.017,28.851095,-2.8890268004150386,-4.343197,Neutral
2025-02-03 21:00:00,21,27.500635,28.782464,1.2818290000000019,15155.673,24.116777,-3.3838575799560537,1.2818290000000019,Neutral
2025-02-03 22:00:00,22,24.970551,24.431998,-0.5385530000000003,14613.574,20.242668,-4.727882848144532,-0.5385530000000003,Neutral
2025-02-03 23:00:00,23,23.446079,23.940983,0.49490399999999823,14134.054,20.44208,-3.003999455932618,0.49490399999999823,Neutral
2025-02-04 00:00:00,0,25.527047,23.31093,-2.2161170000000006,13714.533,20.667967,-4.859080157348632,-2.2161170000000006,Neutral
2025-02-04 01:00:00,1,26.334944,20.576271,-5.758673000000002,13609.481,22.172602,-4.162342300170899,-5.758673000000002,Neutral
2025-02-04 02:00:00,2,24.72573,20.922116,-3.8036139999999996,13460.324,23.749659,-0.9760714154052721,-3.8036139999999996,Neutral
2025-02-04 03:00:00,3,24.868823,21.146057,-3.722766,13487.104,24.94002,0.0711966075439463,-3.722766,Neutral
2025-02-04 04:00:00,4,25.957139,25.742651,-0.2144880000000029,13736.579,28.099432,2.142292991577147,-0.2144880000000029,Neutral
2025-02-04 05:00:00,5,28.856913,28.229627,-0.627285999999998,14374.698,40.856594,11.99968108569336,-0.627285999999998,Neutral
2025-02-04 06:00:00,6,36.950232,31.745529,-5.2047029999999985,15405.582,41.992115,5.041883020751953,-5.2047029999999985,Neutral
2025-02-04 07:00:00,7,40.264248,33.575543,-6.688704999999999,16158.702,36.273987,-3.990261183593752,-6.688704999999999,Neutral
2025-02-04 08:00:00,8,32.76444,29.253189,-3.5112510000000015,16184.498,31.081997,-1.682443082275391,-3.5112510000000015,Neutral
2025-02-04 09:00:00,9,30.710066,20.13108,-10.578986,16124.29,28.37443,-2.335636297241212,-10.578986,Neutral
2025-02-04 10:00:00,10,29.182117,23.429618,-5.752499,16050.297,28.567408,-0.6147093919677751,-5.752499,Neutral
2025-02-04 11:00:00,11,29.152121,25.131242,-4.020879000000001,15977.24,27.590746,-1.5613750740966807,-4.020879000000001,Neutral
2025-02-04 12:00:00,12,29.487445,24.734692,-4.752753000000002,15759.201,26.987255,-2.500189903564454,-4.752753000000002,Neutral
2025-02-04 13:00:00,13,29.022585,23.212704,-5.809881000000001,15549.975,27.248428,-1.774156655273437,-5.809881000000001,Neutral
2025-02-04 14:00:00,14,25.853659,23.431005,-2.4226540000000014,15208.778,26.642124,0.7884651760253902,-2.4226540000000014,Neutral
2025-02-04 15:00:00,15,28.103759,23.041736,-5.062023,15024.911,28.455555,0.35179596215820297,-5.062023,Neutral
2025-02-04 16:00:00,16,33.250658,27.217793,-6.032865000000001,15240.02,34.10412,0.8534603471679674,-6.032865000000001,Neutral
2025-02-04 17:00:00,17,49.792888,40.134777,-9.658110999999998,15740.444,38.305317,-11.48757107495117,-9.658110999999998,Neutral
2025-02-04 18:00:00,18,53.283347,39.646898,-13.636448999999999,16545.695,40.998455,-12.284891952392577,-13.636448999999999,Neutral
2025-02-04 19:00:00,19,47.619915,33.748097,-13.871817999999998,16662.936999999998,39.418694,-8.20122145751953,-13.871817999999998,Neutral
2025-02-04 20:00:00,20,45.212915,38.774233,-6.438682,16648.869,37.524952,-7.687963065185549,-6.438682,Neutral
2025-02-04 21:00:00,21,42.813402,34.196968,-8.616434000000005,16344.139,34.640064,-8.17333776049805,-8.616434000000005,Neutral
2025-02-04 22:00:00,22,38.24582,27.170439,-11.075381000000004,15870.6,32.490147,-5.755673363037111,-11.075381000000004,Neutral
2025-02-04 23:00:00,23,36.556794,29.466672,-7.090121999999997,15403.581,31.512793,-5.044001412719723,-7.090121999999997,Neutral
2025-02-05 00:00:00,0,31.662843,32.179132,0.516289000000004,15052.035,32.78167,1.11882661669922,0.516289000000004,Neutral
2025-02-05 01:00:00,1,32.463247,34.691884,2.228636999999999,14891.694,28.175913,-4.287334142944339,2.228636999999999,Neutral
2025-02-05 02:00:00,2,30.907271,33.401399,2.4941279999999963,14905.954,29.059605,-1.8476663552246109,2.4941279999999963,Neutral
2025-02-05 03:00:00,3,31.311829,32.631,1.3191710000000008,15003.04,30.468555,-0.8432735495605463,1.3191710000000008,Neutral
2025-02-05 04:00:00,4,33.098232,31.975403,-1.122829000000003,15229.309,35.44789,2.3496592353515595,-1.122829000000003,Neutral
2025-02-05 05:00:00,5,35.381677,31.873769,-3.507908000000004,15932.862,55.46357,20.081892641113278,-3.507908000000004,Neutral
2025-02-05 06:00:00,6,47.113633,34.765215,-12.348418000000002,17012.219,59.27642,12.162787593261719,-12.348418000000002,Neutral
2025-02-05 07:00:00,7,54.387065,37.34579,-17.041275,17574.011,45.177658,-9.209406918945312,-17.041275,Neutral
2025-02-05 08:00:00,8,52.629478,42.178959,-10.450519,17719.346,38.51605,-14.113429568603514,-10.450519,Neutral
2025-02-05 09:00:00,9,50.539527,58.802979,8.263452000000001,17673.208,39.405373,-11.134154380371093,8.263452000000001,Neutral
2025-02-05 10:00:00,10,50.727441,297.504302,246.776861,17529.897,40.913445,-9.81399648095703,246.776861,RT premium / potential DA hedge
2025-02-05 11:00:00,11,48.162999,34.65644,-13.506558999999996,17548.453,43.420135,-4.742863501953124,-13.506558999999996,Neutral
2025-02-05 12:00:00,12,48.844414,29.336094,-19.50832,17321.186999999998,40.051094,-8.79331994482422,-19.50832,Neutral
2025-02-05 13:00:00,13,48.147311,29.870664,-18.276647,17227.872,42.235283,-5.912028102050783,-18.276647,Neutral
2025-02-05 14:00:00,14,43.025847,34.736062,-8.289785000000002,17064.37,44.855553,1.829705673339845,-8.289785000000002,Neutral
2025-02-05 15:00:00,15,41.48167,39.355883,-2.1257870000000025,17003.155,46.46734,4.985668562011718,-2.1257870000000025,Neutral
2025-02-05 16:00:00,16,42.561328,36.606137,-5.955191000000006,17211.626,58.452232,15.89090436083984,-5.955191000000006,Neutral
2025-02-05 17:00:00,17,53.530664,40.145439,-13.385224999999998,17546.656,56.232857,2.7021927504882797,-13.385224999999998,Neutral
2025-02-05 18:00:00,18,58.089016,49.210567,-8.878449000000003,17938.619,59.02994,0.9409255588378898,-8.878449000000003,Neutral
2025-02-05 19:00:00,19,50.978744,47.897653,-3.0810910000000007,17945.095999999998,49.583263,-1.395480602783202,-3.0810910000000007,Neutral
2025-02-05 20:00:00,20,46.977286,46.203677,-0.7736090000000004,17745.208,46.029926,-0.9473596999511713,-0.7736090000000004,Neutral
2025-02-05 21:00:00,21,46.960115,66.581707,19.621591999999993,17288.856,41.699642,-5.2604728186035175,19.621591999999993,Neutral
2025-02-05 22:00:00,22,40.741938,45.853276,5.1113380000000035,16781.108,42.398598,1.6566597172851587,5.1113380000000035,Neutral
2025-02-05 23:00:00,23,35.536127,42.214795,6.678668000000002,16259.935,35.137005,-0.3991221477050786,6.678668000000002,Neutral
2025-02-06 00:00:00,0,34.412272,43.138335,8.726062999999996,15727.555,32.76718,-1.6450906035156265,8.726062999999996,Neutral
2025-02-06 01:00:00,1,32.849781,51.438063,18.588282,15550.348,31.090998,-1.7587833040771486,18.588282,Neutral
2025-02-06 02:00:00,2,31.844907,49.077451,17.232544000000004,15350.622,29.670105,-2.174802019531249,17.232544000000004,Neutral
2025-02-06 03:00:00,3,30.577615,37.78978,7.212164999999999,15318.47,31.219671,0.6420562493896469,7.212164999999999,Neutral
2025-02-06 04:00:00,4,30.409158,38.253727,7.844568999999996,15518.768,34.912796,4.503638020507811,7.844568999999996,Neutral
2025-02-06 05:00:00,5,32.279093,34.488054,2.208960999999995,16034.346999999998,51.78888,19.509786394531247,2.208960999999995,Neutral
2025-02-06 06:00:00,6,43.767439,40.931045,-2.8363940000000056,16746.545,55.26343,11.495992549072263,-2.8363940000000056,Neutral
2025-02-06 07:00:00,7,46.209764,51.138119,4.928355000000003,17356.697,45.21309,-0.9966750107421873,4.928355000000003,Neutral
2025-02-06 08:00:00,8,45.333841,100.393933,55.060092000000004,17394.017,43.957848,-1.3759934047851559,55.060092000000004,RT premium / potential DA hedge
2025-02-06 09:00:00,9,44.249809,65.75388,21.504070999999996,17297.582,41.395374,-2.854434701904296,21.504070999999996,Neutral
2025-02-06 10:00:00,10,41.742762,162.891866,121.149104,17279.206,41.53545,-0.2073120183105459,121.149104,RT premium / potential DA hedge
2025-02-06 11:00:00,11,37.854034,44.763435,6.909401000000003,17158.642,41.040375,3.1863407558593764,6.909401000000003,Neutral
2025-02-06 12:00:00,12,32.850897,30.647532,-2.2033650000000016,16917.034,36.67476,3.823861911132809,-2.2033650000000016,Neutral
2025-02-06 13:00:00,13,31.746777,48.130019,16.383241999999996,16600.495,32.373318,0.6265407185058578,16.383241999999996,Neutral
2025-02-06 14:00:00,14,28.321203,62.30211,33.980907,16306.207,32.455677,4.1344740324707026,33.980907,RT premium / potential DA hedge
2025-02-06 15:00:00,15,27.410812,37.161585,9.750773000000002,16007.416,34.677464,7.266651531494141,9.750773000000002,Neutral
2025-02-06 16:00:00,16,29.832437,46.596973,16.764536,15976.558,38.658695,8.826258220947267,16.764536,Neutral
2025-02-06 17:00:00,17,39.021675,46.440154,7.418478999999998,16224.263,36.320545,-2.7011298034667988,7.418478999999998,Neutral
2025-02-06 18:00:00,18,43.706163,41.991194,-1.7149689999999964,16625.449,40.266018,-3.440145086181637,-1.7149689999999964,Neutral
2025-02-06 19:00:00,19,37.868176,55.834582,17.966406,16621.093,41.29752,3.4293436838378923,17.966406,Neutral
2025-02-06 20:00:00,20,33.072811,36.045905,2.973093999999996,16680.753,34.385914,1.3131028488769516,2.973093999999996,Neutral
2025-02-06 21:00:00,21,30.480596,40.341769,9.861173,16292.389,30.141844,-0.3387522042236313,9.861173,Neutral
2025-02-06 22:00:00,22,27.573431,38.529373,10.955942,15759.352,28.364218,0.7907867581787116,10.955942,Neutral
2025-02-06 23:00:00,23,24.990844,35.274361,10.283517,15304.072,26.514706,1.5238616579589852,10.283517,Neutral
2025-02-07 00:00:00,0,29.346459,27.320982,-2.0254769999999986,14883.054,24.640507,-4.705952255615234,-2.0254769999999986,Neutral
2025-02-07 01:00:00,1,29.074982,25.483894,-3.591087999999999,14716.653,27.185886,-1.889095616943358,-3.591087999999999,Neutral
2025-02-07 02:00:00,2,29.457004,26.668582,-2.7884220000000006,14629.179,26.767403,-2.68960135107422,-2.7884220000000006,Neutral
2025-02-07 03:00:00,3,31.118817,32.885636,1.7668189999999981,14634.451,29.267921,-1.8508955522460937,1.7668189999999981,Neutral
2025-02-07 04:00:00,4,32.65606,32.814407,0.15834700000000623,14985.434,32.28459,-0.37146832519530903,0.15834700000000623,Neutral
2025-02-07 05:00:00,5,37.061237,31.852758,-5.208478999999997,15652.863,44.07045,7.009212829101564,-5.208478999999997,Neutral
2025-02-07 06:00:00,6,50.675287,60.609878,9.934591000000005,16859.468,50.51059,-0.1646974003906223,9.934591000000005,Neutral
2025-02-07 07:00:00,7,62.982658,69.402943,6.420284999999993,17572.81,42.84203,-20.140628428466798,6.420284999999993,Neutral
2025-02-07 08:00:00,8,47.193509,40.195975,-6.997534000000002,17584.838,43.50591,-3.6876000339355457,-6.997534000000002,Neutral
2025-02-07 09:00:00,9,36.994369,35.243397,-1.7509719999999973,17258.690000000002,40.440685,3.446316272216798,-1.7509719999999973,Neutral
2025-02-07 10:00:00,10,35.143684,33.036747,-2.106937000000002,16921.65,35.523468,0.37978401757812463,-2.106937000000002,Neutral
2025-02-07 11:00:00,11,34.339116,32.84788,-1.4912359999999936,16526.842,33.543175,-0.7959412563476533,-1.4912359999999936,Neutral
2025-02-07 12:00:00,12,32.206867,30.545206,-1.6616610000000023,16234.797,32.31592,0.10905478344726305,-1.6616610000000023,Neutral
2025-02-07 13:00:00,13,32.053809,26.571276,-5.482533,15872.184,29.946047,-2.1077621707763683,-5.482533,Neutral
2025-02-07 14:00:00,14,31.657454,26.545319,-5.112135000000002,15500.27,29.33129,-2.3261647086181654,-5.112135000000002,Neutral
2025-02-07 15:00:00,15,32.787814,26.969154,-5.818659999999998,15330.727,35.196228,2.4084140273437527,-5.818659999999998,Neutral
2025-02-07 16:00:00,16,40.11676,35.39674,-4.720019999999998,15526.385,42.985012,2.86825205444336,-4.720019999999998,Neutral
2025-02-07 17:00:00,17,52.305094,44.746429,-7.558664999999998,16001.001,45.806946,-6.498148199218747,-7.558664999999998,Neutral
2025-02-07 18:00:00,18,57.555091,44.789723,-12.765367999999995,16589.468999999997,46.836548,-10.718543148437497,-12.765367999999995,Neutral
2025-02-07 19:00:00,19,50.839079,38.313002,-12.526077,16695.581,45.753933,-5.085146047119139,-12.526077,Neutral
2025-02-07 20:00:00,20,49.740878,39.810138,-9.93074,16672.419,43.799393,-5.94148529980469,-9.93074,Neutral
2025-02-07 21:00:00,21,43.967044,35.807871,-8.159173000000003,16504.494,40.29576,-3.671282891601564,-8.159173000000003,Neutral
2025-02-07 22:00:00,22,43.504705,38.040281,-5.464424000000001,16014.872,37.538364,-5.966340589599611,-5.464424000000001,Neutral
2025-02-07 23:00:00,23,38.261418,37.829599,-0.4318189999999973,15435.042,38.236805,-0.024613037841795915,-0.4318189999999973,Neutral
2025-02-08 00:00:00,0,37.23136,45.43951,8.208149999999996,15080.685,34.60759,-2.6237702783203147,8.208149999999996,Neutral
2025-02-08 01:00:00,1,36.247506,43.030382,6.782876000000002,14865.065,32.574604,-3.672901965576173,6.782876000000002,Neutral
2025-02-08 02:00:00,2,34.752149,34.897824,0.1456749999999971,14808.419999999998,33.148926,-1.6032232187500028,0.1456749999999971,Neutral
2025-02-08 03:00:00,3,34.861582,34.804325,-0.05725699999999989,14692.905,32.19,-2.671583373291014,-0.05725699999999989,Neutral
2025-02-08 04:00:00,4,35.235466,35.691115,0.4556490000000011,14833.844,34.304756,-0.9307098354492211,0.4556490000000011,Neutral
2025-02-08 05:00:00,5,36.013436,33.520484,-2.4929519999999954,15170.95,41.775005,5.761569340576173,-2.4929519999999954,Neutral
2025-02-08 06:00:00,6,39.116659,30.091075,-9.025583999999998,15527.365,44.955643,5.838983700195314,-9.025583999999998,Neutral
2025-02-08 07:00:00,7,41.232723,38.439808,-2.7929150000000007,16011.183,42.05767,0.8249475932617187,-2.7929150000000007,Neutral
2025-02-08 08:00:00,8,45.712103,38.079389,-7.632714,16300.869,39.99335,-5.718752017333983,-7.632714,Neutral
2025-02-08 09:00:00,9,49.186017,39.774574,-9.411442999999998,16618.114,39.179863,-10.006154023925781,-9.411442999999998,Neutral
2025-02-08 10:00:00,10,49.939467,40.382404,-9.557063,16623.655,39.819897,-10.119570302001954,-9.557063,Neutral
2025-02-08 11:00:00,11,49.517727,38.688336,-10.829391000000001,16593.542999999998,40.495525,-9.022201639892579,-10.829391000000001,Neutral
2025-02-08 12:00:00,12,46.230695,41.438084,-4.792610999999994,16437.035,40.064266,-6.166428795166013,-4.792610999999994,Neutral
2025-02-08 13:00:00,13,46.859791,43.45379,-3.4060010000000034,16354.679,40.17753,-6.682262618652345,-3.4060010000000034,Neutral
2025-02-08 14:00:00,14,42.954621,40.271135,-2.683486000000002,16145.38,43.904583,0.9499619772949188,-2.683486000000002,Neutral
2025-02-08 15:00:00,15,42.208323,41.836274,-0.37204899999999697,16009.892,46.363785,4.1554617900390625,-0.37204899999999697,Neutral
2025-02-08 16:00:00,16,43.428311,35.767084,-7.661227000000004,16178.015,56.426952,12.998641362060546,-7.661227000000004,Neutral
2025-02-08 17:00:00,17,44.423723,41.227586,-3.1961370000000002,16387.061,57.758747,13.335024100830076,-3.1961370000000002,Neutral
2025-02-08 18:00:00,18,46.627244,38.040474,-8.586769999999994,16564.465,50.926907,4.299662585693362,-8.586769999999994,Neutral
2025-02-08 19:00:00,19,46.190589,41.408443,-4.7821460000000044,16370.13,46.314026,0.12343687890624722,-4.7821460000000044,Neutral
2025-02-08 20:00:00,20,43.0184,41.637512,-1.3808879999999988,16075.144,45.916195,2.8977949157714846,-1.3808879999999988,Neutral
2025-02-08 21:00:00,21,39.591568,36.574553,-3.0170150000000007,15733.861,39.921654,0.33008574755859144,-3.0170150000000007,Neutral
2025-02-08 22:00:00,22,36.815595,38.696696,1.881101000000001,15120.85,34.756603,-2.058991759033205,1.881101000000001,Neutral
2025-02-08 23:00:00,23,34.266454,34.627986,0.36153199999999686,14785.632,33.75541,-0.5110447592773468,0.36153199999999686,Neutral
2025-02-09 00:00:00,0,31.225006,48.606339,17.381332999999998,14497.68,33.737053,2.5120469174804683,17.381332999999998,Neutral
2025-02-09 01:00:00,1,30.182088,34.715276,4.533188000000003,14350.685,30.200693,0.018605130493163813,4.533188000000003,Neutral
2025-02-09 02:00:00,2,29.688538,30.883661,1.1951229999999988,14176.048,30.520819,0.8322807103271472,1.1951229999999988,Neutral
2025-02-09 03:00:00,3,30.383727,30.587055,0.20332799999999907,14121.423,30.854874,0.4711466572265621,0.20332799999999907,Neutral
2025-02-09 04:00:00,4,30.801093,33.811568,3.0104749999999996,14260.331,33.240177,2.439084154541014,3.0104749999999996,Neutral
2025-02-09 05:00:00,5,30.891477,31.489279,0.5978020000000015,14350.772,40.082703,9.191225636718752,0.5978020000000015,Neutral
2025-02-09 06:00:00,6,32.618435,35.893441,3.2750060000000047,14736.875,40.700233,8.081798459472658,3.2750060000000047,Neutral
2025-02-09 07:00:00,7,36.950646,33.285678,-3.664968000000002,15192.022,33.39639,-3.5542569924316396,-3.664968000000002,Neutral
2025-02-09 08:00:00,8,36.967455,34.002445,-2.9650099999999995,15564.293,35.001633,-1.9658223095703136,-2.9650099999999995,Neutral
2025-02-09 09:00:00,9,30.651934,33.38023,2.7282959999999967,15657.523,34.904278,4.252343801513671,2.7282959999999967,Neutral
2025-02-09 10:00:00,10,30.705703,46.426612,15.720908999999999,15764.352,30.289656,-0.41604731457519506,15.720908999999999,Neutral
2025-02-09 11:00:00,11,30.304873,68.149353,37.844480000000004,15836.671,29.649729,-0.6551442249755866,37.844480000000004,RT premium / potential DA hedge
2025-02-09 12:00:00,12,28.479307,38.981291,10.501984,15836.279,29.40278,0.9234735328369155,10.501984,Neutral
2025-02-09 13:00:00,13,27.784426,38.320905,10.536479000000003,15842.018,27.657528,-0.12689807641601547,10.536479000000003,Neutral
2025-02-09 14:00:00,14,26.621167,45.746941,19.125774,15743.409,28.878548,2.2573806684570314,19.125774,Neutral
2025-02-09 15:00:00,15,27.790104,31.907247,4.117143000000002,15783.535,34.731762,6.941657932373047,4.117143000000002,Neutral
2025-02-09 16:00:00,16,30.307444,37.43018,7.122736,16106.913,42.09682,11.789376831298828,7.122736,Neutral
2025-02-09 17:00:00,17,48.316775,36.466647,-11.850127999999998,16483.395,38.16254,-10.154234564208984,-11.850127999999998,Neutral
2025-02-09 18:00:00,18,46.800145,36.067043,-10.733102000000002,16653.271,44.250694,-2.549450725097657,-10.733102000000002,Neutral
2025-02-09 19:00:00,19,43.021141,32.370486,-10.650655,16267.979,40.394928,-2.626213021484375,-10.650655,Neutral
2025-02-09 20:00:00,20,41.791604,32.855221,-8.936383,16068.602,38.09883,-3.692772823242187,-8.936383,Neutral
2025-02-09 21:00:00,21,42.673209,36.510251,-6.162958000000003,16112.036,34.849487,-7.8237216953125,-6.162958000000003,Neutral
2025-02-09 22:00:00,22,39.378904,34.640146,-4.738757999999997,15968.254,34.18795,-5.190953865722655,-4.738757999999997,Neutral
2025-02-09 23:00:00,23,36.990968,38.140347,1.1493789999999962,15662.974,33.51414,-3.4768269172363304,1.1493789999999962,Neutral
2025-02-10 00:00:00,0,36.695331,36.075363,-0.6199680000000001,15355.051,33.14544,-3.5498918520507843,-0.6199680000000001,Neutral
2025-02-10 01:00:00,1,34.888202,35.543304,0.6551019999999994,15158.197,33.02239,-1.8658135417480466,0.6551019999999994,Neutral
2025-02-10 02:00:00,2,35.143291,33.386933,-1.7563579999999988,15276.591,31.932472,-3.2108187709960916,-1.7563579999999988,Neutral
2025-02-10 03:00:00,3,35.51649,33.39001,-2.126480000000001,15370.627,32.13504,-3.3814497167968725,-2.126480000000001,Neutral
2025-02-10 04:00:00,4,36.524728,33.69478,-2.8299480000000017,15750.513,40.490322,3.965594113037106,-2.8299480000000017,Neutral
2025-02-10 05:00:00,5,40.946397,30.663305,-10.283091999999996,16586.951,54.71398,13.767584628417971,-10.283091999999996,Neutral
2025-02-10 06:00:00,6,68.585368,36.999882,-31.585486000000003,17736.528,74.35147,5.7661029472656224,-31.585486000000003,DA premium / potential RT hedge
2025-02-10 07:00:00,7,86.000607,49.74696,-36.253647,18489.809,63.076775,-22.923832402832033,-36.253647,DA premium / potential RT hedge
2025-02-10 08:00:00,8,51.261045,38.339198,-12.921847,18549.74,50.11917,-1.1418738574218779,-12.921847,Neutral
2025-02-10 09:00:00,9,42.56846,34.190543,-8.377917000000004,18189.681,43.419064,0.8506035681152326,-8.377917000000004,Neutral
2025-02-10 10:00:00,10,41.100051,32.167549,-8.932502,17697.457000000002,41.93479,0.8347405649414057,-8.932502,Neutral
2025-02-10 11:00:00,11,37.7797,26.804872,-10.974827999999999,17189.145,39.187225,1.4075253417968767,-10.974827999999999,Neutral
2025-02-10 12:00:00,12,37.540818,27.802483,-9.738335000000003,16714.529,36.543827,-0.996990943115236,-9.738335000000003,Neutral
2025-02-10 13:00:00,13,35.043204,25.901629,-9.141575000000003,16252.33,36.135452,1.0922482705078096,-9.141575000000003,Neutral
2025-02-10 14:00:00,14,34.330065,23.741228,-10.588836999999998,15935.468,35.182514,0.8524491906738305,-10.588836999999998,Neutral
2025-02-10 15:00:00,15,35.372683,25.269107,-10.103576,15870.722,41.618362,6.24567942675781,-10.103576,Neutral
2025-02-10 16:00:00,16,39.150482,34.687934,-4.462547999999998,16107.892,49.225433,10.074951349609378,-4.462547999999998,Neutral
2025-02-10 17:00:00,17,58.283066,54.278674,-4.004391999999996,16691.501,49.391197,-8.891868795410154,-4.004391999999996,Neutral
2025-02-10 18:00:00,18,69.129447,70.652522,1.5230750000000057,17560.557,56.01624,-13.113207833740233,1.5230750000000057,Neutral
2025-02-10 19:00:00,19,57.434699,55.00852,-2.4261790000000047,17698.215000000004,58.511295,1.0765963186035137,-2.4261790000000047,Neutral
2025-02-10 20:00:00,20,56.95058,52.288103,-4.662477000000003,17690.959,50.27353,-6.677050947265627,-4.662477000000003,Neutral
2025-02-10 21:00:00,21,57.74788,51.068748,-6.679132000000003,17416.139,49.51081,-8.23706914794922,-6.679132000000003,Neutral
2025-02-10 22:00:00,22,49.242541,42.16685,-7.075691000000006,16972.729,45.442135,-3.8004061428222684,-7.075691000000006,Neutral
2025-02-10 23:00:00,23,44.215811,36.515601,-7.7002100000000056,16436.174,41.75677,-2.459039912353518,-7.7002100000000056,Neutral
2025-02-11 00:00:00,0,37.665063,55.673435,18.008371999999994,16189.085,38.49348,0.8284176823730434,18.008371999999994,Neutral
2025-02-11 01:00:00,1,36.418083,51.28212,14.864036999999996,16034.13,34.615417,-1.8026655195312529,14.864036999999996,Neutral
2025-02-11 02:00:00,2,34.219107,41.591103,7.371995999999996,15938.448,35.083733,0.8646256049804677,7.371995999999996,Neutral
2025-02-11 03:00:00,3,34.502302,55.140759,20.638457000000002,16038.1,34.904297,0.40199487499999975,20.638457000000002,Neutral
2025-02-11 04:00:00,4,35.025089,45.561707,10.536617999999997,16336.913,39.10467,4.079582478271483,10.536617999999997,Neutral
2025-02-11 05:00:00,5,36.748957,48.087934,11.338977,17128.809,55.373997,18.625039734619143,11.338977,Neutral
2025-02-11 06:00:00,6,47.467625,52.93582,5.4681950000000015,18093.201999999997,74.01564,26.548015258789064,5.4681950000000015,Neutral
2025-02-11 07:00:00,7,54.141655,56.316025,2.1743700000000032,18805.468,49.558876,-4.582778962402344,2.1743700000000032,Neutral
2025-02-11 08:00:00,8,53.460466,43.150341,-10.310125,18980.14,45.99068,-7.469785305419919,-10.310125,Neutral
2025-02-11 09:00:00,9,53.775644,174.907776,121.13213200000001,18972.035,45.821136,-7.954507525390625,121.13213200000001,RT premium / potential DA hedge
2025-02-11 10:00:00,10,65.52441,61.570033,-3.954377000000001,18838.129999999997,47.77083,-17.75358175292969,-3.954377000000001,Neutral
2025-02-11 11:00:00,11,55.736799,78.121995,22.385196,18736.754,51.347347,-4.389451740478513,22.385196,Neutral
2025-02-11 12:00:00,12,52.546132,58.809342,6.263210000000001,18770.874,48.34163,-4.204502971679688,6.263210000000001,Neutral
2025-02-11 13:00:00,13,50.953553,56.520894,5.567340999999999,18527.559,46.74372,-4.209831991699218,5.567340999999999,Neutral
2025-02-11 14:00:00,14,45.827991,58.754002,12.926011000000003,18412.97,49.822296,3.9943051425781277,12.926011000000003,Neutral
2025-02-11 15:00:00,15,45.626168,50.416624,4.790455999999999,18343.473,51.49713,5.87096334765625,4.790455999999999,Neutral
2025-02-11 16:00:00,16,44.168031,54.647182,10.479151000000002,18435.096,63.09278,18.924750066894532,10.479151000000002,Neutral
2025-02-11 17:00:00,17,50.321327,74.558247,24.236919999999998,18675.701999999997,54.708595,4.38726827587891,24.236919999999998,RT premium / potential DA hedge
2025-02-11 18:00:00,18,52.527329,76.042932,23.51560299999999,19050.352,51.590424,-0.9369054160156267,23.51560299999999,Neutral
2025-02-11 19:00:00,19,48.459065,65.452499,16.993434,19098.252,47.555576,-0.9034886755371119,16.993434,Neutral
2025-02-11 20:00:00,20,45.464173,65.832951,20.368777999999992,18867.917,46.320885,0.8567117045898414,20.368777999999992,Neutral
2025-02-11 21:00:00,21,43.390256,60.552803,17.162546999999996,18295.797,40.527447,-2.862809253173829,17.162546999999996,Neutral
2025-02-11 22:00:00,22,37.561096,60.63307,23.071973999999997,17675.5,39.66601,2.1049158103027352,23.071973999999997,Neutral
2025-02-11 23:00:00,23,37.001139,56.08943,19.088290999999998,17074.778,33.336098,-3.6650412827148457,19.088290999999998,Neutral
2025-02-12 00:00:00,0,42.574114,52.105311,9.531196999999999,16613.012,34.3476,-8.226514970458986,9.531196999999999,Neutral
2025-02-12 01:00:00,1,41.015695,41.456901,0.4412060000000011,16348.39,36.667,-4.34869518310547,0.4412060000000011,Neutral
2025-02-12 02:00:00,2,37.810872,36.761824,-1.0490480000000062,16195.599,36.84293,-0.9679421599121127,-1.0490480000000062,Neutral
2025-02-12 03:00:00,3,38.130302,41.295945,3.165643000000003,16310.13,35.342052,-2.7882495402832035,3.165643000000003,Neutral
2025-02-12 04:00:00,4,39.981687,50.91445,10.932763000000001,16430.389,39.52182,-0.45986693164062586,10.932763000000001,Neutral
2025-02-12 05:00:00,5,43.12468,54.46588,11.3412,17099.498,50.77002,7.645339531250002,11.3412,Neutral
2025-02-12 06:00:00,6,47.793289,49.616685,1.8233959999999954,17870.9,68.13184,20.33855456689453,1.8233959999999954,Neutral
2025-02-12 07:00:00,7,55.024055,52.074746,-2.9493089999999995,18416.691,44.620914,-10.403140540771481,-2.9493089999999995,Neutral
2025-02-12 08:00:00,8,53.896412,46.107743,-7.788668999999999,18422.69,41.418312,-12.478099927246092,-7.788668999999999,Neutral
2025-02-12 09:00:00,9,53.434449,44.468955,-8.965494,18377.656000000003,42.20356,-11.23088912451172,-8.965494,Neutral
2025-02-12 10:00:00,10,59.905634,42.807716,-17.097918,18406.540999999997,43.279484,-16.626150204833984,-17.097918,Neutral
2025-02-12 11:00:00,11,52.865277,60.719611,7.8543340000000015,18273.033,44.16185,-8.703427024414061,7.8543340000000015,Neutral
2025-02-12 12:00:00,12,50.3372,57.072379,6.735178999999995,18379.843,47.38279,-2.9544103881835966,6.735178999999995,Neutral
2025-02-12 13:00:00,13,49.151485,48.28885,-0.8626350000000045,18291.372,45.541065,-3.610419783935548,-0.8626350000000045,Neutral
2025-02-12 14:00:00,14,44.470007,45.341562,0.8715550000000007,18075.204,49.35101,4.881002368896482,0.8715550000000007,Neutral
2025-02-12 15:00:00,15,44.64654,37.510496,-7.136043999999998,17842.609,49.914616,5.268075631103514,-7.136043999999998,Neutral
2025-02-12 16:00:00,16,44.6976,37.531498,-7.166102000000002,17955.481,56.47345,11.775849707031249,-7.166102000000002,Neutral
2025-02-12 17:00:00,17,52.436564,70.404103,17.96753900000001,18232.954,48.996265,-3.440298588623044,17.96753900000001,Neutral
2025-02-12 18:00:00,18,55.285456,72.969818,17.684362,18430.773,46.52712,-8.758337317138675,17.684362,Neutral
2025-02-12 19:00:00,19,53.93498,55.747285,1.812304999999995,18083.195,43.131912,-10.80306776855469,1.812304999999995,Neutral
2025-02-12 20:00:00,20,49.616198,49.609683,-0.006515000000000271,17837.295,41.730526,-7.885672029541013,-0.006515000000000271,Neutral
2025-02-12 21:00:00,21,45.18024,45.305531,0.12529100000000426,17388.037,39.528843,-5.651397073974607,0.12529100000000426,Neutral
2025-02-12 22:00:00,22,40.219681,54.886916,14.667234999999998,16690.143,35.889885,-4.329796051269533,14.667234999999998,Neutral
2025-02-12 23:00:00,23,36.533135,40.344103,3.8109679999999955,16093.509000000002,32.895573,-3.637562337646486,3.8109679999999955,Neutral
2025-02-13 00:00:00,0,42.0705,67.2925,25.222,15584.021,34.23196,-7.838539703369143,25.222,RT premium / potential DA hedge
2025-02-13 01:00:00,1,39.122093,60.581499,21.459406,15087.052,37.81901,-1.3030813117675777,21.459406,Neutral
2025-02-13 02:00:00,2,37.526388,39.866413,2.3400250000000042,14987.526,35.60409,-1.9222963557128878,2.3400250000000042,Neutral
2025-02-13 03:00:00,3,36.103178,39.14815,3.0449720000000013,14925.774,33.262424,-2.840753531005859,3.0449720000000013,Neutral
2025-02-13 04:00:00,4,38.520852,49.153948,10.633096000000002,15166.645,36.136574,-2.3842782084960916,10.633096000000002,Neutral
2025-02-13 05:00:00,5,40.409185,77.672226,37.263040999999994,15825.804,44.25803,3.84884493774414,37.263040999999994,RT premium / potential DA hedge
2025-02-13 06:00:00,6,46.561721,70.574559,24.012837999999995,16778.504,55.246006,8.684285011962892,24.012837999999995,RT premium / potential DA hedge
2025-02-13 07:00:00,7,54.566411,80.243019,25.676608,17435.873,45.137543,-9.428868275390627,25.676608,RT premium / potential DA hedge
2025-02-13 08:00:00,8,50.846434,85.404848,34.558414,17683.803,45.42211,-5.424322488769533,34.558414,RT premium / potential DA hedge
2025-02-13 09:00:00,9,48.680327,90.676919,41.996592,17739.629,44.79792,-3.882406772949217,41.996592,RT premium / potential DA hedge
2025-02-13 10:00:00,10,47.984361,96.113831,48.129470000000005,17891.759,46.393562,-1.5907986831054686,48.129470000000005,RT premium / potential DA hedge
2025-02-13 11:00:00,11,42.675209,55.956659,13.28145,17790.468999999997,45.927574,3.2523651577148414,13.28145,Neutral
2025-02-13 12:00:00,12,42.034207,38.766729,-3.267478000000004,17659.906,43.282345,1.2481378181152323,-3.267478000000004,Neutral
2025-02-13 13:00:00,13,39.092577,38.367743,-0.7248340000000013,17522.158000000003,43.170322,4.077745418212892,-0.7248340000000013,Neutral
2025-02-13 14:00:00,14,36.140031,34.389018,-1.7510130000000004,17432.972,42.49707,6.3570393124999995,-1.7510130000000004,Neutral
2025-02-13 15:00:00,15,35.977366,32.982144,-2.9952220000000054,17476.984,47.291096,11.313729733642575,-2.9952220000000054,Neutral
2025-02-13 16:00:00,16,39.722769,38.294241,-1.428528,17584.71,57.08613,17.36335923486328,-1.428528,Neutral
2025-02-13 17:00:00,17,53.494805,48.545195,-4.94961,17851.832000000002,49.417812,-4.07699265258789,-4.94961,Neutral
2025-02-13 18:00:00,18,63.069257,61.798776,-1.2704810000000037,18361.283,53.120342,-9.948914745361328,-1.2704810000000037,Neutral
2025-02-13 19:00:00,19,57.279501,57.18532,-0.09418100000000607,18682.367,55.25805,-2.0214519887695346,-0.09418100000000607,Neutral
2025-02-13 20:00:00,20,55.589483,55.555645,-0.03383800000000292,18550.113,55.130333,-0.45915005322265756,-0.03383800000000292,Neutral
2025-02-13 21:00:00,21,51.640893,69.320013,17.679120000000005,18235.923,49.87099,-1.7699022468261703,17.679120000000005,Neutral
2025-02-13 22:00:00,22,47.26467,47.25964,-0.005030000000004975,17823.21,48.056488,0.7918180371093726,-0.005030000000004975,Neutral
2025-02-13 23:00:00,23,42.746502,39.013673,-3.7328290000000024,17356.962,44.53952,1.7930182636718754,-3.7328290000000024,Neutral
2025-02-14 00:00:00,0,48.818101,38.775063,-10.043037999999996,17157.185,41.743958,-7.074143480468749,-10.043037999999996,Neutral
2025-02-14 01:00:00,1,47.984538,42.236957,-5.747581000000004,17020.065000000002,45.602497,-2.3820408991699225,-5.747581000000004,Neutral
2025-02-14 02:00:00,2,47.62541,38.367148,-9.258262000000002,17061.771,46.232098,-1.3933123742675804,-9.258262000000002,Neutral
2025-02-14 03:00:00,3,48.46661,40.640075,-7.826535,17226.837,47.55885,-0.907760665283206,-7.826535,Neutral
2025-02-14 04:00:00,4,53.08202,47.273221,-5.8087990000000005,17677.427,51.728878,-1.3531419787597656,-5.8087990000000005,Neutral
2025-02-14 05:00:00,5,54.924398,53.303642,-1.620755999999993,18429.178,65.45872,10.53431934619141,-1.620755999999993,Neutral
2025-02-14 06:00:00,6,78.688709,74.129685,-4.559024000000008,19256.672,83.5009,4.812191268554685,-4.559024000000008,Neutral
2025-02-14 07:00:00,7,99.676111,137.250042,37.573931,19904.376,56.43063,-43.2454812697754,37.573931,RT premium / potential DA hedge
2025-02-14 08:00:00,8,58.174336,34.893138,-23.281197999999996,19800.931,62.372643,4.198306517089847,-23.281197999999996,Neutral
2025-02-14 09:00:00,9,47.177192,28.585457,-18.591734999999996,19182.483999999997,46.44356,-0.7336304460449199,-18.591734999999996,Neutral
2025-02-14 10:00:00,10,46.793555,36.200925,-10.59263,18591.473,40.021164,-6.77239105957031,-10.59263,Neutral
2025-02-14 11:00:00,11,43.937762,34.777806,-9.159956000000001,17966.936,40.534664,-3.403097845947265,-9.159956000000001,Neutral
2025-02-14 12:00:00,12,43.052727,30.727394,-12.325332999999997,17511.730000000003,40.61405,-2.438675181152341,-12.325332999999997,Neutral
2025-02-14 13:00:00,13,41.763006,28.280388,-13.482617999999999,17015.127,39.1667,-2.5963075441894503,-13.482617999999999,Neutral
2025-02-14 14:00:00,14,41.544602,28.20856,-13.336041999999999,16562.028,37.361435,-4.18316706347656,-13.336041999999999,Neutral
2025-02-14 15:00:00,15,42.222285,33.547787,-8.674498,16271.306,44.02256,1.8002751196289069,-8.674498,Neutral
2025-02-14 16:00:00,16,46.575566,43.245777,-3.329789000000005,16482.537,62.250816,15.675250345214842,-3.329789000000005,Neutral
2025-02-14 17:00:00,17,59.358718,43.526236,-15.832482000000006,17063.313000000002,57.77873,-1.5799895148925813,-15.832482000000006,Neutral
2025-02-14 18:00:00,18,62.181748,57.62497,-4.556778000000001,17606.104,56.0082,-6.173546400878905,-4.556778000000001,Neutral
2025-02-14 19:00:00,19,57.383858,48.210069,-9.173789,17611.776,51.692764,-5.691093717773434,-9.173789,Neutral
2025-02-14 20:00:00,20,55.714215,41.545847,-14.168368000000001,17436.163,49.60004,-6.114174564208987,-14.168368000000001,Neutral
2025-02-14 21:00:00,21,50.716548,38.429418,-12.287130000000005,17212.001,49.246773,-1.4697752338867218,-12.287130000000005,Neutral
2025-02-14 22:00:00,22,47.653657,36.625247,-11.028410000000001,16708.957000000002,42.21428,-5.439377825195315,-11.028410000000001,Neutral
2025-02-14 23:00:00,23,43.401756,35.498479,-7.903276999999996,16281.967,41.169605,-2.2321507448730458,-7.903276999999996,Neutral
2025-02-15 00:00:00,0,40.383996,37.041746,-3.34225,15803.7,39.62029,-0.7637071511230502,-3.34225,Neutral
2025-02-15 01:00:00,1,38.751763,34.479557,-4.272205999999997,15455.05,36.587936,-2.1638265986328094,-4.272205999999997,Neutral
2025-02-15 02:00:00,2,38.222407,33.055537,-5.166869999999996,15325.369,36.086693,-2.135714189941403,-5.166869999999996,Neutral
2025-02-15 03:00:00,3,38.589858,31.590833,-6.999025,15162.602,36.46276,-2.127097074707031,-6.999025,Neutral
2025-02-15 04:00:00,4,39.092948,34.866123,-4.226824999999998,15232.149,39.238075,0.14512725634765644,-4.226824999999998,Neutral
2025-02-15 05:00:00,5,38.09564,33.589058,-4.506582000000002,15535.608,41.660805,3.565164748535153,-4.506582000000002,Neutral
2025-02-15 06:00:00,6,38.126627,35.749919,-2.3767080000000007,15723.735,58.949974,20.823347060058595,-2.3767080000000007,Neutral
2025-02-15 07:00:00,7,41.341077,36.370642,-4.970435000000002,16296.585,40.80642,-0.5346576274414048,-4.970435000000002,Neutral
2025-02-15 08:00:00,8,43.525119,36.313103,-7.212015999999998,16697.748,41.29447,-2.2306472592773403,-7.212015999999998,Neutral
2025-02-15 09:00:00,9,46.309206,38.343096,-7.9661100000000005,17057.268,41.334812,-4.974393835693363,-7.9661100000000005,Neutral
2025-02-15 10:00:00,10,50.090422,44.199111,-5.891310999999995,17325.933,41.4597,-8.63072046191406,-5.891310999999995,Neutral
2025-02-15 11:00:00,11,47.30389,55.511339,8.207448999999997,17387.636,46.469738,-0.8341519934082058,8.207448999999997,Neutral
2025-02-15 12:00:00,12,46.554012,57.205396,10.651384,17340.915999999997,44.207172,-2.346839606201172,10.651384,Neutral
2025-02-15 13:00:00,13,45.909989,49.795913,3.8859239999999957,17022.818,44.931686,-0.9783025986328155,3.8859239999999957,Neutral
2025-02-15 14:00:00,14,43.530547,50.010975,6.480428000000003,16856.428,46.821182,3.290635250976564,6.480428000000003,Neutral
2025-02-15 15:00:00,15,41.357854,40.771689,-0.5861650000000012,16707.424,50.87954,9.52168548974609,-0.5861650000000012,Neutral
2025-02-15 16:00:00,16,40.88053,47.406776,6.526246,16659.256,53.682304,12.801774382324218,6.526246,Neutral
2025-02-15 17:00:00,17,44.829732,68.395191,23.565458999999997,16760.041,51.43238,6.602648676269531,23.565458999999997,Neutral
2025-02-15 18:00:00,18,44.853599,54.941482,10.087882999999998,16902.332000000002,47.53258,2.6789823293457005,10.087882999999998,Neutral
2025-02-15 19:00:00,19,41.778898,41.607666,-0.17123199999999628,16802.371,43.223965,1.4450666911621113,-0.17123199999999628,Neutral
2025-02-15 20:00:00,20,40.004433,36.36956,-3.634872999999999,16427.326,43.95756,3.953128492919923,-3.634872999999999,Neutral
2025-02-15 21:00:00,21,38.151646,36.183127,-1.9685190000000006,16059.763,37.483803,-0.6678432045898433,-1.9685190000000006,Neutral
2025-02-15 22:00:00,22,37.081855,36.781633,-0.300221999999998,15626.482,36.018326,-1.0635291943359348,-0.300221999999998,Neutral
2025-02-15 23:00:00,23,36.681655,36.747938,0.06628299999999854,15074.847999999998,34.60847,-2.0731840832519524,0.06628299999999854,Neutral
2025-02-16 00:00:00,0,33.102602,35.544176,2.441574000000003,14647.981,37.13233,4.029729848144534,2.441574000000003,Neutral
2025-02-16 01:00:00,1,31.356002,35.621811,4.265809000000001,14374.194,32.094997,0.7389954060058592,4.265809000000001,Neutral
2025-02-16 02:00:00,2,29.988379,34.693185,4.704806000000001,14176.593,30.963873,0.9754939095459001,4.704806000000001,Neutral
2025-02-16 03:00:00,3,29.403934,34.066174,4.662239999999997,14046.833,32.339962,2.936028005615235,4.662239999999997,Neutral
2025-02-16 04:00:00,4,29.899438,37.464669,7.565231000000001,14131.207,31.642052,1.7426136967773438,7.565231000000001,Neutral
2025-02-16 05:00:00,5,29.909915,33.406791,3.4968759999999968,14340.761,37.284706,7.374791115722655,3.4968759999999968,Neutral
2025-02-16 06:00:00,6,31.561442,32.609398,1.0479559999999992,14599.882,38.616474,7.055032151611329,1.0479559999999992,Neutral
2025-02-16 07:00:00,7,32.311707,33.508201,1.1964940000000013,14902.041,31.739855,-0.5718521873779281,1.1964940000000013,Neutral
2025-02-16 08:00:00,8,32.728244,34.741895,2.013651000000003,15310.25,30.838274,-1.8899699979248012,2.013651000000003,Neutral
2025-02-16 09:00:00,9,33.909495,38.246111,4.336615999999999,15666.994,30.996216,-2.9132791796874997,4.336615999999999,Neutral
2025-02-16 10:00:00,10,33.676091,48.120666,14.444575,15982.002,34.417866,0.7417747531738286,14.444575,Neutral
2025-02-16 11:00:00,11,34.233335,48.035608,13.802273000000007,16248.767,32.72493,-1.5084051904296842,13.802273000000007,Neutral
2025-02-16 12:00:00,12,33.291238,39.553136,6.261898000000002,16323.802,34.23112,0.939883063232422,6.261898000000002,Neutral
2025-02-16 13:00:00,13,32.08829,40.956696,8.868406,16336.893,32.59217,0.5038807153320306,8.868406,Neutral
2025-02-16 14:00:00,14,31.100399,38.940982,7.840582999999999,16499.177,32.274364,1.1739654714355474,7.840582999999999,Neutral
2025-02-16 15:00:00,15,30.387858,34.376161,3.988303000000002,16516.097999999998,38.0665,7.678643617431639,3.988303000000002,Neutral
2025-02-16 16:00:00,16,31.731815,34.045321,2.3135060000000003,16991.173,46.81171,15.079895357666015,2.3135060000000003,Neutral
2025-02-16 17:00:00,17,35.78629,46.549756,10.763466000000001,17370.999,39.0774,3.29111020751953,10.763466000000001,Neutral
2025-02-16 18:00:00,18,42.738696,49.454862,6.716166000000001,17990.459000000003,38.506893,-4.231802842041013,6.716166000000001,Neutral
2025-02-16 19:00:00,19,41.909076,45.906283,3.997207000000003,18109.983,40.80379,-1.1052849538574208,3.997207000000003,Neutral
2025-02-16 20:00:00,20,39.85562,45.732636,5.877015999999998,17984.412,40.324345,0.4687246350097638,5.877015999999998,Neutral
2025-02-16 21:00:00,21,38.163339,38.691805,0.5284660000000017,17724.972999999998,37.57741,-0.5859273483886724,0.5284660000000017,Neutral
2025-02-16 22:00:00,22,36.229273,36.585111,0.35583799999999854,17371.953,36.028667,-0.2006055500488273,0.35583799999999854,Neutral
2025-02-16 23:00:00,23,34.926849,32.655774,-2.271074999999996,17049.634,34.880035,-0.04681359960937215,-2.271074999999996,Neutral
2025-02-17 00:00:00,0,36.11215,36.437882,0.32573200000000213,16860.671,34.78091,-1.3312395080566404,0.32573200000000213,Neutral
2025-02-17 01:00:00,1,35.980309,35.584311,-0.39599799999999874,16757.828,36.22514,0.24483061791992355,-0.39599799999999874,Neutral
2025-02-17 02:00:00,2,35.48799,35.067813,-0.42017700000000247,16737.581,36.555862,1.067872426757809,-0.42017700000000247,Neutral
2025-02-17 03:00:00,3,36.357536,36.987693,0.630156999999997,17032.618000000002,36.365414,0.00787766577148119,0.630156999999997,Neutral
2025-02-17 04:00:00,4,38.059834,38.61869,0.5588559999999987,17412.625,41.03985,2.9800143276367166,0.5588559999999987,Neutral
2025-02-17 05:00:00,5,43.015433,49.793205,6.777771999999999,18054.27,48.979847,5.9644139543457015,6.777771999999999,Neutral
2025-02-17 06:00:00,6,61.014631,51.075119,-9.939512,18967.579,72.36052,11.345888409179686,-9.939512,Neutral
2025-02-17 07:00:00,7,63.947487,51.53385,-12.413637000000001,19655.728,49.906673,-14.040813568603518,-12.413637000000001,Neutral
2025-02-17 08:00:00,8,50.063075,39.568225,-10.49485,19700.168,47.73866,-2.324416094970701,-10.49485,Neutral
2025-02-17 09:00:00,9,40.943135,33.511298,-7.431837000000002,19418.232,43.819363,2.8762276403808613,-7.431837000000002,Neutral
2025-02-17 10:00:00,10,41.584776,37.22074,-4.364035999999999,19189.173000000003,40.917313,-0.6674633779296855,-4.364035999999999,Neutral
2025-02-17 11:00:00,11,39.605623,33.247781,-6.357841999999998,18869.311,41.535786,1.9301626750488268,-6.357841999999998,Neutral
2025-02-17 12:00:00,12,37.002735,32.600689,-4.402045999999999,18620.713,38.87299,1.8702546545410144,-4.402045999999999,Neutral
2025-02-17 13:00:00,13,36.396674,33.141795,-3.2548789999999954,18355.379,37.154995,0.7583209645996121,-3.2548789999999954,Neutral
2025-02-17 14:00:00,14,36.232319,32.768754,-3.4635649999999956,18074.234,37.822937,1.5906180117187532,-3.4635649999999956,Neutral
2025-02-17 15:00:00,15,36.853673,33.402627,-3.451045999999998,17853.823,46.06328,9.209605198242187,-3.451045999999998,Neutral
2025-02-17 16:00:00,16,41.577717,39.811035,-1.766682000000003,18222.447,58.96847,17.39075452709961,-1.766682000000003,Neutral
2025-02-17 17:00:00,17,68.491762,77.295607,8.80384500000001,18813.446,49.527523,-18.96423895922851,8.80384500000001,Neutral
2025-02-17 18:00:00,18,84.470891,123.611537,39.140646000000004,19623.057999999997,58.41455,-26.056340218749995,39.140646000000004,RT premium / potential DA hedge
2025-02-17 19:00:00,19,70.568541,112.742678,42.174137,19879.391,65.90891,-4.65962834130859,42.174137,RT premium / potential DA hedge
2025-02-17 20:00:00,20,66.778852,73.946917,7.168064999999999,19729.653,61.675365,-5.103486552001954,7.168064999999999,Neutral
2025-02-17 21:00:00,21,63.327376,65.658186,2.3308099999999996,19465.808,56.637516,-6.689859978271485,2.3308099999999996,Neutral
2025-02-17 22:00:00,22,58.876276,67.658665,8.782389000000002,18939.904,53.324734,-5.551542265869138,8.782389000000002,Neutral
2025-02-17 23:00:00,23,56.753428,46.810944,-9.942484,18323.062,52.824543,-3.9288850007324214,-9.942484,Neutral
2025-02-18 00:00:00,0,58.512293,55.725489,-2.7868039999999965,18023.637,53.556015,-4.956277985351562,-2.7868039999999965,Neutral
2025-02-18 01:00:00,1,57.200276,53.180782,-4.019494000000002,17999.559,53.240845,-3.9594312734375023,-4.019494000000002,Neutral
2025-02-18 02:00:00,2,56.581435,62.774766,6.193331000000001,17951.395,53.80828,-2.7731540551757803,6.193331000000001,Neutral
2025-02-18 03:00:00,3,56.296262,52.690828,-3.6054339999999954,18089.49,53.458836,-2.837426398193358,-3.6054339999999954,Neutral
2025-02-18 04:00:00,4,58.010412,48.306912,-9.703500000000005,18345.103000000003,58.62603,0.6156179682617164,-9.703500000000005,Neutral
2025-02-18 05:00:00,5,66.581069,45.348744,-21.232324999999996,19076.337,79.72468,13.143609039550782,-21.232324999999996,Neutral
2025-02-18 06:00:00,6,105.141512,67.9035,-37.23801200000001,20061.665,105.49644,0.3549250727539004,-37.23801200000001,DA premium / potential RT hedge
2025-02-18 07:00:00,7,120.787281,81.170152,-39.61712899999999,20699.717,130.18091,9.393627203125007,-39.61712899999999,DA premium / potential RT hedge
2025-02-18 08:00:00,8,75.176044,59.200024,-15.976020000000005,20711.274,120.58415,45.40810822167968,-15.976020000000005,Neutral
2025-02-18 09:00:00,9,62.121606,54.538009,-7.5835969999999975,20166.606,56.192894,-5.928712018066406,-7.5835969999999975,Neutral
2025-02-18 10:00:00,10,63.385129,75.619064,12.233934999999995,19596.647,51.17768,-12.207448030761718,12.233934999999995,Neutral
2025-02-18 11:00:00,11,60.050144,52.84955,-7.200594000000002,19150.67,51.741814,-8.308330340332034,-7.200594000000002,Neutral
2025-02-18 12:00:00,12,58.886053,56.924569,-1.9614839999999987,18752.733,50.222305,-8.663747702148434,-1.9614839999999987,Neutral
2025-02-18 13:00:00,13,53.709819,47.635821,-6.073998000000003,18556.725,51.082394,-2.6274253537597687,-6.073998000000003,Neutral
2025-02-18 14:00:00,14,50.31515,42.005988,-8.309162,18273.318,49.461555,-0.8535945190429715,-8.309162,Neutral
2025-02-18 15:00:00,15,50.482216,36.25506,-14.227156,18104.79,55.840137,5.357921481689452,-14.227156,Neutral
2025-02-18 16:00:00,16,58.966613,39.996559,-18.970054000000005,18342.701,72.22786,13.26124649707031,-18.970054000000005,Neutral
2025-02-18 17:00:00,17,84.222835,62.097292,-22.125543,18888.115,72.964386,-11.258449013671878,-22.125543,Neutral
2025-02-18 18:00:00,18,114.995552,77.876075,-37.119477,19558.777,65.82373,-49.17182153125,-37.119477,DA premium / potential RT hedge
2025-02-18 19:00:00,19,99.2399,112.096105,12.856204999999989,19830.326999999997,107.33364,8.093741052246088,12.856204999999989,Neutral
2025-02-18 20:00:00,20,87.707715,85.478718,-2.2289969999999926,19790.311,106.79441,19.086695705566413,-2.2289969999999926,Neutral
2025-02-18 21:00:00,21,81.520104,76.724136,-4.795968000000002,19345.622,62.1396,-19.380505153564457,-4.795968000000002,Neutral
2025-02-18 22:00:00,22,74.534087,71.734975,-2.799111999999994,18894.123,59.651302,-14.882784662353515,-2.799111999999994,Neutral
2025-02-18 23:00:00,23,70.304217,75.991981,5.687764000000001,18443.25,62.017933,-8.286284108154291,5.687764000000001,Neutral
2025-02-19 00:00:00,0,79.956546,72.388284,-7.568262000000004,18286.812,67.73458,-12.22196500634766,-7.568262000000004,Neutral
2025-02-19 01:00:00,1,78.226581,84.560083,6.33350200000001,18182.316,71.00834,-7.21824207177734,6.33350200000001,Neutral
2025-02-19 02:00:00,2,75.21172,72.110299,-3.101421000000002,18145.026,70.78383,-4.427891264648437,-3.101421000000002,Neutral
2025-02-19 03:00:00,3,77.060676,83.487855,6.427178999999995,18260.341999999997,69.37048,-7.690192601562501,6.427178999999995,Neutral
2025-02-19 04:00:00,4,71.170868,65.775004,-5.395864000000003,18677.725,75.290474,4.119605937988283,-5.395864000000003,Neutral
2025-02-19 05:00:00,5,75.095344,68.483605,-6.611739,19384.153,91.729996,16.634651727539065,-6.611739,Neutral
2025-02-19 06:00:00,6,126.964245,86.566945,-40.3973,20300.363,112.056366,-14.90787903320313,-40.3973,DA premium / potential RT hedge
2025-02-19 07:00:00,7,146.399429,97.755293,-48.644136,20819.748,118.930885,-27.46854368505859,-48.644136,DA premium / potential RT hedge
2025-02-19 08:00:00,8,126.201019,141.148922,14.947902999999997,20958.786,104.97263,-21.228385638183596,14.947902999999997,Neutral
2025-02-19 09:00:00,9,104.758395,94.439774,-10.318620999999993,20883.157,95.638664,-9.119730754394524,-10.318620999999993,Neutral
2025-02-19 10:00:00,10,128.400584,92.283248,-36.11733600000001,20671.89,84.547295,-43.85328938330079,-36.11733600000001,DA premium / potential RT hedge
2025-02-19 11:00:00,11,112.847199,112.299082,-0.5481170000000049,20357.681,86.84283,-26.004372156738285,-0.5481170000000049,Neutral
2025-02-19 12:00:00,12,102.768722,96.922221,-5.8465010000000035,20129.383,89.23869,-13.53002876269531,-5.8465010000000035,Neutral
2025-02-19 13:00:00,13,88.028043,70.69418,-17.333862999999994,19764.807999999997,96.6219,8.593859465820316,-17.333862999999994,Neutral
2025-02-19 14:00:00,14,79.668301,69.045422,-10.622878999999998,19475.688,79.13518,-0.5331233876953121,-10.622878999999998,Neutral
2025-02-19 15:00:00,15,77.063862,82.957557,5.893694999999994,19337.368,81.344345,4.280483092773437,5.893694999999994,Neutral
2025-02-19 16:00:00,16,86.698021,80.077362,-6.620659000000003,19623.846,102.936325,16.23830407324219,-6.620659000000003,Neutral
2025-02-19 17:00:00,17,99.302607,79.36203,-19.94057699999999,20025.386,97.13527,-2.1673378349609322,-19.94057699999999,Neutral
2025-02-19 18:00:00,18,142.133251,116.123998,-26.009253,20474.525,105.47059,-36.66266231591797,-26.009253,DA premium / potential RT hedge
2025-02-19 19:00:00,19,129.557359,130.143881,0.5865220000000022,20557.485,135.36298,5.805617074218759,0.5865220000000022,Neutral
2025-02-19 20:00:00,20,117.451266,115.336698,-2.1145680000000056,20384.493,103.81961,-13.631655404296879,-2.1145680000000056,Neutral
2025-02-19 21:00:00,21,106.094663,97.225066,-8.869596999999999,19940.397,99.41257,-6.682095861328122,-8.869596999999999,Neutral
2025-02-19 22:00:00,22,91.966786,91.842314,-0.12447199999999725,19445.44,99.141975,7.175189402832032,-0.12447199999999725,Neutral
2025-02-19 23:00:00,23,93.520396,91.634924,-1.8854720000000071,18979.084000000003,72.860695,-20.6597011147461,-1.8854720000000071,Neutral
2025-02-20 00:00:00,0,90.122086,130.433352,40.31126600000002,18815.195,89.520584,-0.6015018935546834,40.31126600000002,RT premium / potential DA hedge
2025-02-20 01:00:00,1,86.468457,107.297608,20.829150999999996,18669.067000000003,84.5077,-1.9607589409179695,20.829150999999996,Neutral
2025-02-20 02:00:00,2,82.344245,94.69888,12.354635000000002,18718.617,77.76733,-4.576918645019532,12.354635000000002,Neutral
2025-02-20 03:00:00,3,80.692473,100.336123,19.643649999999994,18892.301,74.51094,-6.181532448242194,19.643649999999994,Neutral
2025-02-20 04:00:00,4,82.899916,111.737858,28.837941999999998,19026.466,78.39867,-4.501249618164067,28.837941999999998,RT premium / potential DA hedge
2025-02-20 05:00:00,5,91.92288,76.446743,-15.476137000000008,19530.54,106.084885,14.162004643554681,-15.476137000000008,Neutral
2025-02-20 06:00:00,6,120.824074,122.216811,1.392737000000011,20323.894,151.5696,30.745521336914067,1.392737000000011,Neutral
2025-02-20 07:00:00,7,165.425683,173.779111,8.353428000000008,21041.656,121.66109,-43.76459596386718,8.353428000000008,Neutral
2025-02-20 08:00:00,8,139.146942,131.428785,-7.718156999999991,21113.278,102.54156,-36.60538468798828,-7.718156999999991,Neutral
2025-02-20 09:00:00,9,113.806678,84.530639,-29.27603900000001,20795.557,88.13927,-25.667411032226568,-29.27603900000001,DA premium / potential RT hedge
2025-02-20 10:00:00,10,113.679155,64.849486,-48.829668999999996,20422.403,74.487114,-39.192041047363276,-48.829668999999996,DA premium / potential RT hedge
2025-02-20 11:00:00,11,102.250437,78.49626,-23.754177,20146.811,79.800934,-22.44950316210938,-23.754177,Neutral
2025-02-20 12:00:00,12,90.819874,79.77659,-11.043284,19949.129,82.5641,-8.255771827148436,-11.043284,Neutral
2025-02-20 13:00:00,13,86.39026,88.741974,2.351714000000001,19909.132,82.214005,-4.176255483398435,2.351714000000001,Neutral
2025-02-20 14:00:00,14,77.985811,77.563764,-0.42204699999999207,19855.648,82.67479,4.688978428710939,-0.42204699999999207,Neutral
2025-02-20 15:00:00,15,75.031092,73.444396,-1.5866960000000034,19943.273,86.56639,11.535298991210936,-1.5866960000000034,Neutral
2025-02-20 16:00:00,16,82.556948,80.567004,-1.9899440000000084,20157.754999999997,98.77939,16.22244042773437,-1.9899440000000084,Neutral
2025-02-20 17:00:00,17,108.100286,96.014617,-12.085668999999996,20541.597,93.36414,-14.736142628417966,-12.085668999999996,Neutral
2025-02-20 18:00:00,18,123.549749,116.935404,-6.614345,21103.323,100.06258,-23.487172706054693,-6.614345,Neutral
2025-02-20 19:00:00,19,126.586592,145.051415,18.464822999999996,21285.369,98.61492,-27.971670430175777,18.464822999999996,Neutral
2025-02-20 20:00:00,20,114.607028,137.497898,22.890869999999993,21124.975,97.90611,-16.700915329101562,22.890869999999993,Neutral
2025-02-20 21:00:00,21,116.561251,120.840658,4.279407000000006,20647.729,92.85488,-23.706369713378905,4.279407000000006,Neutral
2025-02-20 22:00:00,22,109.658505,92.070598,-17.587907,20116.074999999997,90.36153,-19.296978510742193,-17.587907,Neutral
2025-02-20 23:00:00,23,107.135288,68.159087,-38.976201,19605.157,97.74945,-9.385837316406253,-38.976201,DA premium / potential RT hedge
2025-02-21 00:00:00,0,130.513965,102.734535,-27.77943000000002,19275.83,110.29568,-20.21828781494142,-27.77943000000002,DA premium / potential RT hedge
2025-02-21 01:00:00,1,128.773855,108.959253,-19.814601999999994,19017.252,103.81843,-24.955426960449216,-19.814601999999994,Neutral
2025-02-21 02:00:00,2,130.598942,112.209524,-18.389417999999992,18908.422,102.202835,-28.39610691699218,-18.389417999999992,Neutral
2025-02-21 03:00:00,3,126.686077,108.780379,-17.905698,18987.006,100.638466,-26.04761111865234,-17.905698,Neutral
2025-02-21 04:00:00,4,129.946434,79.999221,-49.947213000000005,19165.615,102.728355,-27.218078592285167,-49.947213000000005,DA premium / potential RT hedge
2025-02-21 05:00:00,5,142.026382,91.817105,-50.209277000000014,19831.833,129.49205,-12.534331829101575,-50.209277000000014,DA premium / potential RT hedge
2025-02-21 06:00:00,6,200.289506,152.827819,-47.46168699999998,20606.64,159.18077,-41.10873512597655,-47.46168699999998,DA premium / potential RT hedge
2025-02-21 07:00:00,7,220.366804,254.355395,33.988590999999985,20989.679,185.17491,-35.191892500976564,33.988590999999985,RT premium / potential DA hedge
2025-02-21 08:00:00,8,123.702715,78.174511,-45.528204,21116.179,152.4209,28.718183437500002,-45.528204,DA premium / potential RT hedge
2025-02-21 09:00:00,9,88.686323,64.821982,-23.864340999999996,20566.079,79.32046,-9.365865541503908,-23.864340999999996,DA premium / potential RT hedge
2025-02-21 10:00:00,10,56.10248,50.364725,-5.737755,20103.115,56.74229,0.639810496826172,-5.737755,Neutral
2025-02-21 11:00:00,11,49.923748,49.17743,-0.7463180000000023,19398.769,50.289032,0.36528398242187166,-0.7463180000000023,Neutral
2025-02-21 12:00:00,12,48.302541,42.431747,-5.8707939999999965,18969.991,47.58013,-0.7224094692382792,-5.8707939999999965,Neutral
2025-02-21 13:00:00,13,42.534034,41.612075,-0.9219590000000011,18695.13,50.96451,8.430477871337892,-0.9219590000000011,Neutral
2025-02-21 14:00:00,14,40.173534,39.815804,-0.35772999999999655,18198.307,45.471302,5.297768032470707,-0.35772999999999655,Neutral
2025-02-21 15:00:00,15,40.293679,39.210213,-1.0834659999999943,17922.79,60.81692,20.523242234130862,-1.0834659999999943,Neutral
2025-02-21 16:00:00,16,47.101,43.349007,-3.751992999999999,17931.432999999997,76.86234,29.761342834472657,-3.751992999999999,Neutral
2025-02-21 17:00:00,17,77.444091,69.342145,-8.101945999999998,18249.882,71.248024,-6.196067013183594,-8.101945999999998,Neutral
2025-02-21 18:00:00,18,92.414002,88.821206,-3.5927959999999928,18818.506,77.3815,-15.032501755859371,-3.5927959999999928,Neutral
2025-02-21 19:00:00,19,82.497259,53.406347,-29.090912000000003,19090.086,76.26473,-6.232526639160156,-29.090912000000003,DA premium / potential RT hedge
2025-02-21 20:00:00,20,68.114313,51.302215,-16.812098,19136.96,70.4748,2.3604871098632856,-16.812098,Neutral
2025-02-21 21:00:00,21,68.288748,59.489102,-8.799645999999996,19099.067,63.109165,-5.179582808349608,-8.799645999999996,Neutral
2025-02-21 22:00:00,22,64.863252,57.135071,-7.728180999999999,18792.803,60.202705,-4.6605466166992215,-7.728180999999999,Neutral
2025-02-21 23:00:00,23,61.536308,46.532521,-15.003786999999996,18428.777,65.01746,3.481155684082033,-15.003786999999996,Neutral
2025-02-22 00:00:00,0,60.798298,55.497753,-5.300545,18379.551,64.6972,3.898898960449216,-5.300545,Neutral
2025-02-22 01:00:00,1,60.283566,65.792872,5.509306000000002,18382.822,65.85119,5.567622659667968,5.509306000000002,Neutral
2025-02-22 02:00:00,2,59.258162,52.004924,-7.253237999999996,18388.311,66.309296,7.051133654296876,-7.253237999999996,Neutral
2025-02-22 03:00:00,3,60.338948,68.97066,8.631711999999993,18600.202,67.85264,7.513690244628904,8.631711999999993,Neutral
2025-02-22 04:00:00,4,63.801727,52.941329,-10.860397999999996,18886.375,74.03131,10.22958403515625,-10.860397999999996,Neutral
2025-02-22 05:00:00,5,65.626103,63.655751,-1.9703519999999983,19331.887,88.36537,22.739268704101562,-1.9703519999999983,Neutral
2025-02-22 06:00:00,6,82.366729,53.121059,-29.245670000000004,19743.881,92.07236,9.705628177734368,-29.245670000000004,DA premium / potential RT hedge
2025-02-22 07:00:00,7,82.411721,52.265989,-30.145732000000002,20128.393,75.77022,-6.6415031044921875,-30.145732000000002,DA premium / potential RT hedge
2025-02-22 08:00:00,8,57.862155,40.25803,-17.604125000000003,19883.065,56.340508,-1.5216474926757826,-17.604125000000003,Neutral
2025-02-22 09:00:00,9,45.06592,36.861884,-8.204035999999995,19084.871,47.06271,1.996789808349611,-8.204035999999995,Neutral
2025-02-22 10:00:00,10,36.078006,28.114104,-7.963902000000001,18237.197,42.64635,6.568344860595701,-7.963902000000001,Neutral
2025-02-22 11:00:00,11,35.163355,29.238712,-5.924643000000003,17488.597,39.862762,4.699407451171872,-5.924643000000003,Neutral
2025-02-22 12:00:00,12,32.574853,25.881567,-6.693285999999997,16867.36,36.678207,4.10335439746094,-6.693285999999997,Neutral
2025-02-22 13:00:00,13,30.529143,23.811696,-6.717447,16375.195,34.433,3.9038556572265612,-6.717447,Neutral
2025-02-22 14:00:00,14,29.973116,23.391547,-6.581569000000002,15959.261,33.334312,3.3611964389648428,-6.581569000000002,Neutral
2025-02-22 15:00:00,15,30.642462,26.681255,-3.961206999999998,15930.494,38.254753,7.61229111279297,-3.961206999999998,Neutral
2025-02-22 16:00:00,16,32.926348,29.731856,-3.194491999999997,16125.936999999998,51.313847,18.38749858813477,-3.194491999999997,Neutral
2025-02-22 17:00:00,17,43.217953,39.91015,-3.307803,16554.075,47.180508,3.962554659912108,-3.307803,Neutral
2025-02-22 18:00:00,18,50.585926,49.44264,-1.1432860000000034,17138.27,49.19816,-1.3877677358398444,-1.1432860000000034,Neutral
2025-02-22 19:00:00,19,49.926646,40.889099,-9.037546999999996,17416.049,47.581333,-2.3453128395996075,-9.037546999999996,Neutral
2025-02-22 20:00:00,20,45.126738,40.711927,-4.414811,17438.978,47.538757,2.412019324218747,-4.414811,Neutral
2025-02-22 21:00:00,21,40.793567,44.302041,3.5084739999999996,17280.309999999998,40.56636,-0.22720652636719052,3.5084739999999996,Neutral
2025-02-22 22:00:00,22,37.572296,34.864677,-2.707619000000001,16984.75,37.14488,-0.4274176125488296,-2.707619000000001,Neutral
2025-02-22 23:00:00,23,35.502445,35.511001,0.008555999999998676,16759.52,38.34042,2.837974769287108,0.008555999999998676,Neutral
2025-02-23 00:00:00,0,39.31312,39.440139,0.1270190000000042,16534.364999999998,38.56433,-0.7487889453124978,0.1270190000000042,Neutral
2025-02-23 01:00:00,1,38.043649,37.791007,-0.2526420000000016,16481.243,39.984314,1.940664964843748,-0.2526420000000016,Neutral
2025-02-23 02:00:00,2,37.918043,37.970238,0.052195000000004654,16439.206,38.548595,0.6305524284667996,0.052195000000004654,Neutral
2025-02-23 03:00:00,3,40.066101,52.328276,12.262175,16567.939,39.08136,-0.9847411367187533,12.262175,Neutral
2025-02-23 04:00:00,4,44.042918,52.805549,8.762630999999999,16760.368000000002,40.70874,-3.3341777656250002,8.762630999999999,Neutral
2025-02-23 05:00:00,5,45.552447,38.533369,-7.019078,17013.835,47.397877,1.8454297395019523,-7.019078,Neutral
2025-02-23 06:00:00,6,47.292575,41.960755,-5.3318200000000004,17423.047,62.692375,15.39980018310547,-5.3318200000000004,Neutral
2025-02-23 07:00:00,7,47.729459,39.746489,-7.982970000000002,17578.93,47.76366,0.0342014309082046,-7.982970000000002,Neutral
2025-02-23 08:00:00,8,35.009415,27.188449,-7.8209659999999985,17515.161,44.26345,9.254035622558597,-7.8209659999999985,Neutral
2025-02-23 09:00:00,9,31.503757,28.719714,-2.7840430000000005,16749.613,34.0171,2.5133442878417966,-2.7840430000000005,Neutral
2025-02-23 10:00:00,10,30.82268,30.087772,-0.7349079999999972,16129.516,30.48577,-0.33691072814941236,-0.7349079999999972,Neutral
2025-02-23 11:00:00,11,29.471524,29.819839,0.34831500000000304,15585.567,29.28507,-0.18645358068847528,0.34831500000000304,Neutral
2025-02-23 12:00:00,12,28.571237,28.65885,0.08761300000000105,15223.357,28.072018,-0.4992193303222656,0.08761300000000105,Neutral
2025-02-23 13:00:00,13,27.373754,27.263808,-0.10994600000000077,14942.525999999998,27.026682,-0.34707209997558763,-0.10994600000000077,Neutral
2025-02-23 14:00:00,14,27.040427,25.609407,-1.4310200000000002,14765.929,26.858648,-0.18177869982910266,-1.4310200000000002,Neutral
2025-02-23 15:00:00,15,27.947322,28.15171,0.20438800000000157,14765.743,30.507732,2.560410391357422,0.20438800000000157,Neutral
2025-02-23 16:00:00,16,30.435172,36.553617,6.118445000000001,14955.668,35.63584,5.200669369628905,6.118445000000001,Neutral
2025-02-23 17:00:00,17,42.548738,46.091102,3.542363999999999,15387.838,34.929745,-7.618993279541016,3.542363999999999,Neutral
2025-02-23 18:00:00,18,52.205336,55.910656,3.7053200000000004,16201.178,42.584133,-9.621202851806643,3.7053200000000004,Neutral
2025-02-23 19:00:00,19,46.376184,49.079836,2.703651999999998,16660.595,43.73477,-2.641412271484377,2.703651999999998,Neutral
2025-02-23 20:00:00,20,40.903376,48.631078,7.727702000000001,16668.919,41.57174,0.6683631967773422,7.727702000000001,Neutral
2025-02-23 21:00:00,21,38.482989,36.533175,-1.9498140000000035,16426.766,35.70934,-2.7736498581543003,-1.9498140000000035,Neutral
2025-02-23 22:00:00,22,36.804348,37.323542,0.5191940000000059,16142.864,32.78574,-4.018608101318357,0.5191940000000059,Neutral
2025-02-23 23:00:00,23,35.849094,35.345913,-0.5031809999999979,15889.786,32.457367,-3.391727056640626,-0.5031809999999979,Neutral
2025-02-24 00:00:00,0,34.936996,30.831807,-4.105188999999999,15743.477,35.213234,0.27623794775390564,-4.105188999999999,Neutral
2025-02-24 01:00:00,1,35.084317,33.05582,-2.0284970000000015,15723.469,32.855877,-2.2284400773925768,-2.0284970000000015,Neutral
2025-02-24 02:00:00,2,34.952263,36.357282,1.4050189999999958,15901.691,34.616055,-0.3362084650878927,1.4050189999999958,Neutral
2025-02-24 03:00:00,3,35.269935,36.029955,0.7600200000000044,16137.434,36.22786,0.9579244970703158,0.7600200000000044,Neutral
2025-02-24 04:00:00,4,37.873267,36.834902,-1.0383649999999989,16482.521999999997,38.324127,0.45086019726562654,-1.0383649999999989,Neutral
2025-02-24 05:00:00,5,42.823528,45.441558,2.6180299999999974,17329.637000000002,51.670094,8.84656553637695,2.6180299999999974,Neutral
2025-02-24 06:00:00,6,74.520792,73.943082,-0.5777099999999962,18543.521,67.93495,-6.585840217773438,-0.5777099999999962,Neutral
2025-02-24 07:00:00,7,64.986271,74.937396,9.951125000000005,19049.046,53.27742,-11.70885095605469,9.951125000000005,Neutral
2025-02-24 08:00:00,8,38.726187,34.998655,-3.7275320000000036,18629.045,45.27013,6.5439431574707,-3.7275320000000036,Neutral
2025-02-24 09:00:00,9,34.436972,29.187704,-5.249267999999997,17975.468,38.89529,4.458318374755862,-5.249267999999997,Neutral
2025-02-24 10:00:00,10,32.382395,29.319614,-3.062781000000001,17178.659,35.681328,3.2989328198242163,-3.062781000000001,Neutral
2025-02-24 11:00:00,11,30.882198,28.553003,-2.3291949999999986,16565.869,33.609848,2.7276500224609386,-2.3291949999999986,Neutral
2025-02-24 12:00:00,12,29.966061,27.3157,-2.650361,16081.324,32.30914,2.3430782517089845,-2.650361,Neutral
2025-02-24 13:00:00,13,29.127094,26.535679,-2.5914150000000014,15673.142,31.171541,2.044447213989258,-2.5914150000000014,Neutral
2025-02-24 14:00:00,14,28.904664,27.697296,-1.2073679999999989,15303.691,29.836205,0.9315405288085934,-1.2073679999999989,Neutral
2025-02-24 15:00:00,15,29.918761,28.441233,-1.4775279999999995,15117.272,34.14994,4.231179490722656,-1.4775279999999995,Neutral
2025-02-24 16:00:00,16,31.431266,33.008444,1.5771779999999964,15164.502,38.645107,7.213841269287109,1.5771779999999964,Neutral
2025-02-24 17:00:00,17,45.169056,38.329815,-6.839240999999994,15547.605,40.52801,-4.641044677978513,-6.839240999999994,Neutral
2025-02-24 18:00:00,18,56.265014,44.187677,-12.077337,16142.384,50.8319,-5.433112449707032,-12.077337,Neutral
2025-02-24 19:00:00,19,49.734284,35.807435,-13.926849000000004,16456.393,47.601185,-2.1330991550292993,-13.926849000000004,Neutral
2025-02-24 20:00:00,20,46.374651,36.707176,-9.667475000000003,16367.77,43.293777,-3.0808735341796876,-9.667475000000003,Neutral
2025-02-24 21:00:00,21,42.17792,33.514196,-8.663724000000002,15978.155,39.52771,-2.6502100390625003,-8.663724000000002,Neutral
2025-02-24 22:00:00,22,35.184322,28.925437,-6.258885000000003,15467.875,35.88832,0.7039989228515608,-6.258885000000003,Neutral
2025-02-24 23:00:00,23,34.749254,30.629251,-4.1200030000000005,15038.589,31.533382,-3.215871584228516,-4.1200030000000005,Neutral
2025-02-25 00:00:00,0,31.519394,32.793562,1.274168000000003,14736.54,33.794216,2.274822156005861,1.274168000000003,Neutral
2025-02-25 01:00:00,1,31.238216,35.436548,4.198332000000001,14536.27,28.586164,-2.6520515255126966,4.198332000000001,Neutral
2025-02-25 02:00:00,2,30.840485,30.46501,-0.37547500000000156,14621.988,29.007965,-1.832519912109376,-0.37547500000000156,Neutral
2025-02-25 03:00:00,3,31.277475,32.614509,1.3370339999999992,14719.958,31.03455,-0.2429252868652334,1.3370339999999992,Neutral
2025-02-25 04:00:00,4,32.689678,30.999546,-1.690132000000002,15075.06,35.195942,2.5062639250488274,-1.690132000000002,Neutral
2025-02-25 05:00:00,5,37.840128,33.783243,-4.056885000000001,15727.330999999998,47.88969,10.049562399169922,-4.056885000000001,Neutral
2025-02-25 06:00:00,6,58.834361,54.639135,-4.195225999999998,16762.989999999998,60.64733,1.8129702377929675,-4.195225999999998,Neutral
2025-02-25 07:00:00,7,64.239109,41.027802,-23.211306999999998,17225.212,45.060173,-19.17893596533203,-23.211306999999998,Neutral
2025-02-25 08:00:00,8,37.432834,30.920439,-6.5123950000000015,16869.949999999997,39.03758,1.6047445827636722,-6.5123950000000015,Neutral
2025-02-25 09:00:00,9,32.682151,33.301903,0.6197520000000054,16356.554,34.986732,2.3045814829101587,0.6197520000000054,Neutral
2025-02-25 10:00:00,10,32.221657,29.979862,-2.2417949999999998,15915.080999999998,31.273718,-0.947939119750977,-2.2417949999999998,Neutral
2025-02-25 11:00:00,11,30.097848,22.720544,-7.377303999999999,15462.492,31.10482,1.0069722514648447,-7.377303999999999,Neutral
2025-02-25 12:00:00,12,28.845508,21.850971,-6.994536999999998,15018.316,29.566021,0.7205129655761731,-6.994536999999998,Neutral
2025-02-25 13:00:00,13,27.340569,21.073289,-6.2672799999999995,14716.876,28.090096,0.7495265200195327,-6.2672799999999995,Neutral
2025-02-25 14:00:00,14,25.57718,21.082556,-4.494623999999998,14404.998,27.170156,1.5929764788818375,-4.494623999999998,Neutral
2025-02-25 15:00:00,15,25.889762,21.722821,-4.166941000000001,14286.214,30.133884,4.24412242993164,-4.166941000000001,Neutral
2025-02-25 16:00:00,16,28.16811,24.092434,-4.075675999999998,14347.235,33.0622,4.894088638916017,-4.075675999999998,Neutral
2025-02-25 17:00:00,17,40.170786,30.708619,-9.462167,14524.323,33.97862,-6.192167378173828,-9.462167,Neutral
2025-02-25 18:00:00,18,55.553306,48.608173,-6.9451329999999984,15090.765,40.481,-15.072307007080077,-6.9451329999999984,Neutral
2025-02-25 19:00:00,19,50.708979,41.530935,-9.178044,15468.337,43.586052,-7.122927059082031,-9.178044,Neutral
2025-02-25 20:00:00,20,43.369867,41.921957,-1.4479100000000003,15461.175,42.231464,-1.1384026140136712,-1.4479100000000003,Neutral
2025-02-25 21:00:00,21,37.702626,45.387101,7.684474999999999,15232.062,37.22708,-0.4755447011718772,7.684474999999999,Neutral
2025-02-25 22:00:00,22,34.666672,31.230083,-3.436588999999998,14901.5,29.259682,-5.406990298339842,-3.436588999999998,Neutral
2025-02-25 23:00:00,23,32.084464,29.112665,-2.971798999999997,14598.536,29.308369,-2.776095317138669,-2.971798999999997,Neutral
2025-02-26 00:00:00,0,30.090039,29.202503,-0.8875360000000008,14299.703,28.913843,-1.1761958450927743,-0.8875360000000008,Neutral
2025-02-26 01:00:00,1,28.773264,33.251267,4.4780029999999975,14489.565,28.271206,-0.5020580979003917,4.4780029999999975,Neutral
2025-02-26 02:00:00,2,27.816134,28.84901,1.0328759999999981,14543.009999999998,28.00438,0.1882452724609358,1.0328759999999981,Neutral
2025-02-26 03:00:00,3,28.252271,33.856325,5.604053999999998,14775.315,29.365768,1.1134974326171871,5.604053999999998,Neutral
2025-02-26 04:00:00,4,30.262898,36.625246,6.362347999999997,15156.326,33.335384,3.0724863688964845,6.362347999999997,Neutral
2025-02-26 05:00:00,5,35.507222,61.79022,26.282998,16089.458,53.0489,17.541678604248048,26.282998,RT premium / potential DA hedge
2025-02-26 06:00:00,6,55.916592,76.172702,20.25611,17331.292,69.19889,13.282298686035155,20.25611,Neutral
2025-02-26 07:00:00,7,49.753078,61.302537,11.549458999999999,17863.731,43.630917,-6.122161404541018,11.549458999999999,Neutral
2025-02-26 08:00:00,8,31.992192,31.559592,-0.43260000000000076,17612.816,39.818233,7.826041489990235,-0.43260000000000076,Neutral
2025-02-26 09:00:00,9,28.579658,24.960895,-3.6187629999999977,17101.185,30.76136,2.181702168457033,-3.6187629999999977,Neutral
2025-02-26 10:00:00,10,29.245879,31.884967,2.639088000000001,16581.905,29.444822,0.19894331140136856,2.639088000000001,Neutral
2025-02-26 11:00:00,11,28.177164,29.275274,1.0981099999999984,16022.199,29.787697,1.610532838378905,1.0981099999999984,Neutral
2025-02-26 12:00:00,12,28.063014,30.215701,2.1526870000000002,15639.541,27.687727,-0.3752870255126943,2.1526870000000002,Neutral
2025-02-26 13:00:00,13,27.462579,44.61591,17.153330999999998,15535.627,27.76541,0.30283046960449056,17.153330999999998,Neutral
2025-02-26 14:00:00,14,27.4331,39.081573,11.648473,15195.153,27.246006,-0.18709398803710897,11.648473,Neutral
2025-02-26 15:00:00,15,28.028356,41.877374,13.849018000000004,15149.881,31.51253,3.4841733731689466,13.849018000000004,Neutral
2025-02-26 16:00:00,16,29.918352,42.275717,12.357365000000001,15190.298,34.424942,4.506590016601564,12.357365000000001,Neutral
2025-02-26 17:00:00,17,41.167539,45.036787,3.869247999999999,15320.341,37.789795,-3.377744078124998,3.869247999999999,Neutral
2025-02-26 18:00:00,18,48.087202,47.812996,-0.2742059999999995,15695.54,45.808285,-2.2789172404785134,-0.2742059999999995,Neutral
2025-02-26 19:00:00,19,38.338142,69.745638,31.407496000000002,15758.291,42.354057,4.015915312011721,31.407496000000002,RT premium / potential DA hedge
2025-02-26 20:00:00,20,36.303041,60.128029,23.824987999999998,15716.0,33.627792,-2.675248641601563,23.824987999999998,RT premium / potential DA hedge
2025-02-26 21:00:00,21,31.669726,33.087282,1.4175560000000011,15299.432,29.66868,-2.0010458089599616,1.4175560000000011,Neutral
2025-02-26 22:00:00,22,28.130493,27.946483,-0.18401000000000067,14752.867,26.594912,-1.5355814246826185,-0.18401000000000067,Neutral
2025-02-26 23:00:00,23,26.923541,27.491464,0.5679230000000004,14220.331,24.692188,-2.231352737060547,0.5679230000000004,Neutral
2025-02-27 00:00:00,0,26.292312,29.617132,3.3248200000000026,13750.571,25.831846,-0.46046576281738183,3.3248200000000026,Neutral
2025-02-27 01:00:00,1,26.131244,28.260336,2.129092,13538.957,26.737366,0.6061217226562512,2.129092,Neutral
2025-02-27 02:00:00,2,25.335824,27.614266,2.278442000000002,13414.06,27.02914,1.6933164724121106,2.278442000000002,Neutral
2025-02-27 03:00:00,3,25.51344,29.18597,3.672530000000002,13507.216,27.98552,2.4720794091796883,3.672530000000002,Neutral
2025-02-27 04:00:00,4,26.126922,32.24727,6.120348,13768.903,29.897362,3.7704397553710933,6.120348,Neutral
2025-02-27 05:00:00,5,28.501266,35.138599,6.637332999999998,14388.278,39.689926,11.188660147460936,6.637332999999998,Neutral
2025-02-27 06:00:00,6,37.791188,73.923655,36.132467,15385.211,43.104046,5.312857867919924,36.132467,RT premium / potential DA hedge
2025-02-27 07:00:00,7,42.156596,45.867393,3.7107969999999995,15953.609,33.024635,-9.131960685058594,3.7107969999999995,Neutral
2025-02-27 08:00:00,8,38.275717,55.041262,16.765545000000003,16017.854,31.315214,-6.960502842895508,16.765545000000003,Neutral
2025-02-27 09:00:00,9,36.860986,103.496129,66.635143,16023.484,33.01533,-3.84565473168945,66.635143,RT premium / potential DA hedge
2025-02-27 10:00:00,10,35.292286,27.170621,-8.121664999999997,16023.836,33.417328,-1.8749581191406222,-8.121664999999997,Neutral
2025-02-27 11:00:00,11,31.986985,41.994056,10.007071,16028.45,32.455013,0.4680282751464837,10.007071,Neutral
2025-02-27 12:00:00,12,31.14466,27.483332,-3.6613279999999975,15674.633,29.893818,-1.25084209838867,-3.6613279999999975,Neutral
2025-02-27 13:00:00,13,29.810964,60.251452,30.440488000000002,15530.107,29.777037,-0.033927333129881276,30.440488000000002,RT premium / potential DA hedge
2025-02-27 14:00:00,14,29.142867,32.886512,3.7436450000000043,15316.809,29.66185,0.5189829755859385,3.7436450000000043,Neutral
2025-02-27 15:00:00,15,28.357666,41.132695,12.775029,15145.915,33.193527,4.835861221679689,12.775029,Neutral
2025-02-27 16:00:00,16,29.563584,31.582685,2.0191010000000027,15278.93,33.77556,4.211974471679689,2.0191010000000027,Neutral
2025-02-27 17:00:00,17,35.891135,29.221391,-6.669743999999998,15577.984,35.157604,-0.7335307824707016,-6.669743999999998,Neutral
2025-02-27 18:00:00,18,47.811735,42.787584,-5.024150999999996,15978.177,35.183846,-12.627889479980468,-5.024150999999996,Neutral
2025-02-27 19:00:00,19,47.465389,45.176732,-2.2886570000000006,16398.197,39.747448,-7.717941032470705,-2.2886570000000006,Neutral
2025-02-27 20:00:00,20,45.085065,56.447341,11.362276000000001,16315.315,37.430916,-7.654149167480469,11.362276000000001,Neutral
2025-02-27 21:00:00,21,43.157114,54.532644,11.375529999999998,16003.144,33.419525,-9.737588853515625,11.375529999999998,Neutral
2025-02-27 22:00:00,22,32.904486,35.033442,2.1289560000000023,15500.385,33.366486,0.46199959570312643,2.1289560000000023,Neutral
2025-02-27 23:00:00,23,29.617027,28.965822,-0.6512050000000009,14944.228,28.384928,-1.2320992503662112,-0.6512050000000009,Neutral
2025-02-28 00:00:00,0,31.196883,29.675742,-1.521141,14641.786,28.641253,-2.5556304822998044,-1.521141,Neutral
2025-02-28 01:00:00,1,30.084251,29.882475,-0.20177599999999885,14466.764,29.458765,-0.6254859700927717,-0.20177599999999885,Neutral
2025-02-28 02:00:00,2,28.251514,26.292764,-1.958750000000002,14420.928,29.452702,1.2011875686035154,-1.958750000000002,Neutral
2025-02-28 03:00:00,3,28.88846,25.894428,-2.994031999999997,14570.85,30.06435,1.1758901281738297,-2.994031999999997,Neutral
2025-02-28 04:00:00,4,30.701781,25.737231,-4.964549999999999,14886.115000000002,32.762615,2.0608342038574214,-4.964549999999999,Neutral
2025-02-28 05:00:00,5,37.100045,27.892076,-9.207969000000002,15727.477,43.86885,6.768805708007811,-9.207969000000002,Neutral
2025-02-28 06:00:00,6,58.697513,66.791672,8.094159000000005,16823.802,53.75248,-4.9450334467773445,8.094159000000005,Neutral
2025-02-28 07:00:00,7,48.52325,53.165199,4.641949000000004,17315.891,42.190086,-6.333163635253904,4.641949000000004,Neutral
2025-02-28 08:00:00,8,30.933476,15.670086,-15.26339,17114.7,41.48524,10.551764936279298,-15.26339,Neutral
2025-02-28 09:00:00,9,29.510797,23.201314,-6.309483,16535.459,31.374422,1.8636250733642576,-6.309483,Neutral
2025-02-28 10:00:00,10,28.249125,22.765945,-5.483180000000001,16032.262,30.716156,2.4670310058593756,-5.483180000000001,Neutral
2025-02-28 11:00:00,11,25.657287,19.164706,-6.492581000000001,15582.839,27.579588,1.922300936401367,-6.492581000000001,Neutral
2025-02-28 12:00:00,12,25.753418,18.122334,-7.631084000000001,15158.608,25.701427,-0.051990540283203046,-7.631084000000001,Neutral
2025-02-28 13:00:00,13,25.094667,17.372744,-7.721923,14961.392,25.288015,0.19334836560058477,-7.721923,Neutral
2025-02-28 14:00:00,14,24.68269,10.925322,-13.757368000000001,14574.601,24.822887,0.14019742065429597,-13.757368000000001,Neutral
2025-02-28 15:00:00,15,25.10367,13.554489,-11.549181,14315.844,28.112202,3.008531690673827,-11.549181,Neutral
2025-02-28 16:00:00,16,26.180044,24.251481,-1.9285630000000005,14458.304,31.207947,5.027902777343751,-1.9285630000000005,Neutral
2025-02-28 17:00:00,17,33.991068,28.274639,-5.716428999999998,14617.957,32.322098,-1.668970221679686,-5.716428999999998,Neutral
2025-02-28 18:00:00,18,40.670174,30.459514,-10.210660000000004,14957.349,32.87053,-7.799644825195315,-10.210660000000004,Neutral
2025-02-28 19:00:00,19,36.412517,29.619189,-6.7933280000000025,15128.935,33.14532,-3.2671961076660168,-6.7933280000000025,Neutral
2025-02-28 20:00:00,20,34.030368,30.059879,-3.970489000000004,15061.465,30.034222,-3.996146350830081,-3.970489000000004,Neutral
2025-02-28 21:00:00,21,32.658197,27.814176,-4.8440210000000015,14822.89,28.195913,-4.462283685180665,-4.8440210000000015,Neutral
2025-02-28 22:00:00,22,30.69595,26.890162,-3.8057879999999997,14447.365000000002,25.386242,-5.309708087158203,-3.8057879999999997,Neutral
2025-02-28 23:00:00,23,28.94351,25.697421,-3.2460890000000013,13930.68,25.249765,-3.693744603881836,-3.2460890000000013,Neutral
2025-03-01 00:00:00,0,27.58331,32.761733,5.178422999999999,13570.213,25.65272,-1.9305905023193368,5.178422999999999,Neutral
2025-03-01 01:00:00,1,27.337164,26.179271,-1.1578930000000014,13394.552,24.369442,-2.967722013916017,-1.1578930000000014,Neutral
2025-03-01 02:00:00,2,26.025044,27.41491,1.3898659999999978,13333.732,25.395977,-0.6290669797363293,1.3898659999999978,Neutral
2025-03-01 03:00:00,3,26.702659,26.031795,-0.6708640000000017,13292.962,27.044977,0.342318188110351,-0.6708640000000017,Neutral
2025-03-01 04:00:00,4,27.456796,25.739196,-1.717600000000001,13418.802,29.321106,1.8643099570312494,-1.717600000000001,Neutral
2025-03-01 05:00:00,5,29.415313,27.914423,-1.5008900000000018,13766.632,35.62977,6.21445537158203,-1.5008900000000018,Neutral
2025-03-01 06:00:00,6,30.626604,36.058846,5.432242000000002,14176.48,37.01621,6.38960464868164,5.432242000000002,Neutral
2025-03-01 07:00:00,7,33.795148,37.144282,3.3491339999999994,14674.806,29.370134,-4.425013646362302,3.3491339999999994,Neutral
2025-03-01 08:00:00,8,27.817596,23.754783,-4.062813000000002,14958.499,29.48523,1.6676334921874982,-4.062813000000002,Neutral
2025-03-01 09:00:00,9,26.448979,21.332947,-5.116032000000001,15149.226,26.741728,0.29274882897949084,-5.116032000000001,Neutral
2025-03-01 10:00:00,10,26.840896,24.511873,-2.3290229999999994,15147.054,25.56614,-1.2747567788085945,-2.3290229999999994,Neutral
2025-03-01 11:00:00,11,26.178957,22.967836,-3.211121000000002,15075.885,24.969183,-1.209774031860352,-3.211121000000002,Neutral
2025-03-01 12:00:00,12,26.187413,22.396145,-3.7912679999999988,14903.303,24.598328,-1.5890853632812494,-3.7912679999999988,Neutral
2025-03-01 13:00:00,13,26.247312,22.245825,-4.001487000000001,14797.094,24.572279,-1.6750330235595712,-4.001487000000001,Neutral
2025-03-01 14:00:00,14,26.276893,22.389902,-3.886991000000002,14771.128,24.9108,-1.3660920661621105,-3.886991000000002,Neutral
2025-03-01 15:00:00,15,26.969738,24.859845,-2.1098929999999996,14898.777000000002,29.989534,3.0197963780517583,-2.1098929999999996,Neutral
2025-03-01 16:00:00,16,31.885694,30.018385,-1.8673090000000023,15228.11,38.562298,6.676603821044921,-1.8673090000000023,Neutral
2025-03-01 17:00:00,17,46.503598,36.700245,-9.803352999999994,15678.209,37.99122,-8.512379433105465,-9.803352999999994,Neutral
2025-03-01 18:00:00,18,62.465446,41.228568,-21.236877999999997,16217.237,43.531067,-18.93437910546875,-21.236877999999997,Neutral
2025-03-01 19:00:00,19,66.667289,45.366807,-21.300481999999995,16481.035,45.015198,-21.652091246093747,-21.300481999999995,Neutral
2025-03-01 20:00:00,20,65.52048,52.204046,-13.316434000000008,16470.677,49.777184,-15.743296467285163,-13.316434000000008,Neutral
2025-03-01 21:00:00,21,62.887665,47.833191,-15.054473999999999,16324.829000000002,46.16404,-16.723625388183592,-15.054473999999999,Neutral
2025-03-01 22:00:00,22,58.702779,42.496017,-16.206761999999998,16109.527999999998,44.98206,-13.720719521240234,-16.206761999999998,Neutral
2025-03-01 23:00:00,23,57.287066,52.11479,-5.172276000000004,15782.613,44.96604,-12.321024435058597,-5.172276000000004,Neutral
2025-03-02 00:00:00,0,49.696099,41.869296,-7.826802999999998,15741.282,41.198334,-8.497765259765622,-7.826802999999998,Neutral
2025-03-02 01:00:00,1,48.181431,64.696127,16.514696,15708.892,40.753902,-7.427528564697269,16.514696,Neutral
2025-03-02 02:00:00,2,48.493305,48.856027,0.362721999999998,15778.069,41.55426,-6.939044746093749,0.362721999999998,Neutral
2025-03-02 03:00:00,3,50.6635,61.286386,10.622886000000001,15901.598,44.774967,-5.8885328063964835,10.622886000000001,Neutral
2025-03-02 04:00:00,4,51.917294,64.978121,13.060827000000003,16107.473000000002,47.897297,-4.01999709448242,13.060827000000003,Neutral
2025-03-02 05:00:00,5,54.907761,58.679968,3.7722070000000016,16436.777000000002,60.57749,5.6697307602539055,3.7722070000000016,Neutral
2025-03-02 06:00:00,6,76.687017,51.322469,-25.364548,17055.917999999998,74.86088,-1.826139009277341,-25.364548,DA premium / potential RT hedge
2025-03-02 07:00:00,7,77.87578,57.617645,-20.258135000000003,17300.777000000002,57.88428,-19.99149884155274,-20.258135000000003,Neutral
2025-03-02 08:00:00,8,45.787545,28.038065,-17.749480000000002,17255.919,53.63212,7.844573225097655,-17.749480000000002,Neutral
2025-03-02 09:00:00,9,36.792782,33.133664,-3.6591179999999994,16885.527000000002,40.539658,3.746875592773435,-3.6591179999999994,Neutral
2025-03-02 10:00:00,10,35.582565,35.031982,-0.5505830000000032,16278.391,37.12533,1.542766878662107,-0.5505830000000032,Neutral
2025-03-02 11:00:00,11,33.911956,31.581542,-2.3304140000000046,15912.193,37.22694,3.3149841550292933,-2.3304140000000046,Neutral
2025-03-02 12:00:00,12,32.350633,28.648079,-3.702554000000003,15649.148,34.659943,2.309309626953123,-3.702554000000003,Neutral
2025-03-02 13:00:00,13,30.929312,24.812277,-6.117034999999998,15260.199,31.914457,0.9851453211669927,-6.117034999999998,Neutral
2025-03-02 14:00:00,14,29.795767,26.92294,-2.872827000000001,15008.963,31.56269,1.7669237348632798,-2.872827000000001,Neutral
2025-03-02 15:00:00,15,31.493592,26.262081,-5.231511000000001,14803.487,37.905445,6.4118530988769535,-5.231511000000001,Neutral
2025-03-02 16:00:00,16,36.195174,36.949192,0.754017999999995,15054.684,48.17351,11.978337505126952,0.754017999999995,Neutral
2025-03-02 17:00:00,17,56.191681,54.717061,-1.4746200000000016,15669.112,57.74035,1.548667815917966,-1.4746200000000016,Neutral
2025-03-02 18:00:00,18,88.090635,85.397859,-2.692776000000009,16451.191,58.847534,-29.243100820312506,-2.692776000000009,Neutral
2025-03-02 19:00:00,19,85.07132,108.338307,23.266987,17075.708,66.38746,-18.68386119873047,23.266987,Neutral
2025-03-02 20:00:00,20,74.11401,91.29937,17.185360000000003,17307.284,70.01181,-4.102199697265618,17.185360000000003,Neutral
2025-03-02 21:00:00,21,65.497441,72.214419,6.716978000000012,17242.905,62.429516,-3.067925161376948,6.716978000000012,Neutral
2025-03-02 22:00:00,22,63.147617,70.670456,7.522839000000005,16870.814,59.363827,-3.7837902482910124,7.522839000000005,Neutral
2025-03-02 23:00:00,23,62.767427,71.98435,9.216923000000008,16615.008,58.738316,-4.029111417724607,9.216923000000008,Neutral
2025-03-03 00:00:00,0,64.648253,59.097799,-5.550453999999995,16582.98,59.105663,-5.54258970043945,-5.550453999999995,Neutral
2025-03-03 01:00:00,1,63.07585,63.068045,-0.007805000000004725,16592.215,58.520447,-4.555403222656253,-0.007805000000004725,Neutral
2025-03-03 02:00:00,2,60.496798,49.689971,-10.806826999999998,16663.468,60.313828,-0.1829704853515608,-10.806826999999998,Neutral
2025-03-03 03:00:00,3,61.841381,59.14465,-2.6967309999999998,16961.444,62.296757,0.45537574438476724,-2.6967309999999998,Neutral
2025-03-03 04:00:00,4,60.438333,54.776443,-5.66189,17375.089,69.99255,9.5542207109375,-5.66189,Neutral
2025-03-03 05:00:00,5,68.238896,45.240843,-22.998053,18332.437,84.65335,16.414454830078128,-22.998053,Neutral
2025-03-03 06:00:00,6,139.035412,76.609749,-62.425663000000014,19403.643000000004,111.41463,-27.620784924804695,-62.425663000000014,DA premium / potential RT hedge
2025-03-03 07:00:00,7,136.14061,72.498661,-63.64194900000001,19755.766000000003,97.237976,-38.90263392578126,-63.64194900000001,DA premium / potential RT hedge
2025-03-03 08:00:00,8,54.814387,36.432599,-18.381788,19175.418,93.36777,38.55338033398437,-18.381788,Neutral
2025-03-03 09:00:00,9,41.960478,26.747353,-15.213125000000002,18296.114,51.008743,9.04826528613281,-15.213125000000002,Neutral
2025-03-03 10:00:00,10,40.158395,35.486381,-4.672013999999997,17633.601000000002,45.944874,5.786478809814454,-4.672013999999997,Neutral
2025-03-03 11:00:00,11,37.286313,33.572888,-3.713425000000001,17104.215,42.142204,4.855891284667969,-3.713425000000001,Neutral
2025-03-03 12:00:00,12,34.495651,31.115867,-3.379784000000001,16721.544,40.017086,5.521435029052732,-3.379784000000001,Neutral
2025-03-03 13:00:00,13,32.350982,31.793839,-0.5571430000000035,16435.122,38.47957,6.128586481445311,-0.5571430000000035,Neutral
2025-03-03 14:00:00,14,30.998391,32.190599,1.1922079999999973,16124.172,36.664604,5.666213187011717,1.1922079999999973,Neutral
2025-03-03 15:00:00,15,32.376808,33.894339,1.5175310000000053,15968.675,41.1264,8.749591993896487,1.5175310000000053,Neutral
2025-03-03 16:00:00,16,37.445429,45.332493,7.887064000000002,16050.491,51.615334,14.169904557128909,7.887064000000002,Neutral
2025-03-03 17:00:00,17,54.137546,50.170973,-3.966573000000004,16369.686000000002,59.449062,5.311516347412109,-3.966573000000004,Neutral
2025-03-03 18:00:00,18,66.329594,52.518155,-13.811439,16921.688,63.339825,-2.9897693234863283,-13.811439,Neutral
2025-03-03 19:00:00,19,58.067329,45.519796,-12.547533000000001,17310.155,59.875793,1.8084644570312491,-12.547533000000001,Neutral
2025-03-03 20:00:00,20,53.482602,45.758003,-7.724598999999998,17198.745,51.91634,-1.5662621257324219,-7.724598999999998,Neutral
2025-03-03 21:00:00,21,56.08629,47.624119,-8.462170999999998,16869.068,48.31866,-7.767629263916014,-8.462170999999998,Neutral
2025-03-03 22:00:00,22,50.550904,39.748687,-10.802217000000006,16301.603,47.858532,-2.692372048095706,-10.802217000000006,Neutral
2025-03-03 23:00:00,23,44.847909,34.452071,-10.395838000000005,15827.039,42.916355,-1.9315538669433607,-10.395838000000005,Neutral
2025-03-04 00:00:00,0,45.522348,54.003686,8.481338000000001,15556.084,45.274357,-0.2479911579589853,8.481338000000001,Neutral
2025-03-04 01:00:00,1,44.113756,42.216529,-1.8972270000000009,15280.397,43.49348,-0.6202753176269553,-1.8972270000000009,Neutral
2025-03-04 02:00:00,2,40.820276,40.835262,0.014986000000000388,15290.515,44.65847,3.838194153808594,0.014986000000000388,Neutral
2025-03-04 03:00:00,3,40.48621,37.45339,-3.032820000000001,15443.021,43.415546,2.9293364172363283,-3.032820000000001,Neutral
2025-03-04 04:00:00,4,41.916258,44.843564,2.9273060000000015,15777.9,44.427162,2.510904170410157,2.9273060000000015,Neutral
2025-03-04 05:00:00,5,43.684291,36.495801,-7.188490000000002,16410.386,60.469913,16.785622482666014,-7.188490000000002,Neutral
2025-03-04 06:00:00,6,74.096494,123.006178,48.909684,17361.525999999998,74.27434,0.17784376855468054,48.909684,RT premium / potential DA hedge
2025-03-04 07:00:00,7,69.215697,65.271873,-3.9438240000000064,17673.193,58.56982,-10.645876595947271,-3.9438240000000064,Neutral
2025-03-04 08:00:00,8,40.750227,56.387873,15.637645999999997,17651.305,46.146225,5.395997975585935,15.637645999999997,Neutral
2025-03-04 09:00:00,9,38.714852,46.698174,7.983322000000001,17257.548000000003,37.687866,-1.0269857890625005,7.983322000000001,Neutral
2025-03-04 10:00:00,10,35.857901,44.768571,8.910670000000003,16625.136,39.05692,3.1990180979003924,8.910670000000003,Neutral
2025-03-04 11:00:00,11,32.754743,34.208803,1.4540600000000055,15975.235,37.236843,4.482100109130862,1.4540600000000055,Neutral
2025-03-04 12:00:00,12,31.423605,18.418338,-13.005267,15580.892,33.597843,2.174238170166017,-13.005267,Neutral
2025-03-04 13:00:00,13,30.63322,24.417973,-6.2152470000000015,15163.266,30.521284,-0.11193589660644676,-6.2152470000000015,Neutral
2025-03-04 14:00:00,14,29.051425,26.847855,-2.203569999999999,14706.403,29.34954,0.2981157104492205,-2.203569999999999,Neutral
2025-03-04 15:00:00,15,30.148229,28.900858,-1.2473710000000011,14599.752,31.794975,1.6467462807617181,-1.2473710000000011,Neutral
2025-03-04 16:00:00,16,31.666663,39.262043,7.595379999999999,14693.07,39.947704,8.281041315185547,7.595379999999999,Neutral
2025-03-04 17:00:00,17,36.574676,47.575445,11.000769000000005,14981.247,42.64611,6.071434534667972,11.000769000000005,Neutral
2025-03-04 18:00:00,18,41.526266,70.664261,29.137994999999997,15528.17,51.31785,9.791582205566407,29.137994999999997,RT premium / potential DA hedge
2025-03-04 19:00:00,19,39.411008,51.865161,12.454152999999998,15689.766,41.433735,2.0227268937988256,12.454152999999998,Neutral
2025-03-04 20:00:00,20,38.692524,50.919502,12.226978000000003,15464.381,36.33323,-2.3592949350585926,12.226978000000003,Neutral
2025-03-04 21:00:00,21,34.714365,42.032324,7.317959000000002,15070.457,30.586525,-4.1278400366210946,7.317959000000002,Neutral
2025-03-04 22:00:00,22,30.358426,27.835265,-2.5231610000000018,14440.122,27.516792,-2.84163370263672,-2.5231610000000018,Neutral
2025-03-04 23:00:00,23,28.052941,27.399242,-0.6536989999999996,13922.73,26.284103,-1.768837606445313,-0.6536989999999996,Neutral
2025-03-05 00:00:00,0,30.36258,25.85036,-4.512220000000003,13419.47,24.908962,-5.453617750244142,-4.512220000000003,Neutral
2025-03-05 01:00:00,1,29.85323,27.327983,-2.5252470000000002,13162.544999999998,25.79341,-4.05982065246582,-2.5252470000000002,Neutral
2025-03-05 02:00:00,2,26.582614,30.299634,3.7170200000000015,12941.295,26.685438,0.10282415612793017,3.7170200000000015,Neutral
2025-03-05 03:00:00,3,26.446164,25.252603,-1.193560999999999,12902.452,27.837439,1.3912745833740239,-1.193560999999999,Neutral
2025-03-05 04:00:00,4,28.175495,29.914512,1.739016999999997,13215.56,29.654734,1.4792386578369126,1.739016999999997,Neutral
2025-03-05 05:00:00,5,31.954207,30.060098,-1.8941090000000003,13679.578,42.40355,10.449342194335937,-1.8941090000000003,Neutral
2025-03-05 06:00:00,6,39.985016,37.548898,-2.4361180000000004,14662.139,44.268517,4.283500540527342,-2.4361180000000004,Neutral
2025-03-05 07:00:00,7,45.674175,41.671717,-4.002457999999997,15056.134,36.110775,-9.563400006103514,-4.002457999999997,Neutral
2025-03-05 08:00:00,8,44.878979,32.345011,-12.533968000000002,15101.428,36.285828,-8.593151363281251,-12.533968000000002,Neutral
2025-03-05 09:00:00,9,46.403555,27.933263,-18.470291999999997,14978.184,35.93484,-10.468713843994138,-18.470291999999997,Neutral
2025-03-05 10:00:00,10,43.819295,34.533005,-9.286289999999994,14992.706,36.348072,-7.471222947998044,-9.286289999999994,Neutral
2025-03-05 11:00:00,11,41.217314,32.233485,-8.983829,14904.983,34.492855,-6.724458927978517,-8.983829,Neutral
2025-03-05 12:00:00,12,40.048599,112.546123,72.497524,14853.292,33.914333,-6.134265656494144,72.497524,RT premium / potential DA hedge
2025-03-05 13:00:00,13,40.907241,37.605514,-3.3017269999999996,14801.414,33.684704,-7.222537173095702,-3.3017269999999996,Neutral
2025-03-05 14:00:00,14,38.810151,35.553663,-3.2564879999999974,14673.555,35.61135,-3.198799986816404,-3.2564879999999974,Neutral
2025-03-05 15:00:00,15,38.254185,38.854696,0.6005109999999974,14758.204,38.56108,0.30689593261718784,0.6005109999999974,Neutral
2025-03-05 16:00:00,16,38.64926,39.754959,1.1056990000000013,15137.468,42.943153,4.293893381347658,1.1056990000000013,Neutral
2025-03-05 17:00:00,17,47.433382,55.832776,8.399394000000001,15586.62,44.681385,-2.7519969597167986,8.399394000000001,Neutral
2025-03-05 18:00:00,18,52.398317,80.23363,27.835313000000006,16040.866,46.69633,-5.701985975830077,27.835313000000006,RT premium / potential DA hedge
2025-03-05 19:00:00,19,51.005042,97.731459,46.726417,16351.349,45.117195,-5.887846870605472,46.726417,RT premium / potential DA hedge
2025-03-05 20:00:00,20,47.788783,68.772727,20.983944,16372.122,42.59761,-5.19117252636719,20.983944,Neutral
2025-03-05 21:00:00,21,42.31724,54.975615,12.658375,16046.065,37.662083,-4.655157327880858,12.658375,Neutral
2025-03-05 22:00:00,22,37.014119,52.951852,15.937733000000001,15729.527,32.46737,-4.546749920410157,15.937733000000001,Neutral
2025-03-05 23:00:00,23,33.803219,33.628477,-0.17474200000000195,15284.689,30.695967,-3.107252279418944,-0.17474200000000195,Neutral
2025-03-06 00:00:00,0,36.938477,59.502073,22.563596000000004,15000.954,31.321232,-5.617245157958983,22.563596000000004,Neutral
2025-03-06 01:00:00,1,35.696322,38.86495,3.1686279999999982,14942.185,32.158787,-3.5375352263183615,3.1686279999999982,Neutral
2025-03-06 02:00:00,2,35.406825,39.434463,4.027638000000003,14961.856,32.745228,-2.6615971862792946,4.027638000000003,Neutral
2025-03-06 03:00:00,3,34.798613,48.13816,13.339546999999996,15138.201,33.769894,-1.0287193537597688,13.339546999999996,Neutral
2025-03-06 04:00:00,4,37.40927,53.855319,16.446049000000002,15549.205,39.414433,2.0051625256347663,16.446049000000002,Neutral
2025-03-06 05:00:00,5,39.818822,64.557097,24.738275,16345.856,52.1423,12.323477652099612,24.738275,RT premium / potential DA hedge
2025-03-06 06:00:00,6,61.044081,67.150543,6.1064620000000005,17421.556,67.56065,6.516572686523439,6.1064620000000005,Neutral
2025-03-06 07:00:00,7,66.438168,89.78131,23.343142,18053.063,59.735302,-6.702866028564458,23.343142,Neutral
2025-03-06 08:00:00,8,50.660953,50.011546,-0.6494069999999965,18244.129999999997,49.041466,-1.6194872407226555,-0.6494069999999965,Neutral
2025-03-06 09:00:00,9,40.451465,53.910503,13.459038,18301.22,45.27527,4.823803554687501,13.459038,Neutral
2025-03-06 10:00:00,10,43.410781,70.66979,27.259009000000006,18318.252,42.99142,-0.4193602541503907,27.259009000000006,RT premium / potential DA hedge
2025-03-06 11:00:00,11,41.43946,45.0843,3.644840000000002,18177.592,46.00236,4.562901297607425,3.644840000000002,Neutral
2025-03-06 12:00:00,12,39.511262,48.882494,9.371232,18047.445,44.222847,4.711584984863279,9.371232,Neutral
2025-03-06 13:00:00,13,38.419389,53.880126,15.460736999999995,17838.391,42.180878,3.7614886855468725,15.460736999999995,Neutral
2025-03-06 14:00:00,14,37.509397,44.772283,7.262886000000002,17546.594,41.500057,3.9906602204589845,7.262886000000002,Neutral
2025-03-06 15:00:00,15,35.811186,40.540451,4.729264999999998,17323.728,46.295074,10.483888462890626,4.729264999999998,Neutral
2025-03-06 16:00:00,16,38.823744,37.253024,-1.5707199999999943,17172.3,52.753307,13.929563342529299,-1.5707199999999943,Neutral
2025-03-06 17:00:00,17,49.278719,61.504678,12.225958999999996,17351.377,48.216637,-1.0620823422851586,12.225958999999996,Neutral
2025-03-06 18:00:00,18,71.546419,69.570092,-1.9763269999999977,17770.751,51.831192,-19.715226983398438,-1.9763269999999977,Neutral
2025-03-06 19:00:00,19,81.037812,135.783982,54.746170000000006,18126.721,56.981533,-24.056278949462893,54.746170000000006,RT premium / potential DA hedge
2025-03-06 20:00:00,20,70.469252,71.709912,1.2406600000000054,18065.734,59.04936,-11.419893632080075,1.2406600000000054,Neutral
2025-03-06 21:00:00,21,60.369346,85.930571,25.561225,17772.498,53.422977,-6.9463685524902345,25.561225,RT premium / potential DA hedge
2025-03-06 22:00:00,22,53.976847,110.223958,56.247111,17216.773,43.24007,-10.736776656982421,56.247111,RT premium / potential DA hedge
2025-03-06 23:00:00,23,46.661086,90.844146,44.18306,16769.636,41.57214,-5.088946260009763,44.18306,RT premium / potential DA hedge
2025-03-07 00:00:00,0,46.804263,66.823523,20.019259999999996,16495.018,42.21289,-4.591372374999999,20.019259999999996,Neutral
2025-03-07 01:00:00,1,45.473533,52.011748,6.538214999999994,16316.558,41.31036,-4.163173045166019,6.538214999999994,Neutral
2025-03-07 02:00:00,2,43.362051,42.931903,-0.43014800000000264,16234.053,38.3966,-4.965452184082032,-0.43014800000000264,Neutral
2025-03-07 03:00:00,3,43.50927,75.502695,31.993425000000002,16331.328,39.77893,-3.7303393359375008,31.993425000000002,RT premium / potential DA hedge
2025-03-07 04:00:00,4,47.436141,43.555986,-3.880155000000002,16607.686,41.513275,-5.922865853515624,-3.880155000000002,Neutral
2025-03-07 05:00:00,5,58.389225,66.1656,7.7763749999999945,17110.407,61.01223,2.6230049194335905,7.7763749999999945,Neutral
2025-03-07 06:00:00,6,100.222724,113.631734,13.409009999999995,18118.602,88.37071,-11.852011719726562,13.409009999999995,Neutral
2025-03-07 07:00:00,7,90.617078,134.861335,44.24425699999999,18429.544,98.19873,7.5816524687499935,44.24425699999999,RT premium / potential DA hedge
2025-03-07 08:00:00,8,53.760204,59.816946,6.056742,18245.284,58.099537,4.3393328957519515,6.056742,Neutral
2025-03-07 09:00:00,9,44.312739,42.720264,-1.5924750000000003,17694.681,42.49739,-1.815348252929688,-1.5924750000000003,Neutral
2025-03-07 10:00:00,10,41.010515,42.990488,1.979973000000001,17228.231,41.05893,0.048414443359376946,1.979973000000001,Neutral
2025-03-07 11:00:00,11,39.603771,38.725107,-0.8786640000000006,16799.372,39.1897,-0.4140699196777362,-0.8786640000000006,Neutral
2025-03-07 12:00:00,12,37.039067,33.416734,-3.6223330000000047,16444.063000000002,39.13646,2.0973923505859347,-3.6223330000000047,Neutral
2025-03-07 13:00:00,13,35.388736,30.191946,-5.19679,16382.248,41.75022,6.361485252441405,-5.19679,Neutral
2025-03-07 14:00:00,14,35.00432,34.142442,-0.8618779999999973,16122.322,38.86343,3.8591100231933595,-0.8618779999999973,Neutral
2025-03-07 15:00:00,15,35.942304,35.251159,-0.6911449999999988,15908.577,43.457733,7.515429154296875,-0.6911449999999988,Neutral
2025-03-07 16:00:00,16,39.853159,45.876165,6.023006000000002,16199.57,54.339115,14.485956142822268,6.023006000000002,Neutral
2025-03-07 17:00:00,17,55.770031,53.76889,-2.001141000000004,16333.534,53.5694,-2.2006302126464874,-2.001141000000004,Neutral
2025-03-07 18:00:00,18,65.614062,40.01481,-25.599252000000007,16531.748,55.93306,-9.681002307617192,-25.599252000000007,DA premium / potential RT hedge
2025-03-07 19:00:00,19,54.297386,46.456212,-7.841174000000002,16627.126,53.016483,-1.2809026931152374,-7.841174000000002,Neutral
2025-03-07 20:00:00,20,53.460693,48.667917,-4.792775999999996,16416.31,47.082092,-6.378600714843749,-4.792775999999996,Neutral
2025-03-07 21:00:00,21,51.0645,43.882304,-7.182196000000005,16038.098,45.7725,-5.292000915527346,-7.182196000000005,Neutral
2025-03-07 22:00:00,22,43.475755,31.619653,-11.856102,15482.539,43.22677,-0.24898650634765573,-11.856102,Neutral
2025-03-07 23:00:00,23,40.54645,43.779253,3.232802999999997,14984.912,38.8622,-1.684248309326172,3.232802999999997,Neutral
2025-03-08 00:00:00,0,42.943183,42.321602,-0.621580999999999,14583.009,35.867603,-7.0755796979980445,-0.621580999999999,Neutral
2025-03-08 01:00:00,1,38.835069,30.896461,-7.9386079999999986,14360.835,38.273357,-0.5617116086425753,-7.9386079999999986,Neutral
2025-03-08 02:00:00,2,36.219063,44.924223,8.70516,14247.955,37.45285,1.2337873417968765,8.70516,Neutral
2025-03-08 03:00:00,3,36.947524,30.86358,-6.0839440000000025,14313.045,36.75237,-0.19515507299804824,-6.0839440000000025,Neutral
2025-03-08 04:00:00,4,38.09104,32.419919,-5.671120999999999,14482.297,36.332905,-1.7581351843261714,-5.671120999999999,Neutral
2025-03-08 05:00:00,5,40.363062,33.971383,-6.391678999999996,14690.978,41.35346,0.9903964045410163,-6.391678999999996,Neutral
2025-03-08 06:00:00,6,48.588536,39.872558,-8.715978,15047.434,53.38548,4.796942973388674,-8.715978,Neutral
2025-03-08 07:00:00,7,46.542773,66.821262,20.278489000000008,15238.173,42.435123,-4.107649556396481,20.278489000000008,Neutral
2025-03-08 08:00:00,8,36.307365,55.326469,19.019104000000006,15574.606,40.088028,3.7806629541015653,19.019104000000006,Neutral
2025-03-08 09:00:00,9,34.879127,28.242326,-6.636800999999998,15601.053,34.714584,-0.16454264941405938,-6.636800999999998,Neutral
2025-03-08 10:00:00,10,34.719165,26.322048,-8.397116999999998,15603.555,33.980286,-0.7388793554687467,-8.397116999999998,Neutral
2025-03-08 11:00:00,11,32.226249,24.613004,-7.613245000000003,15339.732,32.97556,0.7493102346191378,-7.613245000000003,Neutral
2025-03-08 12:00:00,12,29.19997,24.209331,-4.990639000000002,15000.727,31.623047,2.4230768749999996,-4.990639000000002,Neutral
2025-03-08 13:00:00,13,27.87629,23.339047,-4.537243,14621.089,29.990396,2.114106499633788,-4.537243,Neutral
2025-03-08 14:00:00,14,26.902437,21.550284,-5.352152999999998,14123.867,29.889109,2.986671657836915,-5.352152999999998,Neutral
2025-03-08 15:00:00,15,27.181557,20.018035,-7.163522,14237.533,31.880342,4.698785483520506,-7.163522,Neutral
2025-03-08 16:00:00,16,31.682175,26.661508,-5.0206669999999995,14290.488,37.79881,6.116634051513671,-5.0206669999999995,Neutral
2025-03-08 17:00:00,17,39.757309,48.556524,8.799215000000004,14574.786,41.290535,1.533225973144532,8.799215000000004,Neutral
2025-03-08 18:00:00,18,65.044133,76.960047,11.915914,15187.445,43.042038,-22.002095036132815,11.915914,Neutral
2025-03-08 19:00:00,19,60.768728,62.683233,1.9145049999999983,15634.32,51.01078,-9.757947665527347,1.9145049999999983,Neutral
2025-03-08 20:00:00,20,50.484097,38.996855,-11.487242000000002,15747.747,50.12264,-0.3614582976074203,-11.487242000000002,Neutral
2025-03-08 21:00:00,21,50.62627,44.730609,-5.895660999999997,15566.932,45.914703,-4.711566630859373,-5.895660999999997,Neutral
2025-03-08 22:00:00,22,45.522064,32.518614,-13.00345,15245.047,44.269264,-1.252799778808594,-13.00345,Neutral
2025-03-08 23:00:00,23,42.989099,36.301232,-6.687867000000004,15043.611,46.016186,3.027086760498044,-6.687867000000004,Neutral
2025-03-09 00:00:00,0,38.862573,39.427701,0.5651280000000014,14993.538,49.618,10.75542703051758,0.5651280000000014,Neutral
2025-03-09 01:00:00,1,37.787061,42.882093,5.095031999999996,14931.138,41.329895,3.5428340195312487,5.095031999999996,Neutral
2025-03-09 03:00:00,3,39.667223,25.893941,-13.773281999999998,14928.254,40.271614,0.6043910747070314,-13.773281999999998,Neutral
2025-03-09 04:00:00,4,42.573798,32.711621,-9.862176999999996,14907.902,44.00322,1.429421604492191,-9.862176999999996,Neutral
2025-03-09 05:00:00,5,45.227661,41.785445,-3.442215999999995,15185.247,47.392815,2.165153636230471,-3.442215999999995,Neutral
2025-03-09 06:00:00,6,55.72414,34.999074,-20.725065999999998,15401.64,61.340786,5.616645980224611,-20.725065999999998,Neutral
2025-03-09 07:00:00,7,64.992455,176.263556,111.27110099999999,15662.049,47.277298,-17.715157026367194,111.27110099999999,RT premium / potential DA hedge
2025-03-09 08:00:00,8,47.878185,85.249222,37.371037,16024.432,47.107407,-0.7707783837890645,37.371037,RT premium / potential DA hedge
2025-03-09 09:00:00,9,35.316494,26.398788,-8.917705999999999,15880.545,39.18221,3.8657150148925794,-8.917705999999999,Neutral
2025-03-09 10:00:00,10,32.712153,22.526636,-10.185517,15307.377,33.987446,1.2752928312988274,-10.185517,Neutral
2025-03-09 11:00:00,11,28.698494,22.874514,-5.823979999999999,14689.055,32.2219,3.523406939941406,-5.823979999999999,Neutral
2025-03-09 12:00:00,12,26.377069,22.465147,-3.911921999999997,14339.004,28.356182,1.979113098388673,-3.911921999999997,Neutral
2025-03-09 13:00:00,13,24.447972,19.339839,-5.108132999999999,13971.979,27.103626,2.655654251220703,-5.108132999999999,Neutral
2025-03-09 14:00:00,14,23.741671,15.404339,-8.337332,13459.507,27.269548,3.527877416137695,-8.337332,Neutral
2025-03-09 15:00:00,15,23.475221,17.188451,-6.286770000000001,13398.722,28.677711,5.202490486816405,-6.286770000000001,Neutral
2025-03-09 16:00:00,16,25.071571,20.954219,-4.117352,13484.096,34.18154,9.109970442871095,-4.117352,Neutral
2025-03-09 17:00:00,17,27.952852,23.93579,-4.017061999999999,13725.645,39.038605,11.085752736328125,-4.017061999999999,Neutral
2025-03-09 18:00:00,18,37.469743,27.478171,-9.991572000000001,13916.861,41.67874,4.208998455078124,-9.991572000000001,Neutral
2025-03-09 19:00:00,19,62.861942,79.693087,16.831145000000006,14419.528,40.20905,-22.652892775146483,16.831145000000006,Neutral
2025-03-09 20:00:00,20,57.24317,51.163622,-6.079548000000003,14812.017,48.211662,-9.03150770751953,-6.079548000000003,Neutral
2025-03-09 21:00:00,21,42.546953,35.656986,-6.889966999999999,14839.858,41.743965,-0.8029878510742208,-6.889966999999999,Neutral
2025-03-09 22:00:00,22,38.054437,27.020595,-11.033842,14525.702,35.92188,-2.1325581853027344,-11.033842,Neutral
2025-03-09 23:00:00,23,34.711551,27.850194,-6.861357000000002,14191.836,32.950035,-1.7615159047851563,-6.861357000000002,Neutral
2025-03-10 00:00:00,0,33.834908,26.147953,-7.6869549999999975,14066.136,36.235756,2.4008479204101576,-7.6869549999999975,Neutral
2025-03-10 01:00:00,1,32.004692,26.536123,-5.468568999999999,14046.986,34.637623,2.6329308332519545,-5.468568999999999,Neutral
2025-03-10 02:00:00,2,33.844778,30.760707,-3.084070999999998,14215.915,32.640423,-1.2043551789550762,-3.084070999999998,Neutral
2025-03-10 03:00:00,3,35.170819,33.12791,-2.0429090000000016,14449.613,37.681442,2.510623260742186,-2.0429090000000016,Neutral
2025-03-10 04:00:00,4,37.262403,50.167276,12.904873000000002,14813.887,39.83858,2.576178085205079,12.904873000000002,Neutral
2025-03-10 05:00:00,5,41.954594,34.187803,-7.766790999999998,15538.119,54.256813,12.302219049316406,-7.766790999999998,Neutral
2025-03-10 06:00:00,6,83.796286,40.930082,-42.866203999999996,16738.072,80.1361,-3.660185230957026,-42.866203999999996,DA premium / potential RT hedge
2025-03-10 07:00:00,7,128.427616,71.84978,-56.577836000000005,17468.203,54.020412,-74.40720355493164,-56.577836000000005,DA premium / potential RT hedge
2025-03-10 08:00:00,8,75.604685,49.049334,-26.555351,17524.527000000002,90.49365,14.888967343749997,-26.555351,DA premium / potential RT hedge
2025-03-10 09:00:00,9,42.185365,26.962561,-15.222803999999996,17074.283,45.72157,3.5362040612792995,-15.222803999999996,Neutral
2025-03-10 10:00:00,10,37.819036,26.646261,-11.172774999999998,16408.061,40.532272,2.7132363388671905,-11.172774999999998,Neutral
2025-03-10 11:00:00,11,33.836269,28.073788,-5.762481000000001,15645.2,36.665104,2.828834912353514,-5.762481000000001,Neutral
2025-03-10 12:00:00,12,32.375075,31.944559,-0.4305160000000008,15242.344,34.30908,1.9340032165527319,-0.4305160000000008,Neutral
2025-03-10 13:00:00,13,29.868663,26.934926,-2.9337370000000007,14887.429,31.66885,1.8001869450683579,-2.9337370000000007,Neutral
2025-03-10 14:00:00,14,28.667395,24.258512,-4.408882999999999,14514.296,30.414448,1.747052784423829,-4.408882999999999,Neutral
2025-03-10 15:00:00,15,28.002852,23.759466,-4.243386000000001,14222.516,33.425106,5.422254048583984,-4.243386000000001,Neutral
2025-03-10 16:00:00,16,27.522872,25.998796,-1.5240760000000009,14219.677,36.954506,9.431633920410157,-1.5240760000000009,Neutral
2025-03-10 17:00:00,17,31.210145,25.709479,-5.500665999999999,14264.482,39.16102,7.950873371582031,-5.500665999999999,Neutral
2025-03-10 18:00:00,18,43.497955,55.030896,11.532941000000001,14338.632,47.90149,4.4035342578125025,11.532941000000001,Neutral
2025-03-10 19:00:00,19,62.878956,84.517822,21.638865999999993,14821.06,53.402637,-9.47631851831055,21.638865999999993,Neutral
2025-03-10 20:00:00,20,55.916909,48.663559,-7.2533499999999975,15280.973999999998,51.9629,-3.9540107456054656,-7.2533499999999975,Neutral
2025-03-10 21:00:00,21,38.559202,38.496507,-0.06269499999999795,15075.282,42.317005,3.757803157470704,-0.06269499999999795,Neutral
2025-03-10 22:00:00,22,33.591623,29.532444,-4.059178999999997,14533.176,34.03448,0.4428580485839859,-4.059178999999997,Neutral
2025-03-10 23:00:00,23,28.597028,26.054764,-2.542264000000003,14095.745,30.318623,1.7215945891113265,-2.542264000000003,Neutral
2025-03-11 00:00:00,0,27.654858,25.523087,-2.1317710000000005,13706.036,28.838497,1.1836391618652335,-2.1317710000000005,Neutral
2025-03-11 01:00:00,1,27.982787,29.426654,1.443867000000001,13703.854,26.105917,-1.8768700230712874,1.443867000000001,Neutral
2025-03-11 02:00:00,2,27.341814,27.650379,0.30856500000000153,13873.81,28.87218,1.5303669387207037,0.30856500000000153,Neutral
2025-03-11 03:00:00,3,27.828774,31.840278,4.011504000000002,14007.043,29.7882,1.9594263784179695,4.011504000000002,Neutral
2025-03-11 04:00:00,4,28.271845,30.217845,1.9460000000000015,14333.759999999998,34.64369,6.371843201904298,1.9460000000000015,Neutral
2025-03-11 05:00:00,5,32.103371,67.133296,35.029925,15278.43,49.61169,17.50831952124023,35.029925,RT premium / potential DA hedge
2025-03-11 06:00:00,6,59.474732,61.746903,2.272171,16340.838,57.043793,-2.430939275390628,2.272171,Neutral
2025-03-11 07:00:00,7,76.91123,154.06805,77.15682,17158.77,56.095573,-20.815656574707035,77.15682,RT premium / potential DA hedge
2025-03-11 08:00:00,8,39.482777,57.375385,17.892608000000003,16937.042,46.308487,6.825709938476564,17.892608000000003,Neutral
2025-03-11 09:00:00,9,27.221786,19.477445,-7.744341000000002,16329.852,39.217125,11.995338938964842,-7.744341000000002,Neutral
2025-03-11 10:00:00,10,26.29946,23.560018,-2.7394420000000004,15584.022,29.919827,3.6203665075683595,-2.7394420000000004,Neutral
2025-03-11 11:00:00,11,26.160818,22.529288,-3.631529999999998,14983.58,26.925514,0.7646962211914072,-3.631529999999998,Neutral
2025-03-11 12:00:00,12,25.923171,25.070074,-0.8530969999999982,14647.187,24.94912,-0.9740514321289062,-0.8530969999999982,Neutral
2025-03-11 13:00:00,13,25.517545,23.983808,-1.5337369999999986,14462.043,26.065315,0.5477702465820329,-1.5337369999999986,Neutral
2025-03-11 14:00:00,14,24.725307,22.840481,-1.8848260000000003,14048.931,25.96131,1.2360024329833976,-1.8848260000000003,Neutral
2025-03-11 15:00:00,15,24.404342,21.835737,-2.568604999999998,13781.443,28.926456,4.522114451416016,-2.568604999999998,Neutral
2025-03-11 16:00:00,16,25.591266,22.065869,-3.5253970000000017,13864.277,33.522446,7.9311796787109365,-3.5253970000000017,Neutral
2025-03-11 17:00:00,17,27.923134,24.304582,-3.618552000000001,14100.254,35.580177,7.657043307128905,-3.618552000000001,Neutral
2025-03-11 18:00:00,18,41.308989,62.813439,21.504450000000006,14165.421,39.954376,-1.3546127792968718,21.504450000000006,Neutral
2025-03-11 19:00:00,19,60.945385,95.544037,34.598652,14570.855,40.633354,-20.312030812988283,34.598652,RT premium / potential DA hedge
2025-03-11 20:00:00,20,50.813775,39.369343,-11.444431999999999,14863.216,42.77868,-8.035096105957031,-11.444431999999999,Neutral
2025-03-11 21:00:00,21,36.656202,36.705206,0.049003999999996495,14536.071,34.06756,-2.5886437114257816,0.049003999999996495,Neutral
2025-03-11 22:00:00,22,31.264023,33.905097,2.641073999999996,13878.96,28.686739,-2.577284032104494,2.641073999999996,Neutral
2025-03-11 23:00:00,23,28.921065,28.558114,-0.3629509999999989,13381.129,26.47297,-2.4480959448242174,-0.3629509999999989,Neutral
2025-03-12 00:00:00,0,30.751447,30.724725,-0.02672199999999947,13046.394,26.501837,-4.2496102232666,-0.02672199999999947,Neutral
2025-03-12 01:00:00,1,31.931269,36.280297,4.349027999999997,12942.465,27.282986,-4.648283312744141,4.349027999999997,Neutral
2025-03-12 02:00:00,2,31.763661,32.266281,0.5026200000000003,12907.892,28.0858,-3.6778608291015615,0.5026200000000003,Neutral
2025-03-12 03:00:00,3,32.774523,32.593559,-0.180964000000003,13006.767,30.2035,-2.571022252319338,-0.180964000000003,Neutral
2025-03-12 04:00:00,4,35.513448,28.378675,-7.134772999999996,13435.643,34.63537,-0.878079652832028,-7.134772999999996,Neutral
2025-03-12 05:00:00,5,41.06257,27.841868,-13.220702,14166.863,46.781178,5.718607520751952,-13.220702,Neutral
2025-03-12 06:00:00,6,64.903923,36.983469,-27.920454000000007,15320.447,61.877,-3.0269240986328185,-27.920454000000007,DA premium / potential RT hedge
2025-03-12 07:00:00,7,100.85386,57.907372,-42.946487999999995,16068.157,45.14354,-55.71032057128906,-42.946487999999995,DA premium / potential RT hedge
2025-03-12 08:00:00,8,64.349045,47.057294,-17.291751000000005,16087.725,74.679184,10.330138959960934,-17.291751000000005,Neutral
2025-03-12 09:00:00,9,36.809916,33.534915,-3.275001000000003,15587.588,35.179157,-1.630758742919923,-3.275001000000003,Neutral
2025-03-12 10:00:00,10,34.752261,48.899329,14.147068000000004,14913.442,34.027477,-0.7247837355957003,14.147068000000004,Neutral
2025-03-12 11:00:00,11,34.488369,38.394759,3.906390000000002,14459.028,33.06391,-1.4244575620117175,3.906390000000002,Neutral
2025-03-12 12:00:00,12,32.977274,39.395146,6.417871999999996,14147.194,32.019672,-0.9576016062011732,6.417871999999996,Neutral
2025-03-12 13:00:00,13,33.147951,33.39096,0.2430090000000007,14139.543,30.194666,-2.9532850911865225,0.2430090000000007,Neutral
2025-03-12 14:00:00,14,32.425966,31.827003,-0.5989630000000012,13912.828,31.605568,-0.8203980678710963,-0.5989630000000012,Neutral
2025-03-12 15:00:00,15,32.051645,27.430318,-4.621327000000001,13683.238,35.741642,3.689996998291015,-4.621327000000001,Neutral
2025-03-12 16:00:00,16,33.409936,28.310019,-5.099917000000001,13777.486,39.528492,6.118555973876951,-5.099917000000001,Neutral
2025-03-12 17:00:00,17,40.615729,29.930216,-10.685513,13853.66,47.939777,7.324048374267576,-10.685513,Neutral
2025-03-12 18:00:00,18,61.229321,77.405239,16.175917999999996,14006.537,55.118404,-6.110916611572264,16.175917999999996,Neutral
2025-03-12 19:00:00,19,83.388629,163.995212,80.60658300000001,14186.056,48.515564,-34.873065035156245,80.60658300000001,RT premium / potential DA hedge
2025-03-12 20:00:00,20,69.172239,72.40775,3.2355109999999883,14605.192,48.9221,-20.250138932861333,3.2355109999999883,Neutral
2025-03-12 21:00:00,21,55.136005,40.793144,-14.342861,14329.393,37.143295,-17.99270971191406,-14.342861,Neutral
2025-03-12 22:00:00,22,46.825925,42.812757,-4.013168,13860.438,36.52321,-10.302716381835936,-4.013168,Neutral
2025-03-12 23:00:00,23,39.011636,55.038425,16.026788999999994,13214.059,35.07088,-3.9407551101074247,16.026788999999994,Neutral
2025-03-13 00:00:00,0,35.762903,38.229691,2.466788000000001,12848.677,33.954544,-1.808358932617189,2.466788000000001,Neutral
2025-03-13 01:00:00,1,34.626741,47.932396,13.305654999999994,12592.001,32.30414,-2.3226028164062527,13.305654999999994,Neutral
2025-03-13 02:00:00,2,33.816414,35.750094,1.9336799999999954,12668.612,32.020584,-1.7958298935546892,1.9336799999999954,Neutral
2025-03-13 03:00:00,3,33.732553,41.810567,8.078013999999996,12866.813999999998,33.025497,-0.7070555634765654,8.078013999999996,Neutral
2025-03-13 04:00:00,4,34.811586,39.674906,4.863320000000002,13154.055,37.34437,2.5327857956542985,4.863320000000002,Neutral
2025-03-13 05:00:00,5,39.072177,48.800395,9.728217999999998,13951.884,50.956223,11.884045534179684,9.728217999999998,Neutral
2025-03-13 06:00:00,6,55.035315,60.480745,5.445430000000002,15068.359,75.19315,20.15783838134766,5.445430000000002,Neutral
2025-03-13 07:00:00,7,85.260448,150.185733,64.925285,15856.068,49.704983,-35.55546524243164,64.925285,RT premium / potential DA hedge
2025-03-13 08:00:00,8,63.429002,106.027516,42.59851400000001,15927.452,46.008305,-17.42069740405273,42.59851400000001,RT premium / potential DA hedge
2025-03-13 09:00:00,9,46.088842,60.845785,14.756943,15542.661,40.393757,-5.6950851335449215,14.756943,Neutral
2025-03-13 10:00:00,10,40.788069,47.197985,6.409916000000003,15033.633,36.330124,-4.457945098632813,6.409916000000003,Neutral
2025-03-13 11:00:00,11,38.97559,70.094532,31.118942000000004,14722.928,35.649837,-3.3257525061035125,31.118942000000004,RT premium / potential DA hedge
2025-03-13 12:00:00,12,35.913206,29.329101,-6.584105000000001,14326.61,35.30896,-0.6042460390625024,-6.584105000000001,Neutral
2025-03-13 13:00:00,13,32.812679,42.947273,10.134594,14330.365,34.32374,1.5110590981445284,10.134594,Neutral
2025-03-13 14:00:00,14,32.854944,29.369543,-3.485401000000003,14025.285,31.475927,-1.3790166470947298,-3.485401000000003,Neutral
2025-03-13 15:00:00,15,32.083303,25.098979,-6.984324000000001,13814.76,36.190212,4.106909249755859,-6.984324000000001,Neutral
2025-03-13 16:00:00,16,33.823723,25.17217,-8.651553,13812.102,42.067814,8.244090873291015,-8.651553,Neutral
2025-03-13 17:00:00,17,37.13504,27.856769,-9.278270999999997,13977.375,54.73226,17.597221657714847,-9.278270999999997,Neutral
2025-03-13 18:00:00,18,49.99082,69.922493,19.931673000000004,14153.801,56.3585,6.3676814343261725,19.931673000000004,Neutral
2025-03-13 19:00:00,19,71.344722,46.711228,-24.633494000000006,14359.832,48.617046,-22.727675643798833,-24.633494000000006,DA premium / potential RT hedge
2025-03-13 20:00:00,20,62.846965,35.254779,-27.592185999999998,14675.278,48.51878,-14.328185245361325,-27.592185999999998,DA premium / potential RT hedge
2025-03-13 21:00:00,21,44.008294,46.353964,2.3456699999999984,14337.359,42.58103,-1.427262200683593,2.3456699999999984,Neutral
2025-03-13 22:00:00,22,36.364527,32.557595,-3.8069320000000033,13674.85,34.07702,-2.2875082622070337,-3.8069320000000033,Neutral
2025-03-13 23:00:00,23,34.319266,30.993135,-3.326131,13062.319,30.553057,-3.7662092830810536,-3.326131,Neutral
2025-03-14 00:00:00,0,31.593426,29.865242,-1.7281840000000024,12709.862,30.593254,-1.0001719106445321,-1.7281840000000024,Neutral
2025-03-14 01:00:00,1,31.890287,32.630684,0.7403970000000015,12447.379,27.613369,-4.276918011962891,0.7403970000000015,Neutral
2025-03-14 02:00:00,2,30.983852,31.532708,0.5488560000000007,12267.6,28.512348,-2.4715038249511707,0.5488560000000007,Neutral
2025-03-14 03:00:00,3,31.335912,36.196245,4.860332999999997,12301.64,29.815317,-1.5205948460693364,4.860332999999997,Neutral
2025-03-14 04:00:00,4,32.282909,35.07869,2.795781000000005,12723.432,35.93013,3.647221004882816,2.795781000000005,Neutral
2025-03-14 05:00:00,5,36.808052,33.35046,-3.4575920000000053,13299.145,47.470722,10.662670198486325,-3.4575920000000053,Neutral
2025-03-14 06:00:00,6,52.901131,29.139157,-23.761974,14369.759,68.954414,16.053283367675782,-23.761974,Neutral
2025-03-14 07:00:00,7,77.490789,37.434889,-40.05590000000001,15126.696,50.86462,-26.626168791259772,-40.05590000000001,DA premium / potential RT hedge
2025-03-14 08:00:00,8,60.363443,30.922158,-29.441284999999997,15102.568,44.87443,-15.489011389892575,-29.441284999999997,DA premium / potential RT hedge
2025-03-14 09:00:00,9,41.913471,29.102058,-12.811413000000002,14917.815,41.596684,-0.31678749780273563,-12.811413000000002,Neutral
2025-03-14 10:00:00,10,36.781871,33.010379,-3.771492000000002,14749.088,40.57183,3.7899597495117163,-3.771492000000002,Neutral
2025-03-14 11:00:00,11,33.60164,75.052358,41.450717999999995,14475.99,37.423855,3.822214827880856,41.450717999999995,RT premium / potential DA hedge
2025-03-14 12:00:00,12,29.936805,32.562624,2.625819,14349.799,33.464745,3.527939567871094,2.625819,Neutral
2025-03-14 13:00:00,13,30.22035,25.229549,-4.990801000000001,14293.522,31.691051,1.470701483154297,-4.990801000000001,Neutral
2025-03-14 14:00:00,14,30.004903,28.431677,-1.5732259999999982,14157.003,32.427807,2.422903854248048,-1.5732259999999982,Neutral
2025-03-14 15:00:00,15,30.274413,28.655357,-1.6190560000000005,13993.717,36.01313,5.738717187988282,-1.6190560000000005,Neutral
2025-03-14 16:00:00,16,30.841367,27.283842,-3.557525000000002,13944.954,43.605812,12.764445072753904,-3.557525000000002,Neutral
2025-03-14 17:00:00,17,35.727487,25.961697,-9.765790000000003,14110.697,44.80247,9.074984160888668,-9.765790000000003,Neutral
2025-03-14 18:00:00,18,49.425579,32.565747,-16.859831999999997,13976.289,49.253326,-0.17225258398437404,-16.859831999999997,Neutral
2025-03-14 19:00:00,19,67.071664,30.920645,-36.151019,14037.064,46.624687,-20.44697680517578,-36.151019,DA premium / potential RT hedge
2025-03-14 20:00:00,20,51.594793,29.639281,-21.955512000000002,14298.126,45.427685,-6.167108216064456,-21.955512000000002,Neutral
2025-03-14 21:00:00,21,40.972538,38.268751,-2.7037869999999984,13947.546,39.432888,-1.5396499689941407,-2.7037869999999984,Neutral
2025-03-14 22:00:00,22,33.645022,28.510583,-5.134438999999997,13286.875,32.391552,-1.2534700285644504,-5.134438999999997,Neutral
2025-03-14 23:00:00,23,30.932749,28.826444,-2.1063050000000025,12720.863,28.003983,-2.9287664560546887,-2.1063050000000025,Neutral
2025-03-15 00:00:00,0,27.77134,32.753642,4.982302000000001,12187.907,25.47389,-2.297449695434569,4.982302000000001,Neutral
2025-03-15 01:00:00,1,28.321216,55.89802,27.576804000000003,11781.484,22.785606,-5.535609615722656,27.576804000000003,RT premium / potential DA hedge
2025-03-15 02:00:00,2,26.082465,24.375822,-1.7066429999999997,11651.842,23.072035,-3.0104301641845694,-1.7066429999999997,Neutral
2025-03-15 03:00:00,3,26.098554,20.199657,-5.898897000000002,11584.996,23.083664,-3.0148900595703125,-5.898897000000002,Neutral
2025-03-15 04:00:00,4,25.890326,24.652233,-1.2380930000000028,11737.967,26.173399,0.28307297155761546,-1.2380930000000028,Neutral
2025-03-15 05:00:00,5,26.14079,24.538566,-1.6022239999999996,11901.099,36.01548,9.874690041503907,-1.6022239999999996,Neutral
2025-03-15 06:00:00,6,29.447453,23.027034,-6.420418999999999,12154.917,40.242107,10.794654391357422,-6.420418999999999,Neutral
2025-03-15 07:00:00,7,34.20777,22.970042,-11.237727999999997,12582.415,34.866127,0.6583570141601598,-11.237727999999997,Neutral
2025-03-15 08:00:00,8,36.409572,28.370576,-8.038995999999997,12943.205000000002,36.346313,-0.06325852343749716,-8.038995999999997,Neutral
2025-03-15 09:00:00,9,34.787438,31.637944,-3.1494940000000007,13296.701,32.805508,-1.9819303400878923,-3.1494940000000007,Neutral
2025-03-15 10:00:00,10,32.992894,139.664448,106.67155399999999,13608.127,31.643784,-1.3491104306640622,106.67155399999999,RT premium / potential DA hedge
2025-03-15 11:00:00,11,30.477611,27.663753,-2.8138579999999997,13549.114,30.035545,-0.4420656508789058,-2.8138579999999997,Neutral
2025-03-15 12:00:00,12,25.117908,28.813561,3.695653,13523.62,29.647331,4.529423237792969,3.695653,Neutral
2025-03-15 13:00:00,13,24.067498,25.738942,1.671444000000001,13415.653,25.36024,1.2927429362792964,1.671444000000001,Neutral
2025-03-15 14:00:00,14,23.317077,72.740839,49.423761999999996,13275.207,24.23956,0.9224821735839832,49.423761999999996,RT premium / potential DA hedge
2025-03-15 15:00:00,15,23.034131,28.886613,5.852482000000002,13376.89,26.101454,3.067322781127931,5.852482000000002,Neutral
2025-03-15 16:00:00,16,24.461089,31.687841,7.226751999999998,13467.095,31.27726,6.816170826660155,7.226751999999998,Neutral
2025-03-15 17:00:00,17,26.081209,28.794408,2.7131989999999995,13494.747,37.11001,11.028799239746093,2.7131989999999995,Neutral
2025-03-15 18:00:00,18,31.208422,26.08586,-5.1225619999999985,13417.993,38.710136,7.50171441357422,-5.1225619999999985,Neutral
2025-03-15 19:00:00,19,39.849718,25.186749,-14.662969000000004,13569.087,38.259743,-1.5899752631835966,-14.662969000000004,Neutral
2025-03-15 20:00:00,20,37.739057,24.918189,-12.820868,13631.401,37.85328,0.11422211376952873,-12.820868,Neutral
2025-03-15 21:00:00,21,33.568412,25.36205,-8.206362000000002,13320.59,31.031342,-2.537070447265627,-8.206362000000002,Neutral
2025-03-15 22:00:00,22,30.609618,32.202687,1.5930689999999963,12860.686,28.535437,-2.0741813697509777,1.5930689999999963,Neutral
2025-03-15 23:00:00,23,26.034511,32.523366,6.4888550000000045,12343.443,25.702307,-0.33220425256347497,6.4888550000000045,Neutral
2025-03-16 00:00:00,0,24.413247,29.174724,4.761477000000003,11977.371,22.480515,-1.9327324736328109,4.761477000000003,Neutral
2025-03-16 01:00:00,1,24.754535,23.87451,-0.8800249999999998,11699.555,21.507576,-3.2469590112304694,-0.8800249999999998,Neutral
2025-03-16 02:00:00,2,23.384546,24.925511,1.540965,11495.037,20.713972,-2.6705739083251956,1.540965,Neutral
2025-03-16 03:00:00,3,21.757749,24.260373,2.502624000000001,11287.88,22.61495,0.8572011800537105,2.502624000000001,Neutral
2025-03-16 04:00:00,4,21.640664,25.991722,4.351057999999998,11354.498,24.838154,3.197489839111327,4.351057999999998,Neutral
2025-03-16 05:00:00,5,22.775491,29.576497,6.801006000000001,11465.684,29.568869,6.793377637084962,6.801006000000001,Neutral
2025-03-16 06:00:00,6,23.265582,32.022268,8.756685999999998,11707.803,35.411224,12.145642365234377,8.756685999999998,Neutral
2025-03-16 07:00:00,7,23.826214,42.561016,18.734802000000002,11987.164,32.68518,8.8589666640625,18.734802000000002,Neutral
2025-03-16 08:00:00,8,27.722815,68.08343,40.36061500000001,12261.177,26.735415,-0.9874004949951178,40.36061500000001,RT premium / potential DA hedge
2025-03-16 09:00:00,9,30.060397,73.62719,43.566793000000004,12749.624,26.446033,-3.614363522216795,43.566793000000004,RT premium / potential DA hedge
2025-03-16 10:00:00,10,31.841795,44.993928,13.152132999999996,12857.843,27.352558,-4.489236864013673,13.152132999999996,Neutral
2025-03-16 11:00:00,11,31.984143,37.262567,5.278423999999998,12916.698,27.560175,-4.423968057983398,5.278423999999998,Neutral
2025-03-16 12:00:00,12,31.100767,35.127675,4.026908000000002,12942.801,26.800697,-4.300069673339845,4.026908000000002,Neutral
2025-03-16 13:00:00,13,29.700808,23.368699,-6.332108999999999,12967.559,26.644573,-3.0562347883300767,-6.332108999999999,Neutral
2025-03-16 14:00:00,14,29.077496,22.914561,-6.162935000000001,13035.508,26.664759,-2.4127373177490234,-6.162935000000001,Neutral
2025-03-16 15:00:00,15,28.869956,26.326596,-2.54336,13209.441,29.758507,0.8885507749023454,-2.54336,Neutral
2025-03-16 16:00:00,16,30.813639,34.007019,3.193380000000001,13382.575,31.77934,0.9657017440185562,3.193380000000001,Neutral
2025-03-16 17:00:00,17,34.241145,31.577033,-2.664112000000003,13565.809,35.71055,1.4694034008789032,-2.664112000000003,Neutral
2025-03-16 18:00:00,18,41.619599,36.604873,-5.014726000000003,13622.916,37.27912,-4.34047760107422,-5.014726000000003,Neutral
2025-03-16 19:00:00,19,62.282284,84.393387,22.111103000000007,14099.064,39.046738,-23.23554632910156,22.111103000000007,Neutral
2025-03-16 20:00:00,20,61.495245,47.859652,-13.635593,14340.903,40.15967,-21.33557321655273,-13.635593,Neutral
2025-03-16 21:00:00,21,50.479013,39.230799,-11.248214000000004,14057.932,34.605446,-15.873567138183596,-11.248214000000004,Neutral
2025-03-16 22:00:00,22,45.097313,40.623217,-4.474096000000003,13535.827,31.480211,-13.61710174206543,-4.474096000000003,Neutral
2025-03-16 23:00:00,23,35.859153,36.716009,0.8568560000000005,13088.605,32.06767,-3.7914840852050773,0.8568560000000005,Neutral
2025-03-17 00:00:00,0,35.324262,30.966649,-4.357612999999997,12859.498,32.171787,-3.1524747380371068,-4.357612999999997,Neutral
2025-03-17 01:00:00,1,34.625937,54.418465,19.792527999999997,12751.235,30.903582,-3.722355380737305,19.792527999999997,Neutral
2025-03-17 02:00:00,2,33.501659,31.541055,-1.9606039999999965,12595.784,31.586748,-1.9149108768310512,-1.9606039999999965,Neutral
2025-03-17 03:00:00,3,34.02456,100.449387,66.424827,12801.819,31.25471,-2.769850756225587,66.424827,RT premium / potential DA hedge
2025-03-17 04:00:00,4,34.474594,28.168672,-6.3059220000000025,13211.906,35.57853,1.103935357910153,-6.3059220000000025,Neutral
2025-03-17 05:00:00,5,41.011034,44.579657,3.568622999999995,13930.539,59.81394,18.80290414086914,3.568622999999995,Neutral
2025-03-17 06:00:00,6,57.772613,37.040338,-20.732275,15174.496,75.51949,17.746880103027344,-20.732275,Neutral
2025-03-17 07:00:00,7,84.455254,58.917689,-25.537564999999994,16001.417,47.675976,-36.77927820043945,-25.537564999999994,DA premium / potential RT hedge
2025-03-17 08:00:00,8,66.157594,47.537526,-18.620068000000003,16189.386,38.74564,-27.411954198974612,-18.620068000000003,Neutral
2025-03-17 09:00:00,9,43.804058,34.11112,-9.692937999999998,16144.969,38.380646,-5.423412248046873,-9.692937999999998,Neutral
2025-03-17 10:00:00,10,42.703784,44.055533,1.351748999999998,16179.748,39.004776,-3.6990079990234364,1.351748999999998,Neutral
2025-03-17 11:00:00,11,39.830103,47.990865,8.160761999999998,15985.784,39.999054,0.16895095507812385,8.160761999999998,Neutral
2025-03-17 12:00:00,12,35.178402,30.44398,-4.734421999999999,15782.358,37.78805,2.609649605224611,-4.734421999999999,Neutral
2025-03-17 13:00:00,13,33.580493,36.880774,3.3002810000000053,15538.479,33.907436,0.32694337084961234,3.3002810000000053,Neutral
2025-03-17 14:00:00,14,32.090964,33.537872,1.4469080000000005,15149.377,31.979984,-0.11097971655273398,1.4469080000000005,Neutral
2025-03-17 15:00:00,15,29.976302,23.094069,-6.882232999999999,14790.693,35.501022,5.524720338867187,-6.882232999999999,Neutral
2025-03-17 16:00:00,16,30.431338,23.833943,-6.597394999999999,14545.046,39.490913,9.059575391113281,-6.597394999999999,Neutral
2025-03-17 17:00:00,17,32.394438,22.542217,-9.852221,14632.503,45.00731,12.612870959960937,-9.852221,Neutral
2025-03-17 18:00:00,18,46.623689,33.918487,-12.705202,14919.129,49.372612,2.74892299951172,-12.705202,Neutral
2025-03-17 19:00:00,19,72.228766,121.304421,49.07565500000001,15265.923,48.481262,-23.747503792968743,49.07565500000001,RT premium / potential DA hedge
2025-03-17 20:00:00,20,58.882989,83.750964,24.867974999999994,15758.225,53.611324,-5.271664689697268,24.867974999999994,RT premium / potential DA hedge
2025-03-17 21:00:00,21,45.260116,43.84209,-1.4180259999999976,15643.079,45.447964,0.1878477145996129,-1.4180259999999976,Neutral
2025-03-17 22:00:00,22,40.360213,72.740494,32.380281,15267.414,36.52432,-3.8358943049316423,32.380281,RT premium / potential DA hedge
2025-03-17 23:00:00,23,35.928782,40.663793,4.735011,14929.037,31.873882,-4.054899706298826,4.735011,Neutral
2025-03-18 00:00:00,0,38.617507,31.818617,-6.798890000000004,14558.4,32.880894,-5.736613292724613,-6.798890000000004,Neutral
2025-03-18 01:00:00,1,37.077246,63.459407,26.382160999999996,14485.986,34.4716,-2.6056464211425805,26.382160999999996,RT premium / potential DA hedge
2025-03-18 02:00:00,2,37.044095,37.221758,0.17766300000000257,14519.507,34.327785,-2.7163095080566393,0.17766300000000257,Neutral
2025-03-18 03:00:00,3,38.277727,37.652667,-0.6250599999999977,14632.312,35.606052,-2.671674601318358,-0.6250599999999977,Neutral
2025-03-18 04:00:00,4,38.656319,58.583463,19.927144,14956.905,42.23591,3.579589508300778,19.927144,Neutral
2025-03-18 05:00:00,5,45.791327,60.758853,14.967526,15671.722000000002,58.189217,12.397889613769529,14.967526,Neutral
2025-03-18 06:00:00,6,76.759145,84.126771,7.367626000000001,16772.103,90.17749,13.418345234374996,7.367626000000001,Neutral
2025-03-18 07:00:00,7,108.133932,146.878061,38.744129,17395.58,59.508453,-48.62547863085938,38.744129,RT premium / potential DA hedge
2025-03-18 08:00:00,8,48.442751,31.245976,-17.196775000000002,17150.788,92.90179,44.45903580419922,-17.196775000000002,Neutral
2025-03-18 09:00:00,9,37.001758,31.64659,-5.355168000000003,16451.379,43.119247,6.117489436523435,-5.355168000000003,Neutral
2025-03-18 10:00:00,10,33.527534,22.680836,-10.846698000000004,15740.924,38.009945,4.4824109157714815,-10.846698000000004,Neutral
2025-03-18 11:00:00,11,31.55853,25.884512,-5.674018,15126.214,34.620895,3.0623653857421864,-5.674018,Neutral
2025-03-18 12:00:00,12,30.15169,27.840089,-2.3116009999999996,14889.582,29.592339,-0.5593514379882798,-2.3116009999999996,Neutral
2025-03-18 13:00:00,13,28.253233,17.912299,-10.340934,14577.231,28.679274,0.4260406053466781,-10.340934,Neutral
2025-03-18 14:00:00,14,26.262721,16.45187,-9.810851,14324.041,27.309855,1.04713350744629,-9.810851,Neutral
2025-03-18 15:00:00,15,26.70227,18.34614,-8.35613,14124.832,30.072746,3.37047627685547,-8.35613,Neutral
2025-03-18 16:00:00,16,25.060361,16.110328,-8.950033000000001,14133.563999999998,34.31928,9.258917717041015,-8.950033000000001,Neutral
2025-03-18 17:00:00,17,28.966258,28.773191,-0.1930669999999992,14262.944,35.128117,6.161858607666016,-0.1930669999999992,Neutral
2025-03-18 18:00:00,18,47.94885,49.106227,1.1573769999999968,14303.73,45.503143,-2.445706689453125,1.1573769999999968,Neutral
2025-03-18 19:00:00,19,58.436812,73.165659,14.728847000000002,14600.911,45.231026,-13.205786304199222,14.728847000000002,Neutral
2025-03-18 20:00:00,20,49.147765,32.244008,-16.903757,14911.962,45.202248,-3.9455173803710935,-16.903757,Neutral
2025-03-18 21:00:00,21,40.890367,31.927232,-8.963134999999998,14573.076,34.13156,-6.758805720703123,-8.963134999999998,Neutral
2025-03-18 22:00:00,22,37.474874,39.073438,1.5985640000000032,13934.566,32.102917,-5.371957282470703,1.5985640000000032,Neutral
2025-03-18 23:00:00,23,31.297197,46.009446,14.712248999999996,13315.156,28.485565,-2.8116318144531256,14.712248999999996,Neutral
2025-03-19 00:00:00,0,30.334484,34.924214,4.589729999999999,12875.268,28.89507,-1.4394148776855467,4.589729999999999,Neutral
2025-03-19 01:00:00,1,30.332971,32.989806,2.656835000000001,12705.089,25.351845,-4.981126212402344,2.656835000000001,Neutral
2025-03-19 02:00:00,2,30.45897,30.953372,0.4944020000000009,12702.479,26.191235,-4.267735411376954,0.4944020000000009,Neutral
2025-03-19 03:00:00,3,30.976889,31.437888,0.46099900000000105,12757.476,31.527943,0.5510536574707032,0.46099900000000105,Neutral
2025-03-19 04:00:00,4,31.420257,32.829045,1.4087880000000013,13142.116999999998,33.270615,1.850357624023438,1.4087880000000013,Neutral
2025-03-19 05:00:00,5,33.945141,49.337868,15.392727,13822.207,50.07006,16.12491972998047,15.392727,Neutral
2025-03-19 06:00:00,6,53.341626,78.797329,25.455703000000007,14978.271,63.35771,10.01608579199219,25.455703000000007,RT premium / potential DA hedge
2025-03-19 07:00:00,7,69.502066,61.80403,-7.698036000000002,15576.329,46.830215,-22.671850545898437,-7.698036000000002,Neutral
2025-03-19 08:00:00,8,37.12448,22.864515,-14.259964999999998,15639.619,41.596996,4.4725163073730485,-14.259964999999998,Neutral
2025-03-19 09:00:00,9,26.892539,16.816897,-10.075641999999998,15317.647,33.029133,6.136593843017579,-10.075641999999998,Neutral
2025-03-19 10:00:00,10,26.699889,24.757616,-1.9422730000000001,14871.345,26.912182,0.212292854248048,-1.9422730000000001,Neutral
2025-03-19 11:00:00,11,25.871685,20.728586,-5.143098999999999,14578.021,26.746742,0.8750572485351569,-5.143098999999999,Neutral
2025-03-19 12:00:00,12,27.146411,23.937977,-3.2084340000000005,14357.576,26.520037,-0.6263743026123052,-3.2084340000000005,Neutral
2025-03-19 13:00:00,13,27.473528,29.619117,2.1455889999999975,14294.498,27.66144,0.1879118956298811,2.1455889999999975,Neutral
2025-03-19 14:00:00,14,27.043471,43.641049,16.597578000000002,14218.355,28.321142,1.2776711966552732,16.597578000000002,Neutral
2025-03-19 15:00:00,15,26.689185,53.531305,26.842120000000005,14177.713,31.061022,4.371836804809572,26.842120000000005,RT premium / potential DA hedge
2025-03-19 16:00:00,16,28.5816,26.422405,-2.1591950000000004,14088.432,34.636993,6.055393408203123,-2.1591950000000004,Neutral
2025-03-19 17:00:00,17,31.385049,34.756891,3.3718420000000044,14328.604,39.781483,8.396433696533204,3.3718420000000044,Neutral
2025-03-19 18:00:00,18,40.642662,52.212052,11.569389999999999,14338.197,41.269623,0.6269608027343736,11.569389999999999,Neutral
2025-03-19 19:00:00,19,54.577575,75.792061,21.214486,14477.765,40.607384,-13.97019127197266,21.214486,Neutral
2025-03-19 20:00:00,20,49.1697,39.949104,-9.220596,14764.434,40.351997,-8.817702624511718,-9.220596,Neutral
2025-03-19 21:00:00,21,37.574384,28.813836,-8.760548000000004,14435.412,36.286522,-1.2878620883789083,-8.760548000000004,Neutral
2025-03-19 22:00:00,22,32.240198,26.788818,-5.45138,13767.228,29.137255,-3.102943285034179,-5.45138,Neutral
2025-03-19 23:00:00,23,29.799293,25.277998,-4.5212949999999985,13029.973,26.585432,-3.213860947387694,-4.5212949999999985,Neutral
2025-03-20 00:00:00,0,29.874175,27.278272,-2.595903,12521.141,24.441404,-5.432770657348634,-2.595903,Neutral
2025-03-20 01:00:00,1,31.443753,27.284605,-4.159148000000002,12270.274,24.172178,-7.271574731567384,-4.159148000000002,Neutral
2025-03-20 02:00:00,2,28.979496,24.665419,-4.314077000000001,12098.334,25.398033,-3.5814628579101573,-4.314077000000001,Neutral
2025-03-20 03:00:00,3,28.061868,24.879322,-3.182546000000002,12173.307,25.875765,-2.1861031531982427,-3.182546000000002,Neutral
2025-03-20 04:00:00,4,29.250601,29.980869,0.7302679999999988,12366.66,29.786795,0.5361936624755863,0.7302679999999988,Neutral
2025-03-20 05:00:00,5,33.560677,35.641277,2.080600000000004,12978.766,49.45819,15.897513917968752,2.080600000000004,Neutral
2025-03-20 06:00:00,6,49.065666,47.65697,-1.408695999999999,14023.523,59.143444,10.077778061279297,-1.408695999999999,Neutral
2025-03-20 07:00:00,7,56.162482,47.093011,-9.069471,14807.241,43.800068,-12.362414098388669,-9.069471,Neutral
2025-03-20 08:00:00,8,46.041043,32.641382,-13.399661000000002,14872.103,34.63947,-11.401573853271486,-13.399661000000002,Neutral
2025-03-20 09:00:00,9,45.030876,36.793026,-8.237850000000002,15027.858,34.178677,-10.85219939477539,-8.237850000000002,Neutral
2025-03-20 10:00:00,10,44.560705,26.786965,-17.77374,15003.044999999998,35.03148,-9.529226118164061,-17.77374,Neutral
2025-03-20 11:00:00,11,41.486389,27.44593,-14.040459000000002,15008.48,36.090237,-5.396152336181643,-14.040459000000002,Neutral
2025-03-20 12:00:00,12,39.066404,29.058092,-10.008312,15134.623,35.354588,-3.711816445068358,-10.008312,Neutral
2025-03-20 13:00:00,13,39.676129,32.240617,-7.435512000000003,15170.259,33.97084,-5.705288545898441,-7.435512000000003,Neutral
2025-03-20 14:00:00,14,36.16423,74.153133,37.98890299999999,15127.781,35.59811,-0.566119801025394,37.98890299999999,RT premium / potential DA hedge
2025-03-20 15:00:00,15,34.864847,63.832551,28.967704000000005,15138.076,39.08093,4.216081802490237,28.967704000000005,RT premium / potential DA hedge
2025-03-20 16:00:00,16,36.75353,62.280956,25.527426000000006,15459.208,42.781803,6.028273131103518,25.527426000000006,RT premium / potential DA hedge
2025-03-20 17:00:00,17,39.887118,37.202633,-2.6844850000000022,15520.053,46.72533,6.838212352783202,-2.6844850000000022,Neutral
2025-03-20 18:00:00,18,47.944656,34.874553,-13.070103000000003,15787.743,47.159504,-0.7851520632324238,-13.070103000000003,Neutral
2025-03-20 19:00:00,19,78.297195,37.96174,-40.335455,15955.507,49.278946,-29.01824907714844,-40.335455,DA premium / potential RT hedge
2025-03-20 20:00:00,20,79.329603,48.823856,-30.505747000000007,16247.916,53.416065,-25.913537783935553,-30.505747000000007,DA premium / potential RT hedge
2025-03-20 21:00:00,21,59.984908,48.495223,-11.489684999999994,15875.134,44.226288,-15.758620158203122,-11.489684999999994,Neutral
2025-03-20 22:00:00,22,53.128603,45.701429,-7.427174000000001,15432.254,38.145943,-14.982660312011717,-7.427174000000001,Neutral
2025-03-20 23:00:00,23,47.563375,33.418714,-14.144661,14834.435,35.726315,-11.837060455322266,-14.144661,Neutral
2025-03-21 00:00:00,0,42.055129,35.86085,-6.194279000000002,14595.462,35.422436,-6.632693239501954,-6.194279000000002,Neutral
2025-03-21 01:00:00,1,39.00212,36.847385,-2.154734999999995,14422.415,34.78288,-4.219241124267576,-2.154734999999995,Neutral
2025-03-21 02:00:00,2,37.431868,39.173517,1.7416489999999953,14403.548,34.734047,-2.6978210639648452,1.7416489999999953,Neutral
2025-03-21 03:00:00,3,40.170711,31.810567,-8.360143999999998,14486.172,34.493187,-5.677524049316403,-8.360143999999998,Neutral
2025-03-21 04:00:00,4,38.895301,28.749527,-10.145774000000003,14860.381,39.058018,0.16271673071288717,-10.145774000000003,Neutral
2025-03-21 05:00:00,5,47.320896,30.765003,-16.555892999999998,15635.192,54.68518,7.364284664062502,-16.555892999999998,Neutral
2025-03-21 06:00:00,6,89.664432,72.030333,-17.634099000000006,16671.091,83.732574,-5.93185753710938,-17.634099000000006,Neutral
2025-03-21 07:00:00,7,112.375266,144.629504,32.254238,17460.142,72.13414,-40.24112598535156,32.254238,RT premium / potential DA hedge
2025-03-21 08:00:00,8,43.495148,29.214493,-14.280655,17260.574,81.69905,38.20390290332031,-14.280655,Neutral
2025-03-21 09:00:00,9,33.890755,23.785797,-10.104958,16786.491,43.64635,9.755595860595704,-10.104958,Neutral
2025-03-21 10:00:00,10,32.780307,23.557903,-9.222404000000001,16309.321,41.159573,8.379265601318359,-9.222404000000001,Neutral
2025-03-21 11:00:00,11,28.82934,18.131249,-10.698090999999998,15911.830999999998,38.222797,9.39345739379883,-10.698090999999998,Neutral
2025-03-21 12:00:00,12,28.285645,18.339988,-9.945656999999997,15432.687,32.93024,4.644595631103517,-9.945656999999997,Neutral
2025-03-21 13:00:00,13,25.127385,19.10068,-6.026705,15116.327,32.340252,7.212866922607422,-6.026705,Neutral
2025-03-21 14:00:00,14,23.361134,14.970004,-8.39113,14642.920999999998,27.75845,4.3973155544433595,-8.39113,Neutral
2025-03-21 15:00:00,15,23.034856,8.24179,-14.793066000000001,14375.953,27.922253,4.8873966550292955,-14.793066000000001,Neutral
2025-03-21 16:00:00,16,23.437983,13.502617,-9.935365999999998,14158.788,38.109203,14.671220338623048,-9.935365999999998,Neutral
2025-03-21 17:00:00,17,27.85518,18.164636,-9.690544,14182.151000000002,44.183357,16.32817723876953,-9.690544,Neutral
2025-03-21 18:00:00,18,40.717399,24.370572,-16.346827,14361.011,48.780876,8.063477159667968,-16.346827,Neutral
2025-03-21 19:00:00,19,55.662955,37.344981,-18.317974,14673.131,50.559196,-5.103758527832028,-18.317974,Neutral
2025-03-21 20:00:00,20,44.461202,33.25996,-11.201242,15020.124,50.273117,5.811915065429687,-11.201242,Neutral
2025-03-21 21:00:00,21,38.896649,33.62587,-5.270778999999997,14836.171,36.473175,-2.4234739511718715,-5.270778999999997,Neutral
2025-03-21 22:00:00,22,38.327838,28.625237,-9.702601000000001,14440.441,34.666786,-3.6610518061523436,-9.702601000000001,Neutral
2025-03-21 23:00:00,23,33.054016,26.831852,-6.222163999999996,14022.954000000002,35.025566,1.9715501010742216,-6.222163999999996,Neutral
2025-03-22 00:00:00,0,32.651963,29.237243,-3.4147200000000026,13525.131,32.82856,0.17659687548827918,-3.4147200000000026,Neutral
2025-03-22 01:00:00,1,32.849248,33.313789,0.464540999999997,13420.797,32.01536,-0.833886214111331,0.464540999999997,Neutral
2025-03-22 02:00:00,2,31.861547,30.603316,-1.258231000000002,13289.573,30.021193,-1.840354449340822,-1.258231000000002,Neutral
2025-03-22 03:00:00,3,31.498542,29.620858,-1.8776840000000021,13468.782,34.209152,2.710610221679687,-1.8776840000000021,Neutral
2025-03-22 04:00:00,4,33.446878,28.67481,-4.772067999999997,13505.929,33.320286,-0.12659220288085749,-4.772067999999997,Neutral
2025-03-22 05:00:00,5,34.450522,31.028064,-3.422457999999999,13673.539,38.586086,4.13556427319336,-3.422457999999999,Neutral
2025-03-22 06:00:00,6,36.444407,27.747519,-8.696887999999998,13950.714,49.842773,13.398366437500002,-8.696887999999998,Neutral
2025-03-22 07:00:00,7,43.847973,35.666721,-8.181252,14408.945,36.93854,-6.909431587646488,-8.181252,Neutral
2025-03-22 08:00:00,8,35.909077,29.669572,-6.239505000000005,14495.77,34.154915,-1.7541621440429722,-6.239505000000005,Neutral
2025-03-22 09:00:00,9,29.922793,30.019583,0.09679000000000215,14527.847,31.460262,1.5374692985839857,0.09679000000000215,Neutral
2025-03-22 10:00:00,10,32.102563,24.329751,-7.772812000000002,14340.526,27.72658,-4.375983333862308,-7.772812000000002,Neutral
2025-03-22 11:00:00,11,29.115763,40.059518,10.943754999999996,14158.824,28.759436,-0.35632734631347773,10.943754999999996,Neutral
2025-03-22 12:00:00,12,26.563502,22.948838,-3.614664000000001,13832.905,25.846016,-0.7174860698242185,-3.614664000000001,Neutral
2025-03-22 13:00:00,13,25.145022,19.528907,-5.616115000000001,13588.15,23.732754,-1.4122682463378915,-5.616115000000001,Neutral
2025-03-22 14:00:00,14,23.999712,18.401827,-5.597884999999998,13427.726,23.996136,-0.003576288330076949,-5.597884999999998,Neutral
2025-03-22 15:00:00,15,23.020557,18.545783,-4.474774,13263.899,25.056818,2.0362610084228514,-4.474774,Neutral
2025-03-22 16:00:00,16,24.332375,19.243528,-5.088846999999998,13328.378,29.094975,4.762599517822267,-5.088846999999998,Neutral
2025-03-22 17:00:00,17,27.392778,22.71458,-4.678197999999998,13357.809,31.778282,4.385504165527344,-4.678197999999998,Neutral
2025-03-22 18:00:00,18,39.121196,29.126847,-9.994348999999996,13472.368,34.956516,-4.164679734130857,-9.994348999999996,Neutral
2025-03-22 19:00:00,19,62.973366,74.482636,11.50927,13819.276,35.32154,-27.651825167480467,11.50927,Neutral
2025-03-22 20:00:00,20,56.479049,43.064086,-13.414963,14225.454000000002,38.83512,-17.643927845214847,-13.414963,Neutral
2025-03-22 21:00:00,21,40.424953,45.159917,4.734963999999998,14133.222,36.316597,-4.108356015136721,4.734963999999998,Neutral
2025-03-22 22:00:00,22,37.2115,37.637254,0.42575399999999775,13857.456,29.877443,-7.334056686401368,0.42575399999999775,Neutral
2025-03-22 23:00:00,23,34.894185,38.558264,3.664079000000001,13577.15,29.602291,-5.291893892822266,3.664079000000001,Neutral
2025-03-23 00:00:00,0,31.780715,32.131905,0.35119000000000256,13325.214,30.72819,-1.0525255316162117,0.35119000000000256,Neutral
2025-03-23 01:00:00,1,32.726844,33.860647,1.1338030000000003,13142.181,27.95393,-4.772914098876953,1.1338030000000003,Neutral
2025-03-23 02:00:00,2,31.509581,32.974817,1.4652360000000009,13334.624,28.726742,-2.7828392092285164,1.4652360000000009,Neutral
2025-03-23 03:00:00,3,31.270374,32.924536,1.654162000000003,13343.806,29.92651,-1.343864142822266,1.654162000000003,Neutral
2025-03-23 04:00:00,4,32.676028,34.311033,1.6350049999999996,13588.526,32.511864,-0.16416429150390854,1.6350049999999996,Neutral
2025-03-23 05:00:00,5,34.67987,39.890203,5.2103329999999985,13901.585,43.950623,9.270752558593749,5.2103329999999985,Neutral
2025-03-23 06:00:00,6,37.572849,37.367075,-0.20577399999999813,14324.658,52.8077,15.234852110839846,-0.20577399999999813,Neutral
2025-03-23 07:00:00,7,42.002913,39.337286,-2.6656270000000006,14863.424,33.25421,-8.74870157421875,-2.6656270000000006,Neutral
2025-03-23 08:00:00,8,30.919946,34.18315,3.263203999999998,15107.701,30.379416,-0.5405304879150385,3.263203999999998,Neutral
2025-03-23 09:00:00,9,25.861216,24.047422,-1.813793999999998,14983.48,27.701878,1.8406615939941418,-1.813793999999998,Neutral
2025-03-23 10:00:00,10,25.324999,27.750896,2.4258970000000026,14564.602,25.28401,-0.040989066528318574,2.4258970000000026,Neutral
2025-03-23 11:00:00,11,25.249741,32.528011,7.278269999999999,14277.036,24.506968,-0.7427734554443362,7.278269999999999,Neutral
2025-03-23 12:00:00,12,25.024351,29.709216,4.684865000000002,14050.15,24.650501,-0.3738497487792962,4.684865000000002,Neutral
2025-03-23 13:00:00,13,23.989609,26.75823,2.7686209999999996,14061.409,23.961987,-0.02762245825195464,2.7686209999999996,Neutral
2025-03-23 14:00:00,14,23.450928,26.354321,2.9033929999999977,13951.767,23.090784,-0.36014392712402454,2.9033929999999977,Neutral
2025-03-23 15:00:00,15,23.869093,29.494654,5.625561000000001,13993.407,25.781183,1.9120902427978521,5.625561000000001,Neutral
2025-03-23 16:00:00,16,26.633028,105.238502,78.605474,14182.702,31.114847,4.48181918322754,78.605474,RT premium / potential DA hedge
2025-03-23 17:00:00,17,29.610285,59.080946,29.470660999999996,14514.364,36.156963,6.546678348388671,29.470660999999996,RT premium / potential DA hedge
2025-03-23 18:00:00,18,35.511289,44.864836,9.353546999999999,14588.534,39.123405,3.612116456542971,9.353546999999999,Neutral
2025-03-23 19:00:00,19,38.283714,51.633014,13.3493,14837.593,36.967915,-1.3157994187011752,13.3493,Neutral
2025-03-23 20:00:00,20,38.679284,45.512469,6.833185,14900.885,35.257782,-3.4215020175781277,6.833185,Neutral
2025-03-23 21:00:00,21,33.995627,53.129701,19.134074,14476.554,31.50356,-2.492067887451171,19.134074,Neutral
2025-03-23 22:00:00,22,30.85993,34.762448,3.9025180000000006,14053.291,28.69873,-2.1611995312499985,3.9025180000000006,Neutral
2025-03-23 23:00:00,23,30.03049,27.662679,-2.3678109999999997,13582.052,26.907368,-3.1231222937011722,-2.3678109999999997,Neutral
2025-03-24 00:00:00,0,28.672372,26.252485,-2.4198869999999992,13217.678,27.64608,-1.0262919829101556,-2.4198869999999992,Neutral
2025-03-24 01:00:00,1,28.772829,29.889737,1.1169079999999987,13004.047,25.705597,-3.0672320761718765,1.1169079999999987,Neutral
2025-03-24 02:00:00,2,28.577362,25.314744,-3.262618,12852.184,26.09596,-2.481401382934571,-3.262618,Neutral
2025-03-24 03:00:00,3,27.872976,25.936773,-1.9362030000000026,12987.573,28.093164,0.22018844396972526,-1.9362030000000026,Neutral
2025-03-24 04:00:00,4,27.760985,26.606559,-1.1544260000000008,13296.404,31.537857,3.776872055664061,-1.1544260000000008,Neutral
2025-03-24 05:00:00,5,33.774528,68.953496,35.178968000000005,13947.868,47.495377,13.720848586914066,35.178968000000005,RT premium / potential DA hedge
2025-03-24 06:00:00,6,37.750855,70.735804,32.984949,15052.524,58.55095,20.800094096679686,32.984949,RT premium / potential DA hedge
2025-03-24 07:00:00,7,49.412939,94.425515,45.012576,15800.978,38.357872,-11.055066990722658,45.012576,RT premium / potential DA hedge
2025-03-24 08:00:00,8,41.276201,39.650406,-1.6257950000000037,15923.583,33.26582,-8.010381450439453,-1.6257950000000037,Neutral
2025-03-24 09:00:00,9,36.735803,36.946469,0.21066600000000335,15959.612,32.59654,-4.139264456298825,0.21066600000000335,Neutral
2025-03-24 10:00:00,10,36.871983,68.576683,31.704700000000003,15923.68,33.01296,-3.859024473388672,31.704700000000003,RT premium / potential DA hedge
2025-03-24 11:00:00,11,33.717906,60.986768,27.268862,15788.521,33.442436,-0.2754697817382805,27.268862,RT premium / potential DA hedge
2025-03-24 12:00:00,12,33.921906,50.013416,16.09151,15576.242000000002,30.552858,-3.369047647338867,16.09151,Neutral
2025-03-24 13:00:00,13,31.824802,45.267851,13.443049000000002,15339.549,31.945356,0.12055436901855643,13.443049000000002,Neutral
2025-03-24 14:00:00,14,27.830107,40.87414,13.044032999999995,15014.032,28.822536,0.9924294685058577,13.044032999999995,Neutral
2025-03-24 15:00:00,15,25.484897,32.296257,6.811359999999997,14758.447,30.04217,4.557272570922851,6.811359999999997,Neutral
2025-03-24 16:00:00,16,25.815211,25.683837,-0.131374000000001,14608.472,33.15048,7.335267363037108,-0.131374000000001,Neutral
2025-03-24 17:00:00,17,27.782307,28.722142,0.9398350000000022,14545.141,33.51955,5.737243323486329,0.9398350000000022,Neutral
2025-03-24 18:00:00,18,32.845179,31.636212,-1.2089670000000012,14614.898,35.69206,2.84687956323242,-1.2089670000000012,Neutral
2025-03-24 19:00:00,19,54.041816,66.006746,11.96493000000001,14968.437,36.53656,-17.505255941406247,11.96493000000001,Neutral
2025-03-24 20:00:00,20,59.493055,69.82708,10.334024999999997,15377.646,39.54821,-19.94484485595703,10.334024999999997,Neutral
2025-03-24 21:00:00,21,46.482787,64.716051,18.23326399999999,15161.511,36.043015,-10.439772473632814,18.23326399999999,Neutral
2025-03-24 22:00:00,22,36.59414,62.861912,26.267771999999994,14574.097,32.45808,-4.136059708251956,26.267771999999994,RT premium / potential DA hedge
2025-03-24 23:00:00,23,34.49841,29.561513,-4.936896999999998,14010.306,29.691292,-4.8071181909179685,-4.936896999999998,Neutral
2025-03-25 00:00:00,0,34.429287,33.005684,-1.423603,13632.434,31.956057,-2.4732304051513694,-1.423603,Neutral
2025-03-25 01:00:00,1,35.998685,36.653088,0.654402999999995,13598.863,31.17355,-4.8251353479003924,0.654402999999995,Neutral
2025-03-25 02:00:00,2,34.615315,32.987948,-1.6273669999999996,13529.241,33.354122,-1.2611928381347681,-1.6273669999999996,Neutral
2025-03-25 03:00:00,3,36.77938,32.634682,-4.144698000000005,13666.628,34.251896,-2.5274840954589877,-4.144698000000005,Neutral
2025-03-25 04:00:00,4,36.629963,29.782899,-6.847063999999996,13984.71,40.249958,3.6199950383300816,-6.847063999999996,Neutral
2025-03-25 05:00:00,5,43.470562,34.578459,-8.892102999999999,14638.037,50.550694,7.08013151196289,-8.892102999999999,Neutral
2025-03-25 06:00:00,6,71.347223,45.892823,-25.4544,15710.092,69.23824,-2.108979896972656,-25.4544,DA premium / potential RT hedge
2025-03-25 07:00:00,7,86.187953,48.822436,-37.36551699999999,16317.365,43.882744,-42.305209164550774,-37.36551699999999,DA premium / potential RT hedge
2025-03-25 08:00:00,8,48.284107,39.44364,-8.840466999999997,16356.008000000002,39.955616,-8.328491002685546,-8.840466999999997,Neutral
2025-03-25 09:00:00,9,39.471611,32.045785,-7.425826000000001,15997.697,37.74702,-1.724590278564456,-7.425826000000001,Neutral
2025-03-25 10:00:00,10,39.387677,28.442897,-10.944779999999998,15567.037,35.528015,-3.8596618632812465,-10.944779999999998,Neutral
2025-03-25 11:00:00,11,37.839527,50.542259,12.702732000000005,15257.153,34.426178,-3.413349021484372,12.702732000000005,Neutral
2025-03-25 12:00:00,12,36.338336,24.207791,-12.130544999999998,15080.616,33.347443,-2.990893373046873,-12.130544999999998,Neutral
2025-03-25 13:00:00,13,34.898625,24.311615,-10.587010000000003,14892.297,32.14699,-2.7516332702636745,-10.587010000000003,Neutral
2025-03-25 14:00:00,14,34.701102,23.452085,-11.249016999999998,14656.174,31.533756,-3.167345743896483,-11.249016999999998,Neutral
2025-03-25 15:00:00,15,34.770796,26.143279,-8.627516999999997,14554.185,37.307552,2.5367563376464872,-8.627516999999997,Neutral
2025-03-25 16:00:00,16,36.363222,37.30958,0.9463579999999965,14652.285,42.559273,6.196050766113281,0.9463579999999965,Neutral
2025-03-25 17:00:00,17,38.362439,31.553366,-6.8090730000000015,14812.417,43.3681,5.005660212646482,-6.8090730000000015,Neutral
2025-03-25 18:00:00,18,49.173503,40.310054,-8.863448999999996,14946.89,45.849445,-3.3240576569824185,-8.863448999999996,Neutral
2025-03-25 19:00:00,19,69.797762,55.667699,-14.130063000000007,15169.325,45.87954,-23.918222510253912,-14.130063000000007,Neutral
2025-03-25 20:00:00,20,71.083252,71.183801,0.10054900000000089,15570.039,48.991917,-22.09133534350586,0.10054900000000089,Neutral
2025-03-25 21:00:00,21,56.965795,51.229432,-5.736362999999997,15373.149,44.727165,-12.238629777832031,-5.736362999999997,Neutral
2025-03-25 22:00:00,22,46.858138,68.019521,21.161383,14907.209,37.862198,-8.995940124023434,21.161383,Neutral
2025-03-25 23:00:00,23,39.331128,55.691056,16.359928000000004,14414.522,37.118076,-2.213051675537109,16.359928000000004,Neutral
2025-03-26 00:00:00,0,39.447191,38.020244,-1.4269469999999984,14149.105,35.60816,-3.839032888427731,-1.4269469999999984,Neutral
2025-03-26 01:00:00,1,38.080175,33.637233,-4.442941999999995,14001.037,37.18943,-0.8907447631835907,-4.442941999999995,Neutral
2025-03-26 02:00:00,2,37.944855,33.186822,-4.7580329999999975,14093.522,37.261818,-0.6830370678710906,-4.7580329999999975,Neutral
2025-03-26 03:00:00,3,37.481379,34.421411,-3.059967999999998,14187.937,38.61475,1.1333709084472687,-3.059967999999998,Neutral
2025-03-26 04:00:00,4,40.581003,30.129449,-10.451554000000002,14591.268,42.24451,1.663507650634763,-10.451554000000002,Neutral
2025-03-26 05:00:00,5,48.635916,33.277154,-15.358761999999999,15301.245,55.79108,7.155164474853514,-15.358761999999999,Neutral
2025-03-26 06:00:00,6,73.825472,52.479222,-21.346250000000005,16445.979,95.18717,21.36169993603515,-21.346250000000005,Neutral
2025-03-26 07:00:00,7,88.685425,63.309476,-25.375949,17078.791,54.711636,-33.973789410400386,-25.375949,DA premium / potential RT hedge
2025-03-26 08:00:00,8,44.943312,33.374716,-11.568596,16905.465,44.318436,-0.6248763310546863,-11.568596,Neutral
2025-03-26 09:00:00,9,34.830455,26.238752,-8.591702999999999,16313.181,41.69442,6.863964860839843,-8.591702999999999,Neutral
2025-03-26 10:00:00,10,34.349368,30.081749,-4.267619,15732.865,37.248947,2.899579143554689,-4.267619,Neutral
2025-03-26 11:00:00,11,33.626414,28.992582,-4.633831999999998,15358.763,33.582405,-0.04400890966796567,-4.633831999999998,Neutral
2025-03-26 12:00:00,12,33.33519,28.150116,-5.185073999999997,14994.782,31.893805,-1.4413854498290988,-5.185073999999997,Neutral
2025-03-26 13:00:00,13,31.307951,25.353537,-5.954414,14965.167,31.476664,0.16871258947753986,-5.954414,Neutral
2025-03-26 14:00:00,14,30.927832,25.548295,-5.379536999999999,14675.217,30.399578,-0.5282539055175768,-5.379536999999999,Neutral
2025-03-26 15:00:00,15,30.169994,25.919932,-4.250062,14515.121,33.81007,3.640076037841798,-4.250062,Neutral
2025-03-26 16:00:00,16,30.997368,27.830541,-3.1668270000000014,14586.806,42.79858,11.801212169677733,-3.1668270000000014,Neutral
2025-03-26 17:00:00,17,32.559745,32.334077,-0.22566799999999887,14629.987,44.630684,12.070938898925782,-0.22566799999999887,Neutral
2025-03-26 18:00:00,18,48.788195,39.394845,-9.393350000000005,14855.255,45.51775,-3.2704452136230486,-9.393350000000005,Neutral
2025-03-26 19:00:00,19,84.867381,58.218468,-26.648912999999993,15263.946,47.27096,-37.596419238525385,-26.648912999999993,DA premium / potential RT hedge
2025-03-26 20:00:00,20,71.005396,71.38648,0.3810840000000013,15772.229,54.869247,-16.136148563476567,0.3810840000000013,Neutral
2025-03-26 21:00:00,21,59.0021,57.106271,-1.895828999999999,15549.182,45.98607,-13.016031274414061,-1.895828999999999,Neutral
2025-03-26 22:00:00,22,52.404603,52.22947,-0.17513300000000243,15129.383,42.576794,-9.827809329345705,-0.17513300000000243,Neutral
2025-03-26 23:00:00,23,47.772017,47.988927,0.2169099999999986,14650.344,40.82215,-6.949865815917967,0.2169099999999986,Neutral
2025-03-27 00:00:00,0,40.588007,54.100881,13.512874000000004,14486.381,42.74387,2.155862781494143,13.512874000000004,Neutral
2025-03-27 01:00:00,1,40.35385,35.425609,-4.928241,14333.830000000002,36.21378,-4.140070550537111,-4.928241,Neutral
2025-03-27 02:00:00,2,39.926584,37.873952,-2.0526319999999956,14393.883,37.269363,-2.657220596679686,-2.0526319999999956,Neutral
2025-03-27 03:00:00,3,39.395846,54.630866,15.235019999999999,14457.581,37.21768,-2.178164115234374,15.235019999999999,Neutral
2025-03-27 04:00:00,4,39.289968,39.583402,0.29343399999999775,14903.824,41.200512,1.910543932373045,0.29343399999999775,Neutral
2025-03-27 05:00:00,5,45.81858,37.396497,-8.422083,15607.135,53.456837,7.638256700439456,-8.422083,Neutral
2025-03-27 06:00:00,6,89.490896,51.447907,-38.042989000000006,16695.114,86.83937,-2.651525272460944,-38.042989000000006,DA premium / potential RT hedge
2025-03-27 07:00:00,7,115.901248,54.322298,-61.57894999999999,17278.354,68.50088,-47.4003706196289,-61.57894999999999,DA premium / potential RT hedge
2025-03-27 08:00:00,8,49.996689,31.905612,-18.091077000000002,17020.607,83.51056,33.51387008203125,-18.091077000000002,Neutral
2025-03-27 09:00:00,9,36.016831,19.609986,-16.406845000000004,16184.621,38.515934,2.4991029904785123,-16.406845000000004,Neutral
2025-03-27 10:00:00,10,33.405474,23.148075,-10.257399,15516.952,39.40425,5.998777098632814,-10.257399,Neutral
2025-03-27 11:00:00,11,32.768872,24.807193,-7.961679,15058.607,32.341564,-0.4273078215332049,-7.961679,Neutral
2025-03-27 12:00:00,12,31.231878,25.999577,-5.232301,14807.046,31.55842,0.3265421812744158,-5.232301,Neutral
2025-03-27 13:00:00,13,30.185346,25.133561,-5.051784999999999,14531.424,30.494055,0.3087087943115243,-5.051784999999999,Neutral
2025-03-27 14:00:00,14,28.31559,22.563309,-5.752281,14339.828,29.639256,1.3236655236816404,-5.752281,Neutral
2025-03-27 15:00:00,15,27.558051,22.148526,-5.409524999999999,14071.076,31.73016,4.172108759521485,-5.409524999999999,Neutral
2025-03-27 16:00:00,16,29.744298,25.07797,-4.666328,13960.465,36.40206,6.657763462402343,-4.666328,Neutral
2025-03-27 17:00:00,17,32.04137,43.698758,11.657387999999997,14090.879,40.328014,8.286644373779296,11.657387999999997,Neutral
2025-03-27 18:00:00,18,43.787923,42.374403,-1.4135199999999983,14215.483,49.37584,5.587916233398438,-1.4135199999999983,Neutral
2025-03-27 19:00:00,19,61.551986,50.275942,-11.276043999999999,14660.443,48.687622,-12.8643639296875,-11.276043999999999,Neutral
2025-03-27 20:00:00,20,50.891763,49.241085,-1.6506779999999992,14890.68,48.590164,-2.301598815429685,-1.6506779999999992,Neutral
2025-03-27 21:00:00,21,40.270272,49.032394,8.762121999999998,14550.238,39.110954,-1.1593177153320298,8.762121999999998,Neutral
2025-03-27 22:00:00,22,35.471378,51.351927,15.880549000000002,14060.058,38.691647,3.220268575927733,15.880549000000002,Neutral
2025-03-27 23:00:00,23,32.613713,36.619098,4.005385000000004,13398.998,36.753757,4.140044476806644,4.005385000000004,Neutral
2025-03-28 00:00:00,0,30.213287,29.050152,-1.1631350000000005,13040.232,32.811035,2.597748156249999,-1.1631350000000005,Neutral
2025-03-28 01:00:00,1,31.085472,68.074147,36.988675,12792.417,30.405796,-0.6796759489746087,36.988675,RT premium / potential DA hedge
2025-03-28 02:00:00,2,29.573825,29.563044,-0.010780999999997931,12726.91,31.214533,1.6407078521728522,-0.010780999999997931,Neutral
2025-03-28 03:00:00,3,28.587606,36.114761,7.5271550000000005,12714.613,35.09916,6.511553240722655,7.5271550000000005,Neutral
2025-03-28 04:00:00,4,29.576561,25.202737,-4.373824000000003,12860.717,33.940807,4.364246342529295,-4.373824000000003,Neutral
2025-03-28 05:00:00,5,32.992325,82.068197,49.075872,13396.1,46.05948,13.067153759765624,49.075872,RT premium / potential DA hedge
2025-03-28 06:00:00,6,44.963137,46.814091,1.8509539999999944,14435.77,57.07226,12.109124810302731,1.8509539999999944,Neutral
2025-03-28 07:00:00,7,56.684174,37.037052,-19.647121999999996,15081.132,44.622066,-12.062107502197264,-19.647121999999996,Neutral
2025-03-28 08:00:00,8,43.187308,49.105342,5.918033999999999,15218.178,37.65018,-5.537127183349611,5.918033999999999,Neutral
2025-03-28 09:00:00,9,38.924127,34.00892,-4.915206999999995,15148.845,34.500355,-4.4237722331542955,-4.915206999999995,Neutral
2025-03-28 10:00:00,10,34.252461,35.195594,0.9431330000000031,15073.739,34.353878,0.10141702124023766,0.9431330000000031,Neutral
2025-03-28 11:00:00,11,33.741471,29.419914,-4.3215569999999985,14849.739,30.6055,-3.135971732421872,-4.3215569999999985,Neutral
2025-03-28 12:00:00,12,30.052192,21.89838,-8.153812000000002,14616.841,30.366516,0.31432411328124843,-8.153812000000002,Neutral
2025-03-28 13:00:00,13,30.503661,22.85881,-7.644851000000003,14443.47,27.993382,-2.5102794997558604,-7.644851000000003,Neutral
2025-03-28 14:00:00,14,27.874671,57.104228,29.229557,14098.531,29.867214,1.99254320288086,29.229557,RT premium / potential DA hedge
2025-03-28 15:00:00,15,27.46514,27.287826,-0.17731400000000264,13938.946,32.751698,5.2865575402832015,-0.17731400000000264,Neutral
2025-03-28 16:00:00,16,27.064763,20.335409,-6.729354000000001,14005.647,36.700764,9.636000702392579,-6.729354000000001,Neutral
2025-03-28 17:00:00,17,27.879442,45.376576,17.497134,13968.08,37.945225,10.06578276196289,17.497134,Neutral
2025-03-28 18:00:00,18,31.348668,109.704983,78.356315,13919.075,39.465096,8.116427520019531,78.356315,RT premium / potential DA hedge
2025-03-28 19:00:00,19,36.875446,47.590264,10.714818000000001,13846.672,35.58731,-1.2881352089843716,10.714818000000001,Neutral
2025-03-28 20:00:00,20,35.282219,32.070203,-3.2120159999999984,14066.237,32.766087,-2.516132421630857,-3.2120159999999984,Neutral
2025-03-28 21:00:00,21,32.529192,31.383677,-1.1455150000000032,13851.539,29.671083,-2.858108549682619,-1.1455150000000032,Neutral
2025-03-28 22:00:00,22,28.738717,29.262187,0.5234699999999997,13371.424,25.515707,-3.2230099840087902,0.5234699999999997,Neutral
2025-03-28 23:00:00,23,25.904707,26.958542,1.053835000000003,12776.686000000002,23.239525,-2.6651821586914046,1.053835000000003,Neutral
2025-03-29 00:00:00,0,27.669353,48.260729,20.591375999999997,12187.759999999998,21.232775,-6.436578265502931,20.591375999999997,Neutral
2025-03-29 01:00:00,1,26.895242,21.673843,-5.221398999999998,11724.066,21.962736,-4.9325058702392575,-5.221398999999998,Neutral
2025-03-29 02:00:00,2,25.396969,30.702987,5.306018000000002,11616.574,20.88812,-4.508848348754881,5.306018000000002,Neutral
2025-03-29 03:00:00,3,25.035876,23.491215,-1.5446609999999978,11518.57,22.590725,-2.445151054931639,-1.5446609999999978,Neutral
2025-03-29 04:00:00,4,25.245431,24.104614,-1.1408169999999984,11530.721,25.28736,0.04192823767089848,-1.1408169999999984,Neutral
2025-03-29 05:00:00,5,26.558531,27.776424,1.2178930000000001,11732.366999999998,31.05598,4.497449682373048,1.2178930000000001,Neutral
2025-03-29 06:00:00,6,29.407335,40.639882,11.232547,11978.371,34.53591,5.128576560058594,11.232547,Neutral
2025-03-29 07:00:00,7,32.014828,31.381183,-0.6336450000000013,12226.789,30.552277,-1.4625513886718764,-0.6336450000000013,Neutral
2025-03-29 08:00:00,8,30.939811,38.914333,7.974522,12669.009,27.700834,-3.2389767257080067,7.974522,Neutral
2025-03-29 09:00:00,9,30.152891,29.140585,-1.0123059999999988,12985.919,29.694605,-0.45828612634277377,-1.0123059999999988,Neutral
2025-03-29 10:00:00,10,29.982635,28.022777,-1.959857999999997,13156.949,29.195831,-0.7868037011718734,-1.959857999999997,Neutral
2025-03-29 11:00:00,11,28.307882,27.642153,-0.6657289999999989,13153.532,29.842226,1.5343440284423835,-0.6657289999999989,Neutral
2025-03-29 12:00:00,12,28.159288,21.748562,-6.410726,13141.714,28.711231,0.551943231689453,-6.410726,Neutral
2025-03-29 13:00:00,13,28.903732,34.64906,5.745327999999997,13087.41,28.197142,-0.7065903526611343,5.745327999999997,Neutral
2025-03-29 14:00:00,14,30.227221,32.35132,2.124099000000001,13154.226,30.351263,0.12404204626464832,2.124099000000001,Neutral
2025-03-29 15:00:00,15,29.953961,35.649438,5.695477000000004,13241.275,34.813656,4.859694853271485,5.695477000000004,Neutral
2025-03-29 16:00:00,16,33.132341,39.090583,5.958242000000006,13244.122,37.894794,4.762453464111331,5.958242000000006,Neutral
2025-03-29 17:00:00,17,36.07481,39.364866,3.290056,13396.445,43.833412,7.758602170410157,3.290056,Neutral
2025-03-29 18:00:00,18,41.413149,35.255269,-6.157879999999999,13334.813999999998,44.44091,3.0277613393554716,-6.157879999999999,Neutral
2025-03-29 19:00:00,19,53.811635,43.666848,-10.144787,13408.208,44.625805,-9.185830098876956,-10.144787,Neutral
2025-03-29 20:00:00,20,48.994751,61.939416,12.944665,13597.339,38.523575,-10.471176170898438,12.944665,Neutral
2025-03-29 21:00:00,21,37.297523,29.849577,-7.447945999999998,13247.911,31.860785,-5.43673846936035,-7.447945999999998,Neutral
2025-03-29 22:00:00,22,32.109243,40.517219,8.407975999999998,12749.371,27.269442,-4.8398013953857415,8.407975999999998,Neutral
2025-03-29 23:00:00,23,31.74017,25.038851,-6.701318999999998,12139.313999999998,25.026651,-6.71351861755371,-6.701318999999998,Neutral
2025-03-30 00:00:00,0,29.556712,13.514029,-16.042683,11589.001,25.999798,-3.556914178955079,-16.042683,Neutral
2025-03-30 01:00:00,1,27.736975,25.601482,-2.1354930000000003,11370.162,24.440226,-3.296749398803712,-2.1354930000000003,Neutral
2025-03-30 02:00:00,2,23.660185,20.972992,-2.687192999999997,11073.733,22.281174,-1.379011293945311,-2.687192999999997,Neutral
2025-03-30 03:00:00,3,23.656876,23.825774,0.16889799999999866,11049.608,21.976444,-1.6804317556152348,0.16889799999999866,Neutral
2025-03-30 04:00:00,4,22.914073,20.68599,-2.228082999999998,11038.763,25.234303,2.3202295207519548,-2.228082999999998,Neutral
2025-03-30 05:00:00,5,24.177048,27.482807,3.305759000000002,11051.369,30.13406,5.95701190600586,3.305759000000002,Neutral
2025-03-30 06:00:00,6,26.459854,20.6403,-5.819554,11377.741,32.254803,5.794948703857422,-5.819554,Neutral
2025-03-30 07:00:00,7,26.273397,25.709845,-0.5635519999999978,11813.075,30.057714,3.784317462280274,-0.5635519999999978,Neutral
2025-03-30 08:00:00,8,27.925715,35.757689,7.831973999999999,12212.234,26.090206,-1.835508853759766,7.831973999999999,Neutral
2025-03-30 09:00:00,9,29.312082,30.096612,0.7845300000000002,12621.101,26.803082,-2.5090004875488283,0.7845300000000002,Neutral
2025-03-30 10:00:00,10,31.149563,25.93677,-5.212793000000001,12780.672,28.220718,-2.928844616210938,-5.212793000000001,Neutral
2025-03-30 11:00:00,11,29.351199,28.281473,-1.0697260000000028,12997.552,28.65507,-0.6961296488037121,-1.0697260000000028,Neutral
2025-03-30 12:00:00,12,28.574788,25.442156,-3.132632000000001,13102.882,27.982616,-0.5921715754394548,-3.132632000000001,Neutral
2025-03-30 13:00:00,13,27.978532,21.392029,-6.586503,13184.209,28.41406,0.4355285926513659,-6.586503,Neutral
2025-03-30 14:00:00,14,27.845084,25.537187,-2.3078970000000005,13167.456,29.36348,1.5183956142578126,-2.3078970000000005,Neutral
2025-03-30 15:00:00,15,28.795077,31.997354,3.2022770000000023,13297.455999999998,31.586294,2.791217174194337,3.2022770000000023,Neutral
2025-03-30 16:00:00,16,30.998704,32.450767,1.452062999999999,13494.718,39.795273,8.796568827148437,1.452062999999999,Neutral
2025-03-30 17:00:00,17,32.965173,29.797645,-3.167528000000001,13524.268,44.782005,11.816832310058594,-3.167528000000001,Neutral
2025-03-30 18:00:00,18,34.869286,38.559825,3.690538999999994,13628.064,46.06553,11.196242869628904,3.690538999999994,Neutral
2025-03-30 19:00:00,19,43.809223,42.395227,-1.4139960000000045,13766.476,43.190094,-0.6191290058593779,-1.4139960000000045,Neutral
2025-03-30 20:00:00,20,41.582737,42.683195,1.1004579999999962,14017.73,40.141926,-1.4408111882324235,1.1004579999999962,Neutral
2025-03-30 21:00:00,21,33.955995,33.124921,-0.831074000000001,13753.921,30.983238,-2.9727567797851577,-0.831074000000001,Neutral
2025-03-30 22:00:00,22,31.220808,32.871954,1.6511460000000007,13131.169,26.021532,-5.199275941284181,1.6511460000000007,Neutral
2025-03-30 23:00:00,23,27.788912,19.494661,-8.294251,12465.578,24.095396,-3.6935159581298826,-8.294251,Neutral
2025-03-31 00:00:00,0,26.651618,24.111359,-2.540258999999999,12070.727,22.647898,-4.003720279663085,-2.540258999999999,Neutral
2025-03-31 01:00:00,1,26.839898,19.846686,-6.993212000000003,11847.085,21.957148,-4.8827504017334,-6.993212000000003,Neutral
2025-03-31 02:00:00,2,23.773758,20.887013,-2.8867450000000012,11738.686,21.063416,-2.710342472656251,-2.8867450000000012,Neutral
2025-03-31 03:00:00,3,23.820945,19.341498,-4.479446999999997,11652.611,22.009771,-1.8111736529540998,-4.479446999999997,Neutral
2025-03-31 04:00:00,4,27.566699,21.403136,-6.163563,11768.428,29.208803,1.642104176879883,-6.163563,Neutral
2025-03-31 05:00:00,5,30.392147,20.81233,-9.579817000000002,12471.170999999998,43.99892,13.606773440673827,-9.579817000000002,Neutral
2025-03-31 06:00:00,6,36.249631,29.943613,-6.306018000000002,13360.55,51.82641,15.576777386230468,-6.306018000000002,Neutral
2025-03-31 07:00:00,7,39.771185,31.672492,-8.098693000000004,14078.294,37.17858,-2.592603762207034,-8.098693000000004,Neutral
2025-03-31 08:00:00,8,39.57019,35.574476,-3.9957139999999995,14383.631,33.833645,-5.736545133056637,-3.9957139999999995,Neutral
2025-03-31 09:00:00,9,39.876033,27.542062,-12.333970999999998,14452.517,34.37309,-5.502944163330078,-12.333970999999998,Neutral
2025-03-31 10:00:00,10,43.223374,26.854861,-16.368513,14566.446,35.204052,-8.019322028564453,-16.368513,Neutral
2025-03-31 11:00:00,11,44.472856,37.779615,-6.693241,14682.623,35.83159,-8.641267254882813,-6.693241,Neutral
2025-03-31 12:00:00,12,43.377563,34.825515,-8.552048,14668.114,35.971985,-7.405578136718752,-8.552048,Neutral
2025-03-31 13:00:00,13,44.10931,39.420148,-4.689162000000003,14864.245,36.050835,-8.058475344238282,-4.689162000000003,Neutral
2025-03-31 14:00:00,14,41.198243,32.93757,-8.260672999999997,14716.232,36.799263,-4.398979999511717,-8.260672999999997,Neutral
2025-03-31 15:00:00,15,39.069812,41.085738,2.0159260000000003,14804.551,40.724613,1.6548011896972668,2.0159260000000003,Neutral
2025-03-31 16:00:00,16,40.286112,47.967907,7.681794999999994,14817.918,46.833416,6.547303985107419,7.681794999999994,Neutral
2025-03-31 17:00:00,17,41.663909,57.3755,15.711591000000006,15024.172,47.01385,5.349942165771488,15.711591000000006,Neutral
2025-03-31 18:00:00,18,43.534276,69.156995,25.622718999999996,15006.251,43.691223,0.15694714453125158,25.622718999999996,RT premium / potential DA hedge
2025-03-31 19:00:00,19,61.396706,117.907412,56.51070599999999,15049.691,42.458176,-18.938530340820314,56.51070599999999,RT premium / potential DA hedge
2025-03-31 20:00:00,20,63.950564,91.602489,27.651925000000006,15172.34,44.361923,-19.588640782226562,27.651925000000006,RT premium / potential DA hedge
2025-03-31 21:00:00,21,48.553398,45.606633,-2.946764999999999,14817.583,40.061787,-8.491611348388673,-2.946764999999999,Neutral
2025-03-31 22:00:00,22,41.49416,38.508729,-2.9854309999999984,14211.097,34.39298,-7.10118133178711,-2.9854309999999984,Neutral
2025-03-31 23:00:00,23,36.152073,40.437895,4.285821999999996,13545.165,31.844711,-4.307361696289064,4.285821999999996,Neutral
2025-04-01 00:00:00,0,32.606018,35.976338,3.3703199999999995,13153.743,33.604427,0.9984093376464855,3.3703199999999995,Neutral
2025-04-01 01:00:00,1,30.669238,25.906415,-4.762823000000001,12943.622,29.350166,-1.3190716791992187,-4.762823000000001,Neutral
2025-04-01 02:00:00,2,29.334907,22.524113,-6.810794000000001,12873.661,28.452536,-0.8823713707275402,-6.810794000000001,Neutral
2025-04-01 03:00:00,3,29.240338,26.234483,-3.0058550000000004,12908.306,30.442078,1.2017396367187487,-3.0058550000000004,Neutral
2025-04-01 04:00:00,4,30.169418,31.917588,1.7481699999999982,13220.865,34.14264,3.9732211601562497,1.7481699999999982,Neutral
2025-04-01 05:00:00,5,33.917683,30.15067,-3.767012999999995,13907.212,56.734077,22.816394453613285,-3.767012999999995,Neutral
2025-04-01 06:00:00,6,54.57109,64.36439,9.793300000000002,15017.342,73.50071,18.929619533691408,9.793300000000002,Neutral
2025-04-01 07:00:00,7,60.965237,56.123131,-4.842106000000001,15618.042,47.85987,-13.10536608935547,-4.842106000000001,Neutral
2025-04-01 08:00:00,8,38.661296,38.855271,0.19397500000000178,15728.499,41.0548,2.393502126220703,0.19397500000000178,Neutral
2025-04-01 09:00:00,9,31.586697,27.596181,-3.9905159999999995,15503.648,36.657425,5.070727926757812,-3.9905159999999995,Neutral
2025-04-01 10:00:00,10,30.65723,27.906167,-2.7510629999999985,15376.463,32.234074,1.5768436389160172,-2.7510629999999985,Neutral
2025-04-01 11:00:00,11,29.775095,27.89035,-1.8847449999999988,15119.936000000002,30.278545,0.5034503796386716,-1.8847449999999988,Neutral
2025-04-01 12:00:00,12,28.668465,26.83367,-1.8347949999999997,14844.778,29.804499,1.1360336724853504,-1.8347949999999997,Neutral
2025-04-01 13:00:00,13,27.573839,25.529675,-2.0441639999999985,14685.449,28.823154,1.249315449462891,-2.0441639999999985,Neutral
2025-04-01 14:00:00,14,26.847166,24.330914,-2.5162520000000015,14311.07,29.865683,3.0185166019287095,-2.5162520000000015,Neutral
2025-04-01 15:00:00,15,26.822091,24.297435,-2.5246560000000002,14005.872,33.91877,7.096678836425781,-2.5246560000000002,Neutral
2025-04-01 16:00:00,16,27.709694,25.282317,-2.427377,13817.998,40.12828,12.418586639648439,-2.427377,Neutral
2025-04-01 17:00:00,17,30.592006,30.348683,-0.24332300000000018,13895.552,39.04065,8.448643414062499,-0.24332300000000018,Neutral
2025-04-01 18:00:00,18,40.47078,38.525637,-1.9451429999999945,14135.208,38.353127,-2.1176534741210915,-1.9451429999999945,Neutral
2025-04-01 19:00:00,19,65.230728,58.585699,-6.645029000000001,14489.256,38.67819,-26.55253967602539,-6.645029000000001,Neutral
2025-04-01 20:00:00,20,55.677457,69.372509,13.695051999999997,15054.563999999998,45.347378,-10.330079222900387,13.695051999999997,Neutral
2025-04-01 21:00:00,21,40.830153,43.96524,3.1350869999999986,14868.05,39.567024,-1.2631287690429716,3.1350869999999986,Neutral
2025-04-01 22:00:00,22,37.167719,38.848972,1.6812530000000052,14274.964,33.35993,-3.8077908688964826,1.6812530000000052,Neutral
2025-04-01 23:00:00,23,32.377504,28.716159,-3.6613450000000007,13764.052,30.758415,-1.619088777832033,-3.6613450000000007,Neutral
2025-04-02 00:00:00,0,31.042095,27.349124,-3.692971,13457.794,29.52681,-1.5152853076171873,-3.692971,Neutral
2025-04-02 01:00:00,1,31.127152,32.352679,1.2255270000000031,13360.253,27.858547,-3.2686047893066394,1.2255270000000031,Neutral
2025-04-02 02:00:00,2,29.911377,26.993062,-2.9183150000000033,13220.734,28.295347,-1.6160297862548845,-2.9183150000000033,Neutral
2025-04-02 03:00:00,3,29.695187,28.195962,-1.4992249999999991,13330.703,30.012228,0.31704101208496027,-1.4992249999999991,Neutral
2025-04-02 04:00:00,4,31.145556,29.490432,-1.6551240000000007,13667.691,34.339058,3.193501922363282,-1.6551240000000007,Neutral
2025-04-02 05:00:00,5,30.903991,28.098061,-2.80593,14178.287,52.51983,21.615837796386717,-2.80593,Neutral
2025-04-02 06:00:00,6,48.267396,49.315996,1.0486000000000004,15167.715,54.081696,5.814299556640627,1.0486000000000004,Neutral
2025-04-02 07:00:00,7,57.158124,63.719936,6.561811999999996,15687.121,46.320595,-10.837529212402345,6.561811999999996,Neutral
2025-04-02 08:00:00,8,43.261432,77.756621,34.495188999999996,15683.217,39.24196,-4.019473381835937,34.495188999999996,RT premium / potential DA hedge
2025-04-02 09:00:00,9,38.740813,69.582863,30.84205,15529.968,34.488018,-4.252794964111331,30.84205,RT premium / potential DA hedge
2025-04-02 10:00:00,10,36.57932,55.522453,18.943132999999996,15306.336,33.707436,-2.8718843920898465,18.943132999999996,Neutral
2025-04-02 11:00:00,11,35.901914,32.558762,-3.3431519999999963,15215.822,32.949753,-2.9521611923828104,-3.3431519999999963,Neutral
2025-04-02 12:00:00,12,35.436951,38.780064,3.3431130000000024,14977.7,32.1043,-3.332649547363282,3.3431130000000024,Neutral
2025-04-02 13:00:00,13,36.484191,35.816805,-0.6673860000000005,15015.649,33.319553,-3.164637624755862,-0.6673860000000005,Neutral
2025-04-02 14:00:00,14,35.830227,39.163011,3.3327839999999966,14882.262,37.92974,2.099513905761718,3.3327839999999966,Neutral
2025-04-02 15:00:00,15,36.265818,37.946396,1.680577999999997,14861.616,44.81002,8.54420244677734,1.680577999999997,Neutral
2025-04-02 16:00:00,16,38.728222,41.300093,2.5718709999999945,14831.571,49.560738,10.832515609863279,2.5718709999999945,Neutral
2025-04-02 17:00:00,17,42.98171,54.771849,11.790139000000003,14909.962,51.910072,8.928362326660157,11.790139000000003,Neutral
2025-04-02 18:00:00,18,48.847447,45.763432,-3.084015000000001,15009.065,53.265125,4.417678274658201,-3.084015000000001,Neutral
2025-04-02 19:00:00,19,55.359736,50.980333,-4.379402999999996,15125.8,46.161144,-9.198591743408201,-4.379402999999996,Neutral
2025-04-02 20:00:00,20,58.792755,47.758129,-11.034626000000003,15172.64,44.681927,-14.110828272705078,-11.034626000000003,Neutral
2025-04-02 21:00:00,21,47.023575,40.855623,-6.167952,14881.198,40.10618,-6.917396716308595,-6.167952,Neutral
2025-04-02 22:00:00,22,39.19931,33.274112,-5.925197999999995,14104.049,35.822285,-3.377025301513669,-5.925197999999995,Neutral
2025-04-02 23:00:00,23,33.085794,30.533693,-2.5521010000000004,13454.595,32.335934,-0.7498603146972656,-2.5521010000000004,Neutral
2025-04-03 00:00:00,0,29.330202,28.878036,-0.4521659999999983,12957.329,27.399656,-1.9305457042236327,-0.4521659999999983,Neutral
2025-04-03 01:00:00,1,27.731025,24.94446,-2.7865649999999995,12571.887,24.477137,-3.2538883880615224,-2.7865649999999995,Neutral
2025-04-03 02:00:00,2,25.890126,25.40214,-0.48798599999999936,12244.475,23.447113,-2.4430129628906236,-0.48798599999999936,Neutral
2025-04-03 03:00:00,3,25.943117,26.152042,0.2089250000000007,12129.556,25.116613,-0.8265036119384774,0.2089250000000007,Neutral
2025-04-03 04:00:00,4,27.592511,27.234731,-0.3577799999999982,12199.409,29.152733,1.5602218491210955,-0.3577799999999982,Neutral
2025-04-03 05:00:00,5,30.787886,32.147968,1.3600819999999985,12762.416,44.03849,13.250604295410156,1.3600819999999985,Neutral
2025-04-03 06:00:00,6,38.520744,34.855598,-3.665146,13619.787,42.91526,4.394516314941406,-3.665146,Neutral
2025-04-03 07:00:00,7,46.748749,42.078084,-4.670665,14119.795,42.150093,-4.598655921386715,-4.670665,Neutral
2025-04-03 08:00:00,8,45.183025,39.215989,-5.967036,14348.154,42.298233,-2.884791967773438,-5.967036,Neutral
2025-04-03 09:00:00,9,44.474055,34.561498,-9.912557,14431.342,41.637726,-2.836329169921875,-9.912557,Neutral
2025-04-03 10:00:00,10,41.38362,32.311136,-9.072484000000003,14507.636,38.714146,-2.66947433959961,-9.072484000000003,Neutral
2025-04-03 11:00:00,11,42.848972,49.292373,6.443400999999994,14469.988,38.521362,-4.327609695312503,6.443400999999994,Neutral
2025-04-03 12:00:00,12,41.367719,36.278349,-5.089370000000002,14491.371,37.840042,-3.5276768857421885,-5.089370000000002,Neutral
2025-04-03 13:00:00,13,42.209304,36.995018,-5.214286000000001,14502.381,38.336487,-3.872817183593753,-5.214286000000001,Neutral
2025-04-03 14:00:00,14,41.136562,48.217609,7.081047000000005,14383.925,40.38141,-0.7551533085937479,7.081047000000005,Neutral
2025-04-03 15:00:00,15,42.335452,62.085173,19.749721,14413.008000000002,44.74032,2.404866298339847,19.749721,Neutral
2025-04-03 16:00:00,16,43.187279,58.874813,15.687534000000007,14536.464,53.708836,10.521556601806644,15.687534000000007,Neutral
2025-04-03 17:00:00,17,48.827332,44.52379,-4.303542,14515.621,53.185146,4.357814331787111,-4.303542,Neutral
2025-04-03 18:00:00,18,56.549754,37.518206,-19.031548,14565.83,49.350082,-7.199671602539063,-19.031548,Neutral
2025-04-03 19:00:00,19,78.22425,98.216265,19.99201500000001,14576.706000000002,44.104378,-34.11987225341797,19.99201500000001,Neutral
2025-04-03 20:00:00,20,76.72206,93.080003,16.357943000000006,14771.244,48.058796,-28.66326407104492,16.357943000000006,Neutral
2025-04-03 21:00:00,21,54.276774,44.721762,-9.555012000000005,14465.728,40.365887,-13.910887311767581,-9.555012000000005,Neutral
2025-04-03 22:00:00,22,47.078967,66.269989,19.191021999999997,13859.801,36.390945,-10.688021565429686,19.191021999999997,Neutral
2025-04-03 23:00:00,23,38.828041,52.367248,13.539206999999998,13187.114,33.50188,-5.326160354248046,13.539206999999998,Neutral
2025-04-04 00:00:00,0,36.453667,97.750677,61.29700999999999,12658.043999999998,33.055836,-3.39783127612305,61.29700999999999,RT premium / potential DA hedge
2025-04-04 01:00:00,1,35.812256,71.655083,35.84282700000001,12452.538,31.18749,-4.624765536743162,35.84282700000001,RT premium / potential DA hedge
2025-04-04 02:00:00,2,33.503957,34.860105,1.3561479999999975,12281.227,30.264189,-3.2397682335205076,1.3561479999999975,Neutral
2025-04-04 03:00:00,3,33.424198,33.347942,-0.07625599999999366,12204.793,29.376993,-4.047204820678708,-0.07625599999999366,Neutral
2025-04-04 04:00:00,4,34.811837,34.334655,-0.4771819999999991,12286.698,34.484478,-0.32735900317382516,-0.4771819999999991,Neutral
2025-04-04 05:00:00,5,37.047432,32.199343,-4.848089000000002,12822.507,47.691776,10.644344275634765,-4.848089000000002,Neutral
2025-04-04 06:00:00,6,45.480409,37.126895,-8.353514000000004,13678.85,64.45889,18.978483822265623,-8.353514000000004,Neutral
2025-04-04 07:00:00,7,51.077184,62.74245,11.665265999999995,14270.721,47.120594,-3.9565899753417995,11.665265999999995,Neutral
2025-04-04 08:00:00,8,49.089114,60.757205,11.668090999999997,14484.685,41.12742,-7.961695481933596,11.668090999999997,Neutral
2025-04-04 09:00:00,9,49.451821,47.820012,-1.631809000000004,14528.004,41.62851,-7.8233114785156275,-1.631809000000004,Neutral
2025-04-04 10:00:00,10,53.134376,34.679357,-18.455019,14601.642,41.855427,-11.278949211669925,-18.455019,Neutral
2025-04-04 11:00:00,11,49.068337,49.773892,0.7055549999999968,14538.891,44.431557,-4.636780298339843,0.7055549999999968,Neutral
2025-04-04 12:00:00,12,49.101795,39.425312,-9.676483000000005,14536.409,42.01143,-7.09036616699219,-9.676483000000005,Neutral
2025-04-04 13:00:00,13,48.628191,54.929901,6.30171,14481.145,44.509735,-4.118455892578126,6.30171,Neutral
2025-04-04 14:00:00,14,48.978955,84.7543,35.775345,14433.136,47.286987,-1.6919676953124991,35.775345,RT premium / potential DA hedge
2025-04-04 15:00:00,15,47.140711,46.945596,-0.19511500000000126,14359.015,50.931923,3.791211912597653,-0.19511500000000126,Neutral
2025-04-04 16:00:00,16,50.491729,48.931441,-1.560288,14462.232,54.777218,4.285488864990235,-1.560288,Neutral
2025-04-04 17:00:00,17,49.286023,39.445846,-9.840176999999997,14440.412,51.46312,2.1770965068359374,-9.840176999999997,Neutral
2025-04-04 18:00:00,18,50.122576,49.959728,-0.16284800000000388,14456.217,48.66762,-1.4549543874511741,-0.16284800000000388,Neutral
2025-04-04 19:00:00,19,54.103221,56.137365,2.034144000000005,14418.305,43.713352,-10.389868796630857,2.034144000000005,Neutral
2025-04-04 20:00:00,20,52.546116,46.295442,-6.2506739999999965,14618.695,42.864956,-9.681160097900388,-6.2506739999999965,Neutral
2025-04-04 21:00:00,21,42.393847,47.58346,5.189613000000001,14277.609,37.214268,-5.17957926928711,5.189613000000001,Neutral
2025-04-04 22:00:00,22,39.17353,58.139903,18.966372999999997,13752.35,33.495804,-5.677726166992187,18.966372999999997,Neutral
2025-04-04 23:00:00,23,35.028232,42.777659,7.749426999999997,13207.458,32.3161,-2.7121309257812527,7.749426999999997,Neutral
2025-04-05 00:00:00,0,40.513678,101.089673,60.575995000000006,12717.6,30.543785,-9.969892904785155,60.575995000000006,RT premium / potential DA hedge
2025-04-05 01:00:00,1,38.158351,51.4563,13.297948999999996,12342.536,34.05605,-4.102301653076175,13.297948999999996,Neutral
2025-04-05 02:00:00,2,33.200461,37.081248,3.880787000000005,12077.207,33.481808,0.28134670874023726,3.880787000000005,Neutral
2025-04-05 03:00:00,3,31.414557,31.291789,-0.1227679999999971,11957.844,29.939602,-1.4749551018066391,-0.1227679999999971,Neutral
2025-04-05 04:00:00,4,31.503378,42.66265,11.159271999999998,11846.633,32.350952,0.8475741484374986,11.159271999999998,Neutral
2025-04-05 05:00:00,5,33.000247,41.509302,8.509054999999996,12067.514,40.35767,7.357422830322264,8.509054999999996,Neutral
2025-04-05 06:00:00,6,33.902763,33.481369,-0.4213939999999994,12344.865,42.277504,8.374740967285156,-0.4213939999999994,Neutral
2025-04-05 07:00:00,7,36.521912,38.091201,1.5692889999999977,12623.512,35.88429,-0.6376232121582035,1.5692889999999977,Neutral
2025-04-05 08:00:00,8,41.767559,41.56943,-0.19812900000000155,13013.356,33.98455,-7.78300852392578,-0.19812900000000155,Neutral
2025-04-05 09:00:00,9,41.914783,61.892073,19.977290000000004,13372.231,36.173496,-5.741286753662109,19.977290000000004,Neutral
2025-04-05 10:00:00,10,44.185891,48.55328,4.367389000000003,13601.416,38.936455,-5.249436227050779,4.367389000000003,Neutral
2025-04-05 11:00:00,11,46.087195,117.156109,71.068914,13738.273,38.388664,-7.6985307543945325,71.068914,RT premium / potential DA hedge
2025-04-05 12:00:00,12,43.387512,37.308898,-6.078614000000002,13938.365,39.783524,-3.6039884404296885,-6.078614000000002,Neutral
2025-04-05 13:00:00,13,41.709862,52.459464,10.749601999999996,14013.895,40.71355,-0.996311432373048,10.749601999999996,Neutral
2025-04-05 14:00:00,14,40.688276,59.51377,18.825494,14014.378,40.81375,0.1254752207031231,18.825494,Neutral
2025-04-05 15:00:00,15,41.218361,56.547877,15.329515999999998,14173.554,42.27748,1.059120079101561,15.329515999999998,Neutral
2025-04-05 16:00:00,16,46.99421,63.315173,16.320963,14305.119,49.41761,2.4234001684570288,16.320963,Neutral
2025-04-05 17:00:00,17,47.924032,76.242248,28.318216000000007,14320.726,55.36809,7.444059583251956,28.318216000000007,RT premium / potential DA hedge
2025-04-05 18:00:00,18,51.264041,99.827729,48.563688000000006,14270.118,49.728676,-1.5353651577148426,48.563688000000006,RT premium / potential DA hedge
2025-04-05 19:00:00,19,57.648161,83.443986,25.795824999999994,14107.86,45.589123,-12.059038227783205,25.795824999999994,RT premium / potential DA hedge
2025-04-05 20:00:00,20,54.752393,63.020898,8.268505000000005,14267.525,42.882114,-11.870278589599607,8.268505000000005,Neutral
2025-04-05 21:00:00,21,48.797919,79.161638,30.363718999999996,13923.425,38.845036,-9.952883447021485,30.363718999999996,RT premium / potential DA hedge
2025-04-05 22:00:00,22,41.205228,67.145543,25.940315000000005,13467.949,35.992405,-5.212823062255858,25.940315000000005,RT premium / potential DA hedge
2025-04-05 23:00:00,23,40.53377,65.206307,24.672537,12923.152999999998,32.011257,-8.522512828369138,24.672537,RT premium / potential DA hedge
2025-04-06 00:00:00,0,44.946219,66.435173,21.488954000000007,12482.195,36.171597,-8.77462247290039,21.488954000000007,Neutral
2025-04-06 01:00:00,1,41.348443,42.983674,1.6352309999999974,12219.684,37.716267,-3.632176367919925,1.6352309999999974,Neutral
2025-04-06 02:00:00,2,34.632588,35.016595,0.384007000000004,11971.729,35.68658,1.053992657958986,0.384007000000004,Neutral
2025-04-06 03:00:00,3,34.717646,32.813689,-1.9039570000000055,11839.639,32.436707,-2.280939457031252,-1.9039570000000055,Neutral
2025-04-06 04:00:00,4,34.657237,32.672285,-1.9849519999999998,11891.574,34.79573,0.13849359082031043,-1.9849519999999998,Neutral
2025-04-06 05:00:00,5,34.874478,34.607678,-0.2668000000000035,12036.352,40.949833,6.075354916259762,-0.2668000000000035,Neutral
2025-04-06 06:00:00,6,35.955959,59.832034,23.876075,12259.41,46.847687,10.891727767578125,23.876075,RT premium / potential DA hedge
2025-04-06 07:00:00,7,38.683035,41.966612,3.283577000000001,12548.189,35.391552,-3.29148302856445,3.283577000000001,Neutral
2025-04-06 08:00:00,8,38.837831,36.265347,-2.572484000000003,13047.014,35.51122,-3.326611975341798,-2.572484000000003,Neutral
2025-04-06 09:00:00,9,42.79708,41.160971,-1.6361089999999976,13414.653,34.549873,-8.24720664794922,-1.6361089999999976,Neutral
2025-04-06 10:00:00,10,46.010217,33.45438,-12.555836999999997,13604.76,36.34813,-9.66208772753906,-12.555836999999997,Neutral
2025-04-06 11:00:00,11,46.647221,42.896233,-3.7509879999999995,13811.988,37.91247,-8.734749228759767,-3.7509879999999995,Neutral
2025-04-06 12:00:00,12,46.970745,48.095065,1.1243199999999973,13965.46,39.613075,-7.357669743652345,1.1243199999999973,Neutral
2025-04-06 13:00:00,13,47.976557,51.540316,3.5637589999999975,14049.506,42.38754,-5.58901809008789,3.5637589999999975,Neutral
2025-04-06 14:00:00,14,48.429776,71.634816,23.205040000000004,14085.283,45.286057,-3.1437194814453093,23.205040000000004,Neutral
2025-04-06 15:00:00,15,49.708669,37.933035,-11.775634000000004,13979.971,48.51923,-1.1894391110839848,-11.775634000000004,Neutral
2025-04-06 16:00:00,16,50.016286,51.558411,1.5421249999999986,14148.096,54.476807,4.460520640624999,1.5421249999999986,Neutral
2025-04-06 17:00:00,17,55.805827,78.994381,23.188554000000003,14395.939,58.01823,2.212403438232421,23.188554000000003,Neutral
2025-04-06 18:00:00,18,62.103122,62.208295,0.10517300000000063,14333.82,56.44369,-5.65943074633789,0.10517300000000063,Neutral
2025-04-06 19:00:00,19,75.149152,73.072581,-2.0765710000000013,14664.874,56.48165,-18.667500693847657,-2.0765710000000013,Neutral
2025-04-06 20:00:00,20,75.652878,65.863423,-9.789455000000004,14810.494,50.16944,-25.48343677685547,-9.789455000000004,Neutral
2025-04-06 21:00:00,21,65.871207,71.62795,5.756743,14539.929,43.946785,-21.924422026855467,5.756743,Neutral
2025-04-06 22:00:00,22,56.642235,68.069519,11.427284,14064.142,41.664097,-14.978138167724609,11.427284,Neutral
2025-04-06 23:00:00,23,47.796978,62.136764,14.339785999999997,13669.364,40.08889,-7.708087924316409,14.339785999999997,Neutral
2025-04-07 00:00:00,0,48.034671,72.316399,24.281728,13332.433,45.412525,-2.62214582299805,24.281728,RT premium / potential DA hedge
2025-04-07 01:00:00,1,43.161881,43.013436,-0.14844500000000238,13201.518,43.98531,0.8234286008300771,-0.14844500000000238,Neutral
2025-04-07 02:00:00,2,38.958155,49.391376,10.433221000000003,13097.170999999998,39.07114,0.11298528930664276,10.433221000000003,Neutral
2025-04-07 03:00:00,3,38.976186,44.633315,5.657129000000005,13190.458,36.50275,-2.473435603271483,5.657129000000005,Neutral
2025-04-07 04:00:00,4,42.21605,55.132392,12.916342,13461.39,40.14161,-2.0744408081054715,12.916342,Neutral
2025-04-07 05:00:00,5,52.671641,55.219446,2.5478049999999968,14126.482,58.72874,6.057099692138671,2.5478049999999968,Neutral
2025-04-07 06:00:00,6,71.766839,60.494899,-11.271940000000008,15201.8,87.13174,15.36489775537109,-11.271940000000008,Neutral
2025-04-07 07:00:00,7,84.741047,84.775523,0.034476000000012164,15763.673,59.633312,-25.107734774658198,0.034476000000012164,Neutral
2025-04-07 08:00:00,8,79.293832,95.392619,16.098787,15887.551,47.504463,-31.789368804199214,16.098787,Neutral
2025-04-07 09:00:00,9,76.516794,73.55463,-2.9621640000000014,15793.452,47.68719,-28.82960299047852,-2.9621640000000014,Neutral
2025-04-07 10:00:00,10,70.954902,98.225785,27.270882999999998,15569.241999999998,45.668705,-25.28619701342774,27.270882999999998,RT premium / potential DA hedge
2025-04-07 11:00:00,11,65.308522,41.105112,-24.203409999999998,15435.086,48.994274,-16.3142478605957,-24.203409999999998,DA premium / potential RT hedge
2025-04-07 12:00:00,12,55.391699,49.270142,-6.121557000000003,15332.805,55.442177,0.050477818847653566,-6.121557000000003,Neutral
2025-04-07 13:00:00,13,49.30873,49.188836,-0.11989399999999506,15045.762,56.71832,7.409588939208987,-0.11989399999999506,Neutral
2025-04-07 14:00:00,14,48.149992,33.156774,-14.993217999999999,14914.344,52.31824,4.168249119384768,-14.993217999999999,Neutral
2025-04-07 15:00:00,15,50.128795,31.924738,-18.204056999999995,14705.626,56.231243,6.102448133544925,-18.204056999999995,Neutral
2025-04-07 16:00:00,16,52.428702,40.077063,-12.351638999999999,14662.985,61.685844,9.257142421386718,-12.351638999999999,Neutral
2025-04-07 17:00:00,17,49.233671,43.842975,-5.390695999999998,14902.22,63.69465,14.46097774267578,-5.390695999999998,Neutral
2025-04-07 18:00:00,18,58.899292,36.87369,-22.025602,15046.486,59.143005,0.24371337109374736,-22.025602,Neutral
2025-04-07 19:00:00,19,78.512761,49.347584,-29.165177,15132.367,53.112583,-25.400177839599607,-29.165177,DA premium / potential RT hedge
2025-04-07 20:00:00,20,97.817131,61.49646,-36.320671000000004,15496.057,53.908703,-43.90842814965821,-36.320671000000004,DA premium / potential RT hedge
2025-04-07 21:00:00,21,79.261419,57.018421,-22.242998000000007,15277.913,92.45422,13.192804632812496,-22.242998000000007,Neutral
2025-04-07 22:00:00,22,69.53744,46.895633,-22.641807000000007,14707.849,45.292854,-24.244585690917972,-22.641807000000007,Neutral
2025-04-07 23:00:00,23,62.181271,45.469653,-16.711618,14203.552,42.528538,-19.652733249755862,-16.711618,Neutral
2025-04-08 00:00:00,0,51.853735,42.648532,-9.205202999999997,13827.298,50.023094,-1.8306408227539066,-9.205202999999997,Neutral
2025-04-08 01:00:00,1,48.915863,39.460623,-9.455240000000003,13789.93,44.457882,-4.457981072509767,-9.455240000000003,Neutral
2025-04-08 02:00:00,2,47.289501,34.140455,-13.149045999999998,13691.273,44.228214,-3.0612867360839857,-13.149045999999998,Neutral
2025-04-08 03:00:00,3,48.853785,43.785432,-5.068353000000002,13911.665,47.050903,-1.802881679687502,-5.068353000000002,Neutral
2025-04-08 04:00:00,4,51.627811,43.97314,-7.6546710000000004,14277.593,51.224136,-0.40367464746093873,-7.6546710000000004,Neutral
2025-04-08 05:00:00,5,69.233944,41.415186,-27.818757999999995,15099.205,74.58167,5.347728668457037,-27.818757999999995,DA premium / potential RT hedge
2025-04-08 06:00:00,6,119.054428,67.046884,-52.007543999999996,16231.761,104.42705,-14.627380270507814,-52.007543999999996,DA premium / potential RT hedge
2025-04-08 07:00:00,7,124.197304,918.578577,794.381273,16815.879,110.43541,-13.761894454101565,794.381273,RT premium / potential DA hedge
2025-04-08 08:00:00,8,65.445515,28.256194,-37.189321,16718.486,92.509575,27.06405989013672,-37.189321,DA premium / potential RT hedge
2025-04-08 09:00:00,9,50.182535,26.91144,-23.271095000000003,16455.273,55.089237,4.906702213134764,-23.271095000000003,Neutral
2025-04-08 10:00:00,10,45.095484,40.876654,-4.218829999999997,16167.157,51.466602,6.371118325439454,-4.218829999999997,Neutral
2025-04-08 11:00:00,11,41.908442,33.86817,-8.040272000000002,15794.475,47.022552,5.114110490234374,-8.040272000000002,Neutral
2025-04-08 12:00:00,12,38.166561,32.148236,-6.018325000000004,15628.616,45.576767,7.410205967773436,-6.018325000000004,Neutral
2025-04-08 13:00:00,13,36.609643,28.454841,-8.154802,15370.443,40.80879,4.1991452995605485,-8.154802,Neutral
2025-04-08 14:00:00,14,34.65387,25.896093,-8.757776999999997,15049.759,39.673607,5.019736872558596,-8.757776999999997,Neutral
2025-04-08 15:00:00,15,33.559957,22.946971,-10.612985999999996,14715.5,42.6295,9.06954434277344,-10.612985999999996,Neutral
2025-04-08 16:00:00,16,34.585744,22.795705,-11.790038999999997,14547.099,51.51733,16.931586169677736,-11.790038999999997,Neutral
2025-04-08 17:00:00,17,39.907223,27.694269,-12.212954000000003,14655.651000000002,51.34248,11.435256705810545,-12.212954000000003,Neutral
2025-04-08 18:00:00,18,58.285336,29.587023,-28.698313000000002,14908.299,53.80654,-4.478794557128907,-28.698313000000002,DA premium / potential RT hedge
2025-04-08 19:00:00,19,102.897825,59.577206,-43.320619,15302.68,56.344227,-46.553598162841794,-43.320619,DA premium / potential RT hedge
2025-04-08 20:00:00,20,125.334045,83.856964,-41.477081,16003.08,100.09106,-25.242988176269535,-41.477081,DA premium / potential RT hedge
2025-04-08 21:00:00,21,85.170164,44.19045,-40.979714,15935.112,93.08178,7.911615479980469,-40.979714,DA premium / potential RT hedge
2025-04-08 22:00:00,22,80.526284,40.564628,-39.961656000000005,15524.856,53.482292,-27.043991824707035,-39.961656000000005,DA premium / potential RT hedge
2025-04-08 23:00:00,23,73.622978,43.793294,-29.829684,15000.28,49.78912,-23.83385827954102,-29.829684,DA premium / potential RT hedge
2025-04-09 00:00:00,0,68.429729,59.408742,-9.020986999999998,14769.094,61.637383,-6.792346492675776,-9.020986999999998,Neutral
2025-04-09 01:00:00,1,64.548889,93.637159,29.088269999999994,14756.793,51.812542,-12.73634703833008,29.088269999999994,RT premium / potential DA hedge
2025-04-09 02:00:00,2,64.327403,63.518694,-0.8087090000000003,14704.077,52.821625,-11.505778244140629,-0.8087090000000003,Neutral
2025-04-09 03:00:00,3,65.538679,42.363455,-23.175224,14882.835,55.27975,-10.258928176025393,-23.175224,Neutral
2025-04-09 04:00:00,4,66.294641,45.514976,-20.779665,15294.191,63.86759,-2.4270491420898423,-20.779665,Neutral
2025-04-09 05:00:00,5,77.023161,50.142929,-26.880232,16057.589,84.7581,7.734941416992186,-26.880232,DA premium / potential RT hedge
2025-04-09 06:00:00,6,147.602335,67.592938,-80.009397,17164.871,113.544525,-34.057809853515636,-80.009397,DA premium / potential RT hedge
2025-04-09 07:00:00,7,167.812859,63.765887,-104.04697200000001,17688.444,85.81591,-81.99694866064453,-104.04697200000001,DA premium / potential RT hedge
2025-04-09 08:00:00,8,66.756114,31.663806,-35.092307999999996,17280.801,67.591606,0.8354921401367221,-35.092307999999996,DA premium / potential RT hedge
2025-04-09 09:00:00,9,44.821248,28.79673,-16.024517999999997,16611.029,48.85908,4.03783326831055,-16.024517999999997,Neutral
2025-04-09 10:00:00,10,37.707035,28.801498,-8.905536999999999,15989.887,46.091892,8.384857242431643,-8.905536999999999,Neutral
2025-04-09 11:00:00,11,35.677436,28.996571,-6.680865000000001,15488.173,39.590805,3.9133690537109374,-6.680865000000001,Neutral
2025-04-09 12:00:00,12,34.921472,43.475856,8.554383999999999,15242.065,36.096077,1.1746049653320298,8.554383999999999,Neutral
2025-04-09 13:00:00,13,34.316458,38.45952,4.1430620000000005,14929.017,34.471638,0.15517972583008088,4.1430620000000005,Neutral
2025-04-09 14:00:00,14,33.611617,30.037877,-3.573740000000001,14783.198,34.19964,0.5880213666992162,-3.573740000000001,Neutral
2025-04-09 15:00:00,15,33.19333,27.32089,-5.8724400000000045,14737.431,38.20657,5.013239671630856,-5.8724400000000045,Neutral
2025-04-09 16:00:00,16,34.654242,31.072384,-3.581858000000004,14740.431,49.31263,14.658387699707028,-3.581858000000004,Neutral
2025-04-09 17:00:00,17,43.846191,32.942836,-10.903354999999998,14824.46,55.8281,11.981907297119143,-10.903354999999998,Neutral
2025-04-09 18:00:00,18,62.082631,54.389029,-7.6936019999999985,14957.735,59.09775,-2.9848793825683586,-7.6936019999999985,Neutral
2025-04-09 19:00:00,19,75.569317,54.642323,-20.926994,15279.804,54.565453,-21.003864424316404,-20.926994,Neutral
2025-04-09 20:00:00,20,74.676989,64.680192,-9.996797,15574.926,56.154644,-18.522344987548834,-9.996797,Neutral
2025-04-09 21:00:00,21,62.907397,43.6249,-19.282497000000006,15269.393,49.23487,-13.672526089355472,-19.282497000000006,Neutral
2025-04-09 22:00:00,22,57.574978,57.306281,-0.2686970000000031,14672.446,47.77225,-9.802726870849611,-0.2686970000000031,Neutral
2025-04-09 23:00:00,23,47.179376,67.845182,20.665805999999996,14083.242,46.005344,-1.1740316091308571,20.665805999999996,Neutral
2025-04-10 00:00:00,0,55.219859,51.891211,-3.328648000000001,13659.706,49.85464,-5.36521803930664,-3.328648000000001,Neutral
2025-04-10 01:00:00,1,47.266035,45.048018,-2.2180170000000032,13528.369,58.43936,11.173326572265623,-2.2180170000000032,Neutral
2025-04-10 02:00:00,2,43.085792,43.59694,0.5111479999999986,13489.836,51.314735,8.228943412597658,0.5111479999999986,Neutral
2025-04-10 03:00:00,3,43.000771,44.007093,1.0063219999999973,13470.181,48.70683,5.706058071044922,1.0063219999999973,Neutral
2025-04-10 04:00:00,4,41.761352,35.284442,-6.476910000000004,13669.357,49.37185,7.6104970600585915,-6.476910000000004,Neutral
2025-04-10 05:00:00,5,45.38147,43.043364,-2.3381060000000033,14261.051,56.59641,11.21493884399414,-2.3381060000000033,Neutral
2025-04-10 06:00:00,6,65.308205,41.910471,-23.397734,15293.81,72.370964,7.062759050292968,-23.397734,Neutral
2025-04-10 07:00:00,7,90.538289,51.030805,-39.507484000000005,15808.581,56.39442,-34.14386837622071,-39.507484000000005,DA premium / potential RT hedge
2025-04-10 08:00:00,8,61.098368,40.586071,-20.512297000000004,15930.098,51.702568,-9.395799945800782,-20.512297000000004,Neutral
2025-04-10 09:00:00,9,62.683308,42.467892,-20.215415999999998,15688.861,45.012146,-17.671162003906247,-20.215415999999998,Neutral
2025-04-10 10:00:00,10,53.538218,33.965363,-19.572854999999997,15601.341,39.575016,-13.963201978271485,-19.572854999999997,Neutral
2025-04-10 11:00:00,11,51.591632,39.589649,-12.001982999999996,15377.5,40.59747,-10.994162670166013,-12.001982999999996,Neutral
2025-04-10 12:00:00,12,53.139901,38.565261,-14.574640000000002,15111.553,40.976856,-12.163044768310549,-14.574640000000002,Neutral
2025-04-10 13:00:00,13,50.173573,37.443564,-12.730008999999995,14949.49,46.075497,-4.098076326416013,-12.730008999999995,Neutral
2025-04-10 14:00:00,14,48.031857,40.059333,-7.972524,14776.411,44.870552,-3.161304937011721,-7.972524,Neutral
2025-04-10 15:00:00,15,48.897901,58.192789,9.294888,14622.899,49.72632,0.8284173593750026,9.294888,Neutral
2025-04-10 16:00:00,16,47.695761,53.910558,6.214797000000004,14472.013,56.883293,9.187532151855471,6.214797000000004,Neutral
2025-04-10 17:00:00,17,47.024724,34.638018,-12.386705999999997,14482.846,62.185658,15.160933501220704,-12.386705999999997,Neutral
2025-04-10 18:00:00,18,48.533302,46.144058,-2.389243999999998,14482.978,55.362556,6.829254457519532,-2.389243999999998,Neutral
2025-04-10 19:00:00,19,62.25379,55.423963,-6.829827000000002,14689.762,48.338314,-13.915475943603518,-6.829827000000002,Neutral
2025-04-10 20:00:00,20,62.727066,45.135743,-17.591323000000003,15148.803,51.432327,-11.294738729492188,-17.591323000000003,Neutral
2025-04-10 21:00:00,21,56.536287,58.508177,1.971890000000002,14947.916,44.697884,-11.83840339404297,1.971890000000002,Neutral
2025-04-10 22:00:00,22,50.783009,77.234943,26.451934,14433.97,45.3897,-5.393307156738281,26.451934,RT premium / potential DA hedge
2025-04-10 23:00:00,23,45.581093,62.247024,16.665931,13871.638,43.622143,-1.9589502082519559,16.665931,Neutral
2025-04-11 00:00:00,0,43.751946,58.080806,14.328860000000006,13504.207,45.243073,1.4911265097656283,14.328860000000006,Neutral
2025-04-11 01:00:00,1,43.746013,43.641395,-0.10461799999999499,13331.632,42.461067,-1.2849458002929666,-0.10461799999999499,Neutral
2025-04-11 02:00:00,2,39.69127,39.333835,-0.3574350000000024,13225.414,42.765602,3.0743321118164033,-0.3574350000000024,Neutral
2025-04-11 03:00:00,3,39.47287,37.139083,-2.333787000000001,13283.3,38.12078,-1.3520890551757816,-2.333787000000001,Neutral
2025-04-11 04:00:00,4,41.270969,58.811006,17.540036999999998,13499.53,39.628708,-1.6422611142578134,17.540036999999998,Neutral
2025-04-11 05:00:00,5,43.342017,43.702123,0.3601060000000018,14006.637,52.313263,8.971245939453127,0.3601060000000018,Neutral
2025-04-11 06:00:00,6,55.182169,76.600647,21.418477999999993,15185.592,90.99666,35.81448932519531,21.418477999999993,Neutral
2025-04-11 07:00:00,7,66.523609,44.763591,-21.760017999999995,15628.58,49.190796,-17.332813101562493,-21.760017999999995,Neutral
2025-04-11 08:00:00,8,79.318129,64.162338,-15.155790999999994,15996.258,46.393974,-32.92415469580078,-15.155790999999994,Neutral
2025-04-11 09:00:00,9,74.395905,61.972017,-12.423887999999998,15896.89,48.623028,-25.772877198486327,-12.423887999999998,Neutral
2025-04-11 10:00:00,10,65.910293,60.910324,-4.999968999999993,15966.127,47.212128,-18.69816531445312,-4.999968999999993,Neutral
2025-04-11 11:00:00,11,64.143863,70.426138,6.2822749999999985,15821.133,49.889965,-14.25389794262695,6.2822749999999985,Neutral
2025-04-11 12:00:00,12,60.88979,68.156777,7.266987000000007,15701.332,61.29868,0.40888935180664276,7.266987000000007,Neutral
2025-04-11 13:00:00,13,59.425716,55.031059,-4.394657000000002,15569.585,61.79864,2.372925204833983,-4.394657000000002,Neutral
2025-04-11 14:00:00,14,55.11835,57.129579,2.011229,15239.849,65.29139,10.173039465332032,2.011229,Neutral
2025-04-11 15:00:00,15,52.032413,60.139186,8.106773000000004,15204.922,61.84449,9.812077051269533,8.106773000000004,Neutral
2025-04-11 16:00:00,16,48.992097,133.188842,84.19674499999999,15251.92,63.603935,14.611838241699218,84.19674499999999,RT premium / potential DA hedge
2025-04-11 17:00:00,17,47.44069,74.04571,26.605020000000003,15238.13,61.981323,14.540633242187504,26.605020000000003,RT premium / potential DA hedge
2025-04-11 18:00:00,18,44.784672,48.538569,3.753897000000002,15185.512,54.198208,9.413535855224609,3.753897000000002,Neutral
2025-04-11 19:00:00,19,55.678429,56.951141,1.2727119999999985,15330.791,45.350918,-10.327511183837892,1.2727119999999985,Neutral
2025-04-11 20:00:00,20,61.101515,56.578793,-4.522722000000002,15473.073,48.184494,-12.917020981445312,-4.522722000000002,Neutral
2025-04-11 21:00:00,21,62.782266,52.769106,-10.01316,15388.901,44.318527,-18.463738778320312,-10.01316,Neutral
2025-04-11 22:00:00,22,59.083798,72.328686,13.244888000000003,14901.809,43.926956,-15.156841823242189,13.244888000000003,Neutral
2025-04-11 23:00:00,23,51.756729,52.995861,1.239131999999998,14405.475,43.81814,-7.938590877441406,1.239131999999998,Neutral
2025-04-12 00:00:00,0,74.514554,63.420963,-11.093591000000004,14027.993,47.50322,-27.011334395507816,-11.093591000000004,Neutral
2025-04-12 01:00:00,1,67.553893,71.150713,3.596819999999994,13831.945,48.352707,-19.201186090820315,3.596819999999994,Neutral
2025-04-12 02:00:00,2,59.880426,92.893609,33.013183,13658.906,47.23355,-12.646874974609375,33.013183,RT premium / potential DA hedge
2025-04-12 03:00:00,3,60.624548,78.99211,18.367562,13768.414,47.543854,-13.080694240234372,18.367562,Neutral
2025-04-12 04:00:00,4,61.244003,82.820289,21.576286000000003,13976.696,48.07103,-13.172973336914062,21.576286000000003,Neutral
2025-04-12 05:00:00,5,66.285358,93.020682,26.73532399999999,14227.955,58.273235,-8.01212267895508,26.73532399999999,RT premium / potential DA hedge
2025-04-12 06:00:00,6,68.408662,97.189524,28.780862,14705.154,75.08261,6.673949083984368,28.780862,RT premium / potential DA hedge
2025-04-12 07:00:00,7,75.711513,71.053611,-4.657901999999993,15070.881,48.16941,-27.54210229443359,-4.657901999999993,Neutral
2025-04-12 08:00:00,8,66.8303,64.017779,-2.8125209999999896,15229.878,51.687828,-15.14247193603515,-2.8125209999999896,Neutral
2025-04-12 09:00:00,9,61.33014,66.934941,5.604800999999995,15051.205,52.080353,-9.249787216796875,5.604800999999995,Neutral
2025-04-12 10:00:00,10,60.861088,50.073964,-10.787124000000006,14855.608,50.553772,-10.307316027343752,-10.787124000000006,Neutral
2025-04-12 11:00:00,11,57.982589,110.472374,52.489785000000005,14447.798,51.55715,-6.4254372055664035,52.489785000000005,RT premium / potential DA hedge
2025-04-12 12:00:00,12,55.52147,56.650133,1.128662999999996,14196.937,55.330074,-0.1913956896972664,1.128662999999996,Neutral
2025-04-12 13:00:00,13,49.43389,43.555438,-5.878451999999996,13890.712,55.956276,6.522385939941408,-5.878451999999996,Neutral
2025-04-12 14:00:00,14,40.982493,55.145107,14.162614000000005,13640.844,53.688766,12.70627347949219,14.162614000000005,Neutral
2025-04-12 15:00:00,15,39.958661,50.137277,10.178615999999998,13427.012,52.848866,12.890204509033204,10.178615999999998,Neutral
2025-04-12 16:00:00,16,44.045447,41.999245,-2.046202000000001,13427.109,57.10132,13.055871359374997,-2.046202000000001,Neutral
2025-04-12 17:00:00,17,50.852491,43.89867,-6.953820999999998,13434.044,59.721428,8.868936917480468,-6.953820999999998,Neutral
2025-04-12 18:00:00,18,54.379189,38.939719,-15.43947,13488.652,54.12959,-0.2495999191894498,-15.43947,Neutral
2025-04-12 19:00:00,19,77.740697,54.890436,-22.850260999999996,13618.571,47.56003,-30.180665109130857,-22.850260999999996,Neutral
2025-04-12 20:00:00,20,80.801267,68.180859,-12.620407999999998,14067.295,51.95085,-28.85041555957031,-12.620407999999998,Neutral
2025-04-12 21:00:00,21,64.526499,74.410514,9.884015000000005,14272.063,51.593815,-12.932684150146486,9.884015000000005,Neutral
2025-04-12 22:00:00,22,60.936435,76.004696,15.068260999999993,13970.895,45.81265,-15.123786226806644,15.068260999999993,Neutral
2025-04-12 23:00:00,23,59.731444,49.57324,-10.158204000000005,13547.612,47.152267,-12.579176543945316,-10.158204000000005,Neutral
2025-04-13 00:00:00,0,69.773841,48.275345,-21.498496000000003,13420.576,61.79949,-7.974349117675786,-21.498496000000003,Neutral
2025-04-13 01:00:00,1,54.324688,45.000944,-9.323744000000005,13309.7,58.150402,3.825714069091795,-9.323744000000005,Neutral
2025-04-13 02:00:00,2,51.118711,63.572974,12.454263000000005,13446.381,52.201706,1.08299493261719,12.454263000000005,Neutral
2025-04-13 03:00:00,3,51.821989,48.11341,-3.7085790000000003,13482.526,48.954727,-2.8672618271484396,-3.7085790000000003,Neutral
2025-04-13 04:00:00,4,51.979223,71.105472,19.12624900000001,13743.961,49.19412,-2.785104500244138,19.12624900000001,Neutral
2025-04-13 05:00:00,5,51.254541,40.336428,-10.918113000000005,13953.418,58.835266,7.580725113281247,-10.918113000000005,Neutral
2025-04-13 06:00:00,6,55.719178,53.779404,-1.9397739999999999,14348.485,74.221466,18.502288064453126,-1.9397739999999999,Neutral
2025-04-13 07:00:00,7,53.11702,46.795863,-6.3211569999999995,14606.825,52.10749,-1.0095294604492153,-6.3211569999999995,Neutral
2025-04-13 08:00:00,8,40.330764,33.751255,-6.579509000000002,14797.446,54.47156,14.140797431884764,-6.579509000000002,Neutral
2025-04-13 09:00:00,9,36.09926,33.407472,-2.6917880000000025,14388.153,45.961582,9.86232218383789,-2.6917880000000025,Neutral
2025-04-13 10:00:00,10,34.259554,34.198508,-0.0610460000000046,13946.499,45.641945,11.382390885253905,-0.0610460000000046,Neutral
2025-04-13 11:00:00,11,33.96847,31.575609,-2.3928610000000035,13475.336,43.61384,9.645368195800778,-2.3928610000000035,Neutral
2025-04-13 12:00:00,12,32.709318,23.388369,-9.320949000000002,13235.684,45.170834,12.461515587646481,-9.320949000000002,Neutral
2025-04-13 13:00:00,13,32.075224,24.209818,-7.865406,12978.528,42.076508,10.001283568359376,-7.865406,Neutral
2025-04-13 14:00:00,14,31.219749,21.610403,-9.609345999999999,12714.231,42.206795,10.987045738769531,-9.609345999999999,Neutral
2025-04-13 15:00:00,15,31.056958,25.668593,-5.388365,12756.477,45.476505,14.419547279541014,-5.388365,Neutral
2025-04-13 16:00:00,16,33.205916,28.670097,-4.535819000000004,12804.573,54.417603,21.211686539062498,-4.535819000000004,Neutral
2025-04-13 17:00:00,17,36.615881,64.012037,27.396156000000005,12973.538,62.67999,26.064107861083983,27.396156000000005,RT premium / potential DA hedge
2025-04-13 18:00:00,18,45.27071,91.702598,46.431887999999994,13054.496,63.160404,17.889694205322265,46.431887999999994,RT premium / potential DA hedge
2025-04-13 19:00:00,19,67.996545,51.824224,-16.172320999999997,13380.0,48.68184,-19.314706010742185,-16.172320999999997,Neutral
2025-04-13 20:00:00,20,70.310392,48.990884,-21.319507999999992,13805.96,48.374855,-21.935536958496087,-21.319507999999992,Neutral
2025-04-13 21:00:00,21,55.473707,60.930823,5.457115999999999,13626.936,42.809475,-12.664232054931638,5.457115999999999,Neutral
2025-04-13 22:00:00,22,50.101874,43.398229,-6.703645000000002,13142.872,40.47664,-9.62523520605469,-6.703645000000002,Neutral
2025-04-13 23:00:00,23,47.584408,38.549386,-9.035022000000005,12750.767,42.58311,-5.0012971906738315,-9.035022000000005,Neutral
2025-04-14 00:00:00,0,42.835365,41.113298,-1.7220670000000027,12474.080999999998,56.66562,13.830253896484372,-1.7220670000000027,Neutral
2025-04-14 01:00:00,1,42.431075,39.624729,-2.806345999999998,12336.886,48.869083,6.438008404541016,-2.806345999999998,Neutral
2025-04-14 02:00:00,2,38.068424,39.123384,1.0549600000000012,12315.099,46.724884,8.656460033203125,1.0549600000000012,Neutral
2025-04-14 03:00:00,3,38.212615,40.216315,2.003700000000002,12405.302,43.994347,5.781731618652344,2.003700000000002,Neutral
2025-04-14 04:00:00,4,41.414141,41.452747,0.03860600000000147,12748.019,46.424316,5.010175406249999,0.03860600000000147,Neutral
2025-04-14 05:00:00,5,53.791014,31.099854,-22.691159999999996,13308.067,61.729942,7.938928321777347,-22.691159999999996,Neutral
2025-04-14 06:00:00,6,98.346956,45.590452,-52.75650400000001,14255.489,94.517815,-3.829141363769537,-52.75650400000001,DA premium / potential RT hedge
2025-04-14 07:00:00,7,99.625419,39.701821,-59.92359799999999,14829.141,103.395386,3.7699667421875063,-59.92359799999999,DA premium / potential RT hedge
2025-04-14 08:00:00,8,59.94688,67.587115,7.640234999999997,14806.959,92.20114,32.254261357421875,7.640234999999997,Neutral
2025-04-14 09:00:00,9,52.144191,108.512416,56.368225,14608.295,50.34429,-1.7998993129882805,56.368225,RT premium / potential DA hedge
2025-04-14 10:00:00,10,50.157753,34.469187,-15.688566000000002,14487.458,52.125965,1.9682121184082035,-15.688566000000002,Neutral
2025-04-14 11:00:00,11,47.937225,29.649733,-18.287491999999997,14490.393,56.137794,8.200569494628908,-18.287491999999997,Neutral
2025-04-14 12:00:00,12,48.195801,30.64771,-17.548091000000003,14444.53,53.37821,5.182407160400388,-17.548091000000003,Neutral
2025-04-14 13:00:00,13,48.673661,35.986084,-12.687577000000005,14500.043,51.14486,2.471198313964841,-12.687577000000005,Neutral
2025-04-14 14:00:00,14,46.468029,38.103596,-8.364432999999998,14429.995,54.221184,7.753154776855467,-8.364432999999998,Neutral
2025-04-14 15:00:00,15,46.084954,70.493508,24.408554000000002,14464.999,58.03268,11.947726511474606,24.408554000000002,RT premium / potential DA hedge
2025-04-14 16:00:00,16,45.978299,22.007305,-23.970994,14585.39,64.90807,18.92977442529297,-23.970994,DA premium / potential RT hedge
2025-04-14 17:00:00,17,55.023573,50.440619,-4.582954000000001,14633.747,66.37466,11.351083677246095,-4.582954000000001,Neutral
2025-04-14 18:00:00,18,66.985578,63.447168,-3.538410000000006,14706.146,67.87391,0.8883309965820274,-3.538410000000006,Neutral
2025-04-14 19:00:00,19,96.19533,87.086998,-9.108332000000004,14693.97,55.977596,-40.217733717041014,-9.108332000000004,Neutral
2025-04-14 20:00:00,20,107.496816,90.946442,-16.55037399999999,14856.452,58.332344,-49.164471944824214,-16.55037399999999,Neutral
2025-04-14 21:00:00,21,72.633891,50.909544,-21.72434700000001,14534.328,90.15972,17.525830374511713,-21.72434700000001,Neutral
2025-04-14 22:00:00,22,63.199422,47.316289,-15.883133,13607.953,37.464928,-25.734494326660155,-15.883133,Neutral
2025-04-14 23:00:00,23,45.953438,32.911412,-13.042026,12986.377,37.29947,-8.653969005859373,-13.042026,Neutral
2025-04-15 00:00:00,0,38.576837,33.546906,-5.029930999999998,12451.15,42.80123,4.224394384277346,-5.029930999999998,Neutral
2025-04-15 01:00:00,1,36.482424,28.069191,-8.413233000000002,12180.325,40.202858,3.7204339711914045,-8.413233000000002,Neutral
2025-04-15 02:00:00,2,33.406949,27.092249,-6.314699999999998,11930.951,37.56218,4.15523056542969,-6.314699999999998,Neutral
2025-04-15 03:00:00,3,33.230859,25.91764,-7.313219000000004,11884.156,36.710205,3.4793460781249976,-7.313219000000004,Neutral
2025-04-15 04:00:00,4,34.581418,37.244604,2.663186000000003,12237.694,42.830513,8.249095000488282,2.663186000000003,Neutral
2025-04-15 05:00:00,5,36.896609,36.887037,-0.009571999999998582,12770.181,57.674515,20.777905770507815,-0.009571999999998582,Neutral
2025-04-15 06:00:00,6,47.045182,43.249192,-3.795989999999996,13814.384,75.37281,28.327628363769534,-3.795989999999996,Neutral
2025-04-15 07:00:00,7,48.389324,38.99033,-9.398994000000002,14359.986,53.310513,4.921188542724607,-9.398994000000002,Neutral
2025-04-15 08:00:00,8,44.471326,35.675869,-8.795456999999999,14526.216,50.933537,6.462210529541018,-8.795456999999999,Neutral
2025-04-15 09:00:00,9,41.0191,41.300951,0.2818509999999961,14595.397,48.583763,7.564663122558592,0.2818509999999961,Neutral
2025-04-15 10:00:00,10,40.643735,53.85993,13.216194999999999,14662.824,43.607788,2.9640530859375005,13.216194999999999,Neutral
2025-04-15 11:00:00,11,40.348874,46.998059,6.649184999999996,14720.317,41.48529,1.1364165273437479,6.649184999999996,Neutral
2025-04-15 12:00:00,12,40.815543,33.931556,-6.883986999999998,14649.331,40.30975,-0.5057933967285138,-6.883986999999998,Neutral
2025-04-15 13:00:00,13,39.644037,35.714187,-3.9298499999999947,14658.429,41.614697,1.9706595026855496,-3.9298499999999947,Neutral
2025-04-15 14:00:00,14,37.861896,47.669085,9.807189000000001,14685.547,41.176212,3.314316310791014,9.807189000000001,Neutral
2025-04-15 15:00:00,15,36.931781,31.929814,-5.0019670000000005,14589.74,44.301853,7.37007217993164,-5.0019670000000005,Neutral
2025-04-15 16:00:00,16,36.445841,30.841435,-5.604406000000001,14605.583,54.213318,17.76747687109375,-5.604406000000001,Neutral
2025-04-15 17:00:00,17,36.807464,43.120059,6.312594999999995,14755.728,56.333576,19.526112202392575,6.312594999999995,Neutral
2025-04-15 18:00:00,18,44.811543,45.643201,0.8316579999999973,14846.009,59.010456,14.198913085205078,0.8316579999999973,Neutral
2025-04-15 19:00:00,19,73.267202,47.359504,-25.907697999999996,14945.17,48.59105,-24.67615280566406,-25.907697999999996,DA premium / potential RT hedge
2025-04-15 20:00:00,20,106.097855,74.522091,-31.575763999999992,15171.985,50.975086,-55.12276878784179,-31.575763999999992,DA premium / potential RT hedge
2025-04-15 21:00:00,21,73.365243,44.551914,-28.81332900000001,14990.588,93.589264,20.22402091601562,-28.81332900000001,DA premium / potential RT hedge
2025-04-15 22:00:00,22,57.763958,34.66506,-23.098898000000005,14265.169,45.747925,-12.016033195312502,-23.098898000000005,Neutral
2025-04-15 23:00:00,23,48.457548,44.53848,-3.919068000000003,13765.043,42.58482,-5.872728206298831,-3.919068000000003,Neutral
2025-04-16 00:00:00,0,38.952327,47.090043,8.137716000000005,13424.717,44.879124,5.926796687744144,8.137716000000005,Neutral
2025-04-16 01:00:00,1,38.13163,41.336285,3.2046549999999954,13195.959,38.310017,0.17838663208007688,3.2046549999999954,Neutral
2025-04-16 02:00:00,2,37.279052,33.207587,-4.071465000000003,13180.896,38.668663,1.3896110249023437,-4.071465000000003,Neutral
2025-04-16 03:00:00,3,37.640806,35.777698,-1.8631079999999969,13209.879,38.266163,0.6253568723144554,-1.8631079999999969,Neutral
2025-04-16 04:00:00,4,38.987424,25.327228,-13.660195999999996,13502.468,45.014423,6.026999370361331,-13.660195999999996,Neutral
2025-04-16 05:00:00,5,50.147251,41.500275,-8.646975999999995,14109.604,58.810223,8.662971625732425,-8.646975999999995,Neutral
2025-04-16 06:00:00,6,90.776251,68.689764,-22.086487000000005,15070.701,85.1339,-5.642347496582033,-22.086487000000005,Neutral
2025-04-16 07:00:00,7,78.678585,53.806128,-24.872456999999997,15522.786,69.12956,-9.54902262207031,-24.872456999999997,DA premium / potential RT hedge
2025-04-16 08:00:00,8,49.718993,33.147353,-16.571639999999995,15375.991999999998,57.78408,8.065087505371096,-16.571639999999995,Neutral
2025-04-16 09:00:00,9,37.94608,33.908901,-4.037179000000002,15017.602,50.526688,12.58060762207031,-4.037179000000002,Neutral
2025-04-16 10:00:00,10,36.750796,40.133433,3.3826369999999955,14799.295,44.29465,7.5438550314941395,3.3826369999999955,Neutral
2025-04-16 11:00:00,11,35.095055,34.619196,-0.4758589999999998,14618.672,43.313705,8.218650444335935,-0.4758589999999998,Neutral
2025-04-16 12:00:00,12,34.235582,33.206558,-1.0290239999999997,14339.692,42.930088,8.69450604321289,-1.0290239999999997,Neutral
2025-04-16 13:00:00,13,32.307557,33.31554,1.0079829999999959,14126.279,43.255844,10.948287116210935,1.0079829999999959,Neutral
2025-04-16 14:00:00,14,31.010305,28.347184,-2.6631210000000003,13842.527,36.714794,5.704489158935548,-2.6631210000000003,Neutral
2025-04-16 15:00:00,15,30.355738,28.013668,-2.3420699999999997,13529.84,38.16348,7.807740851318361,-2.3420699999999997,Neutral
2025-04-16 16:00:00,16,31.117747,26.835524,-4.282223000000002,13490.125,48.34673,17.22898227856445,-4.282223000000002,Neutral
2025-04-16 17:00:00,17,35.000903,28.781658,-6.219245000000001,13564.973,52.528194,17.527291427490233,-6.219245000000001,Neutral
2025-04-16 18:00:00,18,45.452945,36.107245,-9.3457,13706.352,56.450977,10.998032325439453,-9.3457,Neutral
2025-04-16 19:00:00,19,79.621958,45.934071,-33.687887,13938.177,49.148266,-30.47369216137696,-33.687887,DA premium / potential RT hedge
2025-04-16 20:00:00,20,89.218233,81.921461,-7.296772000000004,14498.171,54.962605,-34.25562847729492,-7.296772000000004,Neutral
2025-04-16 21:00:00,21,60.098702,57.354479,-2.744223000000005,14559.346,57.826595,-2.2721066936035186,-2.744223000000005,Neutral
2025-04-16 22:00:00,22,54.344121,48.692749,-5.651372000000002,13975.7,46.773716,-7.570405027099611,-5.651372000000002,Neutral
2025-04-16 23:00:00,23,51.720463,46.57978,-5.140683000000003,13512.608,45.556896,-6.163566790283205,-5.140683000000003,Neutral
2025-04-17 00:00:00,0,43.884842,44.300745,0.41590300000000013,13348.27,49.149124,5.2642821455078135,0.41590300000000013,Neutral
2025-04-17 01:00:00,1,43.660568,56.14544,12.484872000000003,13169.925,44.477276,0.816707848388674,12.484872000000003,Neutral
2025-04-17 02:00:00,2,40.802308,42.485663,1.683355000000006,13207.109,42.18541,1.383101545898441,1.683355000000006,Neutral
2025-04-17 03:00:00,3,41.881432,41.146113,-0.735318999999997,13412.597,43.774185,1.8927531806640658,-0.735318999999997,Neutral
2025-04-17 04:00:00,4,42.509035,37.352047,-5.156987999999998,13820.657,51.083473,8.574438205566409,-5.156987999999998,Neutral
2025-04-17 05:00:00,5,47.792876,41.250724,-6.5421520000000015,14634.877,65.200356,17.407479529785157,-6.5421520000000015,Neutral
2025-04-17 06:00:00,6,94.830349,89.028332,-5.802016999999992,15677.744,92.6054,-2.2249489145507795,-5.802016999999992,Neutral
2025-04-17 07:00:00,7,71.623539,50.7542,-20.869338999999997,16199.694,69.5661,-2.057437925781244,-20.869338999999997,Neutral
2025-04-17 08:00:00,8,38.464399,28.628451,-9.835948000000002,15906.227,49.906727,11.442327837158203,-9.835948000000002,Neutral
2025-04-17 09:00:00,9,31.220678,25.345887,-5.874790999999998,15286.119,45.454746,14.234068246337891,-5.874790999999998,Neutral
2025-04-17 10:00:00,10,30.120114,26.27654,-3.8435740000000003,14842.934,36.008617,5.888503401123046,-3.8435740000000003,Neutral
2025-04-17 11:00:00,11,28.820742,25.122188,-3.698553999999998,14524.804,35.483234,6.662492405517579,-3.698553999999998,Neutral
2025-04-17 12:00:00,12,28.133223,21.319359,-6.813864000000002,14339.748,34.60284,6.469617423583983,-6.813864000000002,Neutral
2025-04-17 13:00:00,13,28.788176,22.836365,-5.951810999999999,14150.008,33.97654,5.188363611816406,-5.951810999999999,Neutral
2025-04-17 14:00:00,14,28.190566,21.154697,-7.035869000000002,14014.4,33.85471,5.66414362524414,-7.035869000000002,Neutral
2025-04-17 15:00:00,15,29.029635,21.849564,-7.180070999999998,13758.373,37.263496,8.233861398925782,-7.180070999999998,Neutral
2025-04-17 16:00:00,16,31.068374,26.281184,-4.787189999999999,13897.212,43.681824,12.613449730468751,-4.787189999999999,Neutral
2025-04-17 17:00:00,17,36.089056,27.124063,-8.964993,14016.881,50.463734,14.374677673095704,-8.964993,Neutral
2025-04-17 18:00:00,18,44.437737,42.083415,-2.3543219999999963,14035.433,57.95456,13.516822326171877,-2.3543219999999963,Neutral
2025-04-17 19:00:00,19,52.070123,41.900193,-10.16993,13946.159,46.280605,-5.789517683837893,-10.16993,Neutral
2025-04-17 20:00:00,20,53.72127,42.636962,-11.084308,14198.297,42.285156,-11.436113749999997,-11.084308,Neutral
2025-04-17 21:00:00,21,43.724459,57.03885,13.314390999999993,14039.47,40.045506,-3.6789534763183624,13.314390999999993,Neutral
2025-04-17 22:00:00,22,38.843171,33.05606,-5.787110999999996,13441.281,34.772682,-4.070488810058592,-5.787110999999996,Neutral
2025-04-17 23:00:00,23,33.4576,27.939505,-5.518094999999999,12790.605,37.285168,3.8275676940917975,-5.518094999999999,Neutral
2025-04-18 00:00:00,0,33.710924,28.78492,-4.926003999999999,12334.174,33.318817,-0.39210686132812356,-4.926003999999999,Neutral
2025-04-18 01:00:00,1,34.039906,44.217777,10.177870999999996,12089.31,32.70991,-1.3299946535644551,10.177870999999996,Neutral
2025-04-18 02:00:00,2,33.214866,31.02746,-2.1874059999999993,11968.103,35.477947,2.263081235107421,-2.1874059999999993,Neutral
2025-04-18 03:00:00,3,32.755296,31.212324,-1.5429720000000025,11911.376,35.60902,2.8537242331542956,-1.5429720000000025,Neutral
2025-04-18 04:00:00,4,34.776493,25.012644,-9.763849,12045.577,36.710365,1.9338722954101542,-9.763849,Neutral
2025-04-18 05:00:00,5,37.129555,28.900098,-8.229457000000004,12520.191,49.246796,12.117240654296872,-8.229457000000004,Neutral
2025-04-18 06:00:00,6,46.693064,35.032043,-11.661020999999998,13208.363,65.36054,18.66747829736328,-11.661020999999998,Neutral
2025-04-18 07:00:00,7,47.02549,36.520054,-10.505435999999996,13677.573,37.90183,-9.123661234130857,-10.505435999999996,Neutral
2025-04-18 08:00:00,8,33.723141,21.082902,-12.640238999999998,13683.687,37.145985,3.422843649658205,-12.640238999999998,Neutral
2025-04-18 09:00:00,9,28.655148,18.397762,-10.257386,13737.617,34.21556,5.560412913085937,-10.257386,Neutral
2025-04-18 10:00:00,10,26.522169,15.628586,-10.893583000000001,13608.907,29.65515,3.1329804598388655,-10.893583000000001,Neutral
2025-04-18 11:00:00,11,26.840273,21.482495,-5.357778,13589.291,30.054958,3.2146853435058595,-5.357778,Neutral
2025-04-18 12:00:00,12,30.2069,19.123233,-11.083667000000002,13691.058,30.710424,0.5035244232177725,-11.083667000000002,Neutral
2025-04-18 13:00:00,13,31.62008,20.112359,-11.507721,13700.8,34.747276,3.1271963061523422,-11.507721,Neutral
2025-04-18 14:00:00,14,34.085937,21.742814,-12.343123000000002,13765.285,37.179947,3.0940098994140612,-12.343123000000002,Neutral
2025-04-18 15:00:00,15,35.996276,24.566404,-11.429872000000003,14019.222,44.76777,8.77149285986328,-11.429872000000003,Neutral
2025-04-18 16:00:00,16,37.633573,33.138113,-4.495460000000001,14211.969,52.60585,14.972277219726564,-4.495460000000001,Neutral
2025-04-18 17:00:00,17,43.276189,30.571977,-12.704212000000002,14369.85,53.282066,10.005877345214842,-12.704212000000002,Neutral
2025-04-18 18:00:00,18,55.846993,42.944145,-12.902847999999999,14284.179,56.106937,0.25994440844726796,-12.902847999999999,Neutral
2025-04-18 19:00:00,19,76.481563,52.871193,-23.610369999999996,14073.371,51.342136,-25.139426616943354,-23.610369999999996,Neutral
2025-04-18 20:00:00,20,69.800276,45.946198,-23.854077999999994,14221.493,49.493694,-20.306581694580075,-23.854077999999994,DA premium / potential RT hedge
2025-04-18 21:00:00,21,52.896464,40.383179,-12.513285000000003,13909.513,41.742252,-11.154211650146486,-12.513285000000003,Neutral
2025-04-18 22:00:00,22,46.674261,45.665097,-1.0091639999999984,13379.197,36.432682,-10.241578962646486,-1.0091639999999984,Neutral
2025-04-18 23:00:00,23,36.666091,31.1917,-5.474391000000001,12828.366,34.783142,-1.8829489101562515,-5.474391000000001,Neutral
2025-04-19 00:00:00,0,33.381376,26.67832,-6.703056000000004,12296.551,37.135605,3.7542288583984345,-6.703056000000004,Neutral
2025-04-19 01:00:00,1,28.6807,20.687719,-7.992981,11837.214,29.705408,1.024708096313475,-7.992981,Neutral
2025-04-19 02:00:00,2,25.131954,22.01553,-3.116424000000002,11524.917,26.439173,1.3072187447509762,-3.116424000000002,Neutral
2025-04-19 03:00:00,3,25.10331,22.214716,-2.888594000000001,11391.144,26.162846,1.0595356115722652,-2.888594000000001,Neutral
2025-04-19 04:00:00,4,25.838861,24.917329,-0.9215320000000027,11293.276,27.98432,2.145458686889647,-0.9215320000000027,Neutral
2025-04-19 05:00:00,5,27.934339,23.363018,-4.571321000000001,11371.608,35.42759,7.493250416503905,-4.571321000000001,Neutral
2025-04-19 06:00:00,6,30.943847,38.987366,8.043519,11521.013,40.653423,9.70957630932617,8.043519,Neutral
2025-04-19 07:00:00,7,32.255758,37.612144,5.3563860000000005,11713.791,41.579464,9.323705958740234,5.3563860000000005,Neutral
2025-04-19 08:00:00,8,28.979073,71.979497,43.000423999999995,12414.951,33.130913,4.151839780761719,43.000423999999995,RT premium / potential DA hedge
2025-04-19 09:00:00,9,32.81928,29.951091,-2.8681889999999974,12854.358,32.217278,-0.6020024731445304,-2.8681889999999974,Neutral
2025-04-19 10:00:00,10,35.125616,71.6257,36.500083999999994,13276.596,35.34586,0.2202435275878898,36.500083999999994,RT premium / potential DA hedge
2025-04-19 11:00:00,11,35.76798,54.976627,19.208647,13611.269,37.910976,2.142996409912108,19.208647,Neutral
2025-04-19 12:00:00,12,37.456057,24.006993,-13.449064,13676.102,40.649982,3.193925452392577,-13.449064,Neutral
2025-04-19 13:00:00,13,39.263442,23.29285,-15.970591999999996,13813.667,40.22248,0.9590387739257835,-15.970591999999996,Neutral
2025-04-19 14:00:00,14,41.49313,48.945934,7.452804,14076.105,41.657024,0.16389438354492114,7.452804,Neutral
2025-04-19 15:00:00,15,47.192192,37.255856,-9.936335999999997,14244.722,47.56002,0.36782844677734516,-9.936335999999997,Neutral
2025-04-19 16:00:00,16,58.46731,36.902192,-21.565118,14384.104,59.890614,1.4233035559082055,-21.565118,Neutral
2025-04-19 17:00:00,17,65.985643,38.724186,-27.261456999999993,14347.839,72.911545,6.9259017998046914,-27.261456999999993,DA premium / potential RT hedge
2025-04-19 18:00:00,18,81.968566,46.90981,-35.058755999999995,14229.41,63.779377,-18.189189016357417,-35.058755999999995,DA premium / potential RT hedge
2025-04-19 19:00:00,19,101.689264,56.520383,-45.16888099999999,13918.815,54.02597,-47.66329354101562,-45.16888099999999,DA premium / potential RT hedge
2025-04-19 20:00:00,20,96.794561,65.153256,-31.641305000000003,14023.496,95.047485,-1.7470756484375016,-31.641305000000003,DA premium / potential RT hedge
2025-04-19 21:00:00,21,63.828778,56.343208,-7.485570000000003,13772.789,54.555504,-9.273274154785156,-7.485570000000003,Neutral
2025-04-19 22:00:00,22,57.022585,41.248189,-15.774395999999996,13188.634,37.873703,-19.148881997070312,-15.774395999999996,Neutral
2025-04-19 23:00:00,23,49.726648,33.587782,-16.138866,12484.917,33.628685,-16.097963002441404,-16.138866,Neutral
2025-04-20 00:00:00,0,44.653577,32.399657,-12.25392,11883.069,39.204597,-5.448979526855467,-12.25392,Neutral
2025-04-20 01:00:00,1,35.852902,26.045299,-9.807603,11365.737,36.73961,0.8867067646484372,-9.807603,Neutral
2025-04-20 02:00:00,2,30.565644,25.383845,-5.181798999999998,11074.271,35.08929,4.5236466188964854,-5.181798999999998,Neutral
2025-04-20 03:00:00,3,27.995093,24.725951,-3.269142000000002,10830.186,31.856607,3.8615144371337884,-3.269142000000002,Neutral
2025-04-20 04:00:00,4,28.067837,23.220763,-4.847073999999999,10887.702,35.054173,6.98633551586914,-4.847073999999999,Neutral
2025-04-20 05:00:00,5,26.843551,25.542624,-1.3009270000000015,11052.042,44.12025,17.276699701904295,-1.3009270000000015,Neutral
2025-04-20 06:00:00,6,26.444403,24.320957,-2.1234460000000013,11151.589,44.025757,17.5813538359375,-2.1234460000000013,Neutral
2025-04-20 07:00:00,7,25.882859,26.769921,0.8870620000000002,11510.605,36.199306,10.31644748803711,0.8870620000000002,Neutral
2025-04-20 08:00:00,8,28.406334,24.830326,-3.5760080000000016,12092.338,29.17593,0.7695960231933583,-3.5760080000000016,Neutral
2025-04-20 09:00:00,9,28.204709,17.820439,-10.38427,12459.137,28.344336,0.1396265560302723,-10.38427,Neutral
2025-04-20 10:00:00,10,27.998169,19.902867,-8.095302,12613.663,30.336462,2.3382930208740227,-8.095302,Neutral
2025-04-20 11:00:00,11,30.868038,19.816648,-11.051389999999998,12834.903,30.16376,-0.7042787684326157,-11.051389999999998,Neutral
2025-04-20 12:00:00,12,31.292608,19.23278,-12.059828,13080.057,31.50308,0.21047236804199088,-12.059828,Neutral
2025-04-20 13:00:00,13,33.609735,23.753351,-9.856384000000002,13130.812,35.59918,1.9894433142089838,-9.856384000000002,Neutral
2025-04-20 14:00:00,14,36.131337,25.690708,-10.440629000000001,13239.572,36.956566,0.8252288569335917,-10.440629000000001,Neutral
2025-04-20 15:00:00,15,38.783917,25.661271,-13.122646000000003,13496.221,44.68304,5.899123618896482,-13.122646000000003,Neutral
2025-04-20 16:00:00,16,45.073538,28.939456,-16.134082,13638.919000000002,57.9132,12.83966237841797,-16.134082,Neutral
2025-04-20 17:00:00,17,49.617754,28.401812,-21.215942,13772.678,69.14771,19.529958707519533,-21.215942,Neutral
2025-04-20 18:00:00,18,55.044183,128.454014,73.409831,13842.781,68.7478,13.703619734375003,73.409831,RT premium / potential DA hedge
2025-04-20 19:00:00,19,69.968814,65.493585,-4.475228999999999,13822.471999999998,51.378666,-18.59014807592773,-4.475228999999999,Neutral
2025-04-20 20:00:00,20,66.656157,57.285303,-9.370853999999994,14096.293,48.68056,-17.975595934326165,-9.370853999999994,Neutral
2025-04-20 21:00:00,21,49.908851,29.500398,-20.408452999999998,13944.462,45.774246,-4.134604784179686,-20.408452999999998,Neutral
2025-04-20 22:00:00,22,39.991005,75.298396,35.307390999999996,13293.098,37.544285,-2.4467201794433606,35.307390999999996,RT premium / potential DA hedge
2025-04-20 23:00:00,23,31.088249,37.017385,5.929135999999996,12620.686,34.613884,3.5256349721679676,5.929135999999996,Neutral
2025-04-21 00:00:00,0,28.042824,19.215879,-8.826944999999998,12068.777,29.334223,1.291398793579102,-8.826944999999998,Neutral
2025-04-21 01:00:00,1,25.99505,18.62524,-7.3698099999999975,11753.309,24.727474,-1.2675757873535147,-7.3698099999999975,Neutral
2025-04-21 02:00:00,2,22.577172,19.293473,-3.283699000000002,11482.521,21.792757,-0.7844149656982431,-3.283699000000002,Neutral
2025-04-21 03:00:00,3,22.496224,17.860361,-4.6358630000000005,11443.491,23.442877,0.9466528157958969,-4.6358630000000005,Neutral
2025-04-21 04:00:00,4,23.602673,19.199954,-4.402718999999998,11802.236,30.82454,7.221866184570313,-4.402718999999998,Neutral
2025-04-21 05:00:00,5,26.318847,30.021531,3.702683999999998,12345.406,46.195976,19.877129257324217,3.702683999999998,Neutral
2025-04-21 06:00:00,6,37.056678,39.462666,2.4059880000000007,13167.938,53.10442,16.047741708251955,2.4059880000000007,Neutral
2025-04-21 07:00:00,7,39.828815,140.188801,100.35998600000002,13802.42,44.742104,4.9132885766601575,100.35998600000002,RT premium / potential DA hedge
2025-04-21 08:00:00,8,36.862684,47.209134,10.346449999999997,14215.073,41.508842,4.646158468261717,10.346449999999997,Neutral
2025-04-21 09:00:00,9,38.196413,75.614895,37.418482000000004,14506.469,43.009785,4.813371698486328,37.418482000000004,RT premium / potential DA hedge
2025-04-21 10:00:00,10,37.395225,27.768712,-9.626513000000003,14775.954,44.7487,7.353474188232418,-9.626513000000003,Neutral
2025-04-21 11:00:00,11,36.617048,31.8326,-4.784447999999998,14989.061,44.516552,7.89950397143555,-4.784447999999998,Neutral
2025-04-21 12:00:00,12,36.523293,30.141295,-6.381998000000003,15196.96,43.522354,6.99906112597656,-6.381998000000003,Neutral
2025-04-21 13:00:00,13,37.436826,29.574332,-7.862494000000005,15266.535,43.63574,6.198912372802731,-7.862494000000005,Neutral
2025-04-21 14:00:00,14,40.603746,26.466009,-14.137737000000001,15277.602,43.411842,2.8080963461914052,-14.137737000000001,Neutral
2025-04-21 15:00:00,15,39.754117,26.682329,-13.071788000000002,15175.542,50.131367,10.377249729736327,-13.071788000000002,Neutral
2025-04-21 16:00:00,16,43.355046,30.657247,-12.697799,15068.052,57.953964,14.598918233398436,-12.697799,Neutral
2025-04-21 17:00:00,17,53.329282,35.014863,-18.314419,15051.729,65.057274,11.727991864746095,-18.314419,Neutral
2025-04-21 18:00:00,18,59.807816,51.1886,-8.619216000000002,15027.876,64.42154,4.6137233066406225,-8.619216000000002,Neutral
2025-04-21 19:00:00,19,90.776165,86.950189,-3.8259760000000114,14952.85,54.88862,-35.887546530761725,-3.8259760000000114,Neutral
2025-04-21 20:00:00,20,110.498894,116.774317,6.275422999999989,14947.439,57.114563,-53.38433101171876,6.275422999999989,Neutral
2025-04-21 21:00:00,21,69.867673,60.708025,-9.159647999999997,14667.869,91.01423,21.146555820800785,-9.159647999999997,Neutral
2025-04-21 22:00:00,22,49.665232,34.289577,-15.375655000000002,13884.301,38.092426,-11.572805699951175,-15.375655000000002,Neutral
2025-04-21 23:00:00,23,36.886649,38.82142,1.934771000000005,13072.099,31.99598,-4.890669690917967,1.934771000000005,Neutral
2025-04-22 00:00:00,0,33.759722,25.89422,-7.865501999999996,12485.346,31.063435,-2.6962873991699183,-7.865501999999996,Neutral
2025-04-22 01:00:00,1,27.645421,23.566327,-4.079093999999998,12172.206,27.800655,0.15523436499023546,-4.079093999999998,Neutral
2025-04-22 02:00:00,2,24.537138,22.926409,-1.6107289999999992,11987.91,22.438656,-2.0984821467285144,-1.6107289999999992,Neutral
2025-04-22 03:00:00,3,24.41309,23.001382,-1.4117080000000009,11921.066,24.224085,-0.18900514587402384,-1.4117080000000009,Neutral
2025-04-22 04:00:00,4,25.396332,32.615905,7.219572999999997,12072.029,28.60676,3.210428025024413,7.219572999999997,Neutral
2025-04-22 05:00:00,5,31.275537,38.627241,7.351703999999998,12568.095,41.130257,9.854719652832031,7.351703999999998,Neutral
2025-04-22 06:00:00,6,48.076907,88.932648,40.855741,13537.917,57.016624,8.939717450683595,40.855741,RT premium / potential DA hedge
2025-04-22 07:00:00,7,45.20089,46.232386,1.031495999999997,13961.795,47.433907,2.23301655517578,1.031495999999997,Neutral
2025-04-22 08:00:00,8,34.697084,21.01071,-13.686373999999997,14111.84,40.921932,6.224848220458988,-13.686373999999997,Neutral
2025-04-22 09:00:00,9,31.454065,20.863186,-10.590879000000001,14074.984,35.71062,4.256555880126953,-10.590879000000001,Neutral
2025-04-22 10:00:00,10,31.894156,28.765822,-3.128333999999999,14277.785,33.0686,1.1744437009277355,-3.128333999999999,Neutral
2025-04-22 11:00:00,11,32.103265,27.690973,-4.412292000000001,14392.626,33.829494,1.726229476318359,-4.412292000000001,Neutral
2025-04-22 12:00:00,12,33.819753,18.989644,-14.830109,14401.478,34.37621,0.5564562590332045,-14.830109,Neutral
2025-04-22 13:00:00,13,35.379073,28.694998,-6.684075,14490.84,35.47254,0.09346880908203303,-6.684075,Neutral
2025-04-22 14:00:00,14,36.68121,28.812829,-7.868380999999999,14437.777,37.9033,1.2220912390136718,-7.868380999999999,Neutral
2025-04-22 15:00:00,15,36.400026,25.285285,-11.114740999999999,14418.458,44.045704,7.645677887939456,-11.114740999999999,Neutral
2025-04-22 16:00:00,16,37.908725,29.956603,-7.952121999999996,14538.603,53.918922,16.01019742431641,-7.952121999999996,Neutral
2025-04-22 17:00:00,17,43.798784,35.599815,-8.198968999999998,14607.994,56.532593,12.733808773437502,-8.198968999999998,Neutral
2025-04-22 18:00:00,18,60.618173,36.882598,-23.735574999999997,14650.841,59.194702,-1.4234708515624988,-23.735574999999997,Neutral
2025-04-22 19:00:00,19,90.060329,60.784612,-29.275716999999993,14671.144,50.438683,-39.62164644384765,-29.275716999999993,DA premium / potential RT hedge
2025-04-22 20:00:00,20,88.850812,84.425639,-4.425173000000001,14764.643,56.511707,-32.3391046940918,-4.425173000000001,Neutral
2025-04-22 21:00:00,21,49.234819,49.563481,0.32866200000000134,14445.992,51.97417,2.7393516848144515,0.32866200000000134,Neutral
2025-04-22 22:00:00,22,40.090497,32.816623,-7.273873999999999,13735.637,33.9304,-6.160096151611327,-7.273873999999999,Neutral
2025-04-22 23:00:00,23,35.107674,45.416071,10.308397,12892.271,31.08552,-4.022154209350589,10.308397,Neutral
2025-04-23 00:00:00,0,35.156176,29.099461,-6.0567150000000005,12435.217,29.724977,-5.431198506713869,-6.0567150000000005,Neutral
2025-04-23 01:00:00,1,31.716498,28.649944,-3.066554,12066.254,27.955677,-3.7608209675292983,-3.066554,Neutral
2025-04-23 02:00:00,2,27.694552,25.907753,-1.786799000000002,11809.302,24.960018,-2.7345338420410172,-1.786799000000002,Neutral
2025-04-23 03:00:00,3,29.093112,26.333339,-2.7597730000000027,11754.431,25.18625,-3.9068613133544936,-2.7597730000000027,Neutral
2025-04-23 04:00:00,4,32.063515,48.049691,15.986176,11982.138,32.10545,0.041934676513669444,15.986176,Neutral
2025-04-23 05:00:00,5,34.960478,34.363762,-0.5967160000000007,12606.74,54.374268,19.413789578124998,-0.5967160000000007,Neutral
2025-04-23 06:00:00,6,50.51105,118.022942,67.511892,13532.33,73.85445,23.343396411132815,67.511892,RT premium / potential DA hedge
2025-04-23 07:00:00,7,50.608737,48.483886,-2.1248509999999996,14081.424,45.96141,-4.64732647753906,-2.1248509999999996,Neutral
2025-04-23 08:00:00,8,35.472201,26.908373,-8.563827999999997,14241.86,39.743263,4.271062244628908,-8.563827999999997,Neutral
2025-04-23 09:00:00,9,33.020004,24.829922,-8.190082,14223.513,32.8168,-0.20320483618164076,-8.190082,Neutral
2025-04-23 10:00:00,10,31.515126,25.936273,-5.578852999999999,14360.396,31.96303,0.44790386145019667,-5.578852999999999,Neutral
2025-04-23 11:00:00,11,32.916806,85.307087,52.390280999999995,14323.136,32.1861,-0.7307059938964855,52.390280999999995,RT premium / potential DA hedge
2025-04-23 12:00:00,12,33.774565,26.950955,-6.823610000000002,14490.263,34.840336,1.065770845947263,-6.823610000000002,Neutral
2025-04-23 13:00:00,13,34.836035,65.114,30.277965000000002,14675.522,36.124584,1.2885491979980443,30.277965000000002,RT premium / potential DA hedge
2025-04-23 14:00:00,14,35.950471,41.331554,5.381082999999997,14904.699,36.622787,0.6723164755859372,5.381082999999997,Neutral
2025-04-23 15:00:00,15,37.963425,46.840309,8.876883999999997,15051.007,43.10175,5.138324420166015,8.876883999999997,Neutral
2025-04-23 16:00:00,16,41.616604,210.177489,168.560885,15406.405,54.209423,12.592819065185545,168.560885,RT premium / potential DA hedge
2025-04-23 17:00:00,17,52.952409,65.55529,12.602880999999996,15757.276,61.44382,8.491411953369138,12.602880999999996,Neutral
2025-04-23 18:00:00,18,69.879784,54.627074,-15.25271,15822.27,58.84058,-11.039204013427735,-15.25271,Neutral
2025-04-23 19:00:00,19,99.996469,104.769837,4.773367999999991,15616.175,53.95707,-46.03939960302735,4.773367999999991,Neutral
2025-04-23 20:00:00,20,93.68455,139.803053,46.118503000000004,15575.384,95.60483,1.9202778808593735,46.118503000000004,RT premium / potential DA hedge
2025-04-23 21:00:00,21,60.504987,93.235907,32.73092,15143.347,52.25156,-8.25342678881836,32.73092,RT premium / potential DA hedge
2025-04-23 22:00:00,22,47.083867,72.680889,25.597021999999996,14301.549,39.49443,-7.58943645800781,25.597021999999996,RT premium / potential DA hedge
2025-04-23 23:00:00,23,40.05688,79.122105,39.065225000000005,13354.448,34.657978,-5.3989019421386715,39.065225000000005,RT premium / potential DA hedge
2025-04-24 00:00:00,0,33.254479,52.301172,19.046692999999998,12709.852,34.950813,1.6963342934570278,19.046692999999998,Neutral
2025-04-24 01:00:00,1,29.692947,40.080904,10.387956999999997,12209.945,27.75173,-1.9412170347900393,10.387956999999997,Neutral
2025-04-24 02:00:00,2,26.333461,38.115007,11.781545999999999,11921.886,25.601404,-0.7320568099365232,11.781545999999999,Neutral
2025-04-24 03:00:00,3,26.655019,44.963278,18.308259000000003,11852.36,25.52894,-1.1260787991943353,18.308259000000003,Neutral
2025-04-24 04:00:00,4,30.955833,46.789811,15.833978000000002,11989.468,29.878416,-1.0774169385986312,15.833978000000002,Neutral
2025-04-24 05:00:00,5,36.638664,52.951269,16.312605000000005,12504.609,49.318497,12.679832704101564,16.312605000000005,Neutral
2025-04-24 06:00:00,6,49.86353,64.971293,15.107763000000006,13362.801,68.25686,18.393328825683597,15.107763000000006,Neutral
2025-04-24 07:00:00,7,43.217998,120.267291,77.049293,13903.552,47.300873,4.0828748027343735,77.049293,RT premium / potential DA hedge
2025-04-24 08:00:00,8,30.921646,31.86746,0.9458140000000022,14166.29,37.16749,6.245842098144532,0.9458140000000022,Neutral
2025-04-24 09:00:00,9,28.615798,28.805649,0.18985099999999733,14307.469,30.101381,1.4855833018798812,0.18985099999999733,Neutral
2025-04-24 10:00:00,10,32.087637,35.673965,3.5863280000000017,14478.222,29.85533,-2.232307486450196,3.5863280000000017,Neutral
2025-04-24 11:00:00,11,33.329133,81.158414,47.829280999999995,14715.263,33.407368,0.07823470629882934,47.829280999999995,RT premium / potential DA hedge
2025-04-24 12:00:00,12,35.13841,39.476078,4.337668000000001,14993.966,33.979534,-1.1588758508300785,4.337668000000001,Neutral
2025-04-24 13:00:00,13,36.767674,37.313429,0.5457549999999998,15378.468,37.174038,0.40636393334960985,0.5457549999999998,Neutral
2025-04-24 14:00:00,14,40.96285,50.840313,9.877462999999999,15613.224000000002,42.930763,1.9679132446289032,9.877462999999999,Neutral
2025-04-24 15:00:00,15,41.89526,67.382743,25.487483000000005,15932.431,51.672523,9.777263498535156,25.487483000000005,RT premium / potential DA hedge
2025-04-24 16:00:00,16,48.775521,121.571025,72.79550400000001,16024.607,59.302486,10.526965419677737,72.79550400000001,RT premium / potential DA hedge
2025-04-24 17:00:00,17,61.653245,54.159832,-7.493412999999997,16120.91,63.395496,1.7422513684082048,-7.493412999999997,Neutral
2025-04-24 18:00:00,18,75.473462,153.778758,78.30529600000001,15988.511,61.163754,-14.309708490478513,78.30529600000001,RT premium / potential DA hedge
2025-04-24 19:00:00,19,88.530882,58.788885,-29.741997000000005,15550.174,54.750576,-33.780305980712896,-29.741997000000005,DA premium / potential RT hedge
2025-04-24 20:00:00,20,78.524789,78.405315,-0.11947399999999675,15443.27,52.997116,-25.52767291113281,-0.11947399999999675,Neutral
2025-04-24 21:00:00,21,58.023372,46.869727,-11.153645000000004,15233.782,44.82676,-13.196612661621096,-11.153645000000004,Neutral
2025-04-24 22:00:00,22,46.49895,33.806556,-12.692394,14407.823,37.2065,-9.292448992919923,-12.692394,Neutral
2025-04-24 23:00:00,23,35.141566,64.317448,29.175882,13522.187000000002,33.32032,-1.8212458706054662,29.175882,RT premium / potential DA hedge
2025-04-25 00:00:00,0,37.019401,53.557189,16.537788,12806.486,28.343819,-8.67558233544922,16.537788,Neutral
2025-04-25 01:00:00,1,32.854618,27.822158,-5.03246,12399.017,29.47382,-3.3807982673339865,-5.03246,Neutral
2025-04-25 02:00:00,2,30.106138,23.752502,-6.353636000000002,12141.366999999998,25.577337,-4.528800734985353,-6.353636000000002,Neutral
2025-04-25 03:00:00,3,29.564487,23.114017,-6.450469999999999,11973.792,26.641373,-2.9231143193359372,-6.450469999999999,Neutral
2025-04-25 04:00:00,4,32.415669,42.131284,9.715615,12106.583,30.204222,-2.211447274536134,9.715615,Neutral
2025-04-25 05:00:00,5,39.523709,47.440939,7.9172300000000035,12546.556,46.414604,6.890895187011722,7.9172300000000035,Neutral
2025-04-25 06:00:00,6,50.851683,32.475702,-18.375981000000003,13463.247,64.90629,14.054605146972655,-18.375981000000003,Neutral
2025-04-25 07:00:00,7,54.027436,43.942705,-10.084731000000005,14133.073,45.27342,-8.75401757348633,-10.084731000000005,Neutral
2025-04-25 08:00:00,8,52.269006,36.388352,-15.880654,14394.137,32.760376,-19.508630023437497,-15.880654,Neutral
2025-04-25 09:00:00,9,51.885969,33.681251,-18.204718,14456.297,33.69588,-18.190088110107425,-18.204718,Neutral
2025-04-25 10:00:00,10,46.335875,38.78005,-7.555824999999999,14720.424,39.07489,-7.2609848632812515,-7.555824999999999,Neutral
2025-04-25 11:00:00,11,51.056732,145.521565,94.46483300000001,14916.569,41.688026,-9.36870557177734,94.46483300000001,RT premium / potential DA hedge
2025-04-25 12:00:00,12,57.800374,55.535587,-2.2647869999999983,15105.774,42.69995,-15.100422828124998,-2.2647869999999983,Neutral
2025-04-25 13:00:00,13,59.616454,40.391518,-19.224936,15362.589,48.121418,-11.49503600073242,-19.224936,Neutral
2025-04-25 14:00:00,14,56.507003,72.318164,15.811160999999998,15526.074,64.33637,7.829369375488284,15.811160999999998,Neutral
2025-04-25 15:00:00,15,57.366655,32.380801,-24.985854000000003,15265.915,60.626442,3.2597869555664047,-24.985854000000003,DA premium / potential RT hedge
2025-04-25 16:00:00,16,56.187122,37.712177,-18.474945000000005,15231.828,67.3045,11.117374765136717,-18.474945000000005,Neutral
2025-04-25 17:00:00,17,61.355865,42.935224,-18.420641000000003,15222.074,65.17157,3.8157048242187486,-18.420641000000003,Neutral
2025-04-25 18:00:00,18,58.928014,30.648187,-28.279826999999997,14952.008,60.70886,1.780844489990237,-28.279826999999997,DA premium / potential RT hedge
2025-04-25 19:00:00,19,64.064731,32.621549,-31.443181999999993,14682.685,48.02152,-16.043212292724604,-31.443181999999993,DA premium / potential RT hedge
2025-04-25 20:00:00,20,66.526946,45.420642,-21.106303999999994,14689.571,47.523705,-19.0032414711914,-21.106303999999994,Neutral
2025-04-25 21:00:00,21,58.57884,57.07247,-1.5063699999999969,14409.379,42.684868,-15.89397214111328,-1.5063699999999969,Neutral
2025-04-25 22:00:00,22,50.341933,49.671121,-0.670811999999998,13739.495,37.93993,-12.402003037841794,-0.670811999999998,Neutral
2025-04-25 23:00:00,23,40.543616,25.861838,-14.681778000000001,12896.291,33.70877,-6.834845248046875,-14.681778000000001,Neutral
2025-04-26 00:00:00,0,40.070203,22.165227,-17.904975999999998,12359.581,33.718643,-6.351559811523437,-17.904975999999998,Neutral
2025-04-26 01:00:00,1,32.680032,25.584202,-7.095829999999996,11916.032,31.619099,-1.060933336669919,-7.095829999999996,Neutral
2025-04-26 02:00:00,2,27.491048,21.453828,-6.037219999999998,11695.636,25.925375,-1.5656730152587883,-6.037219999999998,Neutral
2025-04-26 03:00:00,3,25.412552,22.066019,-3.346533000000001,11475.325,24.76169,-0.6508618602294938,-3.346533000000001,Neutral
2025-04-26 04:00:00,4,26.55322,21.303874,-5.249345999999999,11496.105,28.39702,1.8438003399658207,-5.249345999999999,Neutral
2025-04-26 05:00:00,5,27.660467,21.467511,-6.192956000000002,11644.85,38.210297,10.549829630859374,-6.192956000000002,Neutral
2025-04-26 06:00:00,6,30.7923,23.542003,-7.250297,11905.047,37.259735,6.467435107421874,-7.250297,Neutral
2025-04-26 07:00:00,7,32.906605,24.293968,-8.612637,12114.858,31.642916,-1.2636892742919912,-8.612637,Neutral
2025-04-26 08:00:00,8,33.58837,24.901804,-8.686566,12564.794,32.035744,-1.5526262866210914,-8.686566,Neutral
2025-04-26 09:00:00,9,34.165377,22.919444,-11.245933,12990.16,32.561718,-1.6036590129394526,-11.245933,Neutral
2025-04-26 10:00:00,10,33.919347,28.686509,-5.232838000000001,13217.995,35.672825,1.7534778596191387,-5.232838000000001,Neutral
2025-04-26 11:00:00,11,39.576083,24.885354,-14.690728999999997,13374.175,36.167183,-3.4089000776367158,-14.690728999999997,Neutral
2025-04-26 12:00:00,12,34.555673,23.133663,-11.42201,13301.533,40.448406,5.892733219482423,-11.42201,Neutral
2025-04-26 13:00:00,13,33.599642,21.445795,-12.153847000000003,13218.245,36.513885,2.914243498046872,-12.153847000000003,Neutral
2025-04-26 14:00:00,14,33.169888,19.464595,-13.705293000000001,13155.112,33.7547,0.5848117070312497,-13.705293000000001,Neutral
2025-04-26 15:00:00,15,33.365195,21.27308,-12.092115,13089.919,42.132435,8.767239844970703,-12.092115,Neutral
2025-04-26 16:00:00,16,34.881432,28.350848,-6.5305839999999975,13185.887,45.849186,10.967753943603519,-6.5305839999999975,Neutral
2025-04-26 17:00:00,17,38.324745,21.425579,-16.899166,13234.534,52.058907,13.734161555175781,-16.899166,Neutral
2025-04-26 18:00:00,18,42.432943,23.382299,-19.050644000000002,13175.348999999998,51.46541,9.03246532519531,-19.050644000000002,Neutral
2025-04-26 19:00:00,19,52.363663,26.120003,-26.243660000000002,13282.339,47.090973,-5.2726900996093775,-26.243660000000002,DA premium / potential RT hedge
2025-04-26 20:00:00,20,52.970107,35.101289,-17.868817999999997,13264.556,41.931408,-11.038699071533202,-17.868817999999997,Neutral
2025-04-26 21:00:00,21,42.111083,46.694927,4.583843999999999,13159.349,36.476776,-5.634306876953126,4.583843999999999,Neutral
2025-04-26 22:00:00,22,36.168437,24.451859,-11.716577999999998,12712.855,33.961205,-2.2072324711914035,-11.716577999999998,Neutral
2025-04-26 23:00:00,23,32.948817,26.149512,-6.799304999999997,12283.888,32.635983,-0.31283448657226387,-6.799304999999997,Neutral
2025-04-27 00:00:00,0,26.455893,24.378616,-2.0772769999999987,11798.357,32.94101,6.485116521484375,-2.0772769999999987,Neutral
2025-04-27 01:00:00,1,23.726952,19.361147,-4.365805000000002,11539.021,24.135565,0.40861280407714773,-4.365805000000002,Neutral
2025-04-27 02:00:00,2,23.385823,19.360051,-4.025772,11322.554,22.224396,-1.1614272480468735,-4.025772,Neutral
2025-04-27 03:00:00,3,23.580317,17.878153,-5.702164,11306.909,23.246374,-0.3339428697509774,-5.702164,Neutral
2025-04-27 04:00:00,4,23.355305,19.924203,-3.4311020000000028,11367.122,25.944393,2.589088157958983,-3.4311020000000028,Neutral
2025-04-27 05:00:00,5,27.365607,20.855758,-6.509848999999999,11538.484,30.62584,3.260232233398437,-6.509848999999999,Neutral
2025-04-27 06:00:00,6,24.025385,21.044615,-2.9807699999999997,11862.692,36.08312,12.057733438720703,-2.9807699999999997,Neutral
2025-04-27 07:00:00,7,21.132181,15.433421,-5.69876,12193.217,26.465588,5.333406615966798,-5.69876,Neutral
2025-04-27 08:00:00,8,17.80184,6.445371,-11.356468999999999,12522.143,21.766544,3.964704342041017,-11.356468999999999,Neutral
2025-04-27 09:00:00,9,17.446688,11.96431,-5.482378000000002,12611.446,20.15965,2.712962802612303,-5.482378000000002,Neutral
2025-04-27 10:00:00,10,17.021008,7.219825,-9.801182999999998,12588.472,20.483498,3.462489619628908,-9.801182999999998,Neutral
2025-04-27 11:00:00,11,17.265284,1.920315,-15.344969,12530.147,23.20373,5.9384456295166,-15.344969,Neutral
2025-04-27 12:00:00,12,15.960872,6.538754,-9.422118000000001,12449.693,19.811651,3.8507792298583983,-9.422118000000001,Neutral
2025-04-27 13:00:00,13,16.879162,10.66975,-6.209412,12410.277,19.124506,2.2453439967041007,-6.209412,Neutral
2025-04-27 14:00:00,14,16.984575,6.560193,-10.424382,12419.611,20.515081,3.530506405639649,-10.424382,Neutral
2025-04-27 15:00:00,15,16.962682,8.454725,-8.507957000000001,12554.829,22.851562,5.888880499999999,-8.507957000000001,Neutral
2025-04-27 16:00:00,16,17.8396,11.032167,-6.807433000000001,12718.84,35.21416,17.374560919189452,-6.807433000000001,Neutral
2025-04-27 17:00:00,17,22.751219,13.723139,-9.02808,13057.221,41.795322,19.04410341821289,-9.02808,Neutral
2025-04-27 18:00:00,18,35.10382,20.104533,-14.999286999999999,13247.471,40.494625,5.3908050915527355,-14.999286999999999,Neutral
2025-04-27 19:00:00,19,48.689485,50.595137,1.9056520000000035,13416.534,37.115093,-11.574391768798826,1.9056520000000035,Neutral
2025-04-27 20:00:00,20,56.813404,53.072639,-3.740764999999996,13745.21,37.304142,-19.509262001708983,-3.740764999999996,Neutral
2025-04-27 21:00:00,21,37.235846,27.554025,-9.681821000000003,13667.463,34.031116,-3.204729514404299,-9.681821000000003,Neutral
2025-04-27 22:00:00,22,29.388555,21.338117,-8.050438,13102.423,28.095692,-1.292863319091797,-8.050438,Neutral
2025-04-27 23:00:00,23,26.242323,22.639292,-3.603030999999998,12452.761,22.308163,-3.9341603107910146,-3.603030999999998,Neutral
2025-04-28 00:00:00,0,20.288895,23.603047,3.314152,12053.112,21.117575,0.8286796917724608,3.314152,Neutral
2025-04-28 01:00:00,1,22.040632,20.496229,-1.544402999999999,11834.311000000002,19.049398,-2.9912335777587877,-1.544402999999999,Neutral
2025-04-28 02:00:00,2,19.372531,20.559133,1.1866020000000006,11840.493,19.48881,0.11627858557129045,1.1866020000000006,Neutral
2025-04-28 03:00:00,3,20.642645,19.422348,-1.2202970000000022,11911.866,20.607412,-0.03523266174316575,-1.2202970000000022,Neutral
2025-04-28 04:00:00,4,22.825667,20.899309,-1.9263580000000005,12306.857,26.888636,4.062968635375977,-1.9263580000000005,Neutral
2025-04-28 05:00:00,5,27.738065,40.241981,12.503916000000004,12940.863,45.369167,17.63110232788086,12.503916000000004,Neutral
2025-04-28 06:00:00,6,46.785174,57.93618,11.151006000000002,13918.673,52.284264,5.499089610839846,11.151006000000002,Neutral
2025-04-28 07:00:00,7,33.667949,28.386008,-5.281941,14378.32,34.85162,1.1836707204589842,-5.281941,Neutral
2025-04-28 08:00:00,8,21.905009,17.687227,-4.217782,14481.447,26.864876,4.9598667934570315,-4.217782,Neutral
2025-04-28 09:00:00,9,21.880708,17.56988,-4.310827999999997,14413.772,22.211828,0.33112023181152495,-4.310827999999997,Neutral
2025-04-28 10:00:00,10,22.074893,18.45442,-3.6204730000000005,14354.419,21.575163,-0.49973011242675724,-3.6204730000000005,Neutral
2025-04-28 11:00:00,11,22.477835,17.448915,-5.028919999999999,14206.23,23.889318,1.4114834661865245,-5.028919999999999,Neutral
2025-04-28 12:00:00,12,22.207139,18.270124,-3.9370150000000024,14445.105,24.048512,1.8413725051269516,-3.9370150000000024,Neutral
2025-04-28 13:00:00,13,23.931796,17.111423,-6.820373,14461.223,24.839148,0.9073515677490249,-6.820373,Neutral
2025-04-28 14:00:00,14,24.240791,16.048232,-8.192559000000003,14566.714,26.515278,2.2744868625488266,-8.192559000000003,Neutral
2025-04-28 15:00:00,15,25.369961,18.0056,-7.364360999999999,14724.141,30.323719,4.953758024658203,-7.364360999999999,Neutral
2025-04-28 16:00:00,16,30.778599,22.776341,-8.002258000000001,14936.95,35.288094,4.509494566894531,-8.002258000000001,Neutral
2025-04-28 17:00:00,17,36.126911,24.875344,-11.251567000000001,15333.996,42.863857,6.73694626928711,-11.251567000000001,Neutral
2025-04-28 18:00:00,18,52.481025,32.476729,-20.004296000000004,15517.552,44.112488,-8.368537207031252,-20.004296000000004,Neutral
2025-04-28 19:00:00,19,69.290605,107.902867,38.612262,15473.035,45.553875,-23.736730030517577,38.612262,RT premium / potential DA hedge
2025-04-28 20:00:00,20,59.291807,42.14731,-17.144497,15429.473999999998,45.5184,-13.77340871508789,-17.144497,Neutral
2025-04-28 21:00:00,21,37.775006,53.384475,15.609469000000004,15177.379,35.28771,-2.4872977175292945,15.609469000000004,Neutral
2025-04-28 22:00:00,22,28.629413,24.380161,-4.2492519999999985,14409.15,28.056429,-0.5729840906982417,-4.2492519999999985,Neutral
2025-04-28 23:00:00,23,23.084167,24.818771,1.734604000000001,13387.351,22.161955,-0.9222121202392586,1.734604000000001,Neutral
2025-04-29 00:00:00,0,24.055266,21.396137,-2.659129,12700.634,19.304766,-4.750500298706054,-2.659129,Neutral
2025-04-29 01:00:00,1,23.291791,18.499918,-4.791872999999999,12228.887,19.440329,-3.851462401977539,-4.791872999999999,Neutral
2025-04-29 02:00:00,2,21.960761,18.72953,-3.231231000000001,12053.595,18.954859,-3.005902220092775,-3.231231000000001,Neutral
2025-04-29 03:00:00,3,19.628502,17.710383,-1.9181190000000008,11897.307,20.088966,0.46046436962890525,-1.9181190000000008,Neutral
2025-04-29 04:00:00,4,21.782827,18.400259,-3.3825680000000027,12103.567,25.41226,3.629433055541991,-3.3825680000000027,Neutral
2025-04-29 05:00:00,5,25.859033,29.331543,3.4725099999999998,12670.266,34.382824,8.523790944091797,3.4725099999999998,Neutral
2025-04-29 06:00:00,6,35.304657,39.701031,4.396374000000002,13608.433,45.27537,9.970714551513673,4.396374000000002,Neutral
2025-04-29 07:00:00,7,30.994979,28.624277,-2.3707020000000014,14213.238,35.26158,4.266602420898437,-2.3707020000000014,Neutral
2025-04-29 08:00:00,8,24.433233,20.099821,-4.333412000000003,14474.155,30.280338,5.847105287353514,-4.333412000000003,Neutral
2025-04-29 09:00:00,9,24.094277,18.505162,-5.589115000000003,14652.105,28.17893,4.084653282592772,-5.589115000000003,Neutral
2025-04-29 10:00:00,10,26.533913,20.772683,-5.761229999999998,15039.547,26.854843,0.3209301396484392,-5.761229999999998,Neutral
2025-04-29 11:00:00,11,29.043826,21.069214,-7.9746120000000005,15445.631,29.779284,0.7354575235595711,-7.9746120000000005,Neutral
2025-04-29 12:00:00,12,33.184435,24.759607,-8.424828000000002,15802.949,34.473137,1.2887019018554682,-8.424828000000002,Neutral
2025-04-29 13:00:00,13,37.965618,30.119475,-7.846142999999998,16175.495,37.560337,-0.4052809333496086,-7.846142999999998,Neutral
2025-04-29 14:00:00,14,39.963165,27.516654,-12.446510999999997,16302.989,42.091927,2.1287615747070348,-12.446510999999997,Neutral
2025-04-29 15:00:00,15,44.310891,28.310876,-16.000014999999998,16026.245,48.352264,4.041373404296877,-16.000014999999998,Neutral
2025-04-29 16:00:00,16,50.323235,23.198206,-27.125028999999998,15873.515,52.914234,2.5909991613769563,-27.125028999999998,DA premium / potential RT hedge
2025-04-29 17:00:00,17,66.629749,39.704178,-26.925571000000005,15774.875,54.49281,-12.136939704345707,-26.925571000000005,DA premium / potential RT hedge
2025-04-29 18:00:00,18,79.566857,55.975158,-23.591699,15903.918,58.428234,-21.138622899658202,-23.591699,Neutral
2025-04-29 19:00:00,19,92.113598,54.287609,-37.82598899999999,15669.138,55.20427,-36.90932859082031,-37.82598899999999,DA premium / potential RT hedge
2025-04-29 20:00:00,20,102.993072,81.803694,-21.189378000000005,15562.939,59.096363,-43.896708932373045,-21.189378000000005,Neutral
2025-04-29 21:00:00,21,63.77145,51.155684,-12.615766,15098.966,92.01446,28.243007702636717,-12.615766,Neutral
2025-04-29 22:00:00,22,49.163998,31.778872,-17.385126,14230.856,34.03123,-15.132767073486328,-17.385126,Neutral
2025-04-29 23:00:00,23,38.771389,34.042352,-4.729036999999998,13252.546,32.639366,-6.1320228500976555,-4.729036999999998,Neutral
2025-04-30 00:00:00,0,33.74991,33.049671,-0.7002390000000034,12554.45,32.64421,-1.1056991845703124,-0.7002390000000034,Neutral
2025-04-30 01:00:00,1,27.579734,23.52834,-4.051393999999998,12149.76,27.058584,-0.5211497867431625,-4.051393999999998,Neutral
2025-04-30 02:00:00,2,25.343232,24.26677,-1.0764619999999994,11900.881,21.346436,-3.9967964531250004,-1.0764619999999994,Neutral
2025-04-30 03:00:00,3,23.88836,21.809867,-2.078492999999998,11693.461,22.806505,-1.0818547967529284,-2.078492999999998,Neutral
2025-04-30 04:00:00,4,25.265492,22.478395,-2.7870969999999993,11804.429,27.57623,2.310737095458986,-2.7870969999999993,Neutral
2025-04-30 05:00:00,5,30.62485,32.562228,1.937377999999999,12345.893,37.791767,7.1669171203613296,1.937377999999999,Neutral
2025-04-30 06:00:00,6,43.484666,33.751048,-9.733618,13189.708,58.145092,14.66042601049805,-9.733618,Neutral
2025-04-30 07:00:00,7,40.146692,40.237558,0.09086599999999834,13755.869,41.24177,1.0950796979980453,0.09086599999999834,Neutral
2025-04-30 08:00:00,8,30.497608,28.531661,-1.965947,13932.763,34.28598,3.7883722246093754,-1.965947,Neutral
2025-04-30 09:00:00,9,28.864837,26.696786,-2.168051000000002,14044.61,28.826239,-0.03859836779785297,-2.168051000000002,Neutral
2025-04-30 10:00:00,10,29.482669,22.668006,-6.814663000000003,14164.218,28.727333,-0.7553359311523451,-6.814663000000003,Neutral
2025-04-30 11:00:00,11,32.270503,28.864979,-3.405523999999996,14592.214,30.027975,-2.242527917602537,-3.405523999999996,Neutral
2025-04-30 12:00:00,12,34.098878,29.257275,-4.841602999999999,14688.054,31.91639,-2.182488534667968,-4.841602999999999,Neutral
2025-04-30 13:00:00,13,37.715331,33.55783,-4.157500999999996,15131.111,36.43689,-1.278441351562499,-4.157500999999996,Neutral
2025-04-30 14:00:00,14,40.760321,25.210044,-15.550276999999998,15332.003,42.13125,1.3709274741210962,-15.550276999999998,Neutral
2025-04-30 15:00:00,15,44.923575,26.325083,-18.598492,15470.287,47.43471,2.5111364562988285,-18.598492,Neutral
2025-04-30 16:00:00,16,59.484023,29.785275,-29.698748000000002,15562.221,58.993725,-0.49029817700195366,-29.698748000000002,DA premium / potential RT hedge
2025-04-30 17:00:00,17,61.882144,57.220404,-4.661739999999995,15717.1,76.58832,14.706173871093753,-4.661739999999995,Neutral
2025-04-30 18:00:00,18,71.86603,46.918858,-24.947171999999995,15658.764,66.764206,-5.1018240673828075,-24.947171999999995,DA premium / potential RT hedge
2025-04-30 19:00:00,19,84.851251,62.717283,-22.133968000000003,15471.12,52.93464,-31.916612022949224,-22.133968000000003,Neutral
2025-04-30 20:00:00,20,85.08475,49.992789,-35.091961,15415.869,54.674297,-30.410452667236328,-35.091961,DA premium / potential RT hedge
2025-04-30 21:00:00,21,54.612657,35.093171,-19.519486,15211.573,48.767242,-5.845414568359374,-19.519486,Neutral
2025-04-30 22:00:00,22,37.880651,27.906064,-9.974587,14197.577,36.836002,-1.0446486501464847,-9.974587,Neutral
